{"tempHash":"00541FA825848338","tbluHash":"00E05124EF49FBB7","rootEntity":"9d7d97f77b410d49","entities":{"d07c633d1d08aa09":{"parent":"4b0d55f43636fdbd","name":"C_Head","factory":"[assembly:/templates/aspectdummy.aspect]([modules:/zclothcapsule.class].entitytype,[modules:/zboneattachaspect.class].entitytype).pc_entitytype","blueprint":"[assembly:/templates/aspectdummy.aspect]([modules:/zclothcapsule.class].entitytype,[modules:/zboneattachaspect.class].entitytype).pc_entityblueprint","properties":{"m_BoneName":{"type":"ZString","value":"Head"},"m_linkedEntity":{"type":"SEntityTemplateReference","value":null},"m_fRadiusX":{"type":"float32","value":0.15000000596046448},"m_fRadiusY":{"type":"float32","value":0.125},"m_fTop":{"type":"float32","value":0.009999999776482582},"m_fBottom":{"type":"float32","value":0},"m_fRadiusZ":{"type":"float32","value":0.09000000357627869},"m_bEnableBottomRadii":{"type":"bool","value":false},"m_fRadiusXBottom":{"type":"float32","value":1},"m_fRadiusYBottom":{"type":"float32","value":1},"m_fRadiusZBottom":{"type":"float32","value":1},"m_mTransform":{"type":"SMatrix43","value":{"rotation":{"x":0,"y":0,"z":0},"position":{"x":0.035829998552799225,"y":0.0392180010676384,"z":9.999999974752427e-7}}},"m_eidParent":{"type":"SEntityTemplateReference","value":"4b0d55f43636fdbd","postInit":true}}},"c9642528eb91693f":{"parent":"4b0d55f43636fdbd","name":"C_Spine2","factory":"[assembly:/templates/aspectdummy.aspect]([modules:/zclothcapsule.class].entitytype,[modules:/zboneattachaspect.class].entitytype).pc_entitytype","blueprint":"[assembly:/templates/aspectdummy.aspect]([modules:/zclothcapsule.class].entitytype,[modules:/zboneattachaspect.class].entitytype).pc_entityblueprint","properties":{"m_BoneName":{"type":"ZString","value":"Spine2"},"m_linkedEntity":{"type":"SEntityTemplateReference","value":null},"m_fRadiusX":{"type":"float32","value":0.2199999988079071},"m_fRadiusY":{"type":"float32","value":0.1550000011920929},"m_fTop":{"type":"float32","value":0.009999999776482582},"m_fBottom":{"type":"float32","value":0},"m_fRadiusZ":{"type":"float32","value":0.28999999165534973},"m_bEnableBottomRadii":{"type":"bool","value":false},"m_fRadiusXBottom":{"type":"float32","value":1},"m_fRadiusYBottom":{"type":"float32","value":1},"m_fRadiusZBottom":{"type":"float32","value":1},"m_mTransform":{"type":"SMatrix43","value":{"rotation":{"x":0.19875946439187045,"y":-0.028475996783196022,"z":-0.28796997967718685},"position":{"x":-0.02479499951004982,"y":0.017842000350356102,"z":0.000018000000636675395}}},"m_eidParent":{"type":"SEntityTemplateReference","value":"4b0d55f43636fdbd","postInit":true}}},"b397d0db3e676cc0":{"parent":"9d7d97f77b410d49","name":"Agent47_Gloves_Driving","factory":"008897FB54E3DB82","blueprint":"00F716010CB776C3","properties":{"m_pMeshResource":{"type":"ZRuntimeResourceID","value":{"resource":"00082A0ADED44547","flag":"5F"}}}},"a10b37a049b46dee":{"parent":"4b0d55f43636fdbd","name":"C_Leg_Toe_R","factory":"[assembly:/templates/aspectdummy.aspect]([modules:/zclothsphere.class].entitytype,[modules:/zboneattachaspect.class].entitytype).pc_entitytype","blueprint":"[assembly:/templates/aspectdummy.aspect]([modules:/zclothsphere.class].entitytype,[modules:/zboneattachaspect.class].entitytype).pc_entityblueprint","properties":{"m_fRadius":{"type":"float32","value":0.11500000208616257},"m_BoneName":{"type":"ZString","value":"R_Toe0"},"m_linkedEntity":{"type":"SEntityTemplateReference","value":null},"m_mTransform":{"type":"SMatrix43","value":{"rotation":{"x":0,"y":0,"z":-2.0242547397977853e-7},"position":{"x":-1.896919066268765e-8,"y":-3.0123579186636107e-9,"z":0}}},"m_eidParent":{"type":"SEntityTemplateReference","value":"4b0d55f43636fdbd","postInit":true}}},"62ef0e08dc80dcf":{"parent":"4b0d55f43636fdbd","name":"C_Leg_TighTop_L","factory":"[assembly:/templates/aspectdummy.aspect]([modules:/zclothsphere.class].entitytype,[modules:/zboneattachaspect.class].entitytype).pc_entitytype","blueprint":"[assembly:/templates/aspectdummy.aspect]([modules:/zclothsphere.class].entitytype,[modules:/zboneattachaspect.class].entitytype).pc_entityblueprint","properties":{"m_fRadius":{"type":"float32","value":0.1679999977350235},"m_BoneName":{"type":"ZString","value":"LThighTwist"},"m_linkedEntity":{"type":"SEntityTemplateReference","value":null},"m_mTransform":{"type":"SMatrix43","value":{"rotation":{"x":0,"y":0.019767042409995977,"z":0},"position":{"x":-0.0010839999886229634,"y":0.014779999852180481,"z":0.040001001209020615}}},"m_eidParent":{"type":"SEntityTemplateReference","value":"4b0d55f43636fdbd","postInit":true}}},"4e742e22fbd31408":{"parent":"4b0d55f43636fdbd","name":"C_Leg_TighTop_R","factory":"[assembly:/templates/aspectdummy.aspect]([modules:/zclothsphere.class].entitytype,[modules:/zboneattachaspect.class].entitytype).pc_entitytype","blueprint":"[assembly:/templates/aspectdummy.aspect]([modules:/zclothsphere.class].entitytype,[modules:/zboneattachaspect.class].entitytype).pc_entityblueprint","properties":{"m_fRadius":{"type":"float32","value":0.1679999977350235},"m_BoneName":{"type":"ZString","value":"RThighTwist"},"m_linkedEntity":{"type":"SEntityTemplateReference","value":null},"m_mTransform":{"type":"SMatrix43","value":{"rotation":{"x":0.01976704358638215,"y":0,"z":0},"position":{"x":-0.0010870000114664435,"y":0.014779999852180481,"z":-0.040001001209020615}}},"m_eidParent":{"type":"SEntityTemplateReference","value":"4b0d55f43636fdbd","postInit":true}}},"dbf2a1816f3548db":{"parent":"4b0d55f43636fdbd","name":"C_Spine3","factory":"[assembly:/templates/aspectdummy.aspect]([modules:/zclothcapsule.class].entitytype,[modules:/zboneattachaspect.class].entitytype).pc_entitytype","blueprint":"[assembly:/templates/aspectdummy.aspect]([modules:/zclothcapsule.class].entitytype,[modules:/zboneattachaspect.class].entitytype).pc_entityblueprint","properties":{"m_BoneName":{"type":"ZString","value":"Spine1"},"m_linkedEntity":{"type":"SEntityTemplateReference","value":null},"m_fRadiusX":{"type":"float32","value":0.23000000417232513},"m_fRadiusY":{"type":"float32","value":0.08500000089406967},"m_fTop":{"type":"float32","value":0.009999999776482582},"m_fBottom":{"type":"float32","value":0},"m_fRadiusZ":{"type":"float32","value":0.09000000357627869},"m_bEnableBottomRadii":{"type":"bool","value":false},"m_fRadiusXBottom":{"type":"float32","value":1},"m_fRadiusYBottom":{"type":"float32","value":1},"m_fRadiusZBottom":{"type":"float32","value":1},"m_mTransform":{"type":"SMatrix43","value":{"rotation":{"x":0.33420816564914524,"y":-0.014495831047279452,"z":-4.964987700375993},"position":{"x":0.08386199921369553,"y":-0.038065001368522644,"z":-0.13969600200653076}}},"m_eidParent":{"type":"SEntityTemplateReference","value":"4b0d55f43636fdbd","postInit":true}}},"ff2eac3645149a95":{"parent":"4b0d55f43636fdbd","name":"C_Leg_Foot_R","factory":"[assembly:/templates/aspectdummy.aspect]([modules:/zclothsphere.class].entitytype,[modules:/zboneattachaspect.class].entitytype).pc_entitytype","blueprint":"[assembly:/templates/aspectdummy.aspect]([modules:/zclothsphere.class].entitytype,[modules:/zboneattachaspect.class].entitytype).pc_entityblueprint","properties":{"m_fRadius":{"type":"float32","value":0.11500000208616257},"m_BoneName":{"type":"ZString","value":"R_Foot"},"m_linkedEntity":{"type":"SEntityTemplateReference","value":null},"m_mTransform":{"type":"SMatrix43","value":{"rotation":{"x":0,"y":0,"z":0},"position":{"x":-1.290655973207322e-7,"y":2.171457902377938e-9,"z":0}}},"m_eidParent":{"type":"SEntityTemplateReference","value":"4b0d55f43636fdbd","postInit":true}}},"518fa37386a4d969":{"parent":"4b0d55f43636fdbd","name":"ColliderGroup","factory":"[modules:/zclothcollidergroup.class].pc_entitytype","blueprint":"[modules:/zclothcollidergroup.class].pc_entityblueprint","properties":{"m_ClothColliders":{"type":"TArray<SEntityTemplateReference>","value":["ef83267fbc1e8763","638625c3a91a3776","be6f7a13b953f165","9822b868d86332b1","d07c633d1d08aa09","c9642528eb91693f","dbf2a1816f3548db"],"postInit":true},"m_eidParent":{"type":"SEntityTemplateReference","value":"4b0d55f43636fdbd","postInit":true}}},"10d166bf81cfaa60":{"parent":"4b0d55f43636fdbd","name":"C_Arm_Shoulder_L","factory":"[assembly:/templates/aspectdummy.aspect]([modules:/zclothsphere.class].entitytype,[modules:/zboneattachaspect.class].entitytype).pc_entitytype","blueprint":"[assembly:/templates/aspectdummy.aspect]([modules:/zclothsphere.class].entitytype,[modules:/zboneattachaspect.class].entitytype).pc_entityblueprint","properties":{"m_fRadius":{"type":"float32","value":0.10000000149011612},"m_BoneName":{"type":"ZString","value":"L_UpperArm"},"m_linkedEntity":{"type":"SEntityTemplateReference","value":null},"m_mTransform":{"type":"SMatrix43","value":{"rotation":{"x":0,"y":0,"z":0},"position":{"x":0.022772999480366707,"y":0.009321000427007675,"z":-0.03504899889230728}}},"m_bCollisionGroup0":{"type":"bool","value":true},"m_bCollisionGroup1":{"type":"bool","value":false},"m_bEnabled":{"type":"bool","value":true},"m_eidParent":{"type":"SEntityTemplateReference","value":"4b0d55f43636fdbd","postInit":true}}},"cb0fa4a938a54648":{"parent":"4b0d55f43636fdbd","name":"C_Leg_Toe_L","factory":"[assembly:/templates/aspectdummy.aspect]([modules:/zclothsphere.class].entitytype,[modules:/zboneattachaspect.class].entitytype).pc_entitytype","blueprint":"[assembly:/templates/aspectdummy.aspect]([modules:/zclothsphere.class].entitytype,[modules:/zboneattachaspect.class].entitytype).pc_entityblueprint","properties":{"m_fRadius":{"type":"float32","value":0.11500000208616257},"m_BoneName":{"type":"ZString","value":"L_Toe0"},"m_linkedEntity":{"type":"SEntityTemplateReference","value":null},"m_mTransform":{"type":"SMatrix43","value":{"rotation":{"x":0,"y":0,"z":-2.0242547397977853e-7},"position":{"x":-1.896919066268765e-8,"y":-3.0123579186636107e-9,"z":0}}},"m_eidParent":{"type":"SEntityTemplateReference","value":"4b0d55f43636fdbd","postInit":true}}},"be6f7a13b953f165":{"parent":"4b0d55f43636fdbd","name":"C_Spine","factory":"[assembly:/templates/aspectdummy.aspect]([modules:/zclothcapsule.class].entitytype,[modules:/zboneattachaspect.class].entitytype).pc_entitytype","blueprint":"[assembly:/templates/aspectdummy.aspect]([modules:/zclothcapsule.class].entitytype,[modules:/zboneattachaspect.class].entitytype).pc_entityblueprint","properties":{"m_BoneName":{"type":"ZString","value":"Spine"},"m_linkedEntity":{"type":"SEntityTemplateReference","value":null},"m_fRadiusX":{"type":"float32","value":0.23000000417232513},"m_fRadiusY":{"type":"float32","value":0.19499999284744263},"m_fTop":{"type":"float32","value":0.009999999776482582},"m_fBottom":{"type":"float32","value":0},"m_fRadiusZ":{"type":"float32","value":0.23999999463558197},"m_bEnableBottomRadii":{"type":"bool","value":false},"m_fRadiusXBottom":{"type":"float32","value":1},"m_fRadiusYBottom":{"type":"float32","value":1},"m_fRadiusZBottom":{"type":"float32","value":1},"m_mTransform":{"type":"SMatrix43","value":{"rotation":{"x":-0.04847221680450966,"y":0,"z":-0.05231110218270792},"position":{"x":0.000039999998989515007,"y":0.02402699925005436,"z":-0.008620000444352627}}},"m_eidParent":{"type":"SEntityTemplateReference","value":"4b0d55f43636fdbd","postInit":true}}},"7b85a13058480e3c":{"parent":"9d7d97f77b410d49","name":"Lerp 2","factory":"[modules:/zmathlerp.class].pc_entitytype","blueprint":"[modules:/zmathlerp.class].pc_entityblueprint","properties":{"m_fT":{"type":"float32","value":0},"m_B":{"type":"float32","value":0.6000000238418579},"m_A":{"type":"float32","value":1}},"events":{"Lerp":{"ConstantVector1D_01_Value":["209de6dcc72c06f","b290a1cfda3c6a6d","ba193b90af130cad","6e924ebad9103158"]}}},"4e99a1da453cc5d5":{"parent":"4b0d55f43636fdbd","name":"C_Arm_Shoulder_R","factory":"[assembly:/templates/aspectdummy.aspect]([modules:/zclothsphere.class].entitytype,[modules:/zboneattachaspect.class].entitytype).pc_entitytype","blueprint":"[assembly:/templates/aspectdummy.aspect]([modules:/zclothsphere.class].entitytype,[modules:/zboneattachaspect.class].entitytype).pc_entityblueprint","properties":{"m_fRadius":{"type":"float32","value":0.10000000149011612},"m_BoneName":{"type":"ZString","value":"R_UpperArm"},"m_linkedEntity":{"type":"SEntityTemplateReference","value":null},"m_mTransform":{"type":"SMatrix43","value":{"rotation":{"x":0,"y":0.027960334313977712,"z":0},"position":{"x":0.022502999752759933,"y":0.009298999793827534,"z":0.03728099912405014}}},"m_bCollisionGroup0":{"type":"bool","value":true},"m_bCollisionGroup1":{"type":"bool","value":false},"m_bEnabled":{"type":"bool","value":true},"m_eidParent":{"type":"SEntityTemplateReference","value":"4b0d55f43636fdbd","postInit":true}}},"e0f37422fa87d5df":{"parent":"4b0d55f43636fdbd","name":"C_Leg_Pelvis_R","factory":"[assembly:/templates/aspectdummy.aspect]([modules:/zclothsphere.class].entitytype,[modules:/zboneattachaspect.class].entitytype).pc_entitytype","blueprint":"[assembly:/templates/aspectdummy.aspect]([modules:/zclothsphere.class].entitytype,[modules:/zboneattachaspect.class].entitytype).pc_entityblueprint","properties":{"m_fRadius":{"type":"float32","value":0.18199999630451202},"m_BoneName":{"type":"ZString","value":"Pelvis"},"m_linkedEntity":{"type":"SEntityTemplateReference","value":null},"m_mTransform":{"type":"SMatrix43","value":{"rotation":{"x":-0.01976704358638215,"y":0,"z":-0.02796033431529296},"position":{"x":0.01996699906885624,"y":0.014674999751150608,"z":-0.05142100155353546}}},"m_eidParent":{"type":"SEntityTemplateReference","value":"4b0d55f43636fdbd","postInit":true}}},"b583ea98c0ecdd39":{"parent":"4b0d55f43636fdbd","name":"C_Arm_Triceps_R","factory":"[assembly:/templates/aspectdummy.aspect]([modules:/zclothsphere.class].entitytype,[modules:/zboneattachaspect.class].entitytype).pc_entitytype","blueprint":"[assembly:/templates/aspectdummy.aspect]([modules:/zclothsphere.class].entitytype,[modules:/zboneattachaspect.class].entitytype).pc_entityblueprint","properties":{"m_fRadius":{"type":"float32","value":0.09000000357627869},"m_BoneName":{"type":"ZString","value":"R_UpperArm"},"m_linkedEntity":{"type":"SEntityTemplateReference","value":null},"m_mTransform":{"type":"SMatrix43","value":{"rotation":{"x":0,"y":0.027960334313977712,"z":0},"position":{"x":0.11067400127649307,"y":0,"z":0.013790000230073929}}},"m_bCollisionGroup0":{"type":"bool","value":true},"m_bCollisionGroup1":{"type":"bool","value":false},"m_bEnabled":{"type":"bool","value":true},"m_eidParent":{"type":"SEntityTemplateReference","value":"4b0d55f43636fdbd","postInit":true}}},"4a37379c68f6b8f5":{"parent":"4b0d55f43636fdbd","name":"C_Arm_Clavicle_L","factory":"[assembly:/templates/aspectdummy.aspect]([modules:/zclothsphere.class].entitytype,[modules:/zboneattachaspect.class].entitytype).pc_entitytype","blueprint":"[assembly:/templates/aspectdummy.aspect]([modules:/zclothsphere.class].entitytype,[modules:/zboneattachaspect.class].entitytype).pc_entityblueprint","properties":{"m_fRadius":{"type":"float32","value":0.10000000149011612},"m_BoneName":{"type":"ZString","value":"L_Clavicle"},"m_linkedEntity":{"type":"SEntityTemplateReference","value":null},"m_bCollisionGroup0":{"type":"bool","value":true},"m_bCollisionGroup1":{"type":"bool","value":false},"m_bEnabled":{"type":"bool","value":true},"m_mTransform":{"type":"SMatrix43","value":{"rotation":{"x":0,"y":0,"z":0},"position":{"x":0.008510000072419643,"y":0.01941699907183647,"z":-0.024034999310970306}}},"m_eidParent":{"type":"SEntityTemplateReference","value":"4b0d55f43636fdbd","postInit":true}}},"e4f45a0578c7bfd5":{"parent":"4b0d55f43636fdbd","name":"C_Arm_Hand_R","factory":"[assembly:/templates/aspectdummy.aspect]([modules:/zclothsphere.class].entitytype,[modules:/zboneattachaspect.class].entitytype).pc_entitytype","blueprint":"[assembly:/templates/aspectdummy.aspect]([modules:/zclothsphere.class].entitytype,[modules:/zboneattachaspect.class].entitytype).pc_entityblueprint","properties":{"m_fRadius":{"type":"float32","value":0.0949999988079071},"m_BoneName":{"type":"ZString","value":"R_Hand"},"m_linkedEntity":{"type":"SEntityTemplateReference","value":null},"m_mTransform":{"type":"SMatrix43","value":{"rotation":{"x":0,"y":0.024236110570524532,"z":-0.05231098996567449},"position":{"x":0.09340299665927887,"y":-0.000045000000682193786,"z":0.00007699999696342275}}},"m_bCollisionGroup0":{"type":"bool","value":true},"m_bCollisionGroup1":{"type":"bool","value":false},"m_bEnabled":{"type":"bool","value":false},"m_eidParent":{"type":"SEntityTemplateReference","value":"4b0d55f43636fdbd","postInit":true}}},"ef83267fbc1e8763":{"parent":"4b0d55f43636fdbd","name":"CChain_Legs","factory":"[modules:/zclothspherechain.class].pc_entitytype","blueprint":"[modules:/zclothspherechain.class].pc_entityblueprint","properties":{"m_mTransform":{"type":"SMatrix43","value":{"rotation":{"x":0,"y":0,"z":0},"position":{"x":-1.290655973207322e-7,"y":2.171457902377938e-9,"z":0}}},"m_Spheres":{"type":"TArray<SEntityTemplateReference>","value":["a10b37a049b46dee","ff2eac3645149a95","34e5dc058b366fd7","1b29150352662620","4e742e22fbd31408","e0f37422fa87d5df","d0ba552afb232977","62ef0e08dc80dcf","f78bc5a7ee2c6551","dfc6b1d156cc3c1e","4904df91105ddcf3","cb0fa4a938a54648"],"postInit":true},"m_eidParent":{"type":"SEntityTemplateReference","value":"4b0d55f43636fdbd","postInit":true}}},"d76faf8aefead1d0":{"parent":"6e924ebad9103158","name":"male_reg_hokkaido_bodyguard_shirt","factory":"[assembly:/_pro/characters/assets/guards/hokkaido/bodyguards/materials/male_reg_hokkaido_bodyguard_shirt.mi].pc_entitytype","blueprint":"[assembly:/_pro/characters/assets/guards/hokkaido/bodyguards/materials/male_reg_hokkaido_bodyguard_shirt.mi].pc_entityblueprint","properties":{"m_mTransform":{"type":"SMatrix43","value":{"rotation":{"x":0,"y":0,"z":0},"position":{"x":0,"y":0,"z":0}}},"Texture2D_01_enab":{"type":"bool","value":true},"Texture2DNormal_01_enab":{"type":"bool","value":true},"Texture2D_03_enab":{"type":"bool","value":true},"ConstantVector1D_01_Value_op":{"type":"IRenderMaterialEntity.EModifierOperation","value":"eReplace"},"Diffuse_Color_01_Value_op":{"type":"IRenderMaterialEntity.EModifierOperation","value":"eReplace"},"Diffuse_Saturation_01_Value_op":{"type":"IRenderMaterialEntity.EModifierOperation","value":"eReplace"},"Diffuse_Hue_Shift_01_Value_op":{"type":"IRenderMaterialEntity.EModifierOperation","value":"eReplace"},"ConstantVector1D_16_Value_op":{"type":"IRenderMaterialEntity.EModifierOperation","value":"eReplace"},"ConstantVector1D_13_Value_op":{"type":"IRenderMaterialEntity.EModifierOperation","value":"eReplace"},"ConstantVector1D_03_Value_op":{"type":"IRenderMaterialEntity.EModifierOperation","value":"eReplace"},"ConstantVector1D_05_Value_op":{"type":"IRenderMaterialEntity.EModifierOperation","value":"eReplace"},"Diffuse_Hue_Shift_01_Value":{"type":"float32","value":0},"Diffuse_Saturation_01_Value":{"type":"float32","value":1},"Diffuse_Color_01_Value":{"type":"SColorRGB","value":"#b2b2b2"},"ConstantVector1D_01_Value":{"type":"float32","value":0.6499999761581421},"Texture2D_03":{"type":"ZRuntimeResourceID","value":{"resource":"[assembly:/_pro/characters/assets/guards/hokkaido/bodyguards/textures/male_reg_hokkaido_bodyguard_shirt.texture?/specular_a.tex](ascolormap).pc_tex","flag":"5F"}},"Texture2DNormal_01":{"type":"ZRuntimeResourceID","value":{"resource":"[assembly:/_pro/characters/assets/guards/hokkaido/bodyguards/textures/male_reg_hokkaido_bodyguard_shirt.texture?/normal_a.tex](asnormalmap).pc_tex","flag":"5F"}},"Texture2D_01":{"type":"ZRuntimeResourceID","value":{"resource":"[assembly:/_pro/characters/assets/guards/hokkaido/bodyguards/textures/male_reg_hokkaido_bodyguard_shirt.texture?/diffuse_white.tex](ascolormap).pc_tex","flag":"5F"}},"ConstantVector1D_16_Value":{"type":"float32","value":1},"ConstantVector1D_05_Value":{"type":"float32","value":0},"ConstantVector1D_13_Value":{"type":"float32","value":0.15000000596046448},"Clients":{"type":"TArray<SEntityTemplateReference>","value":["6e924ebad9103158"],"postInit":true},"m_eidParent":{"type":"SEntityTemplateReference","value":"9d7d97f77b410d49","postInit":true}}},"26d378d2fba57090":{"parent":"9d7d97f77b410d49","name":"FX_Hitman_Wet_Logic_Character","factory":"0067CFB703A80787","blueprint":"00AA88C960CD2080","properties":{"HeadMaterialToOverride":{"type":"ZRuntimeResourceID","value":{"resource":"009F7978C601815A","flag":"5F"}},"HeadMaterialOverride":{"type":"TArray<SEntityTemplateReference>","value":["9d7d97f77b410d49"],"postInit":true}},"events":{"HitmanWetness":{"T":["e133009524e26d37","7b85a13058480e3c","89ca1ebf83a50fb0","d05c94131f75ba7a"]},"ChangedDisguiseTrigger":{"Activate":["209de6dcc72c06f","43226e3da4de07a","b290a1cfda3c6a6d","ba193b90af130cad"]}}},"9f4dd9ea7870ee60":{"parent":"4b0d55f43636fdbd","name":"C_Arm_Hand_L","factory":"[assembly:/templates/aspectdummy.aspect]([modules:/zclothsphere.class].entitytype,[modules:/zboneattachaspect.class].entitytype).pc_entitytype","blueprint":"[assembly:/templates/aspectdummy.aspect]([modules:/zclothsphere.class].entitytype,[modules:/zboneattachaspect.class].entitytype).pc_entityblueprint","properties":{"m_fRadius":{"type":"float32","value":0.0949999988079071},"m_BoneName":{"type":"ZString","value":"L_Hand"},"m_linkedEntity":{"type":"SEntityTemplateReference","value":null},"m_mTransform":{"type":"SMatrix43","value":{"rotation":{"x":0,"y":0,"z":0},"position":{"x":0.09063799679279327,"y":-0.000009000000318337698,"z":-0.000003999999989900971}}},"m_bCollisionGroup0":{"type":"bool","value":true},"m_bCollisionGroup1":{"type":"bool","value":false},"m_bEnabled":{"type":"bool","value":false},"m_eidParent":{"type":"SEntityTemplateReference","value":"4b0d55f43636fdbd","postInit":true}}},"e133009524e26d37":{"parent":"9d7d97f77b410d49","name":"Lerp","factory":"[modules:/zmathlerp.class].pc_entitytype","blueprint":"[modules:/zmathlerp.class].pc_entityblueprint","properties":{"m_fT":{"type":"float32","value":0},"m_B":{"type":"float32","value":0.4000000059604645},"m_A":{"type":"float32","value":0.23000000417232513}},"events":{"Lerp":{"ConstantVector1D_04_Value":["209de6dcc72c06f","43226e3da4de07a"],"ConstantVector1D_14_Value":["6e924ebad9103158"]}}},"4904df91105ddcf3":{"parent":"4b0d55f43636fdbd","name":"C_Leg_Foot_L","factory":"[assembly:/templates/aspectdummy.aspect]([modules:/zclothsphere.class].entitytype,[modules:/zboneattachaspect.class].entitytype).pc_entitytype","blueprint":"[assembly:/templates/aspectdummy.aspect]([modules:/zclothsphere.class].entitytype,[modules:/zboneattachaspect.class].entitytype).pc_entityblueprint","properties":{"m_fRadius":{"type":"float32","value":0.11500000208616257},"m_BoneName":{"type":"ZString","value":"L_Foot"},"m_linkedEntity":{"type":"SEntityTemplateReference","value":null},"m_mTransform":{"type":"SMatrix43","value":{"rotation":{"x":0,"y":0,"z":0},"position":{"x":-1.290655973207322e-7,"y":2.171457902377938e-9,"z":0}}},"m_eidParent":{"type":"SEntityTemplateReference","value":"4b0d55f43636fdbd","postInit":true}}},"34e5dc058b366fd7":{"parent":"4b0d55f43636fdbd","name":"C_Leg_Knee_R","factory":"[assembly:/templates/aspectdummy.aspect]([modules:/zclothsphere.class].entitytype,[modules:/zboneattachaspect.class].entitytype).pc_entitytype","blueprint":"[assembly:/templates/aspectdummy.aspect]([modules:/zclothsphere.class].entitytype,[modules:/zboneattachaspect.class].entitytype).pc_entityblueprint","properties":{"m_fRadius":{"type":"float32","value":0.14000000059604645},"m_BoneName":{"type":"ZString","value":"R_Calf"},"m_linkedEntity":{"type":"SEntityTemplateReference","value":null},"m_mTransform":{"type":"SMatrix43","value":{"rotation":{"x":-0.041940502303290966,"y":0,"z":0},"position":{"x":0.0024449999909847975,"y":-0.02472900040447712,"z":-0.002365000080317259}}},"m_eidParent":{"type":"SEntityTemplateReference","value":"4b0d55f43636fdbd","postInit":true}}},"d0ba552afb232977":{"parent":"4b0d55f43636fdbd","name":"C_Leg_Pelvis_L","factory":"[assembly:/templates/aspectdummy.aspect]([modules:/zclothsphere.class].entitytype,[modules:/zboneattachaspect.class].entitytype).pc_entitytype","blueprint":"[assembly:/templates/aspectdummy.aspect]([modules:/zclothsphere.class].entitytype,[modules:/zboneattachaspect.class].entitytype).pc_entityblueprint","properties":{"m_fRadius":{"type":"float32","value":0.18199999630451202},"m_BoneName":{"type":"ZString","value":"Pelvis"},"m_linkedEntity":{"type":"SEntityTemplateReference","value":null},"m_mTransform":{"type":"SMatrix43","value":{"rotation":{"x":-0.01976704358638215,"y":0,"z":-0.02796033431529296},"position":{"x":0.01997300051152706,"y":0.014677999541163445,"z":0.04998699948191643}}},"m_eidParent":{"type":"SEntityTemplateReference","value":"4b0d55f43636fdbd","postInit":true}}},"e0b7e5c4746cc5ce":{"parent":"4b0d55f43636fdbd","name":"C_Arm_Clavicle_R","factory":"[assembly:/templates/aspectdummy.aspect]([modules:/zclothsphere.class].entitytype,[modules:/zboneattachaspect.class].entitytype).pc_entitytype","blueprint":"[assembly:/templates/aspectdummy.aspect]([modules:/zclothsphere.class].entitytype,[modules:/zboneattachaspect.class].entitytype).pc_entityblueprint","properties":{"m_fRadius":{"type":"float32","value":0.10000000149011612},"m_BoneName":{"type":"ZString","value":"R_Clavicle"},"m_linkedEntity":{"type":"SEntityTemplateReference","value":null},"m_mTransform":{"type":"SMatrix43","value":{"rotation":{"x":0.00005729606623778599,"y":0.1775026869267966,"z":-0.027960466005286375},"position":{"x":-0.00004099999932805076,"y":0.020622000098228455,"z":0.024531999602913857}}},"m_bCollisionGroup0":{"type":"bool","value":true},"m_bCollisionGroup1":{"type":"bool","value":false},"m_bEnabled":{"type":"bool","value":true},"m_eidParent":{"type":"SEntityTemplateReference","value":"4b0d55f43636fdbd","postInit":true}}},"b71c91563b2ff83c":{"parent":"4b0d55f43636fdbd","name":"C_Arm_Triceps_L","factory":"[assembly:/templates/aspectdummy.aspect]([modules:/zclothsphere.class].entitytype,[modules:/zboneattachaspect.class].entitytype).pc_entitytype","blueprint":"[assembly:/templates/aspectdummy.aspect]([modules:/zclothsphere.class].entitytype,[modules:/zboneattachaspect.class].entitytype).pc_entityblueprint","properties":{"m_fRadius":{"type":"float32","value":0.09000000357627869},"m_BoneName":{"type":"ZString","value":"L_UpperArm"},"m_linkedEntity":{"type":"SEntityTemplateReference","value":null},"m_mTransform":{"type":"SMatrix43","value":{"rotation":{"x":0,"y":0,"z":0},"position":{"x":0.09916900098323822,"y":0,"z":-0.015786999836564064}}},"m_bCollisionGroup0":{"type":"bool","value":true},"m_bCollisionGroup1":{"type":"bool","value":false},"m_bEnabled":{"type":"bool","value":true},"m_eidParent":{"type":"SEntityTemplateReference","value":"4b0d55f43636fdbd","postInit":true}}},"6e0e97c2ed0210e9":{"parent":"4b0d55f43636fdbd","name":"C_Arm_Wrist_R","factory":"[assembly:/templates/aspectdummy.aspect]([modules:/zclothsphere.class].entitytype,[modules:/zboneattachaspect.class].entitytype).pc_entitytype","blueprint":"[assembly:/templates/aspectdummy.aspect]([modules:/zclothsphere.class].entitytype,[modules:/zboneattachaspect.class].entitytype).pc_entityblueprint","properties":{"m_fRadius":{"type":"float32","value":0.0949999988079071},"m_BoneName":{"type":"ZString","value":"R_Forearm"},"m_linkedEntity":{"type":"SEntityTemplateReference","value":null},"m_mTransform":{"type":"SMatrix43","value":{"rotation":{"x":0,"y":0.06852581100600448,"z":0},"position":{"x":0.22558599710464478,"y":-0.000003999999989900971,"z":0.0002229999954579398}}},"m_bCollisionGroup0":{"type":"bool","value":true},"m_bCollisionGroup1":{"type":"bool","value":false},"m_eidParent":{"type":"SEntityTemplateReference","value":"4b0d55f43636fdbd","postInit":true}}},"c92fb0f67d9916de":{"parent":"9d7d97f77b410d49","name":"ChildNetwork","factory":"[modules:/zchildnetworkentity.class].pc_entitytype","blueprint":"[modules:/zchildnetworkentity.class].pc_entityblueprint","properties":{"m_RuntimeNetworkResourceID":{"type":"ZRuntimeResourceID","value":{"resource":"[assembly:/animationnetworks/hitman01/idles/suitidle.aln].pc_rtn","flag":"9F"}}}},"9d7d97f77b410d49":{"parent":null,"name":"OUTFIT_Agent47_Reward_MakeshiftScrap_HeroA_v0","factory":"[assembly:/templates/aspectdummy.aspect]([modules:/zlinkedproxyentity.class].entitytype,[modules:/zclothcharacterentity.class].entitytype,[modules:/zheroidlenetworkaspect.class].entitytype).pc_entitytype","blueprint":"[assembly:/templates/aspectdummy.aspect]([modules:/zlinkedproxyentity.class].entitytype,[modules:/zclothcharacterentity.class].entitytype,[modules:/zheroidlenetworkaspect.class].entitytype).pc_entityblueprint","properties":{"m_ResourceID":{"type":"ZRuntimeResourceID","value":null},"m_fLODScale":{"type":"float32","value":1},"m_mTransform":{"type":"SMatrix43","value":{"rotation":{"x":0,"y":0,"z":-5.07093446756009},"position":{"x":68.48271179199219,"y":34.14189910888672,"z":0}}},"m_pBonesAndCollisionResource":{"type":"ZRuntimeResourceID","value":{"resource":"0017416135CF879C","flag":"5F"}},"m_bUsePerVertexStiffness":{"type":"bool","value":true},"m_LocalColliders":{"type":"TArray<SEntityTemplateReference>","value":[]},"m_bGlobalCollidersEnabled":{"type":"bool","value":false},"m_fDamping":{"type":"float32","value":1},"m_fBendStiffness":{"type":"float32","value":1},"m_bUsePerVertexDamping":{"type":"bool","value":true},"m_fShearStiffness":{"type":"float32","value":1},"m_bUseSkinningPosNormalConstrains":{"type":"bool","value":true},"m_bUseSkinningNegNormalConstrains":{"type":"bool","value":true},"m_nIterations":{"type":"uint32","value":2},"m_fFrequency":{"type":"float32","value":90},"m_vTranslationScale":{"type":"SVector3","value":{"x":0.10000000149011612,"y":0.10000000149011612,"z":0.10000000149011612}},"m_vGravity":{"type":"SVector3","value":{"x":0,"y":0,"z":-13}},"m_fLODOffset":{"type":"float32","value":100},"m_fDragConstant":{"type":"float32","value":1},"m_eStretchConstrainType":{"type":"EClothStretchConstrainType","value":"eClothBendConstrainType_LRA"},"m_fAngularVelocityThreshold":{"type":"float32","value":60},"m_eRootBone":{"type":"BoneId.Enum","value":"PELVIS"},"m_bEnableAngularVelocityScale":{"type":"bool","value":true},"m_eBendConstrainType":{"type":"EClothBendConstrainType","value":"eClothBendConstrainType_Triangle"},"m_pIdleAnimNetworkEntity":{"type":"SEntityTemplateReference","value":"c92fb0f67d9916de"},"m_bRandomStartState":{"type":"bool","value":true},"m_fWindConstant":{"type":"float32","value":0.10000000149011612},"m_aBodyParts":{"type":"TArray<SEntityTemplateReference>","value":["43226e3da4de07a","b397d0db3e676cc0","186a3bdbb9122a4e","209de6dcc72c06f","ba193b90af130cad","6e924ebad9103158","b290a1cfda3c6a6d"],"postInit":true}}},"89ca1ebf83a50fb0":{"parent":"9d7d97f77b410d49","name":"Lerp 3","factory":"[modules:/zmathlerp.class].pc_entitytype","blueprint":"[modules:/zmathlerp.class].pc_entityblueprint","properties":{"m_fT":{"type":"float32","value":0},"m_B":{"type":"float32","value":2},"m_A":{"type":"float32","value":1}},"events":{"Lerp":{"ConstantVector1D_06_Value":["209de6dcc72c06f","b290a1cfda3c6a6d","ba193b90af130cad","6e924ebad9103158"]}}},"fbb44c8382b77027":{"parent":"9d7d97f77b410d49","name":"Attacher_Wrist","factory":"[assembly:/templates/aspectdummy.aspect]([modules:/zcompositeentity.class].entitytype,[modules:/zboneattachaspect.class].entitytype).pc_entitytype","blueprint":"[assembly:/templates/aspectdummy.aspect]([modules:/zcompositeentity.class].entitytype,[modules:/zboneattachaspect.class].entitytype).pc_entityblueprint","properties":{"m_BoneName":{"type":"ZString","value":"L_Foretwist2"},"m_linkedEntity":{"type":"SEntityTemplateReference","value":"9d7d97f77b410d49"},"m_eidParent":{"type":"SEntityTemplateReference","value":"9d7d97f77b410d49"}}},"9822b868d86332b1":{"parent":"4b0d55f43636fdbd","name":"CChain_Arms","factory":"[modules:/zclothspherechain.class].pc_entitytype","blueprint":"[modules:/zclothspherechain.class].pc_entityblueprint","properties":{"m_bCollisionGroup0":{"type":"bool","value":true},"m_bCollisionGroup1":{"type":"bool","value":false},"m_Spheres":{"type":"TArray<SEntityTemplateReference>","value":["9f4dd9ea7870ee60","33f8bd64dbf34c76","86aac6a9a3e5069d","b71c91563b2ff83c","10d166bf81cfaa60","e0b7e5c4746cc5ce","4e99a1da453cc5d5","b583ea98c0ecdd39","138d22baf1786a93","6e0e97c2ed0210e9","e4f45a0578c7bfd5","4a37379c68f6b8f5"],"postInit":true},"m_eidParent":{"type":"SEntityTemplateReference","value":"4b0d55f43636fdbd","postInit":true}}},"186a3bdbb9122a4e":{"parent":"9d7d97f77b410d49","name":"Head_47","factory":"00537D16B5CE7286","blueprint":"00F2E4A932ECAA63"},"1b29150352662620":{"parent":"4b0d55f43636fdbd","name":"C_Leg_TighMid_R","factory":"[assembly:/templates/aspectdummy.aspect]([modules:/zclothsphere.class].entitytype,[modules:/zboneattachaspect.class].entitytype).pc_entitytype","blueprint":"[assembly:/templates/aspectdummy.aspect]([modules:/zclothsphere.class].entitytype,[modules:/zboneattachaspect.class].entitytype).pc_entityblueprint","properties":{"m_fRadius":{"type":"float32","value":0.15000000596046448},"m_BoneName":{"type":"ZString","value":"RThighTwist1"},"m_linkedEntity":{"type":"SEntityTemplateReference","value":null},"m_mTransform":{"type":"SMatrix43","value":{"rotation":{"x":0.01976704358638215,"y":0,"z":0},"position":{"x":0.0534450002014637,"y":0.0017839999636635184,"z":-0.0120430001989007}}},"m_eidParent":{"type":"SEntityTemplateReference","value":"4b0d55f43636fdbd","postInit":true}}},"f78bc5a7ee2c6551":{"parent":"4b0d55f43636fdbd","name":"C_Leg_TighMid_L","factory":"[assembly:/templates/aspectdummy.aspect]([modules:/zclothsphere.class].entitytype,[modules:/zboneattachaspect.class].entitytype).pc_entitytype","blueprint":"[assembly:/templates/aspectdummy.aspect]([modules:/zclothsphere.class].entitytype,[modules:/zboneattachaspect.class].entitytype).pc_entityblueprint","properties":{"m_fRadius":{"type":"float32","value":0.15000000596046448},"m_BoneName":{"type":"ZString","value":"LThighTwist1"},"m_linkedEntity":{"type":"SEntityTemplateReference","value":null},"m_mTransform":{"type":"SMatrix43","value":{"rotation":{"x":0,"y":0.019767042409995977,"z":0},"position":{"x":0.05393199995160103,"y":0.00876300036907196,"z":0.013554999604821205}}},"m_eidParent":{"type":"SEntityTemplateReference","value":"4b0d55f43636fdbd","postInit":true}}},"dfc6b1d156cc3c1e":{"parent":"4b0d55f43636fdbd","name":"C_Leg_Knee_L","factory":"[assembly:/templates/aspectdummy.aspect]([modules:/zclothsphere.class].entitytype,[modules:/zboneattachaspect.class].entitytype).pc_entitytype","blueprint":"[assembly:/templates/aspectdummy.aspect]([modules:/zclothsphere.class].entitytype,[modules:/zboneattachaspect.class].entitytype).pc_entityblueprint","properties":{"m_fRadius":{"type":"float32","value":0.14000000059604645},"m_BoneName":{"type":"ZString","value":"L_Calf"},"m_linkedEntity":{"type":"SEntityTemplateReference","value":null},"m_mTransform":{"type":"SMatrix43","value":{"rotation":{"x":-0.0699581819944143,"y":0.00005729581006265507,"z":-0.06256693931755296},"position":{"x":0.002400999888777733,"y":-0.02457600086927414,"z":-0.007691999897360802}}},"m_eidParent":{"type":"SEntityTemplateReference","value":"4b0d55f43636fdbd","postInit":true}}},"aec6aec1c01aaed0":{"parent":"9d7d97f77b410d49","name":"male_reg_eyelashes","factory":"00AF6FD15BFAC222","blueprint":"00926F11E3C00813","properties":{"m_mTransform":{"type":"SMatrix43","value":{"rotation":{"x":0,"y":0,"z":0},"position":{"x":0,"y":0,"z":0}}},"Clients":{"type":"TArray<SEntityTemplateReference>","value":["9d7d97f77b410d49"]},"ConstantVector1D_15_Value_op":{"type":"IRenderMaterialEntity.EModifierOperation","value":"eReplace"},"ConstantVector1D_16_Value_op":{"type":"IRenderMaterialEntity.EModifierOperation","value":"eReplace"},"ConstantVector1D_16_Value":{"type":"float32","value":1.5},"m_eidParent":{"type":"SEntityTemplateReference","value":"9d7d97f77b410d49"}}},"1b53bc70e0d4dcc6":{"parent":"9d7d97f77b410d49","name":"base_eye","factory":"00FDEC17A5A2BF5F","blueprint":"00C4E4179AE75353","properties":{"m_mTransform":{"type":"SMatrix43","value":{"rotation":{"x":0,"y":0,"z":0},"position":{"x":0,"y":0,"z":0}}},"Clients":{"type":"TArray<SEntityTemplateReference>","value":["9d7d97f77b410d49"]},"EyeShader_01_IrisBrightness_op":{"type":"IRenderMaterialEntity.EModifierOperation","value":"eReplace"},"EyeShader_01_IrisBrightness":{"type":"float32","value":2},"EyeShader_01_PupilSize_op":{"type":"IRenderMaterialEntity.EModifierOperation","value":"eReplace"},"EyeShader_01_PupilSize":{"type":"float32","value":0.17000000178813934},"EyeShader_01_IrisHueShift_op":{"type":"IRenderMaterialEntity.EModifierOperation","value":"eReplace"},"EyeShader_01_IrisHueShift":{"type":"float32","value":0.10000000149011612},"EyeShader_01_CorneaSpecularPower_op":{"type":"IRenderMaterialEntity.EModifierOperation","value":"eReplace"},"EyeShader_01_CorneaSpecularPower":{"type":"float32","value":1},"EyeShader_01_CorneaSpecularIntensity_op":{"type":"IRenderMaterialEntity.EModifierOperation","value":"eReplace"},"EyeShader_01_CorneaSpecularIntensity":{"type":"float32","value":0.02500000037252903},"EyeShader_01_ScleraSpecularIntensity_op":{"type":"IRenderMaterialEntity.EModifierOperation","value":"eReplace"},"EyeShader_01_ScleraSpecularIntensity":{"type":"float32","value":0.019999999552965164},"Texture2D_01_enab":{"type":"bool","value":true},"Texture2D_01":{"type":"ZRuntimeResourceID","value":{"resource":"00956964149E802F","flag":"5F"}},"m_eidParent":{"type":"SEntityTemplateReference","value":"9d7d97f77b410d49"}}},"86aac6a9a3e5069d":{"parent":"4b0d55f43636fdbd","name":"C_Arm_Elbow_L","factory":"[assembly:/templates/aspectdummy.aspect]([modules:/zclothsphere.class].entitytype,[modules:/zboneattachaspect.class].entitytype).pc_entitytype","blueprint":"[assembly:/templates/aspectdummy.aspect]([modules:/zclothsphere.class].entitytype,[modules:/zboneattachaspect.class].entitytype).pc_entityblueprint","properties":{"m_fRadius":{"type":"float32","value":0.08500000089406967},"m_BoneName":{"type":"ZString","value":"L_Forearm"},"m_linkedEntity":{"type":"SEntityTemplateReference","value":null},"m_mTransform":{"type":"SMatrix43","value":{"rotation":{"x":0,"y":0,"z":0},"position":{"x":0,"y":0,"z":-0.004341000225394964}}},"m_bCollisionGroup0":{"type":"bool","value":true},"m_bCollisionGroup1":{"type":"bool","value":false},"m_eidParent":{"type":"SEntityTemplateReference","value":"4b0d55f43636fdbd","postInit":true}}},"6d8e330b28824632":{"parent":"209de6dcc72c06f","name":"Mesh","factory":"[assembly:/templates/aspectdummy.aspect]([modules:/zbodypartentity.class].entitytype,[modules:/zclothcollidergroupaspect.class].entitytype).pc_entitytype","blueprint":"[assembly:/templates/aspectdummy.aspect]([modules:/zbodypartentity.class].entitytype,[modules:/zclothcollidergroupaspect.class].entitytype).pc_entityblueprint","properties":{"m_pMeshResource":{"type":"ZRuntimeResourceID","value":{"resource":"0021735355681575","flag":"5F"}},"m_IsHiddenInVR":{"type":"bool","value":false},"m_ClothColliders":{"type":"TArray<SEntityTemplateReference>","value":["4b0d55f43636fdbd"],"postInit":true}}},"d05c94131f75ba7a":{"parent":"9d7d97f77b410d49","name":"Lerp 1","factory":"[modules:/zmathlerp.class].pc_entitytype","blueprint":"[modules:/zmathlerp.class].pc_entityblueprint","properties":{"m_A":{"type":"float32","value":1.5299999713897705},"m_fT":{"type":"float32","value":0}}},"138d22baf1786a93":{"parent":"4b0d55f43636fdbd","name":"C_Arm_Elbow_R","factory":"[assembly:/templates/aspectdummy.aspect]([modules:/zclothsphere.class].entitytype,[modules:/zboneattachaspect.class].entitytype).pc_entitytype","blueprint":"[assembly:/templates/aspectdummy.aspect]([modules:/zclothsphere.class].entitytype,[modules:/zboneattachaspect.class].entitytype).pc_entityblueprint","properties":{"m_fRadius":{"type":"float32","value":0.08500000089406967},"m_BoneName":{"type":"ZString","value":"R_Forearm"},"m_linkedEntity":{"type":"SEntityTemplateReference","value":null},"m_mTransform":{"type":"SMatrix43","value":{"rotation":{"x":0,"y":-0.019767042409995977,"z":0},"position":{"x":-9.999999974752427e-7,"y":-0.014786000363528728,"z":0.007660000119358301}}},"m_bCollisionGroup0":{"type":"bool","value":true},"m_bCollisionGroup1":{"type":"bool","value":false},"m_eidParent":{"type":"SEntityTemplateReference","value":"4b0d55f43636fdbd","postInit":true}}},"d0f97e008966ee76":{"parent":"6e924ebad9103158","name":"Mesh","factory":"[assembly:/templates/aspectdummy.aspect]([modules:/zbodypartentity.class].entitytype,[modules:/zclothcollidergroupaspect.class].entitytype).pc_entitytype","blueprint":"[assembly:/templates/aspectdummy.aspect]([modules:/zbodypartentity.class].entitytype,[modules:/zclothcollidergroupaspect.class].entitytype).pc_entityblueprint","properties":{"m_pMeshResource":{"type":"ZRuntimeResourceID","value":{"resource":"00C0B92674DC4AE8","flag":"5F"}},"m_ClothColliders":{"type":"TArray<SEntityTemplateReference>","value":[]}}},"6e924ebad9103158":{"parent":"9d7d97f77b410d49","name":"Sweater_Turtleneck_SlimFit_Tkd","factory":"[modules:/zentity.class].pc_entitytype","blueprint":"[modules:/zentity.class].pc_entityblueprint","properties":{"Texture2D_01":{"type":"ZRuntimeResourceID","value":{"resource":"[assembly:/_pro/characters/assets/guards/hokkaido/bodyguards/textures/male_reg_hokkaido_bodyguard_shirt.texture?/diffuse_white.tex](ascolormap).pc_tex","flag":"5F"}},"ConstantVector1D_01_Value":{"type":"float32","value":0.6499999761581421},"Diffuse_Color_01_Value":{"type":"SColorRGB","value":"#b2b2b2"},"m_pMeshResource":{"type":"ZRuntimeResourceID","value":{"resource":"00C0B92674DC4AE8","flag":"5F"}}},"inputCopying":{"ConstantVector1D_06_Value":{"ConstantVector1D_06_Value":["d76faf8aefead1d0"]},"ConstantVector1D_14_Value":{"ConstantVector1D_14_Value":["d76faf8aefead1d0"]},"ConstantVector1D_01_Value":{"ConstantVector1D_01_Value":["d76faf8aefead1d0"]}},"propertyAliases":{"Diffuse_Hue_Shift_01_Value":[{"originalProperty":"Diffuse_Hue_Shift_01_Value","originalEntity":"d76faf8aefead1d0"}],"Diffuse_Saturation_01_Value":[{"originalProperty":"Diffuse_Saturation_01_Value","originalEntity":"d76faf8aefead1d0"}],"Diffuse_Color_01_Value":[{"originalProperty":"Diffuse_Color_01_Value","originalEntity":"d76faf8aefead1d0"}],"ConstantVector1D_01_Value":[{"originalProperty":"ConstantVector1D_01_Value","originalEntity":"d76faf8aefead1d0"}],"Texture2D_03":[{"originalProperty":"Texture2D_03","originalEntity":"d76faf8aefead1d0"}],"Texture2DNormal_01":[{"originalProperty":"Texture2DNormal_01","originalEntity":"d76faf8aefead1d0"}],"Texture2D_01":[{"originalProperty":"Texture2D_01","originalEntity":"d76faf8aefead1d0"}],"m_pMeshResource":[{"originalProperty":"m_pMeshResource","originalEntity":"d0f97e008966ee76"}],"ConstantVector1D_16_Value":[{"originalProperty":"ConstantVector1D_16_Value","originalEntity":"d76faf8aefead1d0"}],"ConstantVector1D_05_Value":[{"originalProperty":"ConstantVector1D_05_Value","originalEntity":"d76faf8aefead1d0"}],"ConstantVector1D_13_Value":[{"originalProperty":"ConstantVector1D_13_Value","originalEntity":"d76faf8aefead1d0"}]},"exposedInterfaces":{"ZBodyPartEntity":"d0f97e008966ee76","ZClothColliderGroupAspect":"d0f97e008966ee76"}},"33f8bd64dbf34c76":{"parent":"4b0d55f43636fdbd","name":"C_Arm_Wrist_L","factory":"[assembly:/templates/aspectdummy.aspect]([modules:/zclothsphere.class].entitytype,[modules:/zboneattachaspect.class].entitytype).pc_entitytype","blueprint":"[assembly:/templates/aspectdummy.aspect]([modules:/zclothsphere.class].entitytype,[modules:/zboneattachaspect.class].entitytype).pc_entityblueprint","properties":{"m_fRadius":{"type":"float32","value":0.0949999988079071},"m_BoneName":{"type":"ZString","value":"L_Forearm"},"m_linkedEntity":{"type":"SEntityTemplateReference","value":null},"m_mTransform":{"type":"SMatrix43","value":{"rotation":{"x":0,"y":0,"z":0},"position":{"x":0.2239910066127777,"y":-0.000003999999989900971,"z":-0.000003999999989900971}}},"m_bCollisionGroup0":{"type":"bool","value":true},"m_bCollisionGroup1":{"type":"bool","value":false},"m_eidParent":{"type":"SEntityTemplateReference","value":"4b0d55f43636fdbd","postInit":true}}},"9ff2ce7c9e19f1f0":{"parent":"209de6dcc72c06f","name":"poncho_rain","factory":"000922DCF7F9DCA0","blueprint":"00D3EAF3AC2FE383","properties":{"m_mTransform":{"type":"SMatrix43","value":{"rotation":{"x":0,"y":0,"z":0},"position":{"x":0,"y":0,"z":0}}},"Texture2DNormal_01_enab":{"type":"bool","value":true},"Texture2D_03_enab":{"type":"bool","value":true},"Texture2D_01_enab":{"type":"bool","value":true},"Diffuse_Color_01_Value_op":{"type":"IRenderMaterialEntity.EModifierOperation","value":"eReplace"},"ConstantVector1D_01_Value_op":{"type":"IRenderMaterialEntity.EModifierOperation","value":"eReplace"},"Diffuse_Saturation_01_Value_op":{"type":"IRenderMaterialEntity.EModifierOperation","value":"eReplace"},"Diffuse_Hue_Shift_01_Value_op":{"type":"IRenderMaterialEntity.EModifierOperation","value":"eReplace"},"ConstantVector1D_05_Value_op":{"type":"IRenderMaterialEntity.EModifierOperation","value":"eReplace"},"ConstantVector1D_04_Value_op":{"type":"IRenderMaterialEntity.EModifierOperation","value":"eReplace"},"ConstantVector1D_03_Value_op":{"type":"IRenderMaterialEntity.EModifierOperation","value":"eReplace"},"ConstantVector1D_04_Value":{"type":"float32","value":0.15000000596046448},"Texture2D_01":{"type":"ZRuntimeResourceID","value":{"resource":"006E7D9080AA2B69","flag":"5F"}},"Texture2DNormal_01":{"type":"ZRuntimeResourceID","value":{"resource":"00A229F4094FED09","flag":"5F"}},"Texture2D_03":{"type":"ZRuntimeResourceID","value":{"resource":"004311A5DCFF896D","flag":"5F"}},"ConstantVector1D_01_Value":{"type":"float32","value":0.5},"Diffuse_Color_01_Value":{"type":"SColorRGB","value":"#ffffff"},"Diffuse_Saturation_01_Value":{"type":"float32","value":1},"Diffuse_Hue_Shift_01_Value":{"type":"float32","value":0},"ConstantVector1D_03_Value":{"type":"float32","value":1},"ConstantVector1D_05_Value":{"type":"float32","value":1},"m_eidParent":{"type":"SEntityTemplateReference","value":"9d7d97f77b410d49"},"Clients":{"type":"TArray<SEntityTemplateReference>","value":["209de6dcc72c06f"],"postInit":true}}},"209de6dcc72c06f":{"parent":"9d7d97f77b410d49","name":"Poncho_Rain_Nohood","factory":"[modules:/zentity.class].pc_entitytype","blueprint":"[modules:/zentity.class].pc_entityblueprint","properties":{"ConstantVector1D_01_Value":{"type":"float32","value":0.5},"Diffuse_Color_01_Value":{"type":"SColorRGB","value":"#ffffff"},"Texture2D_01":{"type":"ZRuntimeResourceID","value":{"resource":"006E7D9080AA2B69","flag":"5F"}},"Texture2DNormal_01":{"type":"ZRuntimeResourceID","value":{"resource":"00A229F4094FED09","flag":"5F"}},"Texture2D_03":{"type":"ZRuntimeResourceID","value":{"resource":"004311A5DCFF896D","flag":"5F"}}},"inputCopying":{"Activate":{"Activate":["9ff2ce7c9e19f1f0"]},"ConstantVector1D_04_Value":{"ConstantVector1D_04_Value":["9ff2ce7c9e19f1f0"]},"ConstantVector1D_01_Value":{"ConstantVector1D_01_Value":["9ff2ce7c9e19f1f0"]},"ConstantVector1D_06_Value":{"ConstantVector1D_06_Value":["9ff2ce7c9e19f1f0"]}},"propertyAliases":{"Texture2D_01":[{"originalProperty":"Texture2D_01","originalEntity":"9ff2ce7c9e19f1f0"}],"Texture2DNormal_01":[{"originalProperty":"Texture2DNormal_01","originalEntity":"9ff2ce7c9e19f1f0"}],"Texture2D_03":[{"originalProperty":"Texture2D_03","originalEntity":"9ff2ce7c9e19f1f0"}],"ConstantVector1D_01_Value":[{"originalProperty":"ConstantVector1D_01_Value","originalEntity":"9ff2ce7c9e19f1f0"}],"Diffuse_Color_01_Value":[{"originalProperty":"Diffuse_Color_01_Value","originalEntity":"9ff2ce7c9e19f1f0"}],"Diffuse_Saturation_01_Value":[{"originalProperty":"Diffuse_Saturation_01_Value","originalEntity":"9ff2ce7c9e19f1f0"}],"Diffuse_Hue_Shift_01_Value":[{"originalProperty":"Diffuse_Hue_Shift_01_Value","originalEntity":"9ff2ce7c9e19f1f0"}],"ConstantVector1D_03_Value":[{"originalProperty":"ConstantVector1D_03_Value","originalEntity":"9ff2ce7c9e19f1f0"}],"ConstantVector1D_05_Value":[{"originalProperty":"ConstantVector1D_05_Value","originalEntity":"9ff2ce7c9e19f1f0"}]},"exposedInterfaces":{"ZBodyPartEntity":"6d8e330b28824632","ZClothColliderGroupAspect":"6d8e330b28824632"}},"fdce3e4ea87683ee":{"parent":"b290a1cfda3c6a6d","name":"headwear_turban_chainmail","factory":"00A55B257C08A375","blueprint":"0021982FF34DC290","properties":{"m_mTransform":{"type":"SMatrix43","value":{"rotation":{"x":0,"y":0,"z":1.233591873201849e-7},"position":{"x":-0.0000020156139726168476,"y":-7.776180268592725e-7,"z":0}}},"Clients":{"type":"TArray<SEntityTemplateReference>","value":["9d7d97f77b410d49"]},"Texture2DNormal_01":{"type":"ZRuntimeResourceID","value":{"resource":"00CAFCBC92B6E5E8","flag":"5F"}},"Texture2DNormal_01_enab":{"type":"bool","value":true},"Texture2D_01":{"type":"ZRuntimeResourceID","value":{"resource":"008029F4BBED1415","flag":"5F"}},"Texture2D_01_enab":{"type":"bool","value":true},"Diffuse_Color_01_Value_op":{"type":"IRenderMaterialEntity.EModifierOperation","value":"eReplace"},"Override":{"type":"bool","value":false},"ConstantVector1D_06_Value_op":{"type":"IRenderMaterialEntity.EModifierOperation","value":"eReplace"},"ConstantVector1D_06_Value":{"type":"float32","value":1},"ConstantVector1D_01_Value_op":{"type":"IRenderMaterialEntity.EModifierOperation","value":"eReplace"},"ConstantVector1D_01_Value":{"type":"float32","value":2.1600000858306885},"m_eidParent":{"type":"SEntityTemplateReference","value":"9d7d97f77b410d49"}}},"b290a1cfda3c6a6d":{"parent":"9d7d97f77b410d49","name":"Mesh_Reflex","factory":"[modules:/zbodypartentity.class].pc_entitytype","blueprint":"[modules:/zbodypartentity.class].pc_entityblueprint","properties":{"m_pMeshResource":{"type":"ZRuntimeResourceID","value":{"resource":"006E6C9BF2DAD02A","flag":"5F"}}},"inputCopying":{"Activate":{"Activate":["fdce3e4ea87683ee"]},"ConstantVector1D_06_Value":{"ConstantVector1D_06_Value":["fdce3e4ea87683ee"]},"ConstantVector1D_01_Value":{"ConstantVector1D_01_Value":["fdce3e4ea87683ee"]},"ConstantVector1D_04_Value":{"ConstantVector1D_04_Value":["fdce3e4ea87683ee"]}}},"638625c3a91a3776":{"parent":"4b0d55f43636fdbd","name":"C_Spine1","factory":"[assembly:/templates/aspectdummy.aspect]([modules:/zclothcapsule.class].entitytype,[modules:/zboneattachaspect.class].entitytype).pc_entitytype","blueprint":"[assembly:/templates/aspectdummy.aspect]([modules:/zclothcapsule.class].entitytype,[modules:/zboneattachaspect.class].entitytype).pc_entityblueprint","properties":{"m_BoneName":{"type":"ZString","value":"Spine1"},"m_linkedEntity":{"type":"SEntityTemplateReference","value":null},"m_fRadiusX":{"type":"float32","value":0.25999999046325684},"m_fRadiusY":{"type":"float32","value":0.1850000023841858},"m_fTop":{"type":"float32","value":0.009999999776482582},"m_fBottom":{"type":"float32","value":0},"m_fRadiusZ":{"type":"float32","value":0.23999999463558197},"m_bEnableBottomRadii":{"type":"bool","value":false},"m_fRadiusXBottom":{"type":"float32","value":1},"m_fRadiusYBottom":{"type":"float32","value":1},"m_fRadiusZBottom":{"type":"float32","value":1},"m_mTransform":{"type":"SMatrix43","value":{"rotation":{"x":0,"y":0,"z":0},"position":{"x":0.04388999938964844,"y":0.016913000494241714,"z":-0.0009379999828524888}}},"m_eidParent":{"type":"SEntityTemplateReference","value":"4b0d55f43636fdbd","postInit":true}}},"4b0d55f43636fdbd":{"parent":"209de6dcc72c06f","name":"Collider_Poncho_Rain","factory":"[modules:/zcompositeentity.class].pc_entitytype","blueprint":"[modules:/zcompositeentity.class].pc_entityblueprint","properties":{"m_mTransform":{"type":"SMatrix43","value":{"rotation":{"x":0,"y":0,"z":0},"position":{"x":0,"y":0,"z":0}}},"m_linkedEntity":{"type":"SEntityTemplateReference","value":null},"m_eidParent":{"type":"SEntityTemplateReference","value":"9d7d97f77b410d49"}},"propertyAliases":{"m_linkedEntity":[{"originalProperty":"m_linkedEntity","originalEntity":"4904df91105ddcf3"},{"originalProperty":"m_linkedEntity","originalEntity":"ff2eac3645149a95"},{"originalProperty":"m_linkedEntity","originalEntity":"be6f7a13b953f165"},{"originalProperty":"m_linkedEntity","originalEntity":"dfc6b1d156cc3c1e"},{"originalProperty":"m_linkedEntity","originalEntity":"34e5dc058b366fd7"},{"originalProperty":"m_linkedEntity","originalEntity":"d0ba552afb232977"},{"originalProperty":"m_linkedEntity","originalEntity":"f78bc5a7ee2c6551"},{"originalProperty":"m_linkedEntity","originalEntity":"1b29150352662620"},{"originalProperty":"m_linkedEntity","originalEntity":"4e742e22fbd31408"},{"originalProperty":"m_linkedEntity","originalEntity":"62ef0e08dc80dcf"},{"originalProperty":"m_linkedEntity","originalEntity":"e0f37422fa87d5df"},{"originalProperty":"m_linkedEntity","originalEntity":"33f8bd64dbf34c76"},{"originalProperty":"m_linkedEntity","originalEntity":"86aac6a9a3e5069d"},{"originalProperty":"m_linkedEntity","originalEntity":"138d22baf1786a93"},{"originalProperty":"m_linkedEntity","originalEntity":"4e99a1da453cc5d5"},{"originalProperty":"m_linkedEntity","originalEntity":"6e0e97c2ed0210e9"},{"originalProperty":"m_linkedEntity","originalEntity":"b71c91563b2ff83c"},{"originalProperty":"m_linkedEntity","originalEntity":"b583ea98c0ecdd39"},{"originalProperty":"m_linkedEntity","originalEntity":"10d166bf81cfaa60"},{"originalProperty":"m_linkedEntity","originalEntity":"d07c633d1d08aa09"},{"originalProperty":"m_linkedEntity","originalEntity":"9f4dd9ea7870ee60"},{"originalProperty":"m_linkedEntity","originalEntity":"e4f45a0578c7bfd5"},{"originalProperty":"m_linkedEntity","originalEntity":"638625c3a91a3776"},{"originalProperty":"m_linkedEntity","originalEntity":"c9642528eb91693f"},{"originalProperty":"m_linkedEntity","originalEntity":"e0b7e5c4746cc5ce"},{"originalProperty":"m_linkedEntity","originalEntity":"4a37379c68f6b8f5"},{"originalProperty":"m_linkedEntity","originalEntity":"cb0fa4a938a54648"},{"originalProperty":"m_linkedEntity","originalEntity":"a10b37a049b46dee"},{"originalProperty":"m_linkedEntity","originalEntity":"dbf2a1816f3548db"}]},"exposedInterfaces":{"ZClothCollider":"518fa37386a4d969","ZClothColliderGroup":"518fa37386a4d969"}},"bef1a83db1cbccc3":{"parent":"43226e3da4de07a","name":"agent47_sheep_boots","factory":"0015838E791A033A","blueprint":"00C7E5DE2E654DCD","properties":{"m_mTransform":{"type":"SMatrix43","value":{"rotation":{"x":0,"y":0,"z":0},"position":{"x":0,"y":0,"z":0}}},"Diffuse_Color_01_Value_op":{"type":"IRenderMaterialEntity.EModifierOperation","value":"eReplace"},"ConstantVector1D_01_Value_op":{"type":"IRenderMaterialEntity.EModifierOperation","value":"eReplace"},"ConstantVector1D_01_Value":{"type":"float32","value":0.75},"ConstantVector1D_14_Value_op":{"type":"IRenderMaterialEntity.EModifierOperation","value":"eReplace"},"ConstantVector1D_06_Value_op":{"type":"IRenderMaterialEntity.EModifierOperation","value":"eReplace"},"Diffuse_Saturation_01_Value_op":{"type":"IRenderMaterialEntity.EModifierOperation","value":"eReplace"},"Diffuse_Saturation_01_Value":{"type":"float32","value":0.09000000357627869},"Texture2D_01_enab":{"type":"bool","value":false},"Diffuse_Color_01_Value":{"type":"SColorRGB","value":"#ababab"},"m_eidParent":{"type":"SEntityTemplateReference","value":"9d7d97f77b410d49"},"Clients":{"type":"TArray<SEntityTemplateReference>","value":["43226e3da4de07a"],"postInit":true}}},"43226e3da4de07a":{"parent":"9d7d97f77b410d49","name":"Shoes_Boots_Military_01","factory":"00A7DC37E14B3676","blueprint":"000315500CD95840","properties":{"m_pMeshResource":{"type":"ZRuntimeResourceID","value":{"resource":"00AA8B74103597DD","flag":"5F"}}},"inputCopying":{"Activate":{"Activate":["bef1a83db1cbccc3"]},"ConstantVector1D_04_Value":{"ConstantVector1D_14_Value":["bef1a83db1cbccc3"]},"ConstantVector1D_01_Value":{"ConstantVector1D_01_Value":["bef1a83db1cbccc3"]}}},"6995e1f378906393":{"parent":"ba193b90af130cad","name":"agent47_sheep_pants_cargo","factory":"0011D2D07ADE2A05","blueprint":"001351359D722A8F","properties":{"m_mTransform":{"type":"SMatrix43","value":{"rotation":{"x":0,"y":0,"z":1.233591873201849e-7},"position":{"x":-5.0096540451049805,"y":6.946288108825684,"z":-1.3258450031280518}}},"ConstantVector1D_01_Value_op":{"type":"IRenderMaterialEntity.EModifierOperation","value":"eReplace"},"ConstantVector1D_14_Value_op":{"type":"IRenderMaterialEntity.EModifierOperation","value":"eReplace"},"Active":{"type":"bool","value":true},"ConstantVector1D_06_Value_op":{"type":"IRenderMaterialEntity.EModifierOperation","value":"eReplace"},"Texture2D_01":{"type":"ZRuntimeResourceID","value":{"resource":"0048CB8324961935","flag":"5F"}},"Texture2D_01_enab":{"type":"bool","value":true},"ConstantVector1D_01_Value":{"type":"float32","value":1},"Texture2D_03":{"type":"ZRuntimeResourceID","value":{"resource":"0048CB8324961935","flag":"5F"}},"Texture2D_03_enab":{"type":"bool","value":true},"m_eidParent":{"type":"SEntityTemplateReference","value":"9d7d97f77b410d49"}}},"ba193b90af130cad":{"parent":"9d7d97f77b410d49","name":"Pants_Cargo_Tucked_Low","factory":"00E45B9FE4AB5D3C","blueprint":"00B9CC80CD69339D","properties":{"Diffuse_Color_01_Value":{"type":"SColorRGB","value":"#4a4a4a"},"Texture2D_01":{"type":"ZRuntimeResourceID","value":{"resource":"007389CC67F82957","flag":"5F"}},"m_pMeshResource":{"type":"ZRuntimeResourceID","value":{"resource":"002F3F41AD59D1A2","flag":"5F"}}},"inputCopying":{"ConstantVector1D_14_Value":{"ConstantVector1D_14_Value":["6995e1f378906393"]},"ConstantVector1D_06_Value":{"ConstantVector1D_06_Value":["6995e1f378906393"]},"ConstantVector1D_01_Value":{"ConstantVector1D_01_Value":["6995e1f378906393"]},"Activate":{"Activate":["6995e1f378906393"]}}}},"propertyOverrides":[],"overrideDeletes":[],"pinConnectionOverrides":[],"pinConnectionOverrideDeletes":[],"externalScenes":[],"subType":"template","quickEntityVersion":3.1,"extraFactoryDependencies":[{"resource":"007D850436B0A092","flag":"5F"},{"resource":"00D247582859CA87","flag":"5F"},{"resource":"00D20CA72E352D16","flag":"5F"},{"resource":"[assembly:/_pro/characters/assets/_base/pro_fem_regular/textures/female_reg_eyelashes.texture?/normal_a.tex](asnormalmap).pc_tex","flag":"5F"},{"resource":"[assembly:/_pro/characters/assets/_base/pro_fem_regular/textures/female_reg_eyelashes.texture?/normal_a.tex](ascolormap).pc_tex","flag":"5F"},{"resource":"[assembly:/_pro/characters/assets/_base/pro_fem_regular/textures/female_reg_eyelashes.texture?/diffuse_a.tex](ascolormap).pc_tex","flag":"5F"},{"resource":"[assembly:/_pro/environment/textures/detailmaps/default.texture?/detail_a.tex](ascompoundnormal).pc_tex","flag":"5F"},{"resource":"00818BA637895231","flag":"5F"},{"resource":"[assembly:/_pro/characters/assets/_genericparts/skin/textures/skin_detail.texture?/normal_a.tex](asnormalmap).pc_tex","flag":"5F"},{"resource":"[assembly:/_pro/characters/assets/_genericparts/skin/textures/skin_detail.texture?/variance_a.tex](asheightmap).pc_tex","flag":"5F"},{"resource":"008E0FCF89ED862E","flag":"5F"},{"resource":"002C7E7EE46D0CD2","flag":"5F"},{"resource":"[assembly:/_pro/characters/assets/individuals/sean/textures/male_regular_sean_02_pant_01.texture?/specular_a.tex](ascolormap).pc_tex","flag":"5F"},{"resource":"[assembly:/_pro/characters/assets/individuals/sean/textures/male_regular_sean_02_pant_01.texture?/normal_a.tex](asnormalmap).pc_tex","flag":"5F"},{"resource":"00F2BCC29A3C929D","flag":"5F"},{"resource":"[assembly:/_pro/characters/assets/guards/colorado/militia_elite/textures/male_reg_militia_elite_shoes.texture?/normal_a.tex](asnormalmap).pc_tex","flag":"5F"},{"resource":"[assembly:/_pro/characters/assets/guards/colorado/militia_elite/textures/male_reg_militia_elite_shoes.texture?/specular_a.tex](ascolormap).pc_tex","flag":"5F"},{"resource":"[assembly:/_pro/characters/assets/guards/colorado/militia_elite/textures/male_reg_militia_elite_shoes.texture?/diffuse_a.tex](ascolormap).pc_tex","flag":"5F"},{"resource":"00393E746025E96C","flag":"5F"},{"resource":"0052111F41C6C1FB","flag":"5F"},{"resource":"007F078871DFA6D5","flag":"5F"},{"resource":"00C803A081496B57","flag":"5F"}],"extraBlueprintDependencies":[],"comments":[]}