{"tempHash":"0069199099C92476","tbluHash":"00711C7DA74FD0AE","rootEntity":"e197be3c51b82b53","entities":{"e197be3c51b82b53":{"parent":null,"name":"OUTFIT_Agent47_Reward_Global_Hero_ConcreteArt_HeroA_v0","factory":"[assembly:/templates/aspectdummy.aspect]([modules:/zlinkedproxyentity.class].entitytype,[modules:/zclothcharacterentity.class].entitytype,[modules:/zheroidlenetworkaspect.class].entitytype).pc_entitytype","blueprint":"[assembly:/templates/aspectdummy.aspect]([modules:/zlinkedproxyentity.class].entitytype,[modules:/zclothcharacterentity.class].entitytype,[modules:/zheroidlenetworkaspect.class].entitytype).pc_entityblueprint","properties":{"m_LocalColliders":{"type":"TArray<SEntityTemplateReference>","value":[]},"m_mTransform":{"type":"SMatrix43","value":{"rotation":{"x":0,"y":0,"z":-0.8223372795806185},"position":{"x":66.93329620361328,"y":34.068138122558594,"z":0}}},"m_pBonesAndCollisionResource":{"type":"ZRuntimeResourceID","value":{"resource":"0017416135CF879C","flag":"5F"}},"m_aBodyParts":{"type":"TArray<SEntityTemplateReference>","value":["d881ab73e32701f3","703c7156a2362467","7343bb0e0eb44cc0","fbdca83111dd0665","6d5f7e11c72c37fb","9e4fb9030018b3d2","e1b7886d6c5c1e39","622888f08c0ca5b5","b359fa4d704b6585"],"postInit":true}}},"959741ceba4f3209":{"parent":"e197be3c51b82b53","name":"Suit Diffuse","factory":"[modules:/zmathlerp.class].pc_entitytype","blueprint":"[modules:/zmathlerp.class].pc_entityblueprint","properties":{"m_A":{"type":"float32","value":0.550000011920929},"m_fT":{"type":"float32","value":0},"m_B":{"type":"float32","value":0.38999998569488525}},"events":{"Lerp":{"ConstantVector1D_01_Value":["fbdca83111dd0665","622888f08c0ca5b5","9e4fb9030018b3d2"]}}},"d0b2b3e9606dbafe":{"parent":"9e4fb9030018b3d2","name":"male_reg_dress_shirt_buttoned_up_01_01","factory":"00D3DD963A6AF70D","blueprint":"0076BDBA804A2941","properties":{"m_mTransform":{"type":"SMatrix43","value":{"rotation":{"x":0,"y":0,"z":0},"position":{"x":0,"y":0,"z":0}}},"Texture2D_01_enab":{"type":"bool","value":true},"Texture2DNormal_01_enab":{"type":"bool","value":true},"Texture2D_03_enab":{"type":"bool","value":true},"ConstantVector1D_01_Value_op":{"type":"IRenderMaterialEntity.EModifierOperation","value":"eReplace"},"Diffuse_Color_01_Value_op":{"type":"IRenderMaterialEntity.EModifierOperation","value":"eReplace"},"Diffuse_Saturation_01_Value_op":{"type":"IRenderMaterialEntity.EModifierOperation","value":"eReplace"},"Diffuse_Hue_Shift_01_Value_op":{"type":"IRenderMaterialEntity.EModifierOperation","value":"eReplace"},"ConstantVector1D_15_Value_op":{"type":"IRenderMaterialEntity.EModifierOperation","value":"eReplace"},"ConstantVector1D_14_Value_op":{"type":"IRenderMaterialEntity.EModifierOperation","value":"eReplace"},"ConstantVector1D_06_Value_op":{"type":"IRenderMaterialEntity.EModifierOperation","value":"eReplace"},"Diffuse_Color_01_Value":{"type":"SColorRGB","value":"#61eaff"},"Diffuse_Hue_Shift_01_Value":{"type":"float32","value":0},"Diffuse_Saturation_01_Value":{"type":"float32","value":1},"ConstantVector1D_01_Value":{"type":"float32","value":0.5},"Texture2D_03":{"type":"ZRuntimeResourceID","value":{"resource":"0045F839B337D2B6","flag":"5F"}},"Texture2DNormal_01":{"type":"ZRuntimeResourceID","value":{"resource":"00188997D678EF0B","flag":"5F"}},"Texture2D_01":{"type":"ZRuntimeResourceID","value":{"resource":"006F835120511247","flag":"5F"}},"ConstantVector1D_14_Value":{"type":"float32","value":0},"ConstantVector1D_15_Value":{"type":"float32","value":1},"m_eidParent":{"type":"SEntityTemplateReference","value":"e197be3c51b82b53"},"Clients":{"type":"TArray<SEntityTemplateReference>","value":["9e4fb9030018b3d2"],"postInit":true}}},"e9f41df1e44f8553":{"parent":"e197be3c51b82b53","name":"FX_Hitman_Wet_Logic_Character_01","factory":"0067CFB703A80787","blueprint":"00AA88C960CD2080","properties":{"HeadMaterialToOverride":{"type":"ZRuntimeResourceID","value":{"resource":"009F7978C601815A","flag":"5F"}},"HeadMaterialOverride":{"type":"TArray<SEntityTemplateReference>","value":["e197be3c51b82b53"]}},"events":{"HitmanWetness":{"T":["3d696c32f47e73b8","394122250776715d","1e1d2726e0db961d","959741ceba4f3209","46f9ce219e259657","2a455e8d47387297","17ade3302f092a25"]}}},"3745b4ce0f37f1d3":{"parent":"6da9b7ddca9dd53c","name":"C_TighTop_R","factory":"[assembly:/templates/aspectdummy.aspect]([modules:/zclothsphere.class].entitytype,[modules:/zboneattachaspect.class].entitytype).pc_entitytype","blueprint":"[assembly:/templates/aspectdummy.aspect]([modules:/zclothsphere.class].entitytype,[modules:/zboneattachaspect.class].entitytype).pc_entityblueprint","properties":{"m_fRadius":{"type":"float32","value":0.13500000536441803},"m_BoneName":{"type":"ZString","value":"RThighTwist"},"m_linkedEntity":{"type":"SEntityTemplateReference","value":null},"m_mTransform":{"type":"SMatrix43","value":{"rotation":{"x":0.01976704358638215,"y":0,"z":0},"position":{"x":-0.0010870000114664435,"y":0.014779999852180481,"z":-0.040001001209020615}}},"m_eidParent":{"type":"SEntityTemplateReference","value":"6da9b7ddca9dd53c","postInit":true}}},"d2874f8c4858c3c3":{"parent":"566a1a0ce65ea444","name":"glasses_47_miami","factory":"00D0D8A9FA7D6B43","blueprint":"00127637484C9445","properties":{"m_mTransform":{"type":"SMatrix43","value":{"rotation":{"x":-78.75215984481774,"y":89.40779018283342,"z":-111.37133044509504},"position":{"x":0.08041799813508987,"y":0.008937000297009945,"z":0.0013719999697059393}}},"ConstantVector1D_01_Value":{"type":"float32","value":-0.05000000074505806},"Texture2D_01":{"type":"ZRuntimeResourceID","value":{"resource":"009B0D95DF6A500E","flag":"5F"}},"Diffuse_Tint_Value":{"type":"SColorRGB","value":"#ffc933"},"m_bPCCastShadows":{"type":"bool","value":false},"m_eidParent":{"type":"SEntityTemplateReference","value":"566a1a0ce65ea444","postInit":true}}},"daaf535e65cda399":{"parent":"9e4fb9030018b3d2","name":"Mesh","factory":"[assembly:/templates/aspectdummy.aspect]([modules:/zbodypartentity.class].entitytype,[modules:/zclothcollidergroupaspect.class].entitytype).pc_entitytype","blueprint":"[assembly:/templates/aspectdummy.aspect]([modules:/zbodypartentity.class].entitytype,[modules:/zclothcollidergroupaspect.class].entitytype).pc_entityblueprint","properties":{"m_pMeshResource":{"type":"ZRuntimeResourceID","value":{"resource":"000ABDD6E0267614","flag":"5F"}},"m_ClothColliders":{"type":"TArray<SEntityTemplateReference>","value":[]}}},"dcd0e8aee5a75a31":{"parent":"6da9b7ddca9dd53c","name":"C_Pelvis_R","factory":"[assembly:/templates/aspectdummy.aspect]([modules:/zclothsphere.class].entitytype,[modules:/zboneattachaspect.class].entitytype).pc_entitytype","blueprint":"[assembly:/templates/aspectdummy.aspect]([modules:/zclothsphere.class].entitytype,[modules:/zboneattachaspect.class].entitytype).pc_entityblueprint","properties":{"m_fRadius":{"type":"float32","value":0.1420000046491623},"m_BoneName":{"type":"ZString","value":"Pelvis"},"m_linkedEntity":{"type":"SEntityTemplateReference","value":null},"m_mTransform":{"type":"SMatrix43","value":{"rotation":{"x":-0.01976704358638215,"y":0,"z":-0.02796033431529296},"position":{"x":0.01996699906885624,"y":0.014674999751150608,"z":-0.05142100155353546}}},"m_eidParent":{"type":"SEntityTemplateReference","value":"6da9b7ddca9dd53c","postInit":true}}},"fa3cb8d12ff2f59f":{"parent":"b359fa4d704b6585","name":"male_reg_agent47_tutorial_feather_01","factory":"[assembly:/_pro/characters/assets/hero/agent47/materials/male_reg_agent47_tutorial_feather_01.mi].pc_entitytype","blueprint":"[assembly:/_pro/characters/assets/hero/agent47/materials/male_reg_agent47_tutorial_feather_01.mi].pc_entityblueprint","properties":{"m_mTransform":{"type":"SMatrix43","value":{"rotation":{"x":0,"y":0,"z":0},"position":{"x":-0.0000036519520563160768,"y":-0.000001382221967105579,"z":0}}},"Clients":{"type":"TArray<SEntityTemplateReference>","value":["e197be3c51b82b53"]},"m_eidParent":{"type":"SEntityTemplateReference","value":"e197be3c51b82b53"}}},"7bf1455efc079084":{"parent":"6da9b7ddca9dd53c","name":"C_Foot_L","factory":"[assembly:/templates/aspectdummy.aspect]([modules:/zclothsphere.class].entitytype,[modules:/zboneattachaspect.class].entitytype).pc_entitytype","blueprint":"[assembly:/templates/aspectdummy.aspect]([modules:/zclothsphere.class].entitytype,[modules:/zboneattachaspect.class].entitytype).pc_entityblueprint","properties":{"m_fRadius":{"type":"float32","value":0.08500000089406967},"m_BoneName":{"type":"ZString","value":"L_Foot"},"m_linkedEntity":{"type":"SEntityTemplateReference","value":null},"m_mTransform":{"type":"SMatrix43","value":{"rotation":{"x":0,"y":0,"z":0},"position":{"x":-1.290655973207322e-7,"y":2.171457902377938e-9,"z":0}}},"m_eidParent":{"type":"SEntityTemplateReference","value":"6da9b7ddca9dd53c","postInit":true}}},"7d03f1825255bd84":{"parent":"9e4fb9030018b3d2","name":"male_reg_dress_shirt_long_sleeve_01","factory":"008F3CBB410A44C6","blueprint":"00789AC05E51C0A9","properties":{"m_mTransform":{"type":"SMatrix43","value":{"rotation":{"x":0,"y":0,"z":0},"position":{"x":0,"y":0,"z":0}}},"Texture2DNormal_01_enab":{"type":"bool","value":true},"Texture2D_03_enab":{"type":"bool","value":true},"Texture2D_01_enab":{"type":"bool","value":true},"ConstantVector1D_01_Value_op":{"type":"IRenderMaterialEntity.EModifierOperation","value":"eReplace"},"Diffuse_Color_01_Value_op":{"type":"IRenderMaterialEntity.EModifierOperation","value":"eReplace"},"Diffuse_Saturation_01_Value_op":{"type":"IRenderMaterialEntity.EModifierOperation","value":"eReplace"},"Diffuse_Hue_Shift_01_Value_op":{"type":"IRenderMaterialEntity.EModifierOperation","value":"eReplace"},"ConstantVector1D_14_Value_op":{"type":"IRenderMaterialEntity.EModifierOperation","value":"eReplace"},"ConstantVector1D_15_Value_op":{"type":"IRenderMaterialEntity.EModifierOperation","value":"eReplace"},"Diffuse_Color_01_Value":{"type":"SColorRGB","value":"#61eaff"},"Texture2DNormal_01":{"type":"ZRuntimeResourceID","value":{"resource":"006A9072F2C78523","flag":"5F"}},"Texture2D_03":{"type":"ZRuntimeResourceID","value":{"resource":"005A3A86E39FBFB7","flag":"5F"}},"ConstantVector1D_01_Value":{"type":"float32","value":0.5},"Diffuse_Saturation_01_Value":{"type":"float32","value":1},"Diffuse_Hue_Shift_01_Value":{"type":"float32","value":0},"Texture2D_01":{"type":"ZRuntimeResourceID","value":{"resource":"006258232B3126D5","flag":"5F"}},"ConstantVector1D_14_Value":{"type":"float32","value":0},"ConstantVector1D_15_Value":{"type":"float32","value":0.5},"m_eidParent":{"type":"SEntityTemplateReference","value":"e197be3c51b82b53"},"Clients":{"type":"TArray<SEntityTemplateReference>","value":["9e4fb9030018b3d2"],"postInit":true}}},"cffa4950000338f0":{"parent":"6da9b7ddca9dd53c","name":"CChain_Legs","factory":"[modules:/zclothspherechain.class].pc_entitytype","blueprint":"[modules:/zclothspherechain.class].pc_entityblueprint","properties":{"m_mTransform":{"type":"SMatrix43","value":{"rotation":{"x":0,"y":0,"z":0},"position":{"x":-1.290655973207322e-7,"y":2.171457902377938e-9,"z":0}}},"m_Spheres":{"type":"TArray<SEntityTemplateReference>","value":["64b356cbd447292e","fb705a75207039cc","892465921575baff","3745b4ce0f37f1d3","dcd0e8aee5a75a31","55b06f076bc489c5","42c202f3ecb5d8c","356e0548ad1325a7","d7eec96e62f9e6b1","7bf1455efc079084"],"postInit":true},"m_eidParent":{"type":"SEntityTemplateReference","value":"6da9b7ddca9dd53c","postInit":true}}},"7250d0ed633e599c":{"parent":"fbdca83111dd0665","name":"male_reg_pants_jeans","factory":"00B48F973D7A4E10","blueprint":"001991F921EC7F23","properties":{"m_mTransform":{"type":"SMatrix43","value":{"rotation":{"x":0,"y":0,"z":0},"position":{"x":0,"y":0,"z":0}}},"Texture2D_01_enab":{"type":"bool","value":true},"Texture2DNormal_01_enab":{"type":"bool","value":true},"ConstantVector1D_14_Value_op":{"type":"IRenderMaterialEntity.EModifierOperation","value":"eReplace"},"ConstantVector1D_15_Value_op":{"type":"IRenderMaterialEntity.EModifierOperation","value":"eReplace"},"Texture2D_03_enab":{"type":"bool","value":true},"ConstantVector1D_01_Value_op":{"type":"IRenderMaterialEntity.EModifierOperation","value":"eReplace"},"Diffuse_Color_01_Value_op":{"type":"IRenderMaterialEntity.EModifierOperation","value":"eReplace"},"Diffuse_Saturation_01_Value_op":{"type":"IRenderMaterialEntity.EModifierOperation","value":"eReplace"},"Diffuse_Hue_Shift_01_Value_op":{"type":"IRenderMaterialEntity.EModifierOperation","value":"eReplace"},"ConstantVector1D_03_Value_op":{"type":"IRenderMaterialEntity.EModifierOperation","value":"eReplace"},"ConstantVector1D_16_Value_op":{"type":"IRenderMaterialEntity.EModifierOperation","value":"eReplace"},"ConstantVector1D_05_Value_op":{"type":"IRenderMaterialEntity.EModifierOperation","value":"eReplace"},"ConstantVector1D_13_Value_op":{"type":"IRenderMaterialEntity.EModifierOperation","value":"eReplace"},"ConstantVector1D_15_Value":{"type":"float32","value":1},"Texture2D_03":{"type":"ZRuntimeResourceID","value":{"resource":"00EA100ADCD3F53C","flag":"5F"}},"ConstantVector1D_01_Value":{"type":"float32","value":0.5},"Diffuse_Color_01_Value":{"type":"SColorRGB","value":"#808080"},"Diffuse_Saturation_01_Value":{"type":"float32","value":1},"Diffuse_Hue_Shift_01_Value":{"type":"float32","value":0},"ConstantVector1D_03_Value":{"type":"float32","value":1},"ConstantVector1D_14_Value":{"type":"float32","value":0},"Texture2DNormal_01":{"type":"ZRuntimeResourceID","value":{"resource":"00E242B006127188","flag":"5F"}},"Texture2D_01":{"type":"ZRuntimeResourceID","value":{"resource":"007FE6E34103FEED","flag":"5F"}},"ConstantVector1D_13_Value":{"type":"float32","value":0.15000000596046448},"ConstantVector1D_05_Value":{"type":"float32","value":0},"ConstantVector1D_16_Value":{"type":"float32","value":2},"m_eidParent":{"type":"SEntityTemplateReference","value":"e197be3c51b82b53"},"Clients":{"type":"TArray<SEntityTemplateReference>","value":["fbdca83111dd0665"],"postInit":true}}},"d881ab73e32701f3":{"parent":"e197be3c51b82b53","name":"Gloves_Leather","factory":"00BEE701448762C1","blueprint":"005D2B1CBD509E61","properties":{"Diffuse_Color_01_Value":{"type":"SColorRGB","value":"#61eaff"},"m_pMeshResource":{"type":"ZRuntimeResourceID","value":{"resource":"003511A3DC4C7C34","flag":"5F"}}}},"2a455e8d47387297":{"parent":"e197be3c51b82b53","name":"Diffuse","factory":"[modules:/zmathlerp.class].pc_entitytype","blueprint":"[modules:/zmathlerp.class].pc_entityblueprint","properties":{"m_A":{"type":"float32","value":0.5},"m_fT":{"type":"float32","value":0},"m_B":{"type":"float32","value":0.33000001311302185}},"events":{"Lerp":{"ConstantVector1D_01_Value":["e1b7886d6c5c1e39","7343bb0e0eb44cc0"]}}},"356e0548ad1325a7":{"parent":"6da9b7ddca9dd53c","name":"C_TighMid_L","factory":"[assembly:/templates/aspectdummy.aspect]([modules:/zclothsphere.class].entitytype,[modules:/zboneattachaspect.class].entitytype).pc_entitytype","blueprint":"[assembly:/templates/aspectdummy.aspect]([modules:/zclothsphere.class].entitytype,[modules:/zboneattachaspect.class].entitytype).pc_entityblueprint","properties":{"m_fRadius":{"type":"float32","value":0.125},"m_BoneName":{"type":"ZString","value":"LThighTwist1"},"m_linkedEntity":{"type":"SEntityTemplateReference","value":null},"m_mTransform":{"type":"SMatrix43","value":{"rotation":{"x":0,"y":0.019767042409995977,"z":0},"position":{"x":0.05393199995160103,"y":0.00876300036907196,"z":0.013554999604821205}}},"m_eidParent":{"type":"SEntityTemplateReference","value":"6da9b7ddca9dd53c","postInit":true}}},"6d5f7e11c72c37fb":{"parent":"e197be3c51b82b53","name":"Torso_Neck","factory":"00D43167687E61AD","blueprint":"007E9340AD2C2425"},"64b356cbd447292e":{"parent":"6da9b7ddca9dd53c","name":"C_Foot_R","factory":"[assembly:/templates/aspectdummy.aspect]([modules:/zclothsphere.class].entitytype,[modules:/zboneattachaspect.class].entitytype).pc_entitytype","blueprint":"[assembly:/templates/aspectdummy.aspect]([modules:/zclothsphere.class].entitytype,[modules:/zboneattachaspect.class].entitytype).pc_entityblueprint","properties":{"m_fRadius":{"type":"float32","value":0.08500000089406967},"m_BoneName":{"type":"ZString","value":"R_Foot"},"m_linkedEntity":{"type":"SEntityTemplateReference","value":null},"m_mTransform":{"type":"SMatrix43","value":{"rotation":{"x":0,"y":0,"z":0},"position":{"x":-1.290655973207322e-7,"y":2.171457902377938e-9,"z":0}}},"m_eidParent":{"type":"SEntityTemplateReference","value":"6da9b7ddca9dd53c","postInit":true}}},"46f9ce219e259657":{"parent":"e197be3c51b82b53","name":"Base Normal Bump Scale","factory":"[modules:/zmathlerp.class].pc_entitytype","blueprint":"[modules:/zmathlerp.class].pc_entityblueprint","properties":{"m_A":{"type":"float32","value":1},"m_fT":{"type":"float32","value":0},"m_B":{"type":"float32","value":1.440000057220459}}},"69ebae8d46431637":{"parent":"622888f08c0ca5b5","name":"male_reg_agent47_tutorial_jacket_01","factory":"[assembly:/_pro/characters/assets/hero/agent47/materials/male_reg_agent47_tutorial_jacket_01.mi].pc_entitytype","blueprint":"[assembly:/_pro/characters/assets/hero/agent47/materials/male_reg_agent47_tutorial_jacket_01.mi].pc_entityblueprint","properties":{"m_mTransform":{"type":"SMatrix43","value":{"rotation":{"x":0,"y":0,"z":0},"position":{"x":0,"y":0,"z":0}}},"Texture2DNormal_01_enab":{"type":"bool","value":true},"Texture2D_03_enab":{"type":"bool","value":true},"Texture2D_01_enab":{"type":"bool","value":true},"Diffuse_Color_01_Value_op":{"type":"IRenderMaterialEntity.EModifierOperation","value":"eReplace"},"ConstantVector1D_01_Value_op":{"type":"IRenderMaterialEntity.EModifierOperation","value":"eReplace"},"Diffuse_Saturation_01_Value_op":{"type":"IRenderMaterialEntity.EModifierOperation","value":"eReplace"},"Diffuse_Hue_Shift_01_Value_op":{"type":"IRenderMaterialEntity.EModifierOperation","value":"eReplace"},"ConstantVector1D_15_Value_op":{"type":"IRenderMaterialEntity.EModifierOperation","value":"eReplace"},"ConstantVector1D_14_Value_op":{"type":"IRenderMaterialEntity.EModifierOperation","value":"eReplace"},"Texture2D_01":{"type":"ZRuntimeResourceID","value":{"resource":"0030EF30B40A12C4","flag":"5F"}},"Texture2DNormal_01":{"type":"ZRuntimeResourceID","value":{"resource":"[assembly:/_pro/characters/assets/hero/agent47/textures/male_reg_agent47_tutorial_jacket_01.texture?/normal_a.tex](asnormalmap).pc_tex","flag":"5F"}},"Texture2D_03":{"type":"ZRuntimeResourceID","value":{"resource":"[assembly:/_pro/characters/assets/hero/agent47/textures/male_reg_agent47_tutorial_jacket_01.texture?/specular_a.tex](ascolormap).pc_tex","flag":"5F"}},"ConstantVector1D_01_Value":{"type":"float32","value":0.5},"Diffuse_Color_01_Value":{"type":"SColorRGB","value":"#ffffff"},"Diffuse_Saturation_01_Value":{"type":"float32","value":1},"Diffuse_Hue_Shift_01_Value":{"type":"float32","value":0},"ConstantVector1D_14_Value":{"type":"float32","value":0},"ConstantVector1D_15_Value":{"type":"float32","value":1},"m_eidParent":{"type":"SEntityTemplateReference","value":"e197be3c51b82b53"},"Clients":{"type":"TArray<SEntityTemplateReference>","value":["622888f08c0ca5b5"],"postInit":true}}},"9b83c44d98c0aeba":{"parent":"622888f08c0ca5b5","name":"Mesh","factory":"[assembly:/templates/aspectdummy.aspect]([modules:/zbodypartentity.class].entitytype,[modules:/zclothcollidergroupaspect.class].entitytype).pc_entitytype","blueprint":"[assembly:/templates/aspectdummy.aspect]([modules:/zbodypartentity.class].entitytype,[modules:/zclothcollidergroupaspect.class].entitytype).pc_entityblueprint","properties":{"m_pMeshResource":{"type":"ZRuntimeResourceID","value":{"resource":"00A214CFE32706B6","flag":"5F"}},"m_ClothColliders":{"type":"TArray<SEntityTemplateReference>","value":["6da9b7ddca9dd53c"],"postInit":true}}},"622888f08c0ca5b5":{"parent":"e197be3c51b82b53","name":"Jacket_DownParka_HalfOpen","factory":"[modules:/zentity.class].pc_entitytype","blueprint":"[modules:/zentity.class].pc_entityblueprint","properties":{"Diffuse_Saturation_01_Value":{"type":"float32","value":1},"ConstantVector1D_01_Value":{"type":"float32","value":0.5},"Diffuse_Color_01_Value":{"type":"SColorRGB","value":"#ffffff"},"Texture2D_01":{"type":"ZRuntimeResourceID","value":{"resource":"0030EF30B40A12C4","flag":"5F"}}},"inputCopying":{"ConstantVector1D_14_Value":{"ConstantVector1D_14_Value":["69ebae8d46431637"]},"ConstantVector1D_01_Value":{"ConstantVector1D_01_Value":["69ebae8d46431637"]},"ConstantVector1D_06_Value":{"ConstantVector1D_06_Value":["69ebae8d46431637"]}},"propertyAliases":{"Texture2D_01":[{"originalProperty":"Texture2D_01","originalEntity":"69ebae8d46431637"}],"Texture2DNormal_01":[{"originalProperty":"Texture2DNormal_01","originalEntity":"69ebae8d46431637"}],"Texture2D_03":[{"originalProperty":"Texture2D_03","originalEntity":"69ebae8d46431637"}],"ConstantVector1D_01_Value":[{"originalProperty":"ConstantVector1D_01_Value","originalEntity":"69ebae8d46431637"}],"Diffuse_Color_01_Value":[{"originalProperty":"Diffuse_Color_01_Value","originalEntity":"69ebae8d46431637"}],"Diffuse_Saturation_01_Value":[{"originalProperty":"Diffuse_Saturation_01_Value","originalEntity":"69ebae8d46431637"}],"Diffuse_Hue_Shift_01_Value":[{"originalProperty":"Diffuse_Hue_Shift_01_Value","originalEntity":"69ebae8d46431637"}],"ConstantVector1D_14_Value":[{"originalProperty":"ConstantVector1D_14_Value","originalEntity":"69ebae8d46431637"}],"ConstantVector1D_15_Value":[{"originalProperty":"ConstantVector1D_15_Value","originalEntity":"69ebae8d46431637"}]},"exposedInterfaces":{"ZBodyPartEntity":"9b83c44d98c0aeba","ZClothColliderGroupAspect":"9b83c44d98c0aeba"}},"566a1a0ce65ea444":{"parent":"e197be3c51b82b53","name":"Attacher_Head_01","factory":"[assembly:/templates/aspectdummy.aspect]([modules:/zcompositeentity.class].entitytype,[modules:/zboneattachaspect.class].entitytype).pc_entitytype","blueprint":"[assembly:/templates/aspectdummy.aspect]([modules:/zcompositeentity.class].entitytype,[modules:/zboneattachaspect.class].entitytype).pc_entityblueprint","properties":{"m_BoneName":{"type":"ZString","value":"Head"},"m_linkedEntity":{"type":"SEntityTemplateReference","value":"e197be3c51b82b53"},"m_mTransform":{"type":"SMatrix43","value":{"rotation":{"x":0,"y":0,"z":3.1060356257671273},"position":{"x":0.0011249999515712261,"y":0.0034799999557435513,"z":-0.00039000000106170774}}},"m_eidParent":{"type":"SEntityTemplateReference","value":"e197be3c51b82b53"}}},"42c202f3ecb5d8c":{"parent":"6da9b7ddca9dd53c","name":"C_TighTop_L","factory":"[assembly:/templates/aspectdummy.aspect]([modules:/zclothsphere.class].entitytype,[modules:/zboneattachaspect.class].entitytype).pc_entitytype","blueprint":"[assembly:/templates/aspectdummy.aspect]([modules:/zclothsphere.class].entitytype,[modules:/zboneattachaspect.class].entitytype).pc_entityblueprint","properties":{"m_fRadius":{"type":"float32","value":0.13500000536441803},"m_BoneName":{"type":"ZString","value":"LThighTwist"},"m_linkedEntity":{"type":"SEntityTemplateReference","value":null},"m_mTransform":{"type":"SMatrix43","value":{"rotation":{"x":0,"y":0.019767042409995977,"z":0},"position":{"x":-0.0010839999886229634,"y":0.014779999852180481,"z":0.040001001209020615}}},"m_eidParent":{"type":"SEntityTemplateReference","value":"6da9b7ddca9dd53c","postInit":true}}},"5821cf150a30419e":{"parent":"9e4fb9030018b3d2","name":"buttons_03_shirt","factory":"[assembly:/_pro/characters/assets/_apparel/accessories/buttons/materials/buttons_03_shirt.mi].pc_entitytype","blueprint":"[assembly:/_pro/characters/assets/_apparel/accessories/buttons/materials/buttons_03_shirt.mi].pc_entityblueprint","properties":{"m_mTransform":{"type":"SMatrix43","value":{"rotation":{"x":0,"y":0,"z":0},"position":{"x":0,"y":0,"z":0}}},"Diffuse_Color_01_Value_op":{"type":"IRenderMaterialEntity.EModifierOperation","value":"eReplace"},"Diffuse_Color_01_Value":{"type":"SColorRGB","value":"#fffdf7"},"m_eidParent":{"type":"SEntityTemplateReference","value":"e197be3c51b82b53"},"Clients":{"type":"TArray<SEntityTemplateReference>","value":["9e4fb9030018b3d2"],"postInit":true}}},"9e4fb9030018b3d2":{"parent":"e197be3c51b82b53","name":"Shirt_Dress_BtnUp_Tkd_Cut_Coat","factory":"[modules:/zentity.class].pc_entitytype","blueprint":"[modules:/zentity.class].pc_entityblueprint","properties":{"Diffuse_Color_01_Value_1":{"type":"SColorRGB","value":"#fffdf7"},"m_pMeshResource":{"type":"ZRuntimeResourceID","value":{"resource":"00CA1397327A19DA","flag":"5F"}}},"inputCopying":{"ConstantVector1D_06_Value":{"ConstantVector1D_06_Value":["d0b2b3e9606dbafe"]},"ConstantVector1D_14_Value":{"ConstantVector1D_14_Value":["d0b2b3e9606dbafe"]},"ConstantVector1D_01_Value":{"ConstantVector1D_01_Value":["d0b2b3e9606dbafe"]}},"propertyAliases":{"Diffuse_Hue_Shift_01_Value":[{"originalProperty":"Diffuse_Hue_Shift_01_Value","originalEntity":"d0b2b3e9606dbafe"}],"Diffuse_Saturation_01_Value":[{"originalProperty":"Diffuse_Saturation_01_Value","originalEntity":"d0b2b3e9606dbafe"}],"ConstantVector1D_01_Value":[{"originalProperty":"ConstantVector1D_01_Value","originalEntity":"d0b2b3e9606dbafe"}],"Texture2D_03":[{"originalProperty":"Texture2D_03","originalEntity":"d0b2b3e9606dbafe"}],"Texture2DNormal_01":[{"originalProperty":"Texture2DNormal_01","originalEntity":"d0b2b3e9606dbafe"}],"Texture2D_01":[{"originalProperty":"Texture2D_01","originalEntity":"d0b2b3e9606dbafe"}],"Texture2DNormal_02":[{"originalProperty":"Texture2DNormal_01","originalEntity":"7d03f1825255bd84"}],"Texture2D_04":[{"originalProperty":"Texture2D_03","originalEntity":"7d03f1825255bd84"}],"ConstantVector1D_02_Value":[{"originalProperty":"ConstantVector1D_01_Value","originalEntity":"7d03f1825255bd84"}],"Diffuse_Saturation_02_Value":[{"originalProperty":"Diffuse_Saturation_01_Value","originalEntity":"7d03f1825255bd84"}],"Diffuse_Hue_Shift_02_Value":[{"originalProperty":"Diffuse_Hue_Shift_01_Value","originalEntity":"7d03f1825255bd84"}],"Texture2D_02":[{"originalProperty":"Texture2D_01","originalEntity":"7d03f1825255bd84"}],"ConstantVector1D_14_Value":[{"originalProperty":"ConstantVector1D_14_Value","originalEntity":"d0b2b3e9606dbafe"}],"ConstantVector1D_15_Value":[{"originalProperty":"ConstantVector1D_15_Value","originalEntity":"d0b2b3e9606dbafe"}],"ConstantVector1D_14_Value_1":[{"originalProperty":"ConstantVector1D_14_Value","originalEntity":"7d03f1825255bd84"}],"ConstantVector1D_15_Value_1":[{"originalProperty":"ConstantVector1D_15_Value","originalEntity":"7d03f1825255bd84"}],"Diffuse_Color_01_Value_1":[{"originalProperty":"Diffuse_Color_01_Value","originalEntity":"5821cf150a30419e"}],"m_pMeshResource":[{"originalProperty":"m_pMeshResource","originalEntity":"daaf535e65cda399"}]},"exposedInterfaces":{"ZBodyPartEntity":"daaf535e65cda399","ZClothColliderGroupAspect":"daaf535e65cda399"}},"1e1d2726e0db961d":{"parent":"e197be3c51b82b53","name":"Min Head","factory":"[modules:/zmathlerp.class].pc_entitytype","blueprint":"[modules:/zmathlerp.class].pc_entityblueprint","properties":{"m_A":{"type":"float32","value":0},"m_B":{"type":"float32","value":0.30000001192092896},"m_fT":{"type":"float32","value":0}},"events":{"Lerp":{"ConstantVector1D_04_Value":["703c7156a2362467"]}}},"892465921575baff":{"parent":"6da9b7ddca9dd53c","name":"C_TighMid_R","factory":"[assembly:/templates/aspectdummy.aspect]([modules:/zclothsphere.class].entitytype,[modules:/zboneattachaspect.class].entitytype).pc_entitytype","blueprint":"[assembly:/templates/aspectdummy.aspect]([modules:/zclothsphere.class].entitytype,[modules:/zboneattachaspect.class].entitytype).pc_entityblueprint","properties":{"m_fRadius":{"type":"float32","value":0.125},"m_BoneName":{"type":"ZString","value":"RThighTwist1"},"m_linkedEntity":{"type":"SEntityTemplateReference","value":null},"m_mTransform":{"type":"SMatrix43","value":{"rotation":{"x":0.01976704358638215,"y":0,"z":0},"position":{"x":0.0534450002014637,"y":0.0017839999636635184,"z":-0.0120430001989007}}},"m_eidParent":{"type":"SEntityTemplateReference","value":"6da9b7ddca9dd53c","postInit":true}}},"703c7156a2362467":{"parent":"e197be3c51b82b53","name":"Head_47","factory":"00537D16B5CE7286","blueprint":"00F2E4A932ECAA63"},"520a2fc6c78c7663":{"parent":"fbdca83111dd0665","name":"Mesh","factory":"[assembly:/templates/aspectdummy.aspect]([modules:/zbodypartentity.class].entitytype,[modules:/zclothcollidergroupaspect.class].entitytype).pc_entitytype","blueprint":"[assembly:/templates/aspectdummy.aspect]([modules:/zbodypartentity.class].entitytype,[modules:/zclothcollidergroupaspect.class].entitytype).pc_entityblueprint","properties":{"m_pMeshResource":{"type":"ZRuntimeResourceID","value":{"resource":"005B11F9007F82DF","flag":"5F"}},"m_ClothColliders":{"type":"TArray<SEntityTemplateReference>","value":[]}}},"3d696c32f47e73b8":{"parent":"e197be3c51b82b53","name":"Suit Normal Bump Scale","factory":"[modules:/zmathlerp.class].pc_entitytype","blueprint":"[modules:/zmathlerp.class].pc_entityblueprint","properties":{"m_A":{"type":"float32","value":1.1299999952316284},"m_fT":{"type":"float32","value":0},"m_B":{"type":"float32","value":1.440000057220459}},"events":{"Lerp":{"ConstantVector1D_06_Value":["fbdca83111dd0665","622888f08c0ca5b5","9e4fb9030018b3d2"]}}},"17ade3302f092a25":{"parent":"e197be3c51b82b53","name":"Base Min 2","factory":"[modules:/zmathlerp.class].pc_entitytype","blueprint":"[modules:/zmathlerp.class].pc_entityblueprint","properties":{"m_A":{"type":"float32","value":0.03999999910593033},"m_B":{"type":"float32","value":0.3799999952316284},"m_fT":{"type":"float32","value":0}},"events":{"Lerp":{"ConstantVector1D_14_Value":["fbdca83111dd0665","9e4fb9030018b3d2"],"ConstantVector1D_01_Value":["622888f08c0ca5b5"]}}},"278a5e41cd1579f3":{"parent":"e1b7886d6c5c1e39","name":"male_reg_socks_01","factory":"000191174AD4F0BC","blueprint":"006B6ED99EF0ADEB","properties":{"m_mTransform":{"type":"SMatrix43","value":{"rotation":{"x":0,"y":0,"z":0},"position":{"x":0,"y":0,"z":0}}},"ConstantVector1D_01_Value_op":{"type":"IRenderMaterialEntity.EModifierOperation","value":"eReplace"},"ConstantVector1D_01_Value":{"type":"float32","value":0.009999999776482582},"ConstantVector1D_04_Value_op":{"type":"IRenderMaterialEntity.EModifierOperation","value":"eReplace"},"m_eidParent":{"type":"SEntityTemplateReference","value":"e197be3c51b82b53"},"Clients":{"type":"TArray<SEntityTemplateReference>","value":["e1b7886d6c5c1e39"],"postInit":true}}},"e1b7886d6c5c1e39":{"parent":"e197be3c51b82b53","name":"Mesh_Socks","factory":"[modules:/zbodypartentity.class].pc_entitytype","blueprint":"[modules:/zbodypartentity.class].pc_entityblueprint","properties":{"m_pMeshResource":{"type":"ZRuntimeResourceID","value":{"resource":"0063B05E0712FBB3","flag":"5F"}}},"inputCopying":{"ConstantVector1D_04_Value":{"ConstantVector1D_04_Value":["278a5e41cd1579f3"]},"ConstantVector1D_01_Value":{"ConstantVector1D_01_Value":["278a5e41cd1579f3"]}}},"394122250776715d":{"parent":"e197be3c51b82b53","name":"Base Min","factory":"[modules:/zmathlerp.class].pc_entitytype","blueprint":"[modules:/zmathlerp.class].pc_entityblueprint","properties":{"m_A":{"type":"float32","value":0},"m_B":{"type":"float32","value":0.20000000298023224},"m_fT":{"type":"float32","value":0}},"events":{"Lerp":{"ConstantVector1D_04_Value":["e1b7886d6c5c1e39","7343bb0e0eb44cc0"]}}},"9ace593a6ffca59d":{"parent":"6da9b7ddca9dd53c","name":"ColliderGroup","factory":"[modules:/zclothcollidergroup.class].pc_entitytype","blueprint":"[modules:/zclothcollidergroup.class].pc_entityblueprint","properties":{"m_ClothColliders":{"type":"TArray<SEntityTemplateReference>","value":["cffa4950000338f0","d7993cccc2014b91","fbb0212a96fb6925"],"postInit":true},"m_eidParent":{"type":"SEntityTemplateReference","value":"6da9b7ddca9dd53c","postInit":true}}},"fbb0212a96fb6925":{"parent":"6da9b7ddca9dd53c","name":"C_Spine","factory":"[assembly:/templates/aspectdummy.aspect]([modules:/zclothcapsule.class].entitytype,[modules:/zboneattachaspect.class].entitytype).pc_entitytype","blueprint":"[assembly:/templates/aspectdummy.aspect]([modules:/zclothcapsule.class].entitytype,[modules:/zboneattachaspect.class].entitytype).pc_entityblueprint","properties":{"m_BoneName":{"type":"ZString","value":"Spine"},"m_linkedEntity":{"type":"SEntityTemplateReference","value":null},"m_fRadiusX":{"type":"float32","value":0.18000000715255737},"m_fRadiusY":{"type":"float32","value":0.13500000536441803},"m_fTop":{"type":"float32","value":0.009999999776482582},"m_fBottom":{"type":"float32","value":0},"m_fRadiusZ":{"type":"float32","value":0.1850000023841858},"m_bEnableBottomRadii":{"type":"bool","value":false},"m_fRadiusXBottom":{"type":"float32","value":1},"m_fRadiusYBottom":{"type":"float32","value":1},"m_fRadiusZBottom":{"type":"float32","value":1},"m_mTransform":{"type":"SMatrix43","value":{"rotation":{"x":-0.08846470284251036,"y":0.00011459151778385322,"z":-0.11533642491450277},"position":{"x":0.000028000000384054147,"y":0.040860000997781754,"z":-0.004317000042647123}}},"m_eidParent":{"type":"SEntityTemplateReference","value":"6da9b7ddca9dd53c","postInit":true}}},"d7eec96e62f9e6b1":{"parent":"6da9b7ddca9dd53c","name":"C_Knee_L","factory":"[assembly:/templates/aspectdummy.aspect]([modules:/zclothsphere.class].entitytype,[modules:/zboneattachaspect.class].entitytype).pc_entitytype","blueprint":"[assembly:/templates/aspectdummy.aspect]([modules:/zclothsphere.class].entitytype,[modules:/zboneattachaspect.class].entitytype).pc_entityblueprint","properties":{"m_fRadius":{"type":"float32","value":0.10000000149011612},"m_BoneName":{"type":"ZString","value":"L_Calf"},"m_linkedEntity":{"type":"SEntityTemplateReference","value":null},"m_mTransform":{"type":"SMatrix43","value":{"rotation":{"x":0,"y":-0.019767042409995977,"z":0},"position":{"x":0.002382999984547496,"y":-0.01837800070643425,"z":-0.007672000210732222}}},"m_eidParent":{"type":"SEntityTemplateReference","value":"6da9b7ddca9dd53c","postInit":true}}},"a9fd8d67e92b32c3":{"parent":"7343bb0e0eb44cc0","name":"male_reg_bangkok_hotelsecurity_shoes","factory":"[assembly:/_pro/characters/assets/guards/bangkok/hotel_security/materials/male_reg_bangkok_hotelsecurity_shoes.mi].pc_entitytype","blueprint":"[assembly:/_pro/characters/assets/guards/bangkok/hotel_security/materials/male_reg_bangkok_hotelsecurity_shoes.mi].pc_entityblueprint","properties":{"m_mTransform":{"type":"SMatrix43","value":{"rotation":{"x":0,"y":0,"z":0},"position":{"x":0,"y":0,"z":0}}},"ConstantVector1D_05_Value_op":{"type":"IRenderMaterialEntity.EModifierOperation","value":"eReplace"},"ConstantVector1D_05_Value":{"type":"float32","value":0.5099999904632568},"Texture2D_01_enab":{"type":"bool","value":true},"Texture2D_01":{"type":"ZRuntimeResourceID","value":{"resource":"0056D10B3D6AFAD8","flag":"5F"}},"Texture2DNormal_01_enab":{"type":"bool","value":true},"Texture2DNormal_01":{"type":"ZRuntimeResourceID","value":{"resource":"0012B1C58624FB9D","flag":"5F"}},"Texture2D_03_enab":{"type":"bool","value":true},"Texture2D_03":{"type":"ZRuntimeResourceID","value":{"resource":"0066A12C24F2E2F9","flag":"5F"}},"ConstantVector1D_01_Value_op":{"type":"IRenderMaterialEntity.EModifierOperation","value":"eReplace"},"ConstantVector1D_04_Value_op":{"type":"IRenderMaterialEntity.EModifierOperation","value":"eReplace"},"m_eidParent":{"type":"SEntityTemplateReference","value":"e197be3c51b82b53"},"Clients":{"type":"TArray<SEntityTemplateReference>","value":["7343bb0e0eb44cc0"],"postInit":true}}},"b359fa4d704b6585":{"parent":"e197be3c51b82b53","name":"hood fur","factory":"[modules:/zbodypartentity.class].pc_entitytype","blueprint":"[modules:/zbodypartentity.class].pc_entityblueprint","properties":{"m_pMeshResource":{"type":"ZRuntimeResourceID","value":{"resource":"0051E230707CA0F8","flag":"5F"}}}},"fb705a75207039cc":{"parent":"6da9b7ddca9dd53c","name":"C_Knee_R","factory":"[assembly:/templates/aspectdummy.aspect]([modules:/zclothsphere.class].entitytype,[modules:/zboneattachaspect.class].entitytype).pc_entitytype","blueprint":"[assembly:/templates/aspectdummy.aspect]([modules:/zclothsphere.class].entitytype,[modules:/zboneattachaspect.class].entitytype).pc_entityblueprint","properties":{"m_fRadius":{"type":"float32","value":0.10000000149011612},"m_BoneName":{"type":"ZString","value":"R_Calf"},"m_linkedEntity":{"type":"SEntityTemplateReference","value":null},"m_mTransform":{"type":"SMatrix43","value":{"rotation":{"x":0,"y":0,"z":0},"position":{"x":0.0024270000867545605,"y":-0.01853100024163723,"z":-0.002340999897569418}}},"m_eidParent":{"type":"SEntityTemplateReference","value":"6da9b7ddca9dd53c","postInit":true}}},"55b06f076bc489c5":{"parent":"6da9b7ddca9dd53c","name":"C_Pelvis_L","factory":"[assembly:/templates/aspectdummy.aspect]([modules:/zclothsphere.class].entitytype,[modules:/zboneattachaspect.class].entitytype).pc_entitytype","blueprint":"[assembly:/templates/aspectdummy.aspect]([modules:/zclothsphere.class].entitytype,[modules:/zboneattachaspect.class].entitytype).pc_entityblueprint","properties":{"m_fRadius":{"type":"float32","value":0.1420000046491623},"m_BoneName":{"type":"ZString","value":"Pelvis"},"m_linkedEntity":{"type":"SEntityTemplateReference","value":null},"m_mTransform":{"type":"SMatrix43","value":{"rotation":{"x":-0.01976704358638215,"y":0,"z":-0.02796033431529296},"position":{"x":0.01997300051152706,"y":0.014677999541163445,"z":0.04998699948191643}}},"m_eidParent":{"type":"SEntityTemplateReference","value":"6da9b7ddca9dd53c","postInit":true}}},"fbdca83111dd0665":{"parent":"e197be3c51b82b53","name":"Pants_Jeans_Skinny","factory":"[modules:/zentity.class].pc_entitytype","blueprint":"[modules:/zentity.class].pc_entityblueprint","properties":{"Diffuse_Color_01_Value":{"type":"SColorRGB","value":"#808080"}},"inputCopying":{"ConstantVector1D_14_Value":{"ConstantVector1D_14_Value":["7250d0ed633e599c"]},"ConstantVector1D_01_Value":{"ConstantVector1D_01_Value":["7250d0ed633e599c"]},"ConstantVector1D_06_Value":{"ConstantVector1D_06_Value":["7250d0ed633e599c"]}},"propertyAliases":{"m_pMeshResource":[{"originalProperty":"m_pMeshResource","originalEntity":"520a2fc6c78c7663"}],"ConstantVector1D_15_Value":[{"originalProperty":"ConstantVector1D_15_Value","originalEntity":"7250d0ed633e599c"}],"Texture2D_03":[{"originalProperty":"Texture2D_03","originalEntity":"7250d0ed633e599c"}],"ConstantVector1D_01_Value":[{"originalProperty":"ConstantVector1D_01_Value","originalEntity":"7250d0ed633e599c"}],"Diffuse_Color_01_Value":[{"originalProperty":"Diffuse_Color_01_Value","originalEntity":"7250d0ed633e599c"}],"Diffuse_Saturation_01_Value":[{"originalProperty":"Diffuse_Saturation_01_Value","originalEntity":"7250d0ed633e599c"}],"Diffuse_Hue_Shift_01_Value":[{"originalProperty":"Diffuse_Hue_Shift_01_Value","originalEntity":"7250d0ed633e599c"}],"ConstantVector1D_03_Value":[{"originalProperty":"ConstantVector1D_03_Value","originalEntity":"7250d0ed633e599c"}],"ConstantVector1D_14_Value":[{"originalProperty":"ConstantVector1D_14_Value","originalEntity":"7250d0ed633e599c"}],"Texture2DNormal_01":[{"originalProperty":"Texture2DNormal_01","originalEntity":"7250d0ed633e599c"}],"Texture2D_01":[{"originalProperty":"Texture2D_01","originalEntity":"7250d0ed633e599c"}],"ConstantVector1D_13_Value":[{"originalProperty":"ConstantVector1D_13_Value","originalEntity":"7250d0ed633e599c"}],"ConstantVector1D_05_Value":[{"originalProperty":"ConstantVector1D_05_Value","originalEntity":"7250d0ed633e599c"}],"ConstantVector1D_16_Value":[{"originalProperty":"ConstantVector1D_16_Value","originalEntity":"7250d0ed633e599c"}]},"exposedInterfaces":{"ZBodyPartEntity":"520a2fc6c78c7663","ZClothColliderGroupAspect":"520a2fc6c78c7663"}},"d7993cccc2014b91":{"parent":"6da9b7ddca9dd53c","name":"C_Spine1","factory":"[assembly:/templates/aspectdummy.aspect]([modules:/zclothcapsule.class].entitytype,[modules:/zboneattachaspect.class].entitytype).pc_entitytype","blueprint":"[assembly:/templates/aspectdummy.aspect]([modules:/zclothcapsule.class].entitytype,[modules:/zboneattachaspect.class].entitytype).pc_entityblueprint","properties":{"m_BoneName":{"type":"ZString","value":"Spine1"},"m_linkedEntity":{"type":"SEntityTemplateReference","value":null},"m_fRadiusX":{"type":"float32","value":0.20000000298023224},"m_fRadiusY":{"type":"float32","value":0.14499999582767487},"m_fTop":{"type":"float32","value":0.009999999776482582},"m_fBottom":{"type":"float32","value":0},"m_fRadiusZ":{"type":"float32","value":0.1899999976158142},"m_bEnableBottomRadii":{"type":"bool","value":false},"m_fRadiusXBottom":{"type":"float32","value":1},"m_fRadiusYBottom":{"type":"float32","value":1},"m_fRadiusZBottom":{"type":"float32","value":1},"m_mTransform":{"type":"SMatrix43","value":{"rotation":{"x":-0.031283493924624796,"y":0,"z":0},"position":{"x":0.045166000723838806,"y":0.026422999799251556,"z":-0.007848000153899193}}},"m_eidParent":{"type":"SEntityTemplateReference","value":"6da9b7ddca9dd53c","postInit":true}}},"6da9b7ddca9dd53c":{"parent":"622888f08c0ca5b5","name":"Collider_Jacket_DownParka_HalfOpen","factory":"[modules:/zcompositeentity.class].pc_entitytype","blueprint":"[modules:/zcompositeentity.class].pc_entityblueprint","properties":{"m_mTransform":{"type":"SMatrix43","value":{"rotation":{"x":0,"y":0,"z":0},"position":{"x":0,"y":0,"z":0}}},"m_linkedEntity":{"type":"SEntityTemplateReference","value":null},"m_eidParent":{"type":"SEntityTemplateReference","value":"e197be3c51b82b53"}},"propertyAliases":{"m_linkedEntity":[{"originalProperty":"m_linkedEntity","originalEntity":"7bf1455efc079084"},{"originalProperty":"m_linkedEntity","originalEntity":"64b356cbd447292e"},{"originalProperty":"m_linkedEntity","originalEntity":"fbb0212a96fb6925"},{"originalProperty":"m_linkedEntity","originalEntity":"d7eec96e62f9e6b1"},{"originalProperty":"m_linkedEntity","originalEntity":"d7993cccc2014b91"},{"originalProperty":"m_linkedEntity","originalEntity":"fb705a75207039cc"},{"originalProperty":"m_linkedEntity","originalEntity":"55b06f076bc489c5"},{"originalProperty":"m_linkedEntity","originalEntity":"356e0548ad1325a7"},{"originalProperty":"m_linkedEntity","originalEntity":"892465921575baff"},{"originalProperty":"m_linkedEntity","originalEntity":"3745b4ce0f37f1d3"},{"originalProperty":"m_linkedEntity","originalEntity":"42c202f3ecb5d8c"},{"originalProperty":"m_linkedEntity","originalEntity":"dcd0e8aee5a75a31"}]},"exposedInterfaces":{"ZClothCollider":"9ace593a6ffca59d","ZClothColliderGroup":"9ace593a6ffca59d"}},"7343bb0e0eb44cc0":{"parent":"e197be3c51b82b53","name":"Mesh_Shoes","factory":"[modules:/zbodypartentity.class].pc_entitytype","blueprint":"[modules:/zbodypartentity.class].pc_entityblueprint","properties":{"m_pMeshResource":{"type":"ZRuntimeResourceID","value":{"resource":"00C536224D4F37E1","flag":"5F"}}},"inputCopying":{"ConstantVector1D_04_Value":{"ConstantVector1D_04_Value":["a9fd8d67e92b32c3"]},"ConstantVector1D_01_Value":{"ConstantVector1D_01_Value":["a9fd8d67e92b32c3"]}}}},"propertyOverrides":[],"overrideDeletes":[],"pinConnectionOverrides":[],"pinConnectionOverrideDeletes":[],"externalScenes":[],"subType":"template","quickEntityVersion":3.1,"extraFactoryDependencies":[{"resource":"003ABC2468A52DBA","flag":"5F"},{"resource":"00B40E9503CF9271","flag":"5F"},{"resource":"007C9737A03E217F","flag":"5F"},{"resource":"007D850436B0A092","flag":"5F"},{"resource":"00D247582859CA87","flag":"5F"},{"resource":"00D20CA72E352D16","flag":"5F"},{"resource":"00AAD107E192CFAE","flag":"5F"},{"resource":"007E2F6DB1068A8D","flag":"5F"},{"resource":"00C197DBB1B74FF6","flag":"5F"},{"resource":"[assembly:/_pro/characters/assets/_apparel/accessories/buttons/textures/buttons_01.texture?/normal_a.tex](asnormalmap).pc_tex","flag":"5F"},{"resource":"[assembly:/_pro/characters/assets/_apparel/accessories/buttons/textures/buttons_01.texture?/specular_a.tex](ascolormap).pc_tex","flag":"5F"},{"resource":"[assembly:/_pro/characters/assets/_apparel/accessories/buttons/textures/buttons_01.texture?/diffuse_a.tex](ascolormap).pc_tex","flag":"5F"},{"resource":"[assembly:/_pro/characters/assets/hero/agent47/textures/male_reg_agent47_tutorial_feather_01.texture?/normal_a.tex](asnormalmap).pc_tex","flag":"5F"},{"resource":"00F9011E085F6549","flag":"5F"},{"resource":"00F96FDB043D4ACE","flag":"5F"}],"extraBlueprintDependencies":[],"comments":[]}