{"tempHash":"0014A9AA6665E629","tbluHash":"00186C0DD2902729","patch":[{"RemoveEntityByID":"e0ca02fbd28b318d"},{"RemoveEntityByID":"caf87c03a293ad05"},{"RemoveEntityByID":"9a51f19e7aa7b8e8"},{"RemoveEntityByID":"0ca73f28e5d3784f"},{"RemoveEntityByID":"65213975f53ba287"},{"RemoveEntityByID":"136c0e9d087e7c4e"},{"RemoveEntityByID":"c1ee56d0d3e688a1"},{"RemoveEntityByID":"d5bb42dfe3e444ee"},{"RemoveEntityByID":"aeee8298b6bee661"},{"RemoveEntityByID":"dfef7002a0d65c9e"},{"RemoveEntityByID":"74c4d2aabeed84b4"},{"RemoveEntityByID":"60ef4a9b4ac6c952"},{"RemoveEntityByID":"695deed4678bb5e1"},{"RemoveEntityByID":"ea0350bcdf793c3b"},{"RemoveEntityByID":"6c7ce5fd52533844"},{"RemoveEntityByID":"60028805a576897a"},{"RemoveEntityByID":"15405cbf8bb5ab64"},{"RemoveEntityByID":"773270eefca9240d"},{"RemoveEntityByID":"b1b41587fba14ee2"},{"RemoveEntityByID":"6d3fff0718bd62df"},{"RemoveEntityByID":"4f28e8b124c6f642"},{"RemoveEntityByID":"9715c26410433753"},{"RemoveEntityByID":"10e2d50dd7c63488"},{"RemoveEntityByID":"a9e1589c6b72773a"},{"RemoveEntityByID":"4f4c40f08241aabb"},{"RemoveEntityByID":"1b2bc79a32553f90"},{"RemoveEntityByID":"c5ee8fedecd14009"},{"RemoveEntityByID":"d4b80699657a163b"},{"RemoveEntityByID":"bfff3f16a699babf"},{"RemoveEntityByID":"fadd2aa15f14dd9e"},{"RemoveEntityByID":"a6cf66d6cb020f88"},{"RemoveEntityByID":"2c0b8c6f1f175ff1"},{"RemoveEntityByID":"25720149e3eb1c70"},{"SubEntityOperation":["dd1fc08f2be0b8f8",{"PatchArrayPropertyValue":["m_aBodyParts",[{"RemoveItemByValue":"6c7ce5fd52533844"}]]}]}],"patchVersion":6}