{"tempHash":"0082F7D6A7B8F08A","tbluHash":"00AB394769E67BD4","rootEntity":"438a1ed950d5a0a","entities":{"6bb1e4072201ad9":{"parent":"438a1ed950d5a0a","name":"Mesh_Jacket","factory":"[modules:/zbodypartentity.class].pc_entitytype","blueprint":"[modules:/zbodypartentity.class].pc_entityblueprint","properties":{"m_pMeshResource":{"type":"ZRuntimeResourceID","value":{"resource":"[assembly:/_pro/characters/assets/hero/agent47/geometry/male_reg_agent47_marrakesh.wl2?/jacket.weightedprim](bodypart).pc_weightedprim","flag":"5F"}}}},"dc59c3463c3788a4":{"parent":"438a1ed950d5a0a","name":"Mesh_Pant","factory":"[modules:/zbodypartentity.class].pc_entitytype","blueprint":"[modules:/zbodypartentity.class].pc_entityblueprint","properties":{"m_pMeshResource":{"type":"ZRuntimeResourceID","value":{"resource":"[assembly:/_pro/characters/assets/hero/agent47/geometry/male_reg_agent47_marrakesh.wl2?/pant.weightedprim](bodypart).pc_weightedprim","flag":"5F"}}}},"f182db3ba794777":{"parent":"438a1ed950d5a0a","name":"Lerp","factory":"[modules:/zmathlerp.class].pc_entitytype","blueprint":"[modules:/zmathlerp.class].pc_entityblueprint","properties":{"m_fT":{"type":"float32","value":0},"m_B":{"type":"float32","value":0.30000001192092896}},"events":{"Lerp":{"ConstantVector1D_04_Value":["43079f28b68b71a7","c01b259f95df1e48","d803cddf063ada79","6aca8151c36d5f14"]}}},"6aca8151c36d5f14":{"parent":"438a1ed950d5a0a","name":"shoes_suit","factory":"[assembly:/_pro/characters/assets/hero/agent47/materials/shoes_suit.mi].pc_entitytype","blueprint":"[assembly:/_pro/characters/assets/hero/agent47/materials/shoes_suit.mi].pc_entityblueprint","properties":{"2287298018":{"type":"IRenderMaterialEntity.EModifierOperation","value":"eReplace"},"m_mTransform":{"type":"SMatrix43","value":{"rotation":{"x":0,"y":0,"z":1.7170102596282961},"position":{"x":-5.380029201507568,"y":2.9385008811950684,"z":-7.111976146697998}}},"Active":{"type":"bool","value":false},"Clients":{"type":"TArray<SEntityTemplateReference>","value":["438a1ed950d5a0a"],"postInit":true},"m_eidParent":{"type":"SEntityTemplateReference","value":"438a1ed950d5a0a","postInit":true}}},"43079f28b68b71a7":{"parent":"438a1ed950d5a0a","name":"agent47_jacket_02","factory":"[assembly:/_pro/characters/assets/hero/agent47/materials/agent47_jacket_02.mi].pc_entitytype","blueprint":"[assembly:/_pro/characters/assets/hero/agent47/materials/agent47_jacket_02.mi].pc_entityblueprint","properties":{"2287298018":{"type":"IRenderMaterialEntity.EModifierOperation","value":"eReplace"},"2359342559":{"type":"IRenderMaterialEntity.EModifierOperation","value":"eReplace"},"Texture2D_01":{"type":"ZRuntimeResourceID","value":{"resource":"[assembly:/_pro/characters/assets/hero/agent47/textures/agent47_jacket_02.texture?/diffuse_marrakech.tex](ascolormap).pc_tex","flag":"5F"}},"Texture2D_01_enab":{"type":"bool","value":true},"ConstantVector1D_01_Value_op":{"type":"IRenderMaterialEntity.EModifierOperation","value":"eReplace"},"Clients":{"type":"TArray<SEntityTemplateReference>","value":["438a1ed950d5a0a"],"postInit":true},"m_eidParent":{"type":"SEntityTemplateReference","value":"438a1ed950d5a0a","postInit":true}}},"3a9a8ca60ede160d":{"parent":"438a1ed950d5a0a","name":"Mesh_Shoes","factory":"[modules:/zbodypartentity.class].pc_entitytype","blueprint":"[modules:/zbodypartentity.class].pc_entityblueprint","properties":{"m_pMeshResource":{"type":"ZRuntimeResourceID","value":{"resource":"[assembly:/_pro/characters/assets/hero/agent47/geometry/male_reg_agent47_marrakesh.wl2?/shoes.weightedprim](bodypart).pc_weightedprim","flag":"5F"}}}},"61ee7cdac8d700b1":{"parent":"438a1ed950d5a0a","name":"Lerp 2","factory":"[modules:/zmathlerp.class].pc_entitytype","blueprint":"[modules:/zmathlerp.class].pc_entityblueprint","properties":{"m_A":{"type":"float32","value":1.2999999523162842},"m_B":{"type":"float32","value":2},"m_fT":{"type":"float32","value":0}},"events":{"Lerp":{"ConstantVector1D_06_Value":["c01b259f95df1e48","43079f28b68b71a7"]}}},"d1df75e3af01ba3e":{"parent":"438a1ed950d5a0a","name":"FullBody","factory":"0012C9E3ED80E8C9","blueprint":"0026079BF5D4C4EB","properties":{"Spine_Low_RadiusZ":{"type":"float32","value":0.18000000715255737},"m_mTransform":{"type":"SMatrix43","value":{"rotation":{"x":0,"y":0,"z":0},"position":{"x":-0.000005165853963262634,"y":0.00000012552820294331468,"z":0}}},"Hand_L_Enabled":{"type":"bool","value":false},"Hand_R_Enabled":{"type":"bool","value":false},"Elbow_R_Enabled":{"type":"bool","value":false},"Elbow_L_Enabled":{"type":"bool","value":false},"m_linkedEntity":{"type":"SEntityTemplateReference","value":"438a1ed950d5a0a","postInit":true},"m_eidParent":{"type":"SEntityTemplateReference","value":"438a1ed950d5a0a","postInit":true}}},"611b111be41a5e37":{"parent":"438a1ed950d5a0a","name":"Lerp 3","factory":"[modules:/zmathlerp.class].pc_entitytype","blueprint":"[modules:/zmathlerp.class].pc_entityblueprint","properties":{"m_A":{"type":"float32","value":1},"m_B":{"type":"float32","value":2},"m_fT":{"type":"float32","value":0}},"events":{"Lerp":{"ConstantVector1D_06_Value":["d803cddf063ada79"]}}},"c01b259f95df1e48":{"parent":"438a1ed950d5a0a","name":"agent47_pants_02","factory":"[assembly:/_pro/characters/assets/hero/agent47/materials/agent47_pants_02.mi].pc_entitytype","blueprint":"[assembly:/_pro/characters/assets/hero/agent47/materials/agent47_pants_02.mi].pc_entityblueprint","properties":{"2287298018":{"type":"IRenderMaterialEntity.EModifierOperation","value":"eReplace"},"2359342559":{"type":"IRenderMaterialEntity.EModifierOperation","value":"eReplace"},"Texture2D_01_enab":{"type":"bool","value":true},"Texture2D_01":{"type":"ZRuntimeResourceID","value":{"resource":"[assembly:/_pro/characters/assets/hero/agent47/textures/agent47_pants_02.texture?/diffuse_marrakech.tex](ascolormap).pc_tex","flag":"5F"}},"ConstantVector1D_01_Value_op":{"type":"IRenderMaterialEntity.EModifierOperation","value":"eReplace"},"Clients":{"type":"TArray<SEntityTemplateReference>","value":["438a1ed950d5a0a"],"postInit":true},"m_eidParent":{"type":"SEntityTemplateReference","value":"438a1ed950d5a0a","postInit":true}}},"c7ba30c127962ba5":{"parent":"438a1ed950d5a0a","name":"Lerp 1","factory":"[modules:/zmathlerp.class].pc_entitytype","blueprint":"[modules:/zmathlerp.class].pc_entityblueprint","properties":{"m_A":{"type":"float32","value":0.5},"m_B":{"type":"float32","value":0.20000000298023224},"m_fT":{"type":"float32","value":0}},"events":{"Lerp":{"ConstantVector1D_01_Value":["43079f28b68b71a7","c01b259f95df1e48","d803cddf063ada79"]}}},"b4733d459c04a78a":{"parent":"438a1ed950d5a0a","name":"Mesh_Watch","factory":"[modules:/zbodypartentity.class].pc_entitytype","blueprint":"[modules:/zbodypartentity.class].pc_entityblueprint","properties":{"m_pMeshResource":{"type":"ZRuntimeResourceID","value":{"resource":"004638FB3F3C2B9A","flag":"5F"}}}},"cba973eda398fdbc":{"parent":"438a1ed950d5a0a","name":"agent47_eye01","factory":"[assembly:/_pro/characters/assets/hero/agent47/materials/agent47_eye.mi].pc_entitytype","blueprint":"[assembly:/_pro/characters/assets/hero/agent47/materials/agent47_eye.mi].pc_entityblueprint","properties":{"1405740434":{"type":"IRenderMaterialEntity.EModifierOperation","value":"eLeave"},"2298771567":{"type":"IRenderMaterialEntity.EModifierOperation","value":"eReplace"},"EyeShader_01_CorneaSpecularIntensity":{"type":"float32","value":0.007000000216066837},"EyeShader_01_ScleraSpecularIntensity":{"type":"float32","value":0.007000000216066837},"Clients":{"type":"TArray<SEntityTemplateReference>","value":["438a1ed950d5a0a"],"postInit":true},"m_eidParent":{"type":"SEntityTemplateReference","value":"438a1ed950d5a0a","postInit":true}}},"1f948e7466decaed":{"parent":"438a1ed950d5a0a","name":"Mesh_Head","factory":"[modules:/zbodypartentity.class].pc_entitytype","blueprint":"[modules:/zbodypartentity.class].pc_entityblueprint","properties":{"m_pMeshResource":{"type":"ZRuntimeResourceID","value":{"resource":"00B56DB95950BD5E","flag":"5F"}},"m_IsHiddenInVR":{"type":"bool","value":true}}},"954af22201bed963":{"parent":"438a1ed950d5a0a","name":"Mesh_Shirt01","factory":"[modules:/zbodypartentity.class].pc_entitytype","blueprint":"[modules:/zbodypartentity.class].pc_entityblueprint","properties":{"m_pMeshResource":{"type":"ZRuntimeResourceID","value":{"resource":"[assembly:/_pro/characters/assets/hero/agent47/geometry/male_reg_agent47_marrakesh.wl2?/shirt.weightedprim](bodypart).pc_weightedprim","flag":"5F"}}}},"722d6d119c5f5eab":{"parent":"438a1ed950d5a0a","name":"ChildNetwork","factory":"[modules:/zchildnetworkentity.class].pc_entitytype","blueprint":"[modules:/zchildnetworkentity.class].pc_entityblueprint","properties":{"m_RuntimeNetworkResourceID":{"type":"ZRuntimeResourceID","value":{"resource":"[assembly:/animationnetworks/hitman01/idles/suitidle.aln].pc_rtn","flag":"9F"}}}},"438a1ed950d5a0a":{"parent":null,"name":"OUTFIT_Agent47_Marrakesh_Gloves_HeroA_V0","factory":"[assembly:/templates/aspectdummy.aspect]([modules:/zlinkedproxyentity.class].entitytype,[modules:/zclothcharacterentity.class].entitytype,[modules:/zheroidlenetworkaspect.class].entitytype).pc_entitytype","blueprint":"[assembly:/templates/aspectdummy.aspect]([modules:/zlinkedproxyentity.class].entitytype,[modules:/zclothcharacterentity.class].entitytype,[modules:/zheroidlenetworkaspect.class].entitytype).pc_entityblueprint","properties":{"m_ResourceID":{"type":"ZRuntimeResourceID","value":null},"m_fLODScale":{"type":"float32","value":1},"m_mTransform":{"type":"SMatrix43","value":{"rotation":{"x":0,"y":0,"z":-1.7170102596282961},"position":{"x":12.945699691772461,"y":8.452775955200195,"z":0.00002700000004551839}}},"m_pBonesAndCollisionResource":{"type":"ZRuntimeResourceID","value":{"resource":"004E2C4FC114F487","flag":"5F"}},"m_bUsePerVertexStiffness":{"type":"bool","value":true},"m_LocalColliders":{"type":"TArray<SEntityTemplateReference>","value":["d1df75e3af01ba3e"]},"m_bGlobalCollidersEnabled":{"type":"bool","value":false},"m_fDamping":{"type":"float32","value":1},"m_fBendStiffness":{"type":"float32","value":1},"m_bUsePerVertexDamping":{"type":"bool","value":true},"m_fShearStiffness":{"type":"float32","value":1},"m_bUseSkinningPosNormalConstrains":{"type":"bool","value":true},"m_bUseSkinningNegNormalConstrains":{"type":"bool","value":true},"m_nIterations":{"type":"uint32","value":2},"m_fFrequency":{"type":"float32","value":90},"m_vTranslationScale":{"type":"SVector3","value":{"x":0.10000000149011612,"y":0.10000000149011612,"z":0.10000000149011612}},"m_vGravity":{"type":"SVector3","value":{"x":0,"y":0,"z":-13}},"m_fLODOffset":{"type":"float32","value":100},"m_fDragConstant":{"type":"float32","value":1},"m_eStretchConstrainType":{"type":"EClothStretchConstrainType","value":"eClothBendConstrainType_LRA"},"m_fAngularVelocityThreshold":{"type":"float32","value":60},"m_eRootBone":{"type":"BoneId.Enum","value":"PELVIS"},"m_bEnableAngularVelocityScale":{"type":"bool","value":true},"m_eBendConstrainType":{"type":"EClothBendConstrainType","value":"eClothBendConstrainType_Triangle"},"m_pIdleAnimNetworkEntity":{"type":"SEntityTemplateReference","value":"722d6d119c5f5eab"},"m_bRandomStartState":{"type":"bool","value":true},"m_fWindConstant":{"type":"float32","value":0.10000000149011612},"m_aBodyParts":{"type":"TArray<SEntityTemplateReference>","value":["1f948e7466decaed","3a9a8ca60ede160d","954af22201bed963","dc59c3463c3788a4","632723f7365e1b23","6bb1e4072201ad9","99ba8af863a5356e"],"postInit":true}}},"99ba8af863a5356e":{"parent":"438a1ed950d5a0a","name":"Mesh_Hands","factory":"[modules:/zbodypartentity.class].pc_entitytype","blueprint":"[modules:/zbodypartentity.class].pc_entityblueprint","properties":{"m_pMeshResource":{"type":"ZRuntimeResourceID","value":{"resource":"009B141405F226E2","flag":"5F"}}}},"632723f7365e1b23":{"parent":"438a1ed950d5a0a","name":"Mesh_Belt","factory":"[modules:/zbodypartentity.class].pc_entitytype","blueprint":"[modules:/zbodypartentity.class].pc_entityblueprint","properties":{"m_pMeshResource":{"type":"ZRuntimeResourceID","value":{"resource":"[assembly:/_pro/characters/assets/hero/agent47/geometry/male_reg_agent47_marrakesh.wl2?/belt.weightedprim](bodypart).pc_weightedprim","flag":"5F"}}}},"4d005ec92f77e598":{"parent":"438a1ed950d5a0a","name":"FX_Hitman_Wet_Logic_Character","factory":"0067CFB703A80787","blueprint":"00AA88C960CD2080","properties":{"HeadMaterialOverride":{"type":"TArray<SEntityTemplateReference>","value":["438a1ed950d5a0a"]},"HeadMaterialToOverride":{"type":"ZRuntimeResourceID","value":{"resource":"009F7978C601815A","flag":"5F"}}},"events":{"HitmanWetness":{"T":["f182db3ba794777","c7ba30c127962ba5","61ee7cdac8d700b1","611b111be41a5e37"]},"ChangedDisguiseTrigger":{"Activate":["6aca8151c36d5f14"]}}},"d803cddf063ada79":{"parent":"438a1ed950d5a0a","name":"male_reg_agent47_marrakesh_shirt_01","factory":"[assembly:/_pro/characters/assets/hero/agent47/materials/male_reg_agent47_marrakesh_shirt_01.mi].pc_entitytype","blueprint":"[assembly:/_pro/characters/assets/hero/agent47/materials/male_reg_agent47_marrakesh_shirt_01.mi].pc_entityblueprint","properties":{"1737952988":{"type":"IRenderMaterialEntity.EModifierOperation","value":"eReplace"},"1787395739":{"type":"IRenderMaterialEntity.EModifierOperation","value":"eReplace"},"2287298018":{"type":"IRenderMaterialEntity.EModifierOperation","value":"eReplace"},"2359342559":{"type":"IRenderMaterialEntity.EModifierOperation","value":"eReplace"},"Clients":{"type":"TArray<SEntityTemplateReference>","value":["438a1ed950d5a0a"]},"ConstantVector1D_05_Value":{"type":"float32","value":0.7099999785423279},"ConstantVector1D_03_Value":{"type":"float32","value":2.25},"ConstantVector1D_01_Value_op":{"type":"IRenderMaterialEntity.EModifierOperation","value":"eReplace"},"m_eidParent":{"type":"SEntityTemplateReference","value":"438a1ed950d5a0a"}}}},"propertyOverrides":[],"overrideDeletes":[],"pinConnectionOverrides":[],"pinConnectionOverrideDeletes":[],"externalScenes":[],"subType":"template","quickEntityVersion":3.1,"extraFactoryDependencies":[],"extraBlueprintDependencies":[],"comments":[]}