{"tempHash":"00F59E6654370A02","tbluHash":"001A9D547D11D69F","rootEntity":"b0c7cf9872c8947f","entities":{"74589486ab880330":{"parent":"b0c7cf9872c8947f","name":"Shoes_Boots_Military","factory":"00A7DC37E14B3676","blueprint":"000315500CD95840","properties":{"m_pMeshResource":{"type":"ZRuntimeResourceID","value":{"resource":"00AA8B74103597DD","flag":"5F"}}}},"a4f6b0097f2b9da1":{"parent":"b0c7cf9872c8947f","name":"base_eye","factory":"00FDEC17A5A2BF5F","blueprint":"00C4E4179AE75353","properties":{"m_mTransform":{"type":"SMatrix43","value":{"rotation":{"x":0,"y":0,"z":0},"position":{"x":0,"y":0,"z":0}}},"EyeShader_01_IrisBrightness_op":{"type":"IRenderMaterialEntity.EModifierOperation","value":"eReplace"},"EyeShader_01_IrisBrightness":{"type":"float32","value":2},"EyeShader_01_PupilSize_op":{"type":"IRenderMaterialEntity.EModifierOperation","value":"eReplace"},"EyeShader_01_PupilSize":{"type":"float32","value":0.17000000178813934},"EyeShader_01_IrisHueShift_op":{"type":"IRenderMaterialEntity.EModifierOperation","value":"eReplace"},"EyeShader_01_IrisHueShift":{"type":"float32","value":0.10000000149011612},"EyeShader_01_CorneaSpecularPower_op":{"type":"IRenderMaterialEntity.EModifierOperation","value":"eReplace"},"EyeShader_01_CorneaSpecularPower":{"type":"float32","value":1},"EyeShader_01_CorneaSpecularIntensity_op":{"type":"IRenderMaterialEntity.EModifierOperation","value":"eReplace"},"EyeShader_01_CorneaSpecularIntensity":{"type":"float32","value":0.02500000037252903},"EyeShader_01_ScleraSpecularIntensity_op":{"type":"IRenderMaterialEntity.EModifierOperation","value":"eReplace"},"EyeShader_01_ScleraSpecularIntensity":{"type":"float32","value":0.019999999552965164},"Texture2D_01_enab":{"type":"bool","value":true},"Texture2D_01":{"type":"ZRuntimeResourceID","value":{"resource":"00956964149E802F","flag":"5F"}},"Clients":{"type":"TArray<SEntityTemplateReference>","value":["b0c7cf9872c8947f"],"postInit":true},"m_eidParent":{"type":"SEntityTemplateReference","value":"b0c7cf9872c8947f","postInit":true}}},"75cee562cac5416b":{"parent":"b0c7cf9872c8947f","name":"Lerp 4","factory":"[modules:/zmathlerp.class].pc_entitytype","blueprint":"[modules:/zmathlerp.class].pc_entityblueprint","properties":{"m_A":{"type":"float32","value":1},"m_B":{"type":"float32","value":0.800000011920929},"m_fT":{"type":"float32","value":0}},"events":{"Lerp":{"ConstantVector1D_01_Value":["b6b9289d7beef7b8"]}}},"83a970051d83cb6":{"parent":"b0c7cf9872c8947f","name":"Sweater_Commando_Tkd","factory":"00480351A4CC2B0F","blueprint":"002675C728F4AFCF","properties":{"Diffuse_Color_01_Value":{"type":"SColorRGB","value":"#d43f56"},"ConstantVector1D_01_Value":{"type":"float32","value":3},"Diffuse_Saturation_01_Value":{"type":"float32","value":0}}},"d8809a23fe7f883f":{"parent":"b0c7cf9872c8947f","name":"lens_basic","factory":"[assembly:/_pro/characters/assets/_apparel/accessories/glasses/materials/lens_basic.mi].pc_entitytype","blueprint":"[assembly:/_pro/characters/assets/_apparel/accessories/glasses/materials/lens_basic.mi].pc_entityblueprint","properties":{"m_mTransform":{"type":"SMatrix43","value":{"rotation":{"x":0,"y":0,"z":0},"position":{"x":0,"y":0,"z":0}}},"Diffuse_Tint_Value_op":{"type":"IRenderMaterialEntity.EModifierOperation","value":"eReplace"},"Diffuse_Tint_Value":{"type":"SColorRGB","value":"#a76fd9"},"Texture2D_03_enab":{"type":"bool","value":true},"Texture2D_03":{"type":"ZRuntimeResourceID","value":{"resource":"[assembly:/_pro/environment/textures/constants/color_cyan.texture?/diffuse_a.tex](ascolormap).pc_tex","flag":"5F"}},"ConstantVector1D_04_Value_op":{"type":"IRenderMaterialEntity.EModifierOperation","value":"eReplace"},"ConstantVector1D_04_Value":{"type":"float32","value":0},"ConstantVector1D_09_Value_op":{"type":"IRenderMaterialEntity.EModifierOperation","value":"eReplace"},"ConstantVector1D_09_Value":{"type":"float32","value":0.5},"ConstantVector1D_01_Value_op":{"type":"IRenderMaterialEntity.EModifierOperation","value":"eReplace"},"ConstantVector1D_01_Value":{"type":"float32","value":0.10000000149011612},"Clients":{"type":"TArray<SEntityTemplateReference>","value":["b0c7cf9872c8947f"],"postInit":true},"m_eidParent":{"type":"SEntityTemplateReference","value":"b0c7cf9872c8947f","postInit":true}}},"affe21c8da40b4f0":{"parent":"b0c7cf9872c8947f","name":"ChildNetwork","factory":"[modules:/zchildnetworkentity.class].pc_entitytype","blueprint":"[modules:/zchildnetworkentity.class].pc_entityblueprint","properties":{"m_RuntimeNetworkResourceID":{"type":"ZRuntimeResourceID","value":{"resource":"[assembly:/animationnetworks/hitman01/idles/suitidle.aln].pc_rtn","flag":"9F"}}}},"b0c7cf9872c8947f":{"parent":null,"name":"OUTFIT_Agent47_ArcticPack_HeroA_V0","factory":"[assembly:/templates/aspectdummy.aspect]([modules:/zlinkedproxyentity.class].entitytype,[modules:/zclothcharacterentity.class].entitytype,[modules:/zheroidlenetworkaspect.class].entitytype).pc_entitytype","blueprint":"[assembly:/templates/aspectdummy.aspect]([modules:/zlinkedproxyentity.class].entitytype,[modules:/zclothcharacterentity.class].entitytype,[modules:/zheroidlenetworkaspect.class].entitytype).pc_entityblueprint","properties":{"m_ResourceID":{"type":"ZRuntimeResourceID","value":null},"m_fLODScale":{"type":"float32","value":1},"m_mTransform":{"type":"SMatrix43","value":{"rotation":{"x":0,"y":0,"z":-10.000222644963364},"position":{"x":43.84846115112305,"y":8.983068466186523,"z":0}}},"m_pBonesAndCollisionResource":{"type":"ZRuntimeResourceID","value":{"resource":"0017416135CF879C","flag":"5F"}},"m_bUsePerVertexStiffness":{"type":"bool","value":true},"m_LocalColliders":{"type":"TArray<SEntityTemplateReference>","value":[]},"m_bGlobalCollidersEnabled":{"type":"bool","value":false},"m_fDamping":{"type":"float32","value":1},"m_fBendStiffness":{"type":"float32","value":1},"m_bUsePerVertexDamping":{"type":"bool","value":true},"m_fShearStiffness":{"type":"float32","value":1},"m_bUseSkinningPosNormalConstrains":{"type":"bool","value":true},"m_bUseSkinningNegNormalConstrains":{"type":"bool","value":true},"m_nIterations":{"type":"uint32","value":2},"m_fFrequency":{"type":"float32","value":90},"m_vTranslationScale":{"type":"SVector3","value":{"x":0.10000000149011612,"y":0.10000000149011612,"z":0.10000000149011612}},"m_vGravity":{"type":"SVector3","value":{"x":0,"y":0,"z":-13}},"m_fLODOffset":{"type":"float32","value":100},"m_fDragConstant":{"type":"float32","value":1},"m_eStretchConstrainType":{"type":"EClothStretchConstrainType","value":"eClothBendConstrainType_LRA"},"m_fAngularVelocityThreshold":{"type":"float32","value":60},"m_eRootBone":{"type":"BoneId.Enum","value":"PELVIS"},"m_bEnableAngularVelocityScale":{"type":"bool","value":true},"m_eBendConstrainType":{"type":"EClothBendConstrainType","value":"eClothBendConstrainType_Triangle"},"m_pIdleAnimNetworkEntity":{"type":"SEntityTemplateReference","value":"affe21c8da40b4f0"},"m_bRandomStartState":{"type":"bool","value":true},"m_fWindConstant":{"type":"float32","value":0.10000000149011612},"m_eRoomBehaviour":{"type":"ZSpatialEntity.ERoomBehaviour","value":"ROOM_DYNAMIC"},"m_aBodyParts":{"type":"TArray<SEntityTemplateReference>","value":["adaa8181c6b69891","74589486ab880330","b6b9289d7beef7b8","200cf70b8ea77086","29ab35c48fe1a748","e12063d5e0378826","3d8c9c016a1b6fda","9e83a49865facbe4"],"postInit":true}}},"6f0d6a61b4e492b1":{"parent":"b0c7cf9872c8947f","name":"male_reg_body","factory":"003DCA5E22F37B5F","blueprint":"0041C89DFA9D7801","properties":{"m_mTransform":{"type":"SMatrix43","value":{"rotation":{"x":0,"y":0,"z":0},"position":{"x":0,"y":0,"z":0}}},"Clients":{"type":"TArray<SEntityTemplateReference>","value":["b0c7cf9872c8947f"]},"Active":{"type":"bool","value":false},"ConstantVector1D_04_Value_op":{"type":"IRenderMaterialEntity.EModifierOperation","value":"eReplace"},"m_eidParent":{"type":"SEntityTemplateReference","value":"b0c7cf9872c8947f"}}},"78b4ebc05816b979":{"parent":"b0c7cf9872c8947f","name":"Attacher_Wrist","factory":"[assembly:/templates/aspectdummy.aspect]([modules:/zcompositeentity.class].entitytype,[modules:/zboneattachaspect.class].entitytype).pc_entitytype","blueprint":"[assembly:/templates/aspectdummy.aspect]([modules:/zcompositeentity.class].entitytype,[modules:/zboneattachaspect.class].entitytype).pc_entityblueprint","properties":{"m_BoneName":{"type":"ZString","value":"L_Forearm"},"m_linkedEntity":{"type":"SEntityTemplateReference","value":"b0c7cf9872c8947f"},"m_eidParent":{"type":"SEntityTemplateReference","value":"b0c7cf9872c8947f"}}},"200cf70b8ea77086":{"parent":"b0c7cf9872c8947f","name":"Mesh_Pant","factory":"[modules:/zbodypartentity.class].pc_entitytype","blueprint":"[modules:/zbodypartentity.class].pc_entityblueprint","properties":{"m_pMeshResource":{"type":"ZRuntimeResourceID","value":{"resource":"0044E7119AC13B54","flag":"5F"}}}},"7539beb19d2c8c7a":{"parent":"b0c7cf9872c8947f","name":"Lerp","factory":"[modules:/zmathlerp.class].pc_entitytype","blueprint":"[modules:/zmathlerp.class].pc_entityblueprint","properties":{"m_B":{"type":"float32","value":0.3499999940395355},"m_fT":{"type":"float32","value":0}},"events":{"Lerp":{"ConstantVector1D_04_Value":["262a8771037f99f2","b6b9289d7beef7b8","6f0d6a61b4e492b1","356525452d0f5ca5","43cefc543269d624"],"ConstantVector1D_14_Value":["f593b82505b1f21c","4026a81ae1277116"]}}},"43cefc543269d624":{"parent":"b0c7cf9872c8947f","name":"male_reg_militia_spec_ops_mask","factory":"[assembly:/_pro/characters/assets/guards/colorado/militia_spec_ops/materials/male_reg_militia_spec_ops_mask.mi].pc_entitytype","blueprint":"[assembly:/_pro/characters/assets/guards/colorado/militia_spec_ops/materials/male_reg_militia_spec_ops_mask.mi].pc_entityblueprint","properties":{"m_mTransform":{"type":"SMatrix43","value":{"rotation":{"x":0,"y":0,"z":10.00022205192534},"position":{"x":-8.804096221923828,"y":3.559868097305298,"z":-0.4231469929218292}}},"Clients":{"type":"TArray<SEntityTemplateReference>","value":["b0c7cf9872c8947f"]},"Active":{"type":"bool","value":false},"ConstantVector1D_04_Value_op":{"type":"IRenderMaterialEntity.EModifierOperation","value":"eReplace"},"m_eidParent":{"type":"SEntityTemplateReference","value":"b0c7cf9872c8947f"}}},"3d8c9c016a1b6fda":{"parent":"b0c7cf9872c8947f","name":"Mesh_Pant_03","factory":"[modules:/zbodypartentity.class].pc_entitytype","blueprint":"[modules:/zbodypartentity.class].pc_entityblueprint","properties":{"m_pMeshResource":{"type":"ZRuntimeResourceID","value":{"resource":"00C0E04E510BAA1C","flag":"5F"}}}},"356525452d0f5ca5":{"parent":"b0c7cf9872c8947f","name":"male_reg_militia_technician_beltholster","factory":"[assembly:/_pro/characters/assets/guards/colorado/militia_technician/materials/male_reg_militia_technician_beltholster.mi].pc_entitytype","blueprint":"[assembly:/_pro/characters/assets/guards/colorado/militia_technician/materials/male_reg_militia_technician_beltholster.mi].pc_entityblueprint","properties":{"m_mTransform":{"type":"SMatrix43","value":{"rotation":{"x":0,"y":0,"z":0},"position":{"x":0,"y":0,"z":0}}},"Clients":{"type":"TArray<SEntityTemplateReference>","value":["b0c7cf9872c8947f"]},"Texture2D_01":{"type":"ZRuntimeResourceID","value":{"resource":"[assembly:/_pro/characters/assets/guards/colorado/militia_technician/textures/male_reg_militia_technician_beltholster.texture?/diffuse_b.tex](ascolormap).pc_tex","flag":"5F"}},"Texture2D_01_enab":{"type":"bool","value":true},"ConstantVector1D_01_Value_op":{"type":"IRenderMaterialEntity.EModifierOperation","value":"eReplace"},"ConstantVector1D_01_Value":{"type":"float32","value":2},"ConstantVector1D_04_Value_op":{"type":"IRenderMaterialEntity.EModifierOperation","value":"eReplace"},"m_eidParent":{"type":"SEntityTemplateReference","value":"b0c7cf9872c8947f"}}},"1db521aa06a29ad1":{"parent":"b0c7cf9872c8947f","name":"male_reg_eyelashes","factory":"00AF6FD15BFAC222","blueprint":"00926F11E3C00813","properties":{"m_mTransform":{"type":"SMatrix43","value":{"rotation":{"x":0,"y":0,"z":0},"position":{"x":0,"y":0,"z":0}}},"Clients":{"type":"TArray<SEntityTemplateReference>","value":["b0c7cf9872c8947f"]},"ConstantVector1D_15_Value_op":{"type":"IRenderMaterialEntity.EModifierOperation","value":"eReplace"},"ConstantVector1D_16_Value_op":{"type":"IRenderMaterialEntity.EModifierOperation","value":"eReplace"},"ConstantVector1D_16_Value":{"type":"float32","value":1.5},"m_eidParent":{"type":"SEntityTemplateReference","value":"b0c7cf9872c8947f"}}},"a3411dae23f8b3eb":{"parent":"b0c7cf9872c8947f","name":"Lerp 2","factory":"[modules:/zmathlerp.class].pc_entitytype","blueprint":"[modules:/zmathlerp.class].pc_entityblueprint","properties":{"m_A":{"type":"float32","value":0.5},"m_B":{"type":"float32","value":0.20000000298023224},"m_fT":{"type":"float32","value":0}},"events":{"Lerp":{"ConstantVector1D_01_Value":["262a8771037f99f2"]}}},"f913cc22de9b2291":{"parent":"b0c7cf9872c8947f","name":"FX_Hitman_Wet_Logic_Character","factory":"0067CFB703A80787","blueprint":"00AA88C960CD2080","properties":{"HeadMaterialToOverride":{"type":"ZRuntimeResourceID","value":{"resource":"009F7978C601815A","flag":"5F"}},"HeadMaterialOverride":{"type":"TArray<SEntityTemplateReference>","value":["b0c7cf9872c8947f"]}},"events":{"HitmanWetness":{"T":["7539beb19d2c8c7a","a3411dae23f8b3eb","607f81a1f5335a7e","4702e9fa058a0c4c","75cee562cac5416b"]},"ChangedDisguiseTrigger":{"Activate":["6f0d6a61b4e492b1","43cefc543269d624"]}}},"15b88a0972fed243":{"parent":"b0c7cf9872c8947f","name":"Sweater_Turtleneck_SlimFit_Tkd","factory":"0043CA45F28A931C","blueprint":"009A8C3DDC612740","properties":{"m_pMeshResource":{"type":"ZRuntimeResourceID","value":{"resource":"007F623C29651B2B","flag":"5F"}}}},"f593b82505b1f21c":{"parent":"b0c7cf9872c8947f","name":"agent47_sheep_pants_cargo","factory":"0011D2D07ADE2A05","blueprint":"001351359D722A8F","properties":{"m_mTransform":{"type":"SMatrix43","value":{"rotation":{"x":0,"y":0,"z":0},"position":{"x":0,"y":0,"z":0}}},"Clients":{"type":"TArray<SEntityTemplateReference>","value":["b0c7cf9872c8947f"]},"ConstantVector1D_01_Value_op":{"type":"IRenderMaterialEntity.EModifierOperation","value":"eReplace"},"ConstantVector1D_01_Value":{"type":"float32","value":0.75},"ConstantVector1D_14_Value_op":{"type":"IRenderMaterialEntity.EModifierOperation","value":"eReplace"},"ConstantVector1D_06_Value_op":{"type":"IRenderMaterialEntity.EModifierOperation","value":"eReplace"},"m_eidParent":{"type":"SEntityTemplateReference","value":"b0c7cf9872c8947f"}}},"9e83a49865facbe4":{"parent":"b0c7cf9872c8947f","name":"Head_47","factory":"00537D16B5CE7286","blueprint":"00F2E4A932ECAA63"},"4702e9fa058a0c4c":{"parent":"b0c7cf9872c8947f","name":"Lerp 3","factory":"[modules:/zmathlerp.class].pc_entitytype","blueprint":"[modules:/zmathlerp.class].pc_entityblueprint","properties":{"m_A":{"type":"float32","value":1},"m_fT":{"type":"float32","value":0},"m_B":{"type":"float32","value":1.5}},"events":{"Lerp":{"ConstantVector1D_06_Value":["f593b82505b1f21c","4026a81ae1277116"]}}},"a665df291b097b8e":{"parent":"78b4ebc05816b979","name":"Sheep_Watch","factory":"00B54F085BDA34D6","blueprint":"00AF19A42FFEF2F0","properties":{"m_mTransform":{"type":"SMatrix43","value":{"rotation":{"x":-174.16114465932696,"y":-3.99268230734914,"z":89.90907996794407},"position":{"x":0.2555670142173767,"y":-0.0003110000106971711,"z":-0.0046640001237392426}}},"m_PrimitiveScale":{"type":"SVector3","value":{"x":1.1434099674224854,"y":1.2134100198745728,"z":1.1813199520111084}},"m_eidParent":{"type":"SEntityTemplateReference","value":"78b4ebc05816b979"}}},"adaa8181c6b69891":{"parent":"b0c7cf9872c8947f","name":"Mesh_Pant_01","factory":"[modules:/zbodypartentity.class].pc_entitytype","blueprint":"[modules:/zbodypartentity.class].pc_entityblueprint","properties":{"m_pMeshResource":{"type":"ZRuntimeResourceID","value":{"resource":"00A6D3CC5032DE6F","flag":"5F"}}}},"a3d78f61821c7d6a":{"parent":"b0c7cf9872c8947f","name":"Attacher_Head","factory":"[assembly:/templates/aspectdummy.aspect]([modules:/zcompositeentity.class].entitytype,[modules:/zboneattachaspect.class].entitytype).pc_entitytype","blueprint":"[assembly:/templates/aspectdummy.aspect]([modules:/zcompositeentity.class].entitytype,[modules:/zboneattachaspect.class].entitytype).pc_entityblueprint","properties":{"m_BoneName":{"type":"ZString","value":"Spine2"},"m_linkedEntity":{"type":"SEntityTemplateReference","value":"b0c7cf9872c8947f"},"m_mTransform":{"type":"SMatrix43","value":{"rotation":{"x":0,"y":-0.019767042409995977,"z":0},"position":{"x":0.23223699629306793,"y":0.0505950003862381,"z":0.004623000044375658}}},"m_eidParent":{"type":"SEntityTemplateReference","value":"b0c7cf9872c8947f"}}},"29ab35c48fe1a748":{"parent":"b0c7cf9872c8947f","name":"Arms_Elbow_Hand","factory":"00FCC39B2F164A8C","blueprint":"0011153A1CE6AF9C"},"4026a81ae1277116":{"parent":"b0c7cf9872c8947f","name":"agent47_sheep_boots","factory":"0015838E791A033A","blueprint":"00C7E5DE2E654DCD","properties":{"m_mTransform":{"type":"SMatrix43","value":{"rotation":{"x":0,"y":0,"z":0},"position":{"x":0,"y":0,"z":0}}},"Clients":{"type":"TArray<SEntityTemplateReference>","value":["b0c7cf9872c8947f"]},"Diffuse_Color_01_Value_op":{"type":"IRenderMaterialEntity.EModifierOperation","value":"eReplace"},"ConstantVector1D_01_Value_op":{"type":"IRenderMaterialEntity.EModifierOperation","value":"eReplace"},"ConstantVector1D_01_Value":{"type":"float32","value":0.75},"ConstantVector1D_14_Value_op":{"type":"IRenderMaterialEntity.EModifierOperation","value":"eReplace"},"ConstantVector1D_06_Value_op":{"type":"IRenderMaterialEntity.EModifierOperation","value":"eReplace"},"m_eidParent":{"type":"SEntityTemplateReference","value":"b0c7cf9872c8947f"}}},"e12063d5e0378826":{"parent":"b0c7cf9872c8947f","name":"Mesh_Pant_02","factory":"[modules:/zbodypartentity.class].pc_entitytype","blueprint":"[modules:/zbodypartentity.class].pc_entityblueprint","properties":{"m_pMeshResource":{"type":"ZRuntimeResourceID","value":{"resource":"002591F9D0955919","flag":"5F"}}}},"262a8771037f99f2":{"parent":"b0c7cf9872c8947f","name":"male_reg_agent47_tutorial_shirt_01","factory":"[assembly:/_pro/characters/assets/hero/agent47/materials/male_reg_agent47_tutorial_shirt_01.mi].pc_entitytype","blueprint":"[assembly:/_pro/characters/assets/hero/agent47/materials/male_reg_agent47_tutorial_shirt_01.mi].pc_entityblueprint","properties":{"m_mTransform":{"type":"SMatrix43","value":{"rotation":{"x":0,"y":0,"z":0},"position":{"x":0,"y":0,"z":0}}},"Clients":{"type":"TArray<SEntityTemplateReference>","value":["b0c7cf9872c8947f"]},"Diffuse_Saturation_01_Value_op":{"type":"IRenderMaterialEntity.EModifierOperation","value":"eReplace"},"Diffuse_Saturation_01_Value":{"type":"float32","value":1},"ConstantVector1D_01_Value_op":{"type":"IRenderMaterialEntity.EModifierOperation","value":"eReplace"},"ConstantVector1D_01_Value":{"type":"float32","value":0.5},"ConstantVector1D_04_Value_op":{"type":"IRenderMaterialEntity.EModifierOperation","value":"eReplace"},"Texture2D_01":{"type":"ZRuntimeResourceID","value":{"resource":"[assembly:/_pro/characters/assets/hero/agent47/textures/male_reg_agent47_tutorial_shirt_01.texture?/diffuse_b.tex](ascolormap).pc_tex","flag":"5F"}},"Texture2D_01_enab":{"type":"bool","value":true},"ConstantVector1D_04_Value":{"type":"float32","value":0},"m_eidParent":{"type":"SEntityTemplateReference","value":"b0c7cf9872c8947f"}}},"b6b9289d7beef7b8":{"parent":"b0c7cf9872c8947f","name":"Hands","factory":"009A6D9F7927FB89","blueprint":"00F49463DEA8D412"},"607f81a1f5335a7e":{"parent":"b0c7cf9872c8947f","name":"Lerp 1","factory":"[modules:/zmathlerp.class].pc_entitytype","blueprint":"[modules:/zmathlerp.class].pc_entityblueprint","properties":{"m_A":{"type":"float32","value":0.75},"m_B":{"type":"float32","value":0.30000001192092896},"m_fT":{"type":"float32","value":0}},"events":{"Lerp":{"ConstantVector1D_01_Value":["f593b82505b1f21c","4026a81ae1277116"]}}}},"propertyOverrides":[],"overrideDeletes":[],"pinConnectionOverrides":[],"pinConnectionOverrideDeletes":[],"externalScenes":[],"subType":"template","quickEntityVersion":3.1,"extraFactoryDependencies":[{"resource":"[assembly:/_pro/environment/textures/detailmaps/default.texture?/detail_a.tex](ascompoundnormal).pc_tex","flag":"5F"},{"resource":"[assembly:/_pro/characters/assets/_apparel/accessories/glasses/textures/lens_basic.texture?/diffuse_a.tex](ascolormap).pc_tex","flag":"5F"},{"resource":"[assembly:/_pro/characters/assets/_apparel/accessories/glasses/textures/lens_basic.texture?/normal_a.tex](asnormalmap).pc_tex","flag":"5F"},{"resource":"[assembly:/_pro/characters/assets/guards/colorado/militia_technician/textures/male_reg_militia_technician_beltholster.texture?/normal_a.tex](asnormalmap).pc_tex","flag":"5F"},{"resource":"[assembly:/_pro/characters/assets/guards/colorado/militia_technician/textures/male_reg_militia_technician_beltholster.texture?/specular_a.tex](ascolormap).pc_tex","flag":"5F"},{"resource":"00393E746025E96C","flag":"5F"},{"resource":"0052111F41C6C1FB","flag":"5F"},{"resource":"007F078871DFA6D5","flag":"5F"},{"resource":"[assembly:/_pro/characters/assets/hero/agent47/textures/male_reg_agent47_tutorial_shirt_01.texture?/normal_a.tex](asnormalmap).pc_tex","flag":"5F"},{"resource":"[assembly:/_pro/characters/assets/hero/agent47/textures/male_reg_agent47_tutorial_shirt_01.texture?/specular_a.tex](ascolormap).pc_tex","flag":"5F"},{"resource":"003F0B93EB697FC8","flag":"5F"},{"resource":"00804C82A866EBC5","flag":"5F"},{"resource":"006D43F6DD4197CB","flag":"5F"},{"resource":"0082F152D2CA5B3C","flag":"5F"},{"resource":"[assembly:/_pro/characters/assets/guards/colorado/militia_technician/textures/male_reg_militia_technician_gloves.texture?/diffuse_a.tex](ascolormap).pc_tex","flag":"5F"},{"resource":"[assembly:/_pro/characters/assets/guards/colorado/militia_technician/textures/male_reg_militia_technician_gloves.texture?/specular_a.tex](ascolormap).pc_tex","flag":"5F"},{"resource":"[assembly:/_pro/characters/assets/guards/colorado/militia_technician/textures/male_reg_militia_technician_gloves.texture?/normal_a.tex](asnormalmap).pc_tex","flag":"5F"},{"resource":"002995F4470EED82","flag":"5F"},{"resource":"[assembly:/_pro/characters/assets/guards/hokkaido/bodyguards/textures/male_reg_hokkaido_bodyguard_shirt.texture?/specular_a.tex](ascolormap).pc_tex","flag":"5F"},{"resource":"[assembly:/_pro/characters/assets/guards/hokkaido/bodyguards/textures/male_reg_hokkaido_bodyguard_shirt.texture?/normal_a.tex](asnormalmap).pc_tex","flag":"5F"},{"resource":"[assembly:/_pro/characters/assets/guards/hokkaido/bodyguards/textures/male_reg_hokkaido_bodyguard_shirt.texture?/diffuse_white.tex](ascolormap).pc_tex","flag":"5F"},{"resource":"00F2BCC29A3C929D","flag":"5F"},{"resource":"004FEFFE274E4D9E","flag":"5F"},{"resource":"0093BA5E377F51DB","flag":"5F"},{"resource":"005AB6CF7BFBA31D","flag":"5F"},{"resource":"00818BA637895231","flag":"5F"},{"resource":"[assembly:/_pro/characters/assets/_genericparts/skin/textures/skin_detail.texture?/normal_a.tex](asnormalmap).pc_tex","flag":"5F"},{"resource":"[assembly:/_pro/characters/assets/_genericparts/skin/textures/skin_detail.texture?/variance_a.tex](asheightmap).pc_tex","flag":"5F"},{"resource":"008E0FCF89ED862E","flag":"5F"},{"resource":"002C7E7EE46D0CD2","flag":"5F"},{"resource":"[assembly:/_pro/characters/assets/_base/pro_fem_regular/textures/female_reg_eyelashes.texture?/normal_a.tex](asnormalmap).pc_tex","flag":"5F"},{"resource":"[assembly:/_pro/characters/assets/_base/pro_fem_regular/textures/female_reg_eyelashes.texture?/normal_a.tex](ascolormap).pc_tex","flag":"5F"},{"resource":"[assembly:/_pro/characters/assets/_base/pro_fem_regular/textures/female_reg_eyelashes.texture?/diffuse_a.tex](ascolormap).pc_tex","flag":"5F"},{"resource":"[assembly:/_pro/characters/assets/guards/colorado/militia_elite/textures/male_reg_militia_elite_shoes.texture?/normal_a.tex](asnormalmap).pc_tex","flag":"5F"},{"resource":"[assembly:/_pro/characters/assets/guards/colorado/militia_elite/textures/male_reg_militia_elite_shoes.texture?/specular_a.tex](ascolormap).pc_tex","flag":"5F"},{"resource":"[assembly:/_pro/characters/assets/guards/colorado/militia_elite/textures/male_reg_militia_elite_shoes.texture?/diffuse_a.tex](ascolormap).pc_tex","flag":"5F"},{"resource":"007D850436B0A092","flag":"5F"},{"resource":"00D247582859CA87","flag":"5F"},{"resource":"00D20CA72E352D16","flag":"5F"},{"resource":"009FE4BCDE2966EC","flag":"5F"},{"resource":"00F3654BB38A68EC","flag":"5F"},{"resource":"00416AEE98A04929","flag":"5F"},{"resource":"00751F249D042475","flag":"5F"},{"resource":"0091FBA017372507","flag":"5F"},{"resource":"00BC38B1FBD65A9A","flag":"5F"},{"resource":"[assembly:/_pro/characters/assets/guards/colorado/militia_spec_ops/textures/male_reg_militia_spec_ops_mask.texture?/normal_a.tex](asnormalmap).pc_tex","flag":"5F"},{"resource":"[assembly:/_pro/characters/assets/guards/colorado/militia_spec_ops/textures/male_reg_militia_spec_ops_mask.texture?/specular_a.tex](ascolormap).pc_tex","flag":"5F"},{"resource":"[assembly:/_pro/characters/assets/guards/colorado/militia_spec_ops/textures/male_reg_militia_spec_ops_mask.texture?/diffuse_a.tex](ascolormap).pc_tex","flag":"5F"},{"resource":"0013D906A6D97944","flag":"5F"}],"extraBlueprintDependencies":[],"comments":[]}