{"tempHash":"00271D861D406674","tbluHash":"00544884819386F4","rootEntity":"571cbbe49887d0c1","entities":{"2b6510e2dac9b3aa":{"parent":"c0ebbb1f0d81be91","name":"C_ShoulderL","factory":"[assembly:/templates/aspectdummy.aspect]([modules:/zclothsphere.class].entitytype,[modules:/zboneattachaspect.class].entitytype).pc_entitytype","blueprint":"[assembly:/templates/aspectdummy.aspect]([modules:/zclothsphere.class].entitytype,[modules:/zboneattachaspect.class].entitytype).pc_entityblueprint","properties":{"m_fRadius":{"type":"float32","value":0.11500000208616257},"m_BoneName":{"type":"ZString","value":"L_Clavicle"},"m_mTransform":{"type":"SMatrix43","value":{"rotation":{"x":0,"y":0,"z":0},"position":{"x":0.1420000046491623,"y":0.012000000104308128,"z":0.0020000000949949026}}},"m_bEnabled":{"type":"bool","value":true},"m_linkedEntity":{"type":"SEntityTemplateReference","value":"571cbbe49887d0c1","postInit":true},"m_eidParent":{"type":"SEntityTemplateReference","value":"c0ebbb1f0d81be91","postInit":true}}},"8652e3b116cb7360":{"parent":"c0ebbb1f0d81be91","name":"ColliderGroup","factory":"[modules:/zclothcollidergroup.class].pc_entitytype","blueprint":"[modules:/zclothcollidergroup.class].pc_entityblueprint","properties":{"m_bCollisionGroup1":{"type":"bool","value":true},"m_ClothColliders":{"type":"TArray<SEntityTemplateReference>","value":["d499a4c37be1de2a","b05f51a0a00395e3","9505585221bf14c5","5a4fa83bd461fc43","629bc7db5607900d","81685210252f3c7e","fa93afed226eb136","2b7eb5bfd44bffd5","dbc28b2cac50c890","5bdd6d1c35788e33"],"postInit":true},"m_eidParent":{"type":"SEntityTemplateReference","value":"c0ebbb1f0d81be91","postInit":true}}},"328580ad60b2729a":{"parent":"c0ebbb1f0d81be91","name":"C_TighTop_L","factory":"[assembly:/templates/aspectdummy.aspect]([modules:/zclothsphere.class].entitytype,[modules:/zboneattachaspect.class].entitytype).pc_entitytype","blueprint":"[assembly:/templates/aspectdummy.aspect]([modules:/zclothsphere.class].entitytype,[modules:/zboneattachaspect.class].entitytype).pc_entityblueprint","properties":{"m_fRadius":{"type":"float32","value":0.14499999582767487},"m_BoneName":{"type":"ZString","value":"LThighTwist"},"m_mTransform":{"type":"SMatrix43","value":{"rotation":{"x":0,"y":0.019767042409995977,"z":0},"position":{"x":0.03216100111603737,"y":0.015238000079989433,"z":0.04561600089073181}}},"m_bEnabled":{"type":"bool","value":true},"m_linkedEntity":{"type":"SEntityTemplateReference","value":"571cbbe49887d0c1","postInit":true},"m_eidParent":{"type":"SEntityTemplateReference","value":"c0ebbb1f0d81be91","postInit":true}}},"6301d32928ce4b22":{"parent":"c0ebbb1f0d81be91","name":"C_Tri_R","factory":"[assembly:/templates/aspectdummy.aspect]([modules:/zclothsphere.class].entitytype,[modules:/zboneattachaspect.class].entitytype).pc_entitytype","blueprint":"[assembly:/templates/aspectdummy.aspect]([modules:/zclothsphere.class].entitytype,[modules:/zboneattachaspect.class].entitytype).pc_entityblueprint","properties":{"m_fRadius":{"type":"float32","value":0.14000000059604645},"m_BoneName":{"type":"ZString","value":"RThighTwist1"},"m_mTransform":{"type":"SMatrix43","value":{"rotation":{"x":0,"y":0,"z":0},"position":{"x":0,"y":0,"z":0}}},"m_bEnabled":{"type":"bool","value":true},"m_bCollisionGroup0":{"type":"bool","value":false},"m_bCollisionGroup1":{"type":"bool","value":true},"m_linkedEntity":{"type":"SEntityTemplateReference","value":"571cbbe49887d0c1","postInit":true},"m_eidParent":{"type":"SEntityTemplateReference","value":"c0ebbb1f0d81be91","postInit":true}}},"620ef30a9f869381":{"parent":"c0ebbb1f0d81be91","name":"C_Tri","factory":"[assembly:/templates/aspectdummy.aspect]([modules:/zclothsphere.class].entitytype,[modules:/zboneattachaspect.class].entitytype).pc_entitytype","blueprint":"[assembly:/templates/aspectdummy.aspect]([modules:/zclothsphere.class].entitytype,[modules:/zboneattachaspect.class].entitytype).pc_entityblueprint","properties":{"m_fRadius":{"type":"float32","value":0.14000000059604645},"m_BoneName":{"type":"ZString","value":"Pelvis"},"m_mTransform":{"type":"SMatrix43","value":{"rotation":{"x":-0.08623017336632245,"y":0.00011459153141002388,"z":-0.11533643862921224},"position":{"x":-0.014000000432133675,"y":0.04606299847364426,"z":0.004999999888241291}}},"m_bEnabled":{"type":"bool","value":true},"m_bCollisionGroup0":{"type":"bool","value":false},"m_bCollisionGroup1":{"type":"bool","value":true},"m_linkedEntity":{"type":"SEntityTemplateReference","value":"571cbbe49887d0c1","postInit":true},"m_eidParent":{"type":"SEntityTemplateReference","value":"c0ebbb1f0d81be91","postInit":true}}},"81685210252f3c7e":{"parent":"c0ebbb1f0d81be91","name":"CChainHead_Neck","factory":"[modules:/zclothspherechain.class].pc_entitytype","blueprint":"[modules:/zclothspherechain.class].pc_entityblueprint","properties":{"m_Spheres":{"type":"TArray<SEntityTemplateReference>","value":["502d585c4ade6bdf","5027bf37f6c27215","fa93afed226eb136"],"postInit":true},"m_eidParent":{"type":"SEntityTemplateReference","value":"c0ebbb1f0d81be91","postInit":true}}},"5a4fa83bd461fc43":{"parent":"c0ebbb1f0d81be91","name":"C_Spine1","factory":"[assembly:/templates/aspectdummy.aspect]([modules:/zclothcapsule.class].entitytype,[modules:/zboneattachaspect.class].entitytype).pc_entitytype","blueprint":"[assembly:/templates/aspectdummy.aspect]([modules:/zclothcapsule.class].entitytype,[modules:/zboneattachaspect.class].entitytype).pc_entityblueprint","properties":{"m_BoneName":{"type":"ZString","value":"Spine1"},"m_fRadiusX":{"type":"float32","value":0.18000000715255737},"m_fRadiusY":{"type":"float32","value":0.14000000059604645},"m_fTop":{"type":"float32","value":0.009999999776482582},"m_fBottom":{"type":"float32","value":0},"m_fRadiusZ":{"type":"float32","value":0.1899999976158142},"m_bEnableBottomRadii":{"type":"bool","value":false},"m_fRadiusXBottom":{"type":"float32","value":1},"m_fRadiusYBottom":{"type":"float32","value":1},"m_fRadiusZBottom":{"type":"float32","value":1},"m_mTransform":{"type":"SMatrix43","value":{"rotation":{"x":0,"y":0,"z":0},"position":{"x":-0.003000000026077032,"y":0.027000000700354576,"z":-0.0010000000474974513}}},"m_bEnabled":{"type":"bool","value":true},"m_linkedEntity":{"type":"SEntityTemplateReference","value":"571cbbe49887d0c1","postInit":true},"m_eidParent":{"type":"SEntityTemplateReference","value":"c0ebbb1f0d81be91","postInit":true}}},"dbc28b2cac50c890":{"parent":"c0ebbb1f0d81be91","name":"CChain01_Legs","factory":"[modules:/zclothspherechain.class].pc_entitytype","blueprint":"[modules:/zclothspherechain.class].pc_entityblueprint","properties":{"m_mTransform":{"type":"SMatrix43","value":{"rotation":{"x":0,"y":0,"z":0},"position":{"x":-0.0000001290655973207322,"y":0.000000002171457902377938,"z":0}}},"m_bCollisionGroup0":{"type":"bool","value":false},"m_bCollisionGroup1":{"type":"bool","value":true},"m_bEnabled":{"type":"bool","value":true},"m_Spheres":{"type":"TArray<SEntityTemplateReference>","value":["b78b87082b56d998","3173deb8ee266fff","8d86ee080b2e55d6"],"postInit":true},"m_eidParent":{"type":"SEntityTemplateReference","value":"c0ebbb1f0d81be91","postInit":true}}},"f3c35bc44ce23aee":{"parent":"571cbbe49887d0c1","name":"Mesh_String","factory":"[modules:/zbodypartentity.class].pc_entitytype","blueprint":"[modules:/zbodypartentity.class].pc_entityblueprint","properties":{"m_pMeshResource":{"type":"ZRuntimeResourceID","value":{"resource":"001C4FC3C311E08C","flag":"5F"}}}},"bbbee96a2f28bf67":{"parent":"3a5b90c9224d8dc1","name":"whiteninja_goggles","factory":"0045F13A3CCD7E24","blueprint":"0026F3B64F3DA0C9","properties":{"m_mTransform":{"type":"SMatrix43","value":{"rotation":{"x":0,"y":0,"z":0},"position":{"x":0,"y":0,"z":0}}},"ConstantVector1D_01_Value_op":{"type":"IRenderMaterialEntity.EModifierOperation","value":"eReplace"},"ConstantVector1D_04_Value_op":{"type":"IRenderMaterialEntity.EModifierOperation","value":"eReplace"},"Clients":{"type":"TArray<SEntityTemplateReference>","value":["3a5b90c9224d8dc1"],"postInit":true},"m_eidParent":{"type":"SEntityTemplateReference","value":"571cbbe49887d0c1","postInit":true}}},"6a9cb51ba0dca96":{"parent":"f3c35bc44ce23aee","name":"male_reg_ninja_string","factory":"[assembly:/_pro/characters/assets/individuals/hokkaido/ninja/materials/male_reg_ninja_string.mi].pc_entitytype","blueprint":"[assembly:/_pro/characters/assets/individuals/hokkaido/ninja/materials/male_reg_ninja_string.mi].pc_entityblueprint","properties":{"m_mTransform":{"type":"SMatrix43","value":{"rotation":{"x":0,"y":0,"z":0},"position":{"x":0,"y":0,"z":0}}},"Clients":{"type":"TArray<SEntityTemplateReference>","value":["f3c35bc44ce23aee"]},"Diffuse_Saturation_01_Value_op":{"type":"IRenderMaterialEntity.EModifierOperation","value":"eReplace"},"Diffuse_Saturation_01_Value":{"type":"float32","value":1},"ConstantVector1D_01_Value_op":{"type":"IRenderMaterialEntity.EModifierOperation","value":"eReplace"},"ConstantVector1D_01_Value":{"type":"float32","value":0.5},"Diffuse_Color_01_Value_op":{"type":"IRenderMaterialEntity.EModifierOperation","value":"eReplace"},"Diffuse_Color_01_Value":{"type":"SColorRGB","value":"#adadac"},"Texture2D_01":{"type":"ZRuntimeResourceID","value":{"resource":"[assembly:/_pro/characters/assets/individuals/hokkaido/ninja/textures/male_reg_ninja_string.texture?/diffuse_white.tex](ascolormap).pc_tex","flag":"5F"}},"Texture2D_01_enab":{"type":"bool","value":true},"m_eidParent":{"type":"SEntityTemplateReference","value":"571cbbe49887d0c1","postInit":true}}},"9505585221bf14c5":{"parent":"c0ebbb1f0d81be91","name":"C_Spine2","factory":"[assembly:/templates/aspectdummy.aspect]([modules:/zclothcapsule.class].entitytype,[modules:/zboneattachaspect.class].entitytype).pc_entitytype","blueprint":"[assembly:/templates/aspectdummy.aspect]([modules:/zclothcapsule.class].entitytype,[modules:/zboneattachaspect.class].entitytype).pc_entityblueprint","properties":{"m_BoneName":{"type":"ZString","value":"Spine2"},"m_fRadiusX":{"type":"float32","value":0.2199999988079071},"m_fRadiusY":{"type":"float32","value":0.15000000596046448},"m_fTop":{"type":"float32","value":0.009999999776482582},"m_fBottom":{"type":"float32","value":0},"m_fRadiusZ":{"type":"float32","value":0.20000000298023224},"m_bEnableBottomRadii":{"type":"bool","value":false},"m_fRadiusXBottom":{"type":"float32","value":1},"m_fRadiusYBottom":{"type":"float32","value":1},"m_fRadiusZBottom":{"type":"float32","value":1},"m_mTransform":{"type":"SMatrix43","value":{"rotation":{"x":0.13458789714711922,"y":0.009110027519166626,"z":7.750298935477406},"position":{"x":-0.016380000859498978,"y":0.02500000037252903,"z":-0.0010000000474974513}}},"m_bEnabled":{"type":"bool","value":true},"m_linkedEntity":{"type":"SEntityTemplateReference","value":"571cbbe49887d0c1","postInit":true},"m_eidParent":{"type":"SEntityTemplateReference","value":"c0ebbb1f0d81be91","postInit":true}}},"df368d0854e76da5":{"parent":"c0ebbb1f0d81be91","name":"C_ShoulderR","factory":"[assembly:/templates/aspectdummy.aspect]([modules:/zclothsphere.class].entitytype,[modules:/zboneattachaspect.class].entitytype).pc_entitytype","blueprint":"[assembly:/templates/aspectdummy.aspect]([modules:/zclothsphere.class].entitytype,[modules:/zboneattachaspect.class].entitytype).pc_entityblueprint","properties":{"m_fRadius":{"type":"float32","value":0.11500000208616257},"m_BoneName":{"type":"ZString","value":"R_Clavicle"},"m_mTransform":{"type":"SMatrix43","value":{"rotation":{"x":0,"y":0,"z":0},"position":{"x":0.14300000667572021,"y":0.012000000104308128,"z":-0.0020000000949949026}}},"m_bEnabled":{"type":"bool","value":true},"m_linkedEntity":{"type":"SEntityTemplateReference","value":"571cbbe49887d0c1","postInit":true},"m_eidParent":{"type":"SEntityTemplateReference","value":"c0ebbb1f0d81be91","postInit":true}}},"ebbcb34506aa30f2":{"parent":"c0ebbb1f0d81be91","name":"C_Hand_R","factory":"[assembly:/templates/aspectdummy.aspect]([modules:/zclothsphere.class].entitytype,[modules:/zboneattachaspect.class].entitytype).pc_entitytype","blueprint":"[assembly:/templates/aspectdummy.aspect]([modules:/zclothsphere.class].entitytype,[modules:/zboneattachaspect.class].entitytype).pc_entityblueprint","properties":{"m_fRadius":{"type":"float32","value":0.05000000074505806},"m_BoneName":{"type":"ZString","value":"R_Hand"},"m_mTransform":{"type":"SMatrix43","value":{"rotation":{"x":0,"y":0,"z":0},"position":{"x":0.1123398020863533,"y":0.024796010926365852,"z":0.003324999939650297}}},"m_bEnabled":{"type":"bool","value":false},"m_linkedEntity":{"type":"SEntityTemplateReference","value":"571cbbe49887d0c1","postInit":true},"m_eidParent":{"type":"SEntityTemplateReference","value":"c0ebbb1f0d81be91","postInit":true}}},"f4b1f23c2d1c1994":{"parent":"571cbbe49887d0c1","name":"Hand Diffuse","factory":"[modules:/zmathlerp.class].pc_entitytype","blueprint":"[modules:/zmathlerp.class].pc_entityblueprint","properties":{"m_A":{"type":"float32","value":6.119999885559082},"m_fT":{"type":"float32","value":0},"m_B":{"type":"float32","value":3.119999885559082}},"events":{"Lerp":{"ConstantVector1D_06_Value":["4906e6206b5803f4"],"ConstantVector1D_01_Value":["4906e6206b5803f4"]}}},"587a45d28b64e2eb":{"parent":"c0ebbb1f0d81be91","name":"C_TighMid_L","factory":"[assembly:/templates/aspectdummy.aspect]([modules:/zclothsphere.class].entitytype,[modules:/zboneattachaspect.class].entitytype).pc_entitytype","blueprint":"[assembly:/templates/aspectdummy.aspect]([modules:/zclothsphere.class].entitytype,[modules:/zboneattachaspect.class].entitytype).pc_entityblueprint","properties":{"m_fRadius":{"type":"float32","value":0.14000000059604645},"m_BoneName":{"type":"ZString","value":"LThighTwist1"},"m_mTransform":{"type":"SMatrix43","value":{"rotation":{"x":0,"y":0.019767042409995977,"z":0},"position":{"x":0.06485400348901749,"y":0.009108999744057655,"z":-0.005001999903470278}}},"m_bEnabled":{"type":"bool","value":true},"m_linkedEntity":{"type":"SEntityTemplateReference","value":"571cbbe49887d0c1","postInit":true},"m_eidParent":{"type":"SEntityTemplateReference","value":"c0ebbb1f0d81be91","postInit":true}}},"502d585c4ade6bdf":{"parent":"c0ebbb1f0d81be91","name":"C_Head_Top","factory":"[assembly:/templates/aspectdummy.aspect]([modules:/zclothsphere.class].entitytype,[modules:/zboneattachaspect.class].entitytype).pc_entitytype","blueprint":"[assembly:/templates/aspectdummy.aspect]([modules:/zclothsphere.class].entitytype,[modules:/zboneattachaspect.class].entitytype).pc_entityblueprint","properties":{"m_fRadius":{"type":"float32","value":0.10499999672174454},"m_BoneName":{"type":"ZString","value":"Head"},"m_mTransform":{"type":"SMatrix43","value":{"rotation":{"x":0,"y":0,"z":0},"position":{"x":0.08580199629068375,"y":0.02185400016605854,"z":0}}},"m_bEnabled":{"type":"bool","value":true},"m_linkedEntity":{"type":"SEntityTemplateReference","value":"571cbbe49887d0c1","postInit":true},"m_eidParent":{"type":"SEntityTemplateReference","value":"c0ebbb1f0d81be91","postInit":true}}},"b78b87082b56d998":{"parent":"c0ebbb1f0d81be91","name":"C_TighTop01_L","factory":"[assembly:/templates/aspectdummy.aspect]([modules:/zclothsphere.class].entitytype,[modules:/zboneattachaspect.class].entitytype).pc_entitytype","blueprint":"[assembly:/templates/aspectdummy.aspect]([modules:/zclothsphere.class].entitytype,[modules:/zboneattachaspect.class].entitytype).pc_entityblueprint","properties":{"m_fRadius":{"type":"float32","value":0.1599999964237213},"m_BoneName":{"type":"ZString","value":"LThighTwist"},"m_mTransform":{"type":"SMatrix43","value":{"rotation":{"x":0,"y":0.019767042409995977,"z":0},"position":{"x":0.02055400051176548,"y":0.008950999937951565,"z":0.045030999928712845}}},"m_bCollisionGroup0":{"type":"bool","value":false},"m_bCollisionGroup1":{"type":"bool","value":true},"m_bEnabled":{"type":"bool","value":true},"m_linkedEntity":{"type":"SEntityTemplateReference","value":"571cbbe49887d0c1","postInit":true},"m_eidParent":{"type":"SEntityTemplateReference","value":"c0ebbb1f0d81be91","postInit":true}}},"1ed22dbbe004a076":{"parent":"c0ebbb1f0d81be91","name":"C_Foot_R","factory":"[assembly:/templates/aspectdummy.aspect]([modules:/zclothsphere.class].entitytype,[modules:/zboneattachaspect.class].entitytype).pc_entitytype","blueprint":"[assembly:/templates/aspectdummy.aspect]([modules:/zclothsphere.class].entitytype,[modules:/zboneattachaspect.class].entitytype).pc_entityblueprint","properties":{"m_fRadius":{"type":"float32","value":0.10000000149011612},"m_BoneName":{"type":"ZString","value":"R_Foot"},"m_mTransform":{"type":"SMatrix43","value":{"rotation":{"x":0,"y":0,"z":0},"position":{"x":0,"y":-0.03858200088143349,"z":-0.000009999999747378752}}},"m_bEnabled":{"type":"bool","value":true},"m_bCollisionGroup0":{"type":"bool","value":true},"m_linkedEntity":{"type":"SEntityTemplateReference","value":"571cbbe49887d0c1","postInit":true},"m_eidParent":{"type":"SEntityTemplateReference","value":"c0ebbb1f0d81be91","postInit":true}}},"c60a8e2673607d22":{"parent":"c0ebbb1f0d81be91","name":"C_Tri_L","factory":"[assembly:/templates/aspectdummy.aspect]([modules:/zclothsphere.class].entitytype,[modules:/zboneattachaspect.class].entitytype).pc_entitytype","blueprint":"[assembly:/templates/aspectdummy.aspect]([modules:/zclothsphere.class].entitytype,[modules:/zboneattachaspect.class].entitytype).pc_entityblueprint","properties":{"m_fRadius":{"type":"float32","value":0.14000000059604645},"m_BoneName":{"type":"ZString","value":"LThighTwist1"},"m_mTransform":{"type":"SMatrix43","value":{"rotation":{"x":0,"y":0,"z":0},"position":{"x":0,"y":0,"z":0}}},"m_bEnabled":{"type":"bool","value":true},"m_bCollisionGroup0":{"type":"bool","value":false},"m_bCollisionGroup1":{"type":"bool","value":true},"m_linkedEntity":{"type":"SEntityTemplateReference","value":"571cbbe49887d0c1","postInit":true},"m_eidParent":{"type":"SEntityTemplateReference","value":"c0ebbb1f0d81be91","postInit":true}}},"4c386f3b846f992e":{"parent":"c0ebbb1f0d81be91","name":"C_TighTop_R","factory":"[assembly:/templates/aspectdummy.aspect]([modules:/zclothsphere.class].entitytype,[modules:/zboneattachaspect.class].entitytype).pc_entitytype","blueprint":"[assembly:/templates/aspectdummy.aspect]([modules:/zclothsphere.class].entitytype,[modules:/zboneattachaspect.class].entitytype).pc_entityblueprint","properties":{"m_fRadius":{"type":"float32","value":0.14499999582767487},"m_BoneName":{"type":"ZString","value":"RThighTwist"},"m_mTransform":{"type":"SMatrix43","value":{"rotation":{"x":0.01976704358638215,"y":0,"z":0},"position":{"x":0.03216399997472763,"y":0.015238000079989433,"z":-0.04583200067281723}}},"m_bEnabled":{"type":"bool","value":true},"m_linkedEntity":{"type":"SEntityTemplateReference","value":"571cbbe49887d0c1","postInit":true},"m_eidParent":{"type":"SEntityTemplateReference","value":"c0ebbb1f0d81be91","postInit":true}}},"88d68ea2296573f1":{"parent":"571cbbe49887d0c1","name":"Base Min","factory":"[modules:/zmathlerp.class].pc_entitytype","blueprint":"[modules:/zmathlerp.class].pc_entityblueprint","properties":{"m_A":{"type":"float32","value":0},"m_B":{"type":"float32","value":0.4699999988079071},"m_fT":{"type":"float32","value":0}},"events":{"Lerp":{"ConstantVector1D_04_Value":["c601a4261a41f0d4","6047e33dcd7797e","240349ffc9413301","48064df68cb32848","4906e6206b5803f4","a496fd1b9972746d","3a5b90c9224d8dc1"]}}},"fa93afed226eb136":{"parent":"c0ebbb1f0d81be91","name":"C_Neck","factory":"[assembly:/templates/aspectdummy.aspect]([modules:/zclothsphere.class].entitytype,[modules:/zboneattachaspect.class].entitytype).pc_entitytype","blueprint":"[assembly:/templates/aspectdummy.aspect]([modules:/zclothsphere.class].entitytype,[modules:/zboneattachaspect.class].entitytype).pc_entityblueprint","properties":{"m_fRadius":{"type":"float32","value":0.10000000149011612},"m_BoneName":{"type":"ZString","value":"Neck"},"m_mTransform":{"type":"SMatrix43","value":{"rotation":{"x":0,"y":0,"z":0},"position":{"x":-0.007079999893903732,"y":-0.010920999571681023,"z":0}}},"m_bEnabled":{"type":"bool","value":true},"m_linkedEntity":{"type":"SEntityTemplateReference","value":"571cbbe49887d0c1","postInit":true},"m_eidParent":{"type":"SEntityTemplateReference","value":"c0ebbb1f0d81be91","postInit":true}}},"ac100ae68817b29c":{"parent":"571cbbe49887d0c1","name":"Min Pants","factory":"[modules:/zmathlerp.class].pc_entitytype","blueprint":"[modules:/zmathlerp.class].pc_entityblueprint","properties":{"m_A":{"type":"float32","value":-0.75},"m_B":{"type":"float32","value":-0.6600000262260437},"m_fT":{"type":"float32","value":0}}},"444c14959030a31c":{"parent":"c0ebbb1f0d81be91","name":"C_Knee_L","factory":"[assembly:/templates/aspectdummy.aspect]([modules:/zclothsphere.class].entitytype,[modules:/zboneattachaspect.class].entitytype).pc_entitytype","blueprint":"[assembly:/templates/aspectdummy.aspect]([modules:/zclothsphere.class].entitytype,[modules:/zboneattachaspect.class].entitytype).pc_entityblueprint","properties":{"m_fRadius":{"type":"float32","value":0.11999999731779099},"m_BoneName":{"type":"ZString","value":"L_Calf"},"m_mTransform":{"type":"SMatrix43","value":{"rotation":{"x":0,"y":-0.019767042409995977,"z":0},"position":{"x":0.010483000427484512,"y":-0.02452000044286251,"z":-0.020560000091791153}}},"m_bEnabled":{"type":"bool","value":true},"m_linkedEntity":{"type":"SEntityTemplateReference","value":"571cbbe49887d0c1","postInit":true},"m_eidParent":{"type":"SEntityTemplateReference","value":"c0ebbb1f0d81be91","postInit":true}}},"5e21b54b56c05335":{"parent":"571cbbe49887d0c1","name":"Diffuse Pants","factory":"[modules:/zmathlerp.class].pc_entitytype","blueprint":"[modules:/zmathlerp.class].pc_entityblueprint","properties":{"m_A":{"type":"float32","value":0.5},"m_fT":{"type":"float32","value":0},"m_B":{"type":"float32","value":0.5699999928474426}}},"e712fd1a9928baf2":{"parent":"571cbbe49887d0c1","name":"Base Diffuse","factory":"[modules:/zmathlerp.class].pc_entitytype","blueprint":"[modules:/zmathlerp.class].pc_entityblueprint","properties":{"m_A":{"type":"float32","value":0.5},"m_fT":{"type":"float32","value":0},"m_B":{"type":"float32","value":0.23000000417232513}},"events":{"Lerp":{"ConstantVector1D_01_Value":["c601a4261a41f0d4","6047e33dcd7797e","240349ffc9413301","48064df68cb32848","a496fd1b9972746d","3a5b90c9224d8dc1"],"ConstantVector1D_06_Value":["240349ffc9413301"]}}},"3cabaf988c7496a4":{"parent":"a496fd1b9972746d","name":"male_reg_ninja_shoes","factory":"[assembly:/_pro/characters/assets/individuals/hokkaido/ninja/materials/male_reg_ninja_shoes.mi].pc_entitytype","blueprint":"[assembly:/_pro/characters/assets/individuals/hokkaido/ninja/materials/male_reg_ninja_shoes.mi].pc_entityblueprint","properties":{"m_mTransform":{"type":"SMatrix43","value":{"rotation":{"x":0,"y":0,"z":0},"position":{"x":0,"y":0,"z":0}}},"Texture2D_01_enab":{"type":"bool","value":true},"Texture2D_01":{"type":"ZRuntimeResourceID","value":{"resource":"[assembly:/_pro/characters/assets/individuals/hokkaido/ninja/textures/male_reg_ninja_shoes.texture?/diffuse_white.tex](ascolormap).pc_tex","flag":"5F"}},"ConstantVector1D_06_Value_op":{"type":"IRenderMaterialEntity.EModifierOperation","value":"eReplace"},"ConstantVector1D_01_Value_op":{"type":"IRenderMaterialEntity.EModifierOperation","value":"eReplace"},"ConstantVector1D_04_Value_op":{"type":"IRenderMaterialEntity.EModifierOperation","value":"eReplace"},"Clients":{"type":"TArray<SEntityTemplateReference>","value":["a496fd1b9972746d"],"postInit":true},"m_eidParent":{"type":"SEntityTemplateReference","value":"571cbbe49887d0c1","postInit":true}}},"55a7d176cfddf250":{"parent":"c0ebbb1f0d81be91","name":"C_Hand_L","factory":"[assembly:/templates/aspectdummy.aspect]([modules:/zclothsphere.class].entitytype,[modules:/zboneattachaspect.class].entitytype).pc_entitytype","blueprint":"[assembly:/templates/aspectdummy.aspect]([modules:/zclothsphere.class].entitytype,[modules:/zboneattachaspect.class].entitytype).pc_entityblueprint","properties":{"m_fRadius":{"type":"float32","value":0.07000000029802322},"m_BoneName":{"type":"ZString","value":"L_Hand"},"m_mTransform":{"type":"SMatrix43","value":{"rotation":{"x":0,"y":0,"z":0},"position":{"x":0.1120000034570694,"y":0.02500000037252903,"z":0.003000000026077032}}},"m_bEnabled":{"type":"bool","value":false},"m_linkedEntity":{"type":"SEntityTemplateReference","value":"571cbbe49887d0c1","postInit":true},"m_eidParent":{"type":"SEntityTemplateReference","value":"c0ebbb1f0d81be91","postInit":true}}},"a496fd1b9972746d":{"parent":"571cbbe49887d0c1","name":"Mesh_Shoes","factory":"[modules:/zbodypartentity.class].pc_entitytype","blueprint":"[modules:/zbodypartentity.class].pc_entityblueprint","properties":{"m_pMeshResource":{"type":"ZRuntimeResourceID","value":{"resource":"0039BCD197E4F557","flag":"5F"}}},"inputCopying":{"ConstantVector1D_06_Value":{"ConstantVector1D_06_Value":["3cabaf988c7496a4"]},"ConstantVector1D_04_Value":{"ConstantVector1D_04_Value":["3cabaf988c7496a4"]},"ConstantVector1D_01_Value":{"ConstantVector1D_01_Value":["3cabaf988c7496a4"]}}},"3173deb8ee266fff":{"parent":"c0ebbb1f0d81be91","name":"C_Pelvis","factory":"[assembly:/templates/aspectdummy.aspect]([modules:/zclothsphere.class].entitytype,[modules:/zboneattachaspect.class].entitytype).pc_entitytype","blueprint":"[assembly:/templates/aspectdummy.aspect]([modules:/zclothsphere.class].entitytype,[modules:/zboneattachaspect.class].entitytype).pc_entityblueprint","properties":{"m_fRadius":{"type":"float32","value":0.14000000059604645},"m_BoneName":{"type":"ZString","value":"Pelvis"},"m_mTransform":{"type":"SMatrix43","value":{"rotation":{"x":-0.06250973638926272,"y":0.052368348364419594,"z":-0.06852576615092817},"position":{"x":-0.014000000432133675,"y":0.015922000631690025,"z":0.004999999888241291}}},"m_bEnabled":{"type":"bool","value":false},"m_linkedEntity":{"type":"SEntityTemplateReference","value":"571cbbe49887d0c1","postInit":true},"m_eidParent":{"type":"SEntityTemplateReference","value":"c0ebbb1f0d81be91","postInit":true}}},"b05f51a0a00395e3":{"parent":"c0ebbb1f0d81be91","name":"CChain_RightArm","factory":"[modules:/zclothspherechain.class].pc_entitytype","blueprint":"[modules:/zclothspherechain.class].pc_entityblueprint","properties":{"m_mTransform":{"type":"SMatrix43","value":{"rotation":{"x":0,"y":0,"z":0},"position":{"x":-0.0000001290655973207322,"y":0.000000002171457902377938,"z":0}}},"m_bCollisionGroup0":{"type":"bool","value":true},"m_bCollisionGroup1":{"type":"bool","value":false},"m_bEnabled":{"type":"bool","value":true},"m_Spheres":{"type":"TArray<SEntityTemplateReference>","value":["fa93afed226eb136","df368d0854e76da5","6a81d952e8be184d","ebbcb34506aa30f2"],"postInit":true},"m_eidParent":{"type":"SEntityTemplateReference","value":"c0ebbb1f0d81be91","postInit":true}}},"6a81d952e8be184d":{"parent":"c0ebbb1f0d81be91","name":"C_Elbow_R","factory":"[assembly:/templates/aspectdummy.aspect]([modules:/zclothsphere.class].entitytype,[modules:/zboneattachaspect.class].entitytype).pc_entitytype","blueprint":"[assembly:/templates/aspectdummy.aspect]([modules:/zclothsphere.class].entitytype,[modules:/zboneattachaspect.class].entitytype).pc_entityblueprint","properties":{"m_fRadius":{"type":"float32","value":0.05000000074505806},"m_BoneName":{"type":"ZString","value":"R_ForeTwist"},"m_mTransform":{"type":"SMatrix43","value":{"rotation":{"x":0,"y":0,"z":0},"position":{"x":-0.004000000189989805,"y":-0.009999999776482582,"z":0.00800000037997961}}},"m_bEnabled":{"type":"bool","value":false},"m_linkedEntity":{"type":"SEntityTemplateReference","value":"571cbbe49887d0c1","postInit":true},"m_eidParent":{"type":"SEntityTemplateReference","value":"c0ebbb1f0d81be91","postInit":true}}},"571cbbe49887d0c1":{"parent":null,"name":"OUTFIT_Agent47_Global_WhiteNinja_HeroA_V0","factory":"00C0753FBF784C66","blueprint":"007294473357329E","properties":{"m_mTransform":{"type":"SMatrix43","value":{"rotation":{"x":0,"y":0,"z":-3.5695436896415043},"position":{"x":42.62554931640625,"y":33.95989990234375,"z":0.00016799999866634607}}},"m_pBonesAndCollisionResource":{"type":"ZRuntimeResourceID","value":{"resource":"0017416135CF879C","flag":"5F"}},"m_aBodyParts":{"type":"TArray<SEntityTemplateReference>","value":["3a5b90c9224d8dc1","4906e6206b5803f4","240349ffc9413301","48064df68cb32848","f3c35bc44ce23aee","c601a4261a41f0d4","6047e33dcd7797e","a496fd1b9972746d","5cf9989ab9839eb6"],"postInit":true},"m_LocalColliders":{"type":"TArray<SEntityTemplateReference>","value":["c0ebbb1f0d81be91"],"postInit":true}}},"2b7eb5bfd44bffd5":{"parent":"c0ebbb1f0d81be91","name":"CChain_LeftArm","factory":"[modules:/zclothspherechain.class].pc_entitytype","blueprint":"[modules:/zclothspherechain.class].pc_entityblueprint","properties":{"m_mTransform":{"type":"SMatrix43","value":{"rotation":{"x":0,"y":0,"z":0},"position":{"x":-0.00000016075250641733874,"y":0.0000000035905429740523687,"z":0}}},"m_bCollisionGroup1":{"type":"bool","value":false},"m_bCollisionGroup0":{"type":"bool","value":true},"m_bEnabled":{"type":"bool","value":true},"m_Spheres":{"type":"TArray<SEntityTemplateReference>","value":["55a7d176cfddf250","b8d5e9f566608b29","2b6510e2dac9b3aa","fa93afed226eb136"],"postInit":true},"m_eidParent":{"type":"SEntityTemplateReference","value":"c0ebbb1f0d81be91","postInit":true}}},"9423b07b1cbf33ab":{"parent":"c0ebbb1f0d81be91","name":"C_Foot_L","factory":"[assembly:/templates/aspectdummy.aspect]([modules:/zclothsphere.class].entitytype,[modules:/zboneattachaspect.class].entitytype).pc_entitytype","blueprint":"[assembly:/templates/aspectdummy.aspect]([modules:/zclothsphere.class].entitytype,[modules:/zboneattachaspect.class].entitytype).pc_entityblueprint","properties":{"m_fRadius":{"type":"float32","value":0.10000000149011612},"m_BoneName":{"type":"ZString","value":"L_Foot"},"m_linkedEntity":{"type":"SEntityTemplateReference","value":"571cbbe49887d0c1"},"m_mTransform":{"type":"SMatrix43","value":{"rotation":{"x":0,"y":0,"z":0},"position":{"x":0,"y":-0.03858200088143349,"z":0.000009999999747378752}}},"m_bCollisionGroup0":{"type":"bool","value":true},"m_bEnabled":{"type":"bool","value":true},"m_eidParent":{"type":"SEntityTemplateReference","value":"c0ebbb1f0d81be91","postInit":true}}},"3a5b90c9224d8dc1":{"parent":"571cbbe49887d0c1","name":"Mesh_Goggles","factory":"[modules:/zbodypartentity.class].pc_entitytype","blueprint":"[modules:/zbodypartentity.class].pc_entityblueprint","properties":{"m_pMeshResource":{"type":"ZRuntimeResourceID","value":{"resource":"006E6984865E6E64","flag":"5F"}},"m_IsHiddenInVR":{"type":"bool","value":true}},"inputCopying":{"ConstantVector1D_04_Value":{"ConstantVector1D_04_Value":["bbbee96a2f28bf67"]},"ConstantVector1D_01_Value":{"ConstantVector1D_01_Value":["bbbee96a2f28bf67"]}}},"b619c1c8cc33d7d3":{"parent":"571cbbe49887d0c1","name":"FX_Hitman_Wet_Logic_Character_01","factory":"0067CFB703A80787","blueprint":"00AA88C960CD2080","properties":{"HeadMaterialToOverride":{"type":"ZRuntimeResourceID","value":{"resource":"009F7978C601815A","flag":"5F"}}},"events":{"HitmanWetness":{"T":["5b47f2ac624652e4","88d68ea2296573f1","e712fd1a9928baf2","5e21b54b56c05335","ac100ae68817b29c","f4b1f23c2d1c1994"]}}},"4d954949661f19b5":{"parent":"48064df68cb32848","name":"male_reg_ninja_belt","factory":"[assembly:/_pro/characters/assets/individuals/hokkaido/ninja/materials/male_reg_ninja_belt.mi].pc_entitytype","blueprint":"[assembly:/_pro/characters/assets/individuals/hokkaido/ninja/materials/male_reg_ninja_belt.mi].pc_entityblueprint","properties":{"m_mTransform":{"type":"SMatrix43","value":{"rotation":{"x":0,"y":0,"z":0},"position":{"x":0,"y":0,"z":0}}},"Texture2D_01_enab":{"type":"bool","value":true},"Texture2D_01":{"type":"ZRuntimeResourceID","value":{"resource":"[assembly:/_pro/characters/assets/individuals/hokkaido/ninja/textures/male_reg_ninja_belt.texture?/diffuse_white.tex](ascolormap).pc_tex","flag":"5F"}},"ConstantVector1D_06_Value_op":{"type":"IRenderMaterialEntity.EModifierOperation","value":"eReplace"},"ConstantVector1D_04_Value_op":{"type":"IRenderMaterialEntity.EModifierOperation","value":"eReplace"},"ConstantVector1D_01_Value_op":{"type":"IRenderMaterialEntity.EModifierOperation","value":"eReplace"},"m_eidParent":{"type":"SEntityTemplateReference","value":"571cbbe49887d0c1"},"Clients":{"type":"TArray<SEntityTemplateReference>","value":["48064df68cb32848"],"postInit":true}}},"48064df68cb32848":{"parent":"571cbbe49887d0c1","name":"Mesh_Belt","factory":"[modules:/zbodypartentity.class].pc_entitytype","blueprint":"[modules:/zbodypartentity.class].pc_entityblueprint","properties":{"m_pMeshResource":{"type":"ZRuntimeResourceID","value":{"resource":"00EFBB28AE9BB42D","flag":"5F"}}},"inputCopying":{"ConstantVector1D_06_Value":{"ConstantVector1D_06_Value":["4d954949661f19b5"]},"ConstantVector1D_01_Value":{"ConstantVector1D_01_Value":["4d954949661f19b5"]},"ConstantVector1D_04_Value":{"ConstantVector1D_04_Value":["4d954949661f19b5"]}}},"da49840802c663cf":{"parent":"c0ebbb1f0d81be91","name":"C_TighMid_R","factory":"[assembly:/templates/aspectdummy.aspect]([modules:/zclothsphere.class].entitytype,[modules:/zboneattachaspect.class].entitytype).pc_entitytype","blueprint":"[assembly:/templates/aspectdummy.aspect]([modules:/zclothsphere.class].entitytype,[modules:/zboneattachaspect.class].entitytype).pc_entityblueprint","properties":{"m_fRadius":{"type":"float32","value":0.14000000059604645},"m_BoneName":{"type":"ZString","value":"RThighTwist1"},"m_linkedEntity":{"type":"SEntityTemplateReference","value":"571cbbe49887d0c1"},"m_mTransform":{"type":"SMatrix43","value":{"rotation":{"x":0.01976704358638215,"y":0,"z":0},"position":{"x":0.061622001230716705,"y":0.005229999776929617,"z":0.013539999723434448}}},"m_bEnabled":{"type":"bool","value":true},"m_eidParent":{"type":"SEntityTemplateReference","value":"c0ebbb1f0d81be91","postInit":true}}},"5bdd6d1c35788e33":{"parent":"c0ebbb1f0d81be91","name":"CChain01_Tri","factory":"[modules:/zclothspherechain.class].pc_entitytype","blueprint":"[modules:/zclothspherechain.class].pc_entityblueprint","properties":{"m_Spheres":{"type":"TArray<SEntityTemplateReference>","value":["c60a8e2673607d22","620ef30a9f869381","6301d32928ce4b22"]},"m_mTransform":{"type":"SMatrix43","value":{"rotation":{"x":0,"y":0,"z":0},"position":{"x":-0.0000001290655973207322,"y":0.000000002171457902377938,"z":0}}},"m_bCollisionGroup0":{"type":"bool","value":false},"m_bCollisionGroup1":{"type":"bool","value":true},"m_bEnabled":{"type":"bool","value":true},"m_bSphereTriangles":{"type":"bool","value":true},"m_eidParent":{"type":"SEntityTemplateReference","value":"c0ebbb1f0d81be91","postInit":true}}},"fe9818f4c1ce330":{"parent":"240349ffc9413301","name":"male_reg_ninja_hood","factory":"[assembly:/_pro/characters/assets/individuals/hokkaido/ninja/materials/male_reg_ninja_hood.mi].pc_entitytype","blueprint":"[assembly:/_pro/characters/assets/individuals/hokkaido/ninja/materials/male_reg_ninja_hood.mi].pc_entityblueprint","properties":{"m_mTransform":{"type":"SMatrix43","value":{"rotation":{"x":0,"y":0,"z":0},"position":{"x":0,"y":0,"z":0}}},"ConstantVector1D_01_Value_op":{"type":"IRenderMaterialEntity.EModifierOperation","value":"eReplace"},"ConstantVector1D_01_Value":{"type":"float32","value":0.5},"Diffuse_Saturation_01_Value_op":{"type":"IRenderMaterialEntity.EModifierOperation","value":"eReplace"},"Diffuse_Saturation_01_Value":{"type":"float32","value":1},"Texture2D_01":{"type":"ZRuntimeResourceID","value":{"resource":"[assembly:/_pro/characters/assets/individuals/hokkaido/ninja/textures/male_reg_ninja_hood.texture?/diffuse_white.tex](ascolormap).pc_tex","flag":"5F"}},"Texture2D_01_enab":{"type":"bool","value":true},"Diffuse_Color_01_Value":{"type":"SColorRGB","value":"#e3e3e3"},"Diffuse_Color_01_Value_op":{"type":"IRenderMaterialEntity.EModifierOperation","value":"eReplace"},"ConstantVector1D_06_Value_op":{"type":"IRenderMaterialEntity.EModifierOperation","value":"eReplace"},"ConstantVector1D_04_Value_op":{"type":"IRenderMaterialEntity.EModifierOperation","value":"eReplace"},"m_eidParent":{"type":"SEntityTemplateReference","value":"571cbbe49887d0c1"},"Clients":{"type":"TArray<SEntityTemplateReference>","value":["240349ffc9413301"],"postInit":true}}},"240349ffc9413301":{"parent":"571cbbe49887d0c1","name":"Mesh_Hood","factory":"[modules:/zbodypartentity.class].pc_entitytype","blueprint":"[modules:/zbodypartentity.class].pc_entityblueprint","properties":{"m_pMeshResource":{"type":"ZRuntimeResourceID","value":{"resource":"00E4FE7C797C378A","flag":"5F"}},"m_IsHiddenInVR":{"type":"bool","value":true}},"inputCopying":{"ConstantVector1D_04_Value":{"ConstantVector1D_04_Value":["fe9818f4c1ce330"]},"ConstantVector1D_06_Value":{"ConstantVector1D_06_Value":["fe9818f4c1ce330"]},"ConstantVector1D_01_Value":{"ConstantVector1D_01_Value":["fe9818f4c1ce330"]}}},"5b47f2ac624652e4":{"parent":"571cbbe49887d0c1","name":"Base Normal Bump Scale","factory":"[modules:/zmathlerp.class].pc_entitytype","blueprint":"[modules:/zmathlerp.class].pc_entityblueprint","properties":{"m_A":{"type":"float32","value":1},"m_fT":{"type":"float32","value":0},"m_B":{"type":"float32","value":1.3600000143051147}},"events":{"Lerp":{"ConstantVector1D_06_Value":["c601a4261a41f0d4","6047e33dcd7797e","240349ffc9413301","48064df68cb32848","a496fd1b9972746d"]}}},"c05a5492884d4efe":{"parent":"6047e33dcd7797e","name":"male_reg_ninja_pants","factory":"[assembly:/_pro/characters/assets/individuals/hokkaido/ninja/materials/male_reg_ninja_pants.mi].pc_entitytype","blueprint":"[assembly:/_pro/characters/assets/individuals/hokkaido/ninja/materials/male_reg_ninja_pants.mi].pc_entityblueprint","properties":{"m_mTransform":{"type":"SMatrix43","value":{"rotation":{"x":0,"y":0,"z":0},"position":{"x":0,"y":0,"z":0}}},"Texture2D_01":{"type":"ZRuntimeResourceID","value":{"resource":"[assembly:/_pro/characters/assets/individuals/hokkaido/ninja/textures/male_reg_ninja_pants.texture?/diffuse_white.tex](ascolormap).pc_tex","flag":"5F"}},"Texture2D_01_enab":{"type":"bool","value":true},"Diffuse_Saturation_01_Value_op":{"type":"IRenderMaterialEntity.EModifierOperation","value":"eReplace"},"Diffuse_Saturation_01_Value":{"type":"float32","value":0},"ConstantVector1D_04_Value_op":{"type":"IRenderMaterialEntity.EModifierOperation","value":"eReplace"},"ConstantVector1D_01_Value_op":{"type":"IRenderMaterialEntity.EModifierOperation","value":"eReplace"},"ConstantVector1D_06_Value_op":{"type":"IRenderMaterialEntity.EModifierOperation","value":"eReplace"},"m_eidParent":{"type":"SEntityTemplateReference","value":"571cbbe49887d0c1"},"Clients":{"type":"TArray<SEntityTemplateReference>","value":["6047e33dcd7797e"],"postInit":true}}},"6047e33dcd7797e":{"parent":"571cbbe49887d0c1","name":"Mesh_Pants","factory":"[modules:/zbodypartentity.class].pc_entitytype","blueprint":"[modules:/zbodypartentity.class].pc_entityblueprint","properties":{"m_pMeshResource":{"type":"ZRuntimeResourceID","value":{"resource":"00554EFE749500CE","flag":"5F"}}},"inputCopying":{"ConstantVector1D_04_Value":{"ConstantVector1D_04_Value":["c05a5492884d4efe"]},"ConstantVector1D_01_Value":{"ConstantVector1D_01_Value":["c05a5492884d4efe"]},"ConstantVector1D_06_Value":{"ConstantVector1D_06_Value":["c05a5492884d4efe"]}}},"372fdbf60ec3ebb6":{"parent":"c0ebbb1f0d81be91","name":"C_Knee_R","factory":"[assembly:/templates/aspectdummy.aspect]([modules:/zclothsphere.class].entitytype,[modules:/zboneattachaspect.class].entitytype).pc_entitytype","blueprint":"[assembly:/templates/aspectdummy.aspect]([modules:/zclothsphere.class].entitytype,[modules:/zboneattachaspect.class].entitytype).pc_entityblueprint","properties":{"m_fRadius":{"type":"float32","value":0.11999999731779099},"m_BoneName":{"type":"ZString","value":"R_Calf"},"m_linkedEntity":{"type":"SEntityTemplateReference","value":"571cbbe49887d0c1"},"m_mTransform":{"type":"SMatrix43","value":{"rotation":{"x":0,"y":-0.019767042409995977,"z":0},"position":{"x":0.010417000390589237,"y":-0.02453099936246872,"z":0.035117000341415405}}},"m_bEnabled":{"type":"bool","value":true},"m_eidParent":{"type":"SEntityTemplateReference","value":"c0ebbb1f0d81be91","postInit":true}}},"5cf9989ab9839eb6":{"parent":"571cbbe49887d0c1","name":"Mesh_Fishnet","factory":"[modules:/zbodypartentity.class].pc_entitytype","blueprint":"[modules:/zbodypartentity.class].pc_entityblueprint","properties":{"m_pMeshResource":{"type":"ZRuntimeResourceID","value":{"resource":"006AECE2160853EA","flag":"5F"}}}},"b8d5e9f566608b29":{"parent":"c0ebbb1f0d81be91","name":"C_Elbow_L","factory":"[assembly:/templates/aspectdummy.aspect]([modules:/zclothsphere.class].entitytype,[modules:/zboneattachaspect.class].entitytype).pc_entitytype","blueprint":"[assembly:/templates/aspectdummy.aspect]([modules:/zclothsphere.class].entitytype,[modules:/zboneattachaspect.class].entitytype).pc_entityblueprint","properties":{"m_fRadius":{"type":"float32","value":0.05000000074505806},"m_BoneName":{"type":"ZString","value":"L_ForeTwist"},"m_linkedEntity":{"type":"SEntityTemplateReference","value":"571cbbe49887d0c1"},"m_mTransform":{"type":"SMatrix43","value":{"rotation":{"x":0,"y":0,"z":0},"position":{"x":-0.008999999612569809,"y":-0.010999999940395355,"z":-0.014000000432133675}}},"m_bEnabled":{"type":"bool","value":false},"m_eidParent":{"type":"SEntityTemplateReference","value":"c0ebbb1f0d81be91","postInit":true}}},"629bc7db5607900d":{"parent":"c0ebbb1f0d81be91","name":"C_Spine","factory":"[assembly:/templates/aspectdummy.aspect]([modules:/zclothcapsule.class].entitytype,[modules:/zboneattachaspect.class].entitytype).pc_entitytype","blueprint":"[assembly:/templates/aspectdummy.aspect]([modules:/zclothcapsule.class].entitytype,[modules:/zboneattachaspect.class].entitytype).pc_entityblueprint","properties":{"m_BoneName":{"type":"ZString","value":"Spine"},"m_linkedEntity":{"type":"SEntityTemplateReference","value":"571cbbe49887d0c1"},"m_fRadiusX":{"type":"float32","value":0.18000000715255737},"m_fRadiusY":{"type":"float32","value":0.13500000536441803},"m_fTop":{"type":"float32","value":0.009999999776482582},"m_fBottom":{"type":"float32","value":0},"m_fRadiusZ":{"type":"float32","value":0.1979999989271164},"m_bEnableBottomRadii":{"type":"bool","value":false},"m_fRadiusXBottom":{"type":"float32","value":1},"m_fRadiusYBottom":{"type":"float32","value":1},"m_fRadiusZBottom":{"type":"float32","value":1},"m_mTransform":{"type":"SMatrix43","value":{"rotation":{"x":0,"y":0,"z":0},"position":{"x":0,"y":0.03200000151991844,"z":-0.0010000000474974513}}},"m_bEnabled":{"type":"bool","value":true},"m_eidParent":{"type":"SEntityTemplateReference","value":"c0ebbb1f0d81be91","postInit":true}}},"5027bf37f6c27215":{"parent":"c0ebbb1f0d81be91","name":"C_Head_Lower","factory":"[assembly:/templates/aspectdummy.aspect]([modules:/zclothsphere.class].entitytype,[modules:/zboneattachaspect.class].entitytype).pc_entitytype","blueprint":"[assembly:/templates/aspectdummy.aspect]([modules:/zclothsphere.class].entitytype,[modules:/zboneattachaspect.class].entitytype).pc_entityblueprint","properties":{"m_fRadius":{"type":"float32","value":0.10000000149011612},"m_BoneName":{"type":"ZString","value":"Head"},"m_mTransform":{"type":"SMatrix43","value":{"rotation":{"x":0,"y":0,"z":0},"position":{"x":0.018286999315023422,"y":0.03781700134277344,"z":-0.0000009999999974752427}}},"m_linkedEntity":{"type":"SEntityTemplateReference","value":"571cbbe49887d0c1"},"m_bEnabled":{"type":"bool","value":true},"m_eidParent":{"type":"SEntityTemplateReference","value":"c0ebbb1f0d81be91","postInit":true}}},"d499a4c37be1de2a":{"parent":"c0ebbb1f0d81be91","name":"CChain_Legs","factory":"[modules:/zclothspherechain.class].pc_entitytype","blueprint":"[modules:/zclothspherechain.class].pc_entityblueprint","properties":{"m_Spheres":{"type":"TArray<SEntityTemplateReference>","value":["1ed22dbbe004a076","372fdbf60ec3ebb6","da49840802c663cf","4c386f3b846f992e","3173deb8ee266fff","328580ad60b2729a","587a45d28b64e2eb","444c14959030a31c","9423b07b1cbf33ab"]},"m_mTransform":{"type":"SMatrix43","value":{"rotation":{"x":0,"y":0,"z":0},"position":{"x":-0.0000001290655973207322,"y":0.000000002171457902377938,"z":0}}},"m_bEnabled":{"type":"bool","value":true},"m_eidParent":{"type":"SEntityTemplateReference","value":"c0ebbb1f0d81be91","postInit":true}}},"8d86ee080b2e55d6":{"parent":"c0ebbb1f0d81be91","name":"C_TighTop01_R","factory":"[assembly:/templates/aspectdummy.aspect]([modules:/zclothsphere.class].entitytype,[modules:/zboneattachaspect.class].entitytype).pc_entitytype","blueprint":"[assembly:/templates/aspectdummy.aspect]([modules:/zclothsphere.class].entitytype,[modules:/zboneattachaspect.class].entitytype).pc_entityblueprint","properties":{"m_fRadius":{"type":"float32","value":0.1599999964237213},"m_BoneName":{"type":"ZString","value":"RThighTwist"},"m_linkedEntity":{"type":"SEntityTemplateReference","value":"571cbbe49887d0c1"},"m_mTransform":{"type":"SMatrix43","value":{"rotation":{"x":0.01976704358638215,"y":0,"z":0},"position":{"x":0.023031000047922134,"y":0.008980999700725079,"z":-0.039236001670360565}}},"m_bCollisionGroup0":{"type":"bool","value":false},"m_bCollisionGroup1":{"type":"bool","value":true},"m_bEnabled":{"type":"bool","value":true},"m_eidParent":{"type":"SEntityTemplateReference","value":"c0ebbb1f0d81be91","postInit":true}}},"c0ebbb1f0d81be91":{"parent":"571cbbe49887d0c1","name":"MaleReg_Ninja_Collider","factory":"[modules:/zcompositeentity.class].pc_entitytype","blueprint":"[modules:/zcompositeentity.class].pc_entityblueprint","properties":{"m_mTransform":{"type":"SMatrix43","value":{"rotation":{"x":1.3624735454248467,"y":-0.8151746746797643,"z":-0.5249833655902912},"position":{"x":1.4372869729995728,"y":-0.9129344820976257,"z":-0.11806300282478333}}},"m_linkedEntity":{"type":"SEntityTemplateReference","value":"571cbbe49887d0c1"},"m_eidParent":{"type":"SEntityTemplateReference","value":"571cbbe49887d0c1"}},"propertyAliases":{"m_linkedEntity":[{"originalProperty":"m_linkedEntity","originalEntity":"55a7d176cfddf250"},{"originalProperty":"m_linkedEntity","originalEntity":"b8d5e9f566608b29"},{"originalProperty":"m_linkedEntity","originalEntity":"6a81d952e8be184d"},{"originalProperty":"m_linkedEntity","originalEntity":"9423b07b1cbf33ab"},{"originalProperty":"m_linkedEntity","originalEntity":"1ed22dbbe004a076"},{"originalProperty":"m_linkedEntity","originalEntity":"df368d0854e76da5"},{"originalProperty":"m_linkedEntity","originalEntity":"ebbcb34506aa30f2"},{"originalProperty":"m_linkedEntity","originalEntity":"629bc7db5607900d"},{"originalProperty":"m_linkedEntity","originalEntity":"444c14959030a31c"},{"originalProperty":"m_linkedEntity","originalEntity":"5a4fa83bd461fc43"},{"originalProperty":"m_linkedEntity","originalEntity":"372fdbf60ec3ebb6"},{"originalProperty":"m_linkedEntity","originalEntity":"9505585221bf14c5"},{"originalProperty":"m_linkedEntity","originalEntity":"3173deb8ee266fff"},{"originalProperty":"m_linkedEntity","originalEntity":"2b6510e2dac9b3aa"},{"originalProperty":"m_linkedEntity","originalEntity":"587a45d28b64e2eb"},{"originalProperty":"m_linkedEntity","originalEntity":"da49840802c663cf"},{"originalProperty":"m_linkedEntity","originalEntity":"4c386f3b846f992e"},{"originalProperty":"m_linkedEntity","originalEntity":"328580ad60b2729a"},{"originalProperty":"m_linkedEntity","originalEntity":"502d585c4ade6bdf"},{"originalProperty":"m_linkedEntity","originalEntity":"5027bf37f6c27215"},{"originalProperty":"m_linkedEntity","originalEntity":"fa93afed226eb136"},{"originalProperty":"m_linkedEntity","originalEntity":"8d86ee080b2e55d6"},{"originalProperty":"m_linkedEntity","originalEntity":"b78b87082b56d998"},{"originalProperty":"m_linkedEntity","originalEntity":"c60a8e2673607d22"},{"originalProperty":"m_linkedEntity","originalEntity":"620ef30a9f869381"},{"originalProperty":"m_linkedEntity","originalEntity":"6301d32928ce4b22"}],"Neck_Radius":[{"originalProperty":"m_fRadius","originalEntity":"fa93afed226eb136"}],"Head_Low_Radius":[{"originalProperty":"m_fRadius","originalEntity":"5027bf37f6c27215"}],"Head_Top_Radius":[{"originalProperty":"m_fRadius","originalEntity":"502d585c4ade6bdf"}],"Head_Top_Position":[{"originalProperty":"m_mTransform","originalEntity":"502d585c4ade6bdf"}],"Hand_R_Radius":[{"originalProperty":"m_fRadius","originalEntity":"ebbcb34506aa30f2"}],"Hand_L_Radius":[{"originalProperty":"m_fRadius","originalEntity":"55a7d176cfddf250"}],"Elbow_R_Radius":[{"originalProperty":"m_fRadius","originalEntity":"6a81d952e8be184d"}],"Elbow_L_Radius":[{"originalProperty":"m_fRadius","originalEntity":"b8d5e9f566608b29"}],"Shoulder_R_Radius":[{"originalProperty":"m_fRadius","originalEntity":"df368d0854e76da5"}],"Head_Low_Position":[{"originalProperty":"m_mTransform","originalEntity":"5027bf37f6c27215"}],"Shoulder_L_Radius":[{"originalProperty":"m_fRadius","originalEntity":"2b6510e2dac9b3aa"}],"Neck_Position":[{"originalProperty":"m_mTransform","originalEntity":"fa93afed226eb136"}],"Shoulder_L_Position":[{"originalProperty":"m_mTransform","originalEntity":"2b6510e2dac9b3aa"}],"Shoulder_R_Position":[{"originalProperty":"m_mTransform","originalEntity":"df368d0854e76da5"}],"Elbow_L_Position":[{"originalProperty":"m_mTransform","originalEntity":"b8d5e9f566608b29"}],"Elbow_R_Position":[{"originalProperty":"m_mTransform","originalEntity":"6a81d952e8be184d"}],"Hand_L_Position":[{"originalProperty":"m_mTransform","originalEntity":"55a7d176cfddf250"}],"Hand_R_Position":[{"originalProperty":"m_mTransform","originalEntity":"ebbcb34506aa30f2"}],"Spine_Top_Position":[{"originalProperty":"m_mTransform","originalEntity":"9505585221bf14c5"}],"Spine_Mid_Position":[{"originalProperty":"m_mTransform","originalEntity":"5a4fa83bd461fc43"}],"Spine_Low_Position":[{"originalProperty":"m_mTransform","originalEntity":"629bc7db5607900d"}],"Pelvis_Position":[{"originalProperty":"m_mTransform","originalEntity":"3173deb8ee266fff"}],"Thigh_Top_L_Position":[{"originalProperty":"m_mTransform","originalEntity":"328580ad60b2729a"}],"Thigh_Top_R_Position":[{"originalProperty":"m_mTransform","originalEntity":"4c386f3b846f992e"}],"Thigh_Mid_L_Position":[{"originalProperty":"m_mTransform","originalEntity":"587a45d28b64e2eb"}],"Thigh_Mid_R_Position":[{"originalProperty":"m_mTransform","originalEntity":"da49840802c663cf"}],"Knee_L_Position":[{"originalProperty":"m_mTransform","originalEntity":"444c14959030a31c"}],"Knee_R_Position":[{"originalProperty":"m_mTransform","originalEntity":"372fdbf60ec3ebb6"}],"Foot_L_Position":[{"originalProperty":"m_mTransform","originalEntity":"9423b07b1cbf33ab"}],"Foot_R_Position":[{"originalProperty":"m_mTransform","originalEntity":"1ed22dbbe004a076"}],"Spine_Top_RadiusX":[{"originalProperty":"m_fRadiusX","originalEntity":"9505585221bf14c5"}],"Spine_Top_RadiusY":[{"originalProperty":"m_fRadiusY","originalEntity":"9505585221bf14c5"}],"Spine_Top_RadiusZ":[{"originalProperty":"m_fRadiusZ","originalEntity":"9505585221bf14c5"}],"Spine_Mid_RadiusX":[{"originalProperty":"m_fRadiusX","originalEntity":"5a4fa83bd461fc43"}],"Spine_Mid_RadiusY":[{"originalProperty":"m_fRadiusY","originalEntity":"5a4fa83bd461fc43"}],"Spine_Mid_RadiusZ":[{"originalProperty":"m_fRadiusZ","originalEntity":"5a4fa83bd461fc43"}],"Spine_Low_RadiusX":[{"originalProperty":"m_fRadiusX","originalEntity":"629bc7db5607900d"}],"Spine_Low_RadiusY":[{"originalProperty":"m_fRadiusY","originalEntity":"629bc7db5607900d"}],"Spine_Low_RadiusZ":[{"originalProperty":"m_fRadiusZ","originalEntity":"629bc7db5607900d"}],"Pelvis_Radius":[{"originalProperty":"m_fRadius","originalEntity":"3173deb8ee266fff"}],"Thigh_Top_L_Radius":[{"originalProperty":"m_fRadius","originalEntity":"328580ad60b2729a"}],"Thigh_Top_R_Radius":[{"originalProperty":"m_fRadius","originalEntity":"4c386f3b846f992e"}],"Thigh_Mid_L_Radius":[{"originalProperty":"m_fRadius","originalEntity":"587a45d28b64e2eb"}],"Thigh_Mid_R_Radius":[{"originalProperty":"m_fRadius","originalEntity":"da49840802c663cf"}],"Knee_L_Radius":[{"originalProperty":"m_fRadius","originalEntity":"444c14959030a31c"}],"Knee_R_Radius":[{"originalProperty":"m_fRadius","originalEntity":"372fdbf60ec3ebb6"}],"Foot_L_Radius":[{"originalProperty":"m_fRadius","originalEntity":"9423b07b1cbf33ab"}],"Foot_R_Radius":[{"originalProperty":"m_fRadius","originalEntity":"1ed22dbbe004a076"}],"Head_Top_Enabled":[{"originalProperty":"m_bEnabled","originalEntity":"502d585c4ade6bdf"}],"Head_Low_Enabled":[{"originalProperty":"m_bEnabled","originalEntity":"5027bf37f6c27215"}],"Neck_Enabled":[{"originalProperty":"m_bEnabled","originalEntity":"fa93afed226eb136"}],"Shoulder_L_Enabled":[{"originalProperty":"m_bEnabled","originalEntity":"2b6510e2dac9b3aa"}],"Shoulder_R_Enabled":[{"originalProperty":"m_bEnabled","originalEntity":"df368d0854e76da5"}],"Elbow_L_Enabled":[{"originalProperty":"m_bEnabled","originalEntity":"b8d5e9f566608b29"}],"Elbow_R_Enabled":[{"originalProperty":"m_bEnabled","originalEntity":"6a81d952e8be184d"}],"Spine_Top_Enabled":[{"originalProperty":"m_bEnabled","originalEntity":"9505585221bf14c5"}],"Hand_R_Enabled":[{"originalProperty":"m_bEnabled","originalEntity":"ebbcb34506aa30f2"}],"Hand_L_Enabled":[{"originalProperty":"m_bEnabled","originalEntity":"55a7d176cfddf250"}],"Spine_Mid_Enabled":[{"originalProperty":"m_bEnabled","originalEntity":"5a4fa83bd461fc43"}],"Spine_Low_Enabled":[{"originalProperty":"m_bEnabled","originalEntity":"629bc7db5607900d"}],"Pelvis_Enabled":[{"originalProperty":"m_bEnabled","originalEntity":"3173deb8ee266fff"}],"Thigh_Top_L_Enabled":[{"originalProperty":"m_bEnabled","originalEntity":"328580ad60b2729a"}],"Thigh_Top_R_Enabled":[{"originalProperty":"m_bEnabled","originalEntity":"4c386f3b846f992e"}],"Thigh_Mid_L_Enabled":[{"originalProperty":"m_bEnabled","originalEntity":"587a45d28b64e2eb"}],"Thigh_Mid_R_Enabled":[{"originalProperty":"m_bEnabled","originalEntity":"da49840802c663cf"}],"Knee_L_Enabled":[{"originalProperty":"m_bEnabled","originalEntity":"444c14959030a31c"}],"Knee_R_Enabled":[{"originalProperty":"m_bEnabled","originalEntity":"372fdbf60ec3ebb6"}],"Foot_L_Enabled":[{"originalProperty":"m_bEnabled","originalEntity":"9423b07b1cbf33ab"}],"Foot_R_Enabled":[{"originalProperty":"m_bEnabled","originalEntity":"1ed22dbbe004a076"}]},"exposedInterfaces":{"ZClothCollider":"8652e3b116cb7360","ZClothColliderGroup":"8652e3b116cb7360"}},"4906e6206b5803f4":{"parent":"571cbbe49887d0c1","name":"Hands","factory":"009A6D9F7927FB89","blueprint":"00F49463DEA8D412"},"c1f6de6353f18c63":{"parent":"c601a4261a41f0d4","name":"male_reg_ninja_shirt","factory":"[assembly:/_pro/characters/assets/individuals/hokkaido/ninja/materials/male_reg_ninja_shirt.mi].pc_entitytype","blueprint":"[assembly:/_pro/characters/assets/individuals/hokkaido/ninja/materials/male_reg_ninja_shirt.mi].pc_entityblueprint","properties":{"m_mTransform":{"type":"SMatrix43","value":{"rotation":{"x":0,"y":0,"z":0},"position":{"x":0,"y":0,"z":0}}},"Texture2D_01_enab":{"type":"bool","value":true},"Texture2D_01":{"type":"ZRuntimeResourceID","value":{"resource":"[assembly:/_pro/characters/assets/individuals/hokkaido/ninja/textures/male_reg_ninja_shirt.texture?/diffuse_white.tex](ascolormap).pc_tex","flag":"5F"}},"ConstantVector1D_01_Value_op":{"type":"IRenderMaterialEntity.EModifierOperation","value":"eReplace"},"ConstantVector1D_01_Value":{"type":"float32","value":0.5899999737739563},"Diffuse_Color_01_Value_op":{"type":"IRenderMaterialEntity.EModifierOperation","value":"eReplace"},"ConstantVector1D_04_Value_op":{"type":"IRenderMaterialEntity.EModifierOperation","value":"eReplace"},"ConstantVector1D_06_Value_op":{"type":"IRenderMaterialEntity.EModifierOperation","value":"eReplace"},"m_eidParent":{"type":"SEntityTemplateReference","value":"571cbbe49887d0c1"},"Clients":{"type":"TArray<SEntityTemplateReference>","value":["c601a4261a41f0d4"],"postInit":true}}},"c601a4261a41f0d4":{"parent":"571cbbe49887d0c1","name":"Mesh_Shirt","factory":"[modules:/zbodypartentity.class].pc_entitytype","blueprint":"[modules:/zbodypartentity.class].pc_entityblueprint","properties":{"m_pMeshResource":{"type":"ZRuntimeResourceID","value":{"resource":"006F44894EC8C578","flag":"5F"}}},"inputCopying":{"ConstantVector1D_01_Value":{"ConstantVector1D_01_Value":["c1f6de6353f18c63"]},"ConstantVector1D_04_Value":{"ConstantVector1D_04_Value":["c1f6de6353f18c63"]},"ConstantVector1D_06_Value":{"ConstantVector1D_06_Value":["c1f6de6353f18c63"]}}}},"propertyOverrides":[],"overrideDeletes":[],"pinConnectionOverrides":[],"pinConnectionOverrideDeletes":[],"externalScenes":[],"subType":"template","quickEntityVersion":3.1,"extraFactoryDependencies":[{"resource":"[assembly:/_pro/characters/assets/individuals/hokkaido/ninja/textures/male_reg_ninja_string.texture?/normal_a.tex](asnormalmap).pc_tex","flag":"5F"},{"resource":"[assembly:/_pro/characters/assets/individuals/hokkaido/ninja/textures/male_reg_ninja_string.texture?/specular_a.tex](ascolormap).pc_tex","flag":"5F"},{"resource":"[assembly:/_pro/characters/assets/individuals/hokkaido/ninja/textures/male_reg_ninja_shoes.texture?/normal_a.tex](asnormalmap).pc_tex","flag":"5F"},{"resource":"[assembly:/_pro/characters/assets/individuals/hokkaido/ninja/textures/male_reg_ninja_shoes.texture?/specular_a.tex](ascolormap).pc_tex","flag":"5F"},{"resource":"[assembly:/_pro/characters/assets/individuals/hokkaido/ninja/textures/male_reg_ninja_pants.texture?/normal_a.tex](asnormalmap).pc_tex","flag":"5F"},{"resource":"[assembly:/_pro/characters/assets/individuals/hokkaido/ninja/textures/male_reg_ninja_pants.texture?/specular_a.tex](ascolormap).pc_tex","flag":"5F"},{"resource":"[assembly:/_pro/characters/assets/individuals/hokkaido/ninja/textures/male_reg_ninja_hood.texture?/normal_a.tex](asnormalmap).pc_tex","flag":"5F"},{"resource":"[assembly:/_pro/characters/assets/individuals/hokkaido/ninja/textures/male_reg_ninja_hood.texture?/specular_a.tex](ascolormap).pc_tex","flag":"5F"},{"resource":"[assembly:/_pro/characters/assets/individuals/hokkaido/ninja/textures/male_reg_ninja_hands.texture?/normal_a.tex](asnormalmap).pc_tex","flag":"5F"},{"resource":"[assembly:/_pro/characters/assets/individuals/hokkaido/ninja/textures/male_reg_ninja_hands.texture?/specular_a.tex](ascolormap).pc_tex","flag":"5F"},{"resource":"[assembly:/_pro/characters/assets/individuals/hokkaido/ninja/textures/male_reg_ninja_hands.texture?/diffuse_a.tex](ascolormap).pc_tex","flag":"5F"},{"resource":"00E6756E2203C16F","flag":"5F"},{"resource":"00A8EA81465DCC4A","flag":"5F"},{"resource":"006FF9A738B1E70B","flag":"5F"},{"resource":"[assembly:/_pro/characters/assets/individuals/hokkaido/ninja/textures/male_reg_ninja_belt.texture?/normal_a.tex](asnormalmap).pc_tex","flag":"5F"},{"resource":"[assembly:/_pro/characters/assets/individuals/hokkaido/ninja/textures/male_reg_ninja_belt.texture?/specular_a.tex](ascolormap).pc_tex","flag":"5F"},{"resource":"007D850436B0A092","flag":"5F"},{"resource":"00D247582859CA87","flag":"5F"},{"resource":"00D20CA72E352D16","flag":"5F"},{"resource":"[assembly:/_pro/characters/assets/individuals/hokkaido/ninja/textures/male_reg_ninja_shirt.texture?/normal_a.tex](asnormalmap).pc_tex","flag":"5F"},{"resource":"[assembly:/_pro/characters/assets/individuals/hokkaido/ninja/textures/male_reg_ninja_shirt.texture?/specular_a.tex](ascolormap).pc_tex","flag":"5F"}],"extraBlueprintDependencies":[],"comments":[]}