{"tempHash":"0059F2CD97A52D81","tbluHash":"00CA9CB9BF4E74A5","rootEntity":"f522dfea4d361207","entities":{"fa6761c349e3d9da":{"parent":"f522dfea4d361207","name":"Shoes_Derby_PlainToe_SquareTip","factory":"0002AF51C3F2ECC9","blueprint":"00C8130EBB5A0F37","properties":{"Diffuse_Hue_Shift_01_Value":{"type":"float32","value":0},"Diffuse_Color_01_Value":{"type":"SColorRGB","value":"#cc815e"},"ConstantVector1D_05_Value":{"type":"float32","value":1.2000000476837158},"Texture2D_01":{"type":"ZRuntimeResourceID","value":{"resource":"00F669A88612CB2D","flag":"5F"}}}},"b689e460e56e58a1":{"parent":"f522dfea4d361207","name":"Lerp 2","factory":"[modules:/zmathlerp.class].pc_entitytype","blueprint":"[modules:/zmathlerp.class].pc_entityblueprint","properties":{"m_fT":{"type":"float32","value":0},"m_A":{"type":"float32","value":1.5},"m_B":{"type":"float32","value":0.5}},"events":{"Lerp":{"ConstantVector1D_01_Value":["89d0a660b546b095"]}}},"798387c8b13d6711":{"parent":"ceab7cdd6ae34a09","name":"Miami_Watch","factory":"006542945ADB9B83","blueprint":"00ABEC1C4BE7BAC7","properties":{"m_mTransform":{"type":"SMatrix43","value":{"rotation":{"x":0.10445050906117653,"y":0.11596673948560814,"z":-84.0001860520181},"position":{"x":0.0731860026717186,"y":-0.0003910000086762011,"z":0.0024139999877661467}}},"m_eidParent":{"type":"SEntityTemplateReference","value":"ceab7cdd6ae34a09","postInit":true}}},"cb9115043665d56e":{"parent":"f522dfea4d361207","name":"Head_47","factory":"00537D16B5CE7286","blueprint":"00F2E4A932ECAA63"},"d9c9a9fa58affc0d":{"parent":"f522dfea4d361207","name":"Shirt_Dress_BtnUp_Cutaway_Collar_Tkd_Cut_Waistcoat","factory":"0052D04CCF00FBE8","blueprint":"007BF7A43B0BABE7","properties":{"Diffuse_Hue_Shift_01_Value":{"type":"float32","value":0},"Diffuse_Saturation_01_Value_1":{"type":"float32","value":0},"Diffuse_Color_01_Value":{"type":"SColorRGB","value":"#f5f5f5"},"m_pMeshResource":{"type":"ZRuntimeResourceID","value":{"resource":"00ADAD8ABABD972C","flag":"5F"}},"Texture2D_03":{"type":"ZRuntimeResourceID","value":{"resource":"0045F839B337D2B6","flag":"5F"}},"Diffuse_Saturation_01_Value":{"type":"float32","value":0.5},"Diffuse_Color_01_Value_2":{"type":"SColorRGB","value":"#f5f2f2"},"ConstantVector1D_16_Value":{"type":"float32","value":3.5}}},"f522dfea4d361207":{"parent":null,"name":"OUTFIT_Agent47_Reward_ElusiveMongoose_HeroA_v0","factory":"00028BAEA86DD2FD","blueprint":"002045A6D2A25237","properties":{"m_eRoomBehaviour":{"type":"ZSpatialEntity.ERoomBehaviour","value":"ROOM_DYNAMIC"},"m_pBonesAndCollisionResource":{"type":"ZRuntimeResourceID","value":{"resource":"0017416135CF879C","flag":"5F"}},"m_mTransform":{"type":"SMatrix43","value":{"rotation":{"x":0,"y":0,"z":0},"position":{"x":48.475830078125,"y":7.034082889556885,"z":0}}},"m_aBodyParts":{"type":"TArray<SEntityTemplateReference>","value":["7880e6297c81d6fb","cb9115043665d56e","fa6761c349e3d9da","53072325f13d357a","d9c9a9fa58affc0d","20f45f9813120040","89d0a660b546b095","2df39b26f51d8a0d"],"postInit":true}}},"4266eac2df932e64":{"parent":"f522dfea4d361207","name":"FX_Hitman_Wet_Logic_Character","factory":"0067CFB703A80787","blueprint":"00AA88C960CD2080","properties":{"HeadMaterialToOverride":{"type":"ZRuntimeResourceID","value":{"resource":"009F7978C601815A","flag":"5F"}},"HeadMaterialOverride":{"type":"TArray<SEntityTemplateReference>","value":["f522dfea4d361207"]}},"events":{"HitmanWetness":{"T":["a5d6d84ca13c2ff3","b689e460e56e58a1","1cb87cc414c9f7e0","6b4f32b40480fbea","cbd17a3da2cb4483","146f2a53d089e1ee"]}}},"7880e6297c81d6fb":{"parent":"f522dfea4d361207","name":"Arms_Biceps_Hand","factory":"0081BA55B3D8292E","blueprint":"00CFA61BB1571AF8"},"146f2a53d089e1ee":{"parent":"f522dfea4d361207","name":"Lerp 5","factory":"[modules:/zmathlerp.class].pc_entitytype","blueprint":"[modules:/zmathlerp.class].pc_entityblueprint","properties":{"m_A":{"type":"float32","value":1},"m_B":{"type":"float32","value":1.5},"m_fT":{"type":"float32","value":0}},"events":{"Lerp":{"Normal_Bump_Scale_shirt_sleeves":["d9c9a9fa58affc0d"],"Normal_Bump_Scale_shirt":["d9c9a9fa58affc0d"]}}},"89d0a660b546b095":{"parent":"f522dfea4d361207","name":"WaistCoat_Plain_5Btn","factory":"00F9BE27B5B0652D","blueprint":"0006471CC0FF14D9","properties":{"Diffuse_Hue_Shift_01_Value":{"type":"float32","value":0},"Diffuse_Color_01_Value":{"type":"SColorRGB","value":"#ffffff"},"m_pMeshResource":{"type":"ZRuntimeResourceID","value":{"resource":"00A407DE1EB8AF41","flag":"5F"}},"Texture2DNormal_01":{"type":"ZRuntimeResourceID","value":{"resource":"008ED7EEB97C08BF","flag":"5F"}},"Diffuse_Saturation_01_Value":{"type":"float32","value":1},"ConstantVector1D_01_Value":{"type":"float32","value":1.5},"Texture2D_01":{"type":"ZRuntimeResourceID","value":{"resource":"00CFAD396814026C","flag":"5F"}},"Texture2D_03":{"type":"ZRuntimeResourceID","value":{"resource":"0084FF84B1499D0C","flag":"5F"}},"ConstantVector1D_03_Value":{"type":"float32","value":1.5},"ConstantVector1D_13_Value":{"type":"float32","value":0.05000000074505806},"ConstantVector1D_16_Value":{"type":"float32","value":1}}},"1cb87cc414c9f7e0":{"parent":"f522dfea4d361207","name":"Lerp 1","factory":"[modules:/zmathlerp.class].pc_entitytype","blueprint":"[modules:/zmathlerp.class].pc_entityblueprint","properties":{"m_A":{"type":"float32","value":1},"m_B":{"type":"float32","value":2},"m_fT":{"type":"float32","value":0}},"events":{"Lerp":{"ConstantVector1D_06_Value":["89d0a660b546b095","20f45f9813120040"]}}},"53072325f13d357a":{"parent":"f522dfea4d361207","name":"Socks_Ankle_Cut_Shoe","factory":"00C50F4D59B78463","blueprint":"0060BDFBAAFA9324","properties":{"Diffuse_Hue_Shift_01_Value":{"type":"float32","value":0},"Diffuse_Color_01_Value":{"type":"SColorRGB","value":"#404854"},"Diffuse_Saturation_01_Value":{"type":"float32","value":0}}},"2df39b26f51d8a0d":{"parent":"f522dfea4d361207","name":"tie_kelvin_waistcoat_cut","factory":"00D43D45B93BA994","blueprint":"002395526BDE402C","properties":{"ConstantColorRGB_02_Value":{"type":"SColorRGB","value":"#ffffff"},"ConstantColorRGB_05_Value":{"type":"SColorRGB","value":"#d6d6d6"},"m_pMeshResource":{"type":"ZRuntimeResourceID","value":{"resource":"002107D363C8BC12","flag":"5F"}}}},"ceab7cdd6ae34a09":{"parent":"f522dfea4d361207","name":"L_Wrist","factory":"[assembly:/templates/aspectdummy.aspect]([modules:/zcompositeentity.class].entitytype,[modules:/zboneattachaspect.class].entitytype).pc_entitytype","blueprint":"[assembly:/templates/aspectdummy.aspect]([modules:/zcompositeentity.class].entitytype,[modules:/zboneattachaspect.class].entitytype).pc_entityblueprint","properties":{"m_BoneName":{"type":"ZString","value":"L_Foretwist2"},"m_linkedEntity":{"type":"SEntityTemplateReference","value":"f522dfea4d361207"},"m_eidParent":{"type":"SEntityTemplateReference","value":"f522dfea4d361207"}}},"6b4f32b40480fbea":{"parent":"f522dfea4d361207","name":"Lerp 3","factory":"[modules:/zmathlerp.class].pc_entitytype","blueprint":"[modules:/zmathlerp.class].pc_entityblueprint","properties":{"m_A":{"type":"float32","value":6},"m_B":{"type":"float32","value":2},"m_fT":{"type":"float32","value":0}},"events":{"Lerp":{"ConstantVector1D_01_Value":["20f45f9813120040"]}}},"20f45f9813120040":{"parent":"f522dfea4d361207","name":"Pants_Dress_Regular_NoBrk","factory":"007AFD22CAA820F2","blueprint":"0042F784FA484B44","properties":{"Diffuse_Hue_Shift_01_Value":{"type":"float32","value":0},"Diffuse_Saturation_01_Value_1":{"type":"float32","value":0},"Diffuse_Color_01_Value":{"type":"SColorRGB","value":"#f0f2f7"},"ConstantVector1D_01_Value":{"type":"float32","value":6},"Texture2D_01":{"type":"ZRuntimeResourceID","value":{"resource":"002C9ED90CD05E07","flag":"5F"}},"Texture2D_03":{"type":"ZRuntimeResourceID","value":{"resource":"00FE9D81C9827A05","flag":"5F"}},"Texture2DNormal_01":{"type":"ZRuntimeResourceID","value":{"resource":"005E61770220F517","flag":"5F"}},"m_pMeshResource":{"type":"ZRuntimeResourceID","value":{"resource":"00141E3BA0686D72","flag":"5F"}}}},"a5d6d84ca13c2ff3":{"parent":"f522dfea4d361207","name":"Lerp","factory":"[modules:/zmathlerp.class].pc_entitytype","blueprint":"[modules:/zmathlerp.class].pc_entityblueprint","properties":{"m_B":{"type":"float32","value":0.4000000059604645},"m_fT":{"type":"float32","value":0}},"events":{"Lerp":{"ConstantVector1D_14_Value":["89d0a660b546b095","20f45f9813120040"],"ConstantVector1D_04_Value":["cb9115043665d56e","fa6761c349e3d9da","2df39b26f51d8a0d"],"Roughness_Min_shirt":["d9c9a9fa58affc0d"],"Roughness_Min_shirt_sleeves":["d9c9a9fa58affc0d"]}}},"cbd17a3da2cb4483":{"parent":"f522dfea4d361207","name":"Lerp 4","factory":"[modules:/zmathlerp.class].pc_entitytype","blueprint":"[modules:/zmathlerp.class].pc_entityblueprint","properties":{"m_A":{"type":"float32","value":0.5},"m_B":{"type":"float32","value":0.20000000298023224},"m_fT":{"type":"float32","value":0}},"events":{"Lerp":{"Diffuse_Albedo_shirt_sleeves":["d9c9a9fa58affc0d"],"Diffuse_Albedo_shirt":["d9c9a9fa58affc0d"]}}}},"propertyOverrides":[],"overrideDeletes":[],"pinConnectionOverrides":[],"pinConnectionOverrideDeletes":[],"externalScenes":[],"subType":"template","quickEntityVersion":3.1,"extraFactoryDependencies":[],"extraBlueprintDependencies":[],"comments":[]}