{"tempHash":"00FF8C6314EA882E","tbluHash":"0046BB3BE76661CC","rootEntity":"f09d1e096268e4fb","entities":{"f09d1e096268e4fb":{"parent":null,"name":"OUTFIT_Hippo_Guard_Mansion_M_HeroA_v10","factory":"00028BAEA86DD2FD","blueprint":"002045A6D2A25237","properties":{"m_mTransform":{"type":"SMatrix43","value":{"rotation":{"x":0,"y":0,"z":0},"position":{"x":16.232500076293945,"y":7.334431171417236,"z":0}}},"m_pBonesAndCollisionResource":{"type":"ZRuntimeResourceID","value":{"resource":"000EEEBE0084EB40","flag":"5F"}},"m_LocalColliders":{"type":"TArray<SEntityTemplateReference>","value":[]},"m_eRoomBehaviour":{"type":"ZSpatialEntity.ERoomBehaviour","value":"ROOM_DYNAMIC"},"m_fFrustumFarDistanceProperty":{"type":"float32","value":10},"m_aBodyParts":{"type":"TArray<SEntityTemplateReference>","value":["b65c34fc2572cc73","8c3ba4b74ab570e0","a8f0d34adb22c0f9","660aa60e128f61bd","f32449d2fa5177f2","35d6f00df54e3a44","feeda7790313b464","feed67be58a6f1b1"],"postInit":true}}},"35d6f00df54e3a44":{"parent":"f09d1e096268e4fb","name":"Shoulder_Holster_Leather_Single","factory":"000D2A73CB9F36C7","blueprint":"006D10477C81EBBE","properties":{"ConstantVector1D_01_Value":{"type":"float32","value":0.800000011920929},"Diffuse_Saturation_01_Value":{"type":"float32","value":0.8799999952316284},"Diffuse_Color_01_Value":{"type":"SColorRGB","value":"#363636"}}},"a8f0d34adb22c0f9":{"parent":"f09d1e096268e4fb","name":"pants_dress_loose_hlfbrk_v2","factory":"0068ED07370D62FC","blueprint":"003E1EC5EF91B5D8","properties":{"Texture2D_01_1":{"type":"ZRuntimeResourceID","value":{"resource":"00D90E15E9F9C79E","flag":"5F"}},"Diffuse_Color_01_Value_1":{"type":"SColorRGB","value":"#000000"}}},"8c3ba4b74ab570e0":{"parent":"f09d1e096268e4fb","name":"Shoes_Derby_PlainToe_SquareTip","factory":"0002AF51C3F2ECC9","blueprint":"00C8130EBB5A0F37","properties":{"Diffuse_Color_01_Value":{"type":"SColorRGB","value":"#111111"}}},"f32449d2fa5177f2":{"parent":"f09d1e096268e4fb","name":"Belt_StrapBuckle","factory":"0017355DDB3D75A3","blueprint":"005F1B0540C7F863","properties":{"Diffuse_Color_01_Value":{"type":"SColorRGB","value":"#0b0a0a"}}},"660aa60e128f61bd":{"parent":"f09d1e096268e4fb","name":"Agent47_Gloves_Driving","factory":"008897FB54E3DB82","blueprint":"00F716010CB776C3","properties":{"m_pMeshResource":{"type":"ZRuntimeResourceID","value":{"resource":"00B497A33116D957","flag":"5F"}}}},"b65c34fc2572cc73":{"parent":"f09d1e096268e4fb","name":"Head_47","factory":"00537D16B5CE7286","blueprint":"00F2E4A932ECAA63"},"feeda7790313b464":{"parent":"f09d1e096268e4fb","name":"Agent47_tie","factory":"[modules:/zcompositeentity.class].pc_entitytype","blueprint":"[modules:/zcompositeentity.class].pc_entityblueprint","properties":{"m_mTransform":{"type":"SMatrix43","value":{"rotation":{"x":0,"y":0,"z":0},"position":{"x":1.1391680240631104,"y":-1.90631103515625,"z":0}}},"m_eidParent":{"type":"SEntityTemplateReference","value":"f09d1e096268e4fb","postInit":true}},"exposedInterfaces":{"ZClothColliderGroupAspect":"feedcf9774db1161","ZBodyPartEntity":"feedcf9774db1161"}},"feed0ca9644b9522":{"parent":"feeda7790313b464","name":"Agent47_tie","factory":"[modules:/zcompositeentity.class].pc_entitytype","blueprint":"[modules:/zcompositeentity.class].pc_entityblueprint","properties":{"m_mTransform":{"type":"SMatrix43","value":{"rotation":{"x":0,"y":0,"z":0},"position":{"x":0,"y":0,"z":0}}},"m_eidParent":{"type":"SEntityTemplateReference","value":"feeda7790313b464"}},"propertyAliases":{"m_linkedEntity":[{"originalProperty":"m_linkedEntity","originalEntity":"feed1453f5232565"},{"originalProperty":"m_linkedEntity","originalEntity":"feedd3981ec49dc1"},{"originalProperty":"m_linkedEntity","originalEntity":"feedba942b9db48f"},{"originalProperty":"m_linkedEntity","originalEntity":"feed569cd4dc0723"},{"originalProperty":"m_linkedEntity","originalEntity":"feed5ead9d95f082"},{"originalProperty":"m_linkedEntity","originalEntity":"feed03dd4d14f371"},{"originalProperty":"m_linkedEntity","originalEntity":"feed80bf6d982aa8"},{"originalProperty":"m_linkedEntity","originalEntity":"feed08d33ca507c0"},{"originalProperty":"m_linkedEntity","originalEntity":"feed428c551ee90e"},{"originalProperty":"m_linkedEntity","originalEntity":"feed3ffcc3b66ad1"},{"originalProperty":"m_linkedEntity","originalEntity":"feed4c40a53d65ed"},{"originalProperty":"m_linkedEntity","originalEntity":"feed93cfa7e21fcf"},{"originalProperty":"m_linkedEntity","originalEntity":"feeda7b59ef94964"},{"originalProperty":"m_linkedEntity","originalEntity":"feedb3b48a7740b9"},{"originalProperty":"m_linkedEntity","originalEntity":"feedb18709561077"},{"originalProperty":"m_linkedEntity","originalEntity":"feedddd099e89232"},{"originalProperty":"m_linkedEntity","originalEntity":"feed639a090de95e"},{"originalProperty":"m_linkedEntity","originalEntity":"feede42deae3840f"},{"originalProperty":"m_linkedEntity","originalEntity":"feede310d0f5de0c"},{"originalProperty":"m_linkedEntity","originalEntity":"feed82a4448c9b07"},{"originalProperty":"m_linkedEntity","originalEntity":"feeda31f89537532"},{"originalProperty":"m_linkedEntity","originalEntity":"feede50aa4d093b5"},{"originalProperty":"m_linkedEntity","originalEntity":"feedeec34b4985ac"},{"originalProperty":"m_linkedEntity","originalEntity":"feedcd61202bbb47"},{"originalProperty":"m_linkedEntity","originalEntity":"feedb454df78af30"}]},"exposedInterfaces":{"ZClothCollider":"feed7a1dbc62e52d","ZClothColliderGroup":"feed7a1dbc62e52d"}},"feedcf9774db1161":{"parent":"feeda7790313b464","name":"Agent47_tie_Mesh","factory":"[assembly:/templates/aspectdummy.aspect]([modules:/zbodypartentity.class].entitytype,[modules:/zclothcollidergroupaspect.class].entitytype).pc_entitytype","blueprint":"[assembly:/templates/aspectdummy.aspect]([modules:/zbodypartentity.class].entitytype,[modules:/zclothcollidergroupaspect.class].entitytype).pc_entityblueprint","properties":{"m_pMeshResource":{"type":"ZRuntimeResourceID","value":{"resource":"002A63DFC3888371","flag":"5F"}},"m_ClothColliders":{"type":"TArray<SEntityTemplateReference>","value":["feed0ca9644b9522"],"postInit":true}}},"feed1453f5232565":{"parent":"feed0ca9644b9522","name":"C_Calf_L","factory":"[assembly:/templates/aspectdummy.aspect]([modules:/zclothsphere.class].entitytype,[modules:/zboneattachaspect.class].entitytype).pc_entitytype","blueprint":"[assembly:/templates/aspectdummy.aspect]([modules:/zclothsphere.class].entitytype,[modules:/zboneattachaspect.class].entitytype).pc_entityblueprint","properties":{"m_fRadius":{"type":"float32","value":0.09000000357627869},"m_BoneName":{"type":"ZString","value":"L_Calf"},"m_linkedEntity":{"type":"SEntityTemplateReference","value":null},"m_mTransform":{"type":"SMatrix43","value":{"rotation":{"x":0,"y":0,"z":0},"position":{"x":0.4564630091190338,"y":9.999999974752427e-7,"z":0.000019999999494757503}}},"m_eidParent":{"type":"SEntityTemplateReference","value":"feed0ca9644b9522","postInit":true}}},"feedd3981ec49dc1":{"parent":"feed0ca9644b9522","name":"C_Calf_R","factory":"[assembly:/templates/aspectdummy.aspect]([modules:/zclothsphere.class].entitytype,[modules:/zboneattachaspect.class].entitytype).pc_entitytype","blueprint":"[assembly:/templates/aspectdummy.aspect]([modules:/zclothsphere.class].entitytype,[modules:/zboneattachaspect.class].entitytype).pc_entityblueprint","properties":{"m_fRadius":{"type":"float32","value":0.09000000357627869},"m_BoneName":{"type":"ZString","value":"R_Calf"},"m_linkedEntity":{"type":"SEntityTemplateReference","value":null},"m_mTransform":{"type":"SMatrix43","value":{"rotation":{"x":0,"y":0,"z":0},"position":{"x":0.45377299189567566,"y":-0.000006000000212225132,"z":-9.999999974752427e-7}}},"m_eidParent":{"type":"SEntityTemplateReference","value":"feed0ca9644b9522","postInit":true}}},"feedba942b9db48f":{"parent":"feed0ca9644b9522","name":"C_Elbow_L","factory":"[assembly:/templates/aspectdummy.aspect]([modules:/zclothsphere.class].entitytype,[modules:/zboneattachaspect.class].entitytype).pc_entitytype","blueprint":"[assembly:/templates/aspectdummy.aspect]([modules:/zclothsphere.class].entitytype,[modules:/zboneattachaspect.class].entitytype).pc_entityblueprint","properties":{"m_fRadius":{"type":"float32","value":0.05999999865889549},"m_BoneName":{"type":"ZString","value":"L_Forearm"},"m_linkedEntity":{"type":"SEntityTemplateReference","value":null},"m_eidParent":{"type":"SEntityTemplateReference","value":"feed0ca9644b9522","postInit":true}}},"feed569cd4dc0723":{"parent":"feed0ca9644b9522","name":"C_Elbow_R","factory":"[assembly:/templates/aspectdummy.aspect]([modules:/zclothsphere.class].entitytype,[modules:/zboneattachaspect.class].entitytype).pc_entitytype","blueprint":"[assembly:/templates/aspectdummy.aspect]([modules:/zclothsphere.class].entitytype,[modules:/zboneattachaspect.class].entitytype).pc_entityblueprint","properties":{"m_fRadius":{"type":"float32","value":0.05999999865889549},"m_BoneName":{"type":"ZString","value":"R_Forearm"},"m_linkedEntity":{"type":"SEntityTemplateReference","value":null},"m_eidParent":{"type":"SEntityTemplateReference","value":"feed0ca9644b9522","postInit":true}}},"feed5ead9d95f082":{"parent":"feed0ca9644b9522","name":"C_Hand_L","factory":"[assembly:/templates/aspectdummy.aspect]([modules:/zclothsphere.class].entitytype,[modules:/zboneattachaspect.class].entitytype).pc_entitytype","blueprint":"[assembly:/templates/aspectdummy.aspect]([modules:/zclothsphere.class].entitytype,[modules:/zboneattachaspect.class].entitytype).pc_entityblueprint","properties":{"m_fRadius":{"type":"float32","value":0.05000000074505806},"m_BoneName":{"type":"ZString","value":"L_Hand"},"m_linkedEntity":{"type":"SEntityTemplateReference","value":null},"m_eidParent":{"type":"SEntityTemplateReference","value":"feed0ca9644b9522","postInit":true}}},"feed03dd4d14f371":{"parent":"feed0ca9644b9522","name":"C_Hand_R","factory":"[assembly:/templates/aspectdummy.aspect]([modules:/zclothsphere.class].entitytype,[modules:/zboneattachaspect.class].entitytype).pc_entitytype","blueprint":"[assembly:/templates/aspectdummy.aspect]([modules:/zclothsphere.class].entitytype,[modules:/zboneattachaspect.class].entitytype).pc_entityblueprint","properties":{"m_fRadius":{"type":"float32","value":0.05000000074505806},"m_BoneName":{"type":"ZString","value":"R_Hand"},"m_linkedEntity":{"type":"SEntityTemplateReference","value":null},"m_eidParent":{"type":"SEntityTemplateReference","value":"feed0ca9644b9522","postInit":true}}},"feed80bf6d982aa8":{"parent":"feed0ca9644b9522","name":"C_Knee_L","factory":"[assembly:/templates/aspectdummy.aspect]([modules:/zclothsphere.class].entitytype,[modules:/zboneattachaspect.class].entitytype).pc_entitytype","blueprint":"[assembly:/templates/aspectdummy.aspect]([modules:/zclothsphere.class].entitytype,[modules:/zboneattachaspect.class].entitytype).pc_entityblueprint","properties":{"m_fRadius":{"type":"float32","value":0.09000000357627869},"m_BoneName":{"type":"ZString","value":"LThighTwist2"},"m_linkedEntity":{"type":"SEntityTemplateReference","value":null},"m_mTransform":{"type":"SMatrix43","value":{"rotation":{"x":0,"y":0.019767042409995977,"z":0},"position":{"x":0.12600800395011902,"y":-0.011082000099122524,"z":-0.008000999689102173}}},"m_eidParent":{"type":"SEntityTemplateReference","value":"feed0ca9644b9522","postInit":true}}},"feed08d33ca507c0":{"parent":"feed0ca9644b9522","name":"C_Knee_R","factory":"[assembly:/templates/aspectdummy.aspect]([modules:/zclothsphere.class].entitytype,[modules:/zboneattachaspect.class].entitytype).pc_entitytype","blueprint":"[assembly:/templates/aspectdummy.aspect]([modules:/zclothsphere.class].entitytype,[modules:/zboneattachaspect.class].entitytype).pc_entityblueprint","properties":{"m_fRadius":{"type":"float32","value":0.09000000357627869},"m_BoneName":{"type":"ZString","value":"RThighTwist2"},"m_linkedEntity":{"type":"SEntityTemplateReference","value":null},"m_mTransform":{"type":"SMatrix43","value":{"rotation":{"x":0.01976704358638215,"y":0,"z":0},"position":{"x":0.12606200575828552,"y":-0.011234999634325504,"z":-0.0020119999535381794}}},"m_eidParent":{"type":"SEntityTemplateReference","value":"feed0ca9644b9522","postInit":true}}},"feeda7b59ef94964":{"parent":"feed0ca9644b9522","name":"C_Pelvis_R","factory":"[assembly:/templates/aspectdummy.aspect]([modules:/zclothsphere.class].entitytype,[modules:/zboneattachaspect.class].entitytype).pc_entitytype","blueprint":"[assembly:/templates/aspectdummy.aspect]([modules:/zclothsphere.class].entitytype,[modules:/zboneattachaspect.class].entitytype).pc_entityblueprint","properties":{"m_fRadius":{"type":"float32","value":0.12200000137090683},"m_BoneName":{"type":"ZString","value":"Pelvis"},"m_linkedEntity":{"type":"SEntityTemplateReference","value":null},"m_mTransform":{"type":"SMatrix43","value":{"rotation":{"x":0,"y":0,"z":0},"position":{"x":0.059262000024318695,"y":0.020129000768065453,"z":-0.05662799999117851}}},"m_bEnabled":{"type":"bool","value":true},"m_eidParent":{"type":"SEntityTemplateReference","value":"feed0ca9644b9522","postInit":true}}},"feed428c551ee90e":{"parent":"feed0ca9644b9522","name":"C_Neck","factory":"[assembly:/templates/aspectdummy.aspect]([modules:/zclothsphere.class].entitytype,[modules:/zboneattachaspect.class].entitytype).pc_entitytype","blueprint":"[assembly:/templates/aspectdummy.aspect]([modules:/zclothsphere.class].entitytype,[modules:/zboneattachaspect.class].entitytype).pc_entityblueprint","properties":{"m_fRadius":{"type":"float32","value":0.07999999821186066},"m_BoneName":{"type":"ZString","value":"Neck"},"m_linkedEntity":{"type":"SEntityTemplateReference","value":null},"m_eidParent":{"type":"SEntityTemplateReference","value":"feed0ca9644b9522","postInit":true}}},"feedddd099e89232":{"parent":"feed0ca9644b9522","name":"C_Spine_L","factory":"[assembly:/templates/aspectdummy.aspect]([modules:/zclothsphere.class].entitytype,[modules:/zboneattachaspect.class].entitytype).pc_entitytype","blueprint":"[assembly:/templates/aspectdummy.aspect]([modules:/zclothsphere.class].entitytype,[modules:/zboneattachaspect.class].entitytype).pc_entityblueprint","properties":{"m_BoneName":{"type":"ZString","value":"Spine"},"m_linkedEntity":{"type":"SEntityTemplateReference","value":null},"m_fRadius":{"type":"float32","value":0.125},"m_mTransform":{"type":"SMatrix43","value":{"rotation":{"x":0,"y":0,"z":0},"position":{"x":-0.000007999999979801942,"y":0.038086000829935074,"z":0.04805599898099899}}},"m_bEnabled":{"type":"bool","value":true},"m_bCollisionGroup0":{"type":"bool","value":true},"m_eidParent":{"type":"SEntityTemplateReference","value":"feed0ca9644b9522","postInit":true}}},"feed4c40a53d65ed":{"parent":"feed0ca9644b9522","name":"C_Palm_R","factory":"[assembly:/templates/aspectdummy.aspect]([modules:/zclothsphere.class].entitytype,[modules:/zboneattachaspect.class].entitytype).pc_entitytype","blueprint":"[assembly:/templates/aspectdummy.aspect]([modules:/zclothsphere.class].entitytype,[modules:/zboneattachaspect.class].entitytype).pc_entityblueprint","properties":{"m_fRadius":{"type":"float32","value":0.07000000029802322},"m_BoneName":{"type":"ZString","value":"R_Hand"},"m_linkedEntity":{"type":"SEntityTemplateReference","value":null},"m_mTransform":{"type":"SMatrix43","value":{"rotation":{"x":0,"y":0,"z":0},"position":{"x":0.07999999821186066,"y":0,"z":0}}},"m_eidParent":{"type":"SEntityTemplateReference","value":"feed0ca9644b9522","postInit":true}}},"feede8133c28d884":{"parent":"feed0ca9644b9522","name":"C_Spine_R","factory":"[assembly:/templates/aspectdummy.aspect]([modules:/zclothsphere.class].entitytype,[modules:/zboneattachaspect.class].entitytype).pc_entitytype","blueprint":"[assembly:/templates/aspectdummy.aspect]([modules:/zclothsphere.class].entitytype,[modules:/zboneattachaspect.class].entitytype).pc_entityblueprint","properties":{"m_BoneName":{"type":"ZString","value":"Spine"},"m_linkedEntity":{"type":"SEntityTemplateReference","value":null},"m_fRadius":{"type":"float32","value":0.125},"m_mTransform":{"type":"SMatrix43","value":{"rotation":{"x":0,"y":0,"z":0},"position":{"x":-9.999999974752427e-7,"y":0.045756999403238297,"z":-0.05067700147628784}}},"m_bEnabled":{"type":"bool","value":true},"m_bCollisionGroup0":{"type":"bool","value":true},"m_eidParent":{"type":"SEntityTemplateReference","value":"feed0ca9644b9522","postInit":true}}},"feed3ffcc3b66ad1":{"parent":"feed0ca9644b9522","name":"C_Palm_L","factory":"[assembly:/templates/aspectdummy.aspect]([modules:/zclothsphere.class].entitytype,[modules:/zboneattachaspect.class].entitytype).pc_entitytype","blueprint":"[assembly:/templates/aspectdummy.aspect]([modules:/zclothsphere.class].entitytype,[modules:/zboneattachaspect.class].entitytype).pc_entityblueprint","properties":{"m_fRadius":{"type":"float32","value":0.07000000029802322},"m_BoneName":{"type":"ZString","value":"L_Hand"},"m_linkedEntity":{"type":"SEntityTemplateReference","value":null},"m_mTransform":{"type":"SMatrix43","value":{"rotation":{"x":0,"y":0,"z":0},"position":{"x":0.07999999821186066,"y":0,"z":0}}},"m_eidParent":{"type":"SEntityTemplateReference","value":"feed0ca9644b9522","postInit":true}}},"feedb18709561077":{"parent":"feed0ca9644b9522","name":"C_Shoulder_R","factory":"[assembly:/templates/aspectdummy.aspect]([modules:/zclothsphere.class].entitytype,[modules:/zboneattachaspect.class].entitytype).pc_entitytype","blueprint":"[assembly:/templates/aspectdummy.aspect]([modules:/zclothsphere.class].entitytype,[modules:/zboneattachaspect.class].entitytype).pc_entityblueprint","properties":{"m_fRadius":{"type":"float32","value":0.07000000029802322},"m_BoneName":{"type":"ZString","value":"R_UpperArm"},"m_linkedEntity":{"type":"SEntityTemplateReference","value":null},"m_eidParent":{"type":"SEntityTemplateReference","value":"feed0ca9644b9522","postInit":true}}},"feed93cfa7e21fcf":{"parent":"feed0ca9644b9522","name":"C_Pelvis_L","factory":"[assembly:/templates/aspectdummy.aspect]([modules:/zclothsphere.class].entitytype,[modules:/zboneattachaspect.class].entitytype).pc_entitytype","blueprint":"[assembly:/templates/aspectdummy.aspect]([modules:/zclothsphere.class].entitytype,[modules:/zboneattachaspect.class].entitytype).pc_entityblueprint","properties":{"m_fRadius":{"type":"float32","value":0.12200000137090683},"m_BoneName":{"type":"ZString","value":"Pelvis"},"m_linkedEntity":{"type":"SEntityTemplateReference","value":null},"m_mTransform":{"type":"SMatrix43","value":{"rotation":{"x":0,"y":0,"z":0},"position":{"x":0.05926699936389923,"y":0.020124999806284904,"z":0.054134998470544815}}},"m_bEnabled":{"type":"bool","value":true},"m_eidParent":{"type":"SEntityTemplateReference","value":"feed0ca9644b9522","postInit":true}}},"feedb3b48a7740b9":{"parent":"feed0ca9644b9522","name":"C_Shoulder_L","factory":"[assembly:/templates/aspectdummy.aspect]([modules:/zclothsphere.class].entitytype,[modules:/zboneattachaspect.class].entitytype).pc_entitytype","blueprint":"[assembly:/templates/aspectdummy.aspect]([modules:/zclothsphere.class].entitytype,[modules:/zboneattachaspect.class].entitytype).pc_entityblueprint","properties":{"m_fRadius":{"type":"float32","value":0.07000000029802322},"m_BoneName":{"type":"ZString","value":"L_UpperArm"},"m_linkedEntity":{"type":"SEntityTemplateReference","value":null},"m_eidParent":{"type":"SEntityTemplateReference","value":"feed0ca9644b9522","postInit":true}}},"feede42deae3840f":{"parent":"feed0ca9644b9522","name":"C_Spine2_L","factory":"[assembly:/templates/aspectdummy.aspect]([modules:/zclothsphere.class].entitytype,[modules:/zboneattachaspect.class].entitytype).pc_entitytype","blueprint":"[assembly:/templates/aspectdummy.aspect]([modules:/zclothsphere.class].entitytype,[modules:/zboneattachaspect.class].entitytype).pc_entityblueprint","properties":{"m_BoneName":{"type":"ZString","value":"Spine2"},"m_linkedEntity":{"type":"SEntityTemplateReference","value":null},"m_fRadius":{"type":"float32","value":0.15000000596046448},"m_mTransform":{"type":"SMatrix43","value":{"rotation":{"x":0.7218317539587317,"y":0.04915981154774293,"z":7.789388884865077},"position":{"x":-0.0348690003156662,"y":0.02468400076031685,"z":0.040442001074552536}}},"m_bEnabled":{"type":"bool","value":true},"m_eidParent":{"type":"SEntityTemplateReference","value":"feed0ca9644b9522","postInit":true}}},"feede310d0f5de0c":{"parent":"feed0ca9644b9522","name":"C_Spine2_R","factory":"[assembly:/templates/aspectdummy.aspect]([modules:/zclothsphere.class].entitytype,[modules:/zboneattachaspect.class].entitytype).pc_entitytype","blueprint":"[assembly:/templates/aspectdummy.aspect]([modules:/zclothsphere.class].entitytype,[modules:/zboneattachaspect.class].entitytype).pc_entityblueprint","properties":{"m_BoneName":{"type":"ZString","value":"Spine2"},"m_linkedEntity":{"type":"SEntityTemplateReference","value":null},"m_fRadius":{"type":"float32","value":0.15000000596046448},"m_mTransform":{"type":"SMatrix43","value":{"rotation":{"x":0.6075190242261483,"y":0.04131030369781178,"z":7.77816180870083},"position":{"x":-0.034866999834775925,"y":0.024687999859452248,"z":-0.04030299931764603}}},"m_bEnabled":{"type":"bool","value":true},"m_eidParent":{"type":"SEntityTemplateReference","value":"feed0ca9644b9522","postInit":true}}},"feed7c41faab7df3":{"parent":"feed0ca9644b9522","name":"C_Spine1_L","factory":"[assembly:/templates/aspectdummy.aspect]([modules:/zclothsphere.class].entitytype,[modules:/zboneattachaspect.class].entitytype).pc_entitytype","blueprint":"[assembly:/templates/aspectdummy.aspect]([modules:/zclothsphere.class].entitytype,[modules:/zboneattachaspect.class].entitytype).pc_entityblueprint","properties":{"m_BoneName":{"type":"ZString","value":"Spine1"},"m_linkedEntity":{"type":"SEntityTemplateReference","value":null},"m_fRadius":{"type":"float32","value":0.11500000208616257},"m_mTransform":{"type":"SMatrix43","value":{"rotation":{"x":0,"y":0,"z":0},"position":{"x":-0.03169099986553192,"y":0.05008700117468834,"z":0.045593999326229095}}},"m_bEnabled":{"type":"bool","value":true},"m_eidParent":{"type":"SEntityTemplateReference","value":"feed0ca9644b9522","postInit":true}}},"feed639a090de95e":{"parent":"feed0ca9644b9522","name":"C_Spine1_R","factory":"[assembly:/templates/aspectdummy.aspect]([modules:/zclothsphere.class].entitytype,[modules:/zboneattachaspect.class].entitytype).pc_entitytype","blueprint":"[assembly:/templates/aspectdummy.aspect]([modules:/zclothsphere.class].entitytype,[modules:/zboneattachaspect.class].entitytype).pc_entityblueprint","properties":{"m_BoneName":{"type":"ZString","value":"Spine1"},"m_linkedEntity":{"type":"SEntityTemplateReference","value":null},"m_fRadius":{"type":"float32","value":0.11500000208616257},"m_mTransform":{"type":"SMatrix43","value":{"rotation":{"x":0,"y":0,"z":0},"position":{"x":-0.030830999836325645,"y":0.04757799953222275,"z":-0.04226699844002724}}},"m_bEnabled":{"type":"bool","value":true},"m_eidParent":{"type":"SEntityTemplateReference","value":"feed0ca9644b9522","postInit":true}}},"feeda31f89537532":{"parent":"feed0ca9644b9522","name":"C_TighMid_R","factory":"[assembly:/templates/aspectdummy.aspect]([modules:/zclothsphere.class].entitytype,[modules:/zboneattachaspect.class].entitytype).pc_entitytype","blueprint":"[assembly:/templates/aspectdummy.aspect]([modules:/zclothsphere.class].entitytype,[modules:/zboneattachaspect.class].entitytype).pc_entityblueprint","properties":{"m_fRadius":{"type":"float32","value":0.10499999672174454},"m_BoneName":{"type":"ZString","value":"RThighTwist1"},"m_linkedEntity":{"type":"SEntityTemplateReference","value":null},"m_mTransform":{"type":"SMatrix43","value":{"rotation":{"x":0,"y":0,"z":0},"position":{"x":0.05401799827814102,"y":0.01887499913573265,"z":-0.011405999772250652}}},"m_eidParent":{"type":"SEntityTemplateReference","value":"feed0ca9644b9522","postInit":true}}},"feede50aa4d093b5":{"parent":"feed0ca9644b9522","name":"C_TighTop_L","factory":"[assembly:/templates/aspectdummy.aspect]([modules:/zclothsphere.class].entitytype,[modules:/zboneattachaspect.class].entitytype).pc_entitytype","blueprint":"[assembly:/templates/aspectdummy.aspect]([modules:/zclothsphere.class].entitytype,[modules:/zboneattachaspect.class].entitytype).pc_entityblueprint","properties":{"m_fRadius":{"type":"float32","value":0.13199999928474426},"m_BoneName":{"type":"ZString","value":"LThighTwist"},"m_linkedEntity":{"type":"SEntityTemplateReference","value":null},"m_mTransform":{"type":"SMatrix43","value":{"rotation":{"x":0,"y":0.024236110570524532,"z":0},"position":{"x":0.015584999695420265,"y":0.013086999766528606,"z":0.03926499933004379}}},"m_eidParent":{"type":"SEntityTemplateReference","value":"feed0ca9644b9522","postInit":true}}},"feedeec34b4985ac":{"parent":"feed0ca9644b9522","name":"C_TighTop_R","factory":"[assembly:/templates/aspectdummy.aspect]([modules:/zclothsphere.class].entitytype,[modules:/zboneattachaspect.class].entitytype).pc_entitytype","blueprint":"[assembly:/templates/aspectdummy.aspect]([modules:/zclothsphere.class].entitytype,[modules:/zboneattachaspect.class].entitytype).pc_entityblueprint","properties":{"m_fRadius":{"type":"float32","value":0.13199999928474426},"m_BoneName":{"type":"ZString","value":"RThighTwist"},"m_linkedEntity":{"type":"SEntityTemplateReference","value":null},"m_mTransform":{"type":"SMatrix43","value":{"rotation":{"x":0,"y":0,"z":0},"position":{"x":0.01573299989104271,"y":0.015011999756097794,"z":-0.04212599992752075}}},"m_eidParent":{"type":"SEntityTemplateReference","value":"feed0ca9644b9522","postInit":true}}},"feed82a4448c9b07":{"parent":"feed0ca9644b9522","name":"C_TighMid_L","factory":"[assembly:/templates/aspectdummy.aspect]([modules:/zclothsphere.class].entitytype,[modules:/zboneattachaspect.class].entitytype).pc_entitytype","blueprint":"[assembly:/templates/aspectdummy.aspect]([modules:/zclothsphere.class].entitytype,[modules:/zboneattachaspect.class].entitytype).pc_entityblueprint","properties":{"m_fRadius":{"type":"float32","value":0.10499999672174454},"m_BoneName":{"type":"ZString","value":"LThighTwist1"},"m_linkedEntity":{"type":"SEntityTemplateReference","value":null},"m_mTransform":{"type":"SMatrix43","value":{"rotation":{"x":0,"y":0.024236110570524532,"z":0},"position":{"x":0.05449200049042702,"y":0.025860000401735306,"z":0.00710699986666441}}},"m_bCollisionGroup0":{"type":"bool","value":true},"m_eidParent":{"type":"SEntityTemplateReference","value":"feed0ca9644b9522","postInit":true}}},"feedee8d3d79706b":{"parent":"feed0ca9644b9522","name":"CChain_Arms","factory":"[modules:/zclothspherechain.class].pc_entitytype","blueprint":"[modules:/zclothspherechain.class].pc_entityblueprint","properties":{"m_mTransform":{"type":"SMatrix43","value":{"rotation":{"x":0,"y":0,"z":0},"position":{"x":0,"y":0,"z":0}}},"m_Spheres":{"type":"TArray<SEntityTemplateReference>","value":["feed3ffcc3b66ad1","feed5ead9d95f082","feedba942b9db48f","feedb3b48a7740b9","feed428c551ee90e","feedb18709561077","feed569cd4dc0723","feed03dd4d14f371","feed4c40a53d65ed"],"postInit":true},"m_eidParent":{"type":"SEntityTemplateReference","value":"feed0ca9644b9522","postInit":true}}},"feed38b3b1e25778":{"parent":"feed0ca9644b9522","name":"CChain_Legs","factory":"[modules:/zclothspherechain.class].pc_entitytype","blueprint":"[modules:/zclothspherechain.class].pc_entityblueprint","properties":{"m_mTransform":{"type":"SMatrix43","value":{"rotation":{"x":0,"y":0,"z":0},"position":{"x":0,"y":0,"z":0}}},"m_bCollisionGroup0":{"type":"bool","value":true},"m_bEnabled":{"type":"bool","value":true},"m_Spheres":{"type":"TArray<SEntityTemplateReference>","value":["feedd3981ec49dc1","feed08d33ca507c0","feeda31f89537532","feedeec34b4985ac","feeda7b59ef94964","feed93cfa7e21fcf","feede50aa4d093b5","feed82a4448c9b07","feed80bf6d982aa8","feed1453f5232565"],"postInit":true},"m_eidParent":{"type":"SEntityTemplateReference","value":"feed0ca9644b9522","postInit":true}}},"feedcd61202bbb47":{"parent":"feed0ca9644b9522","name":"CChain_Spine_L","factory":"[modules:/zclothspherechain.class].pc_entitytype","blueprint":"[modules:/zclothspherechain.class].pc_entityblueprint","properties":{"m_mTransform":{"type":"SMatrix43","value":{"rotation":{"x":0,"y":0,"z":0},"position":{"x":0,"y":0,"z":0}}},"m_Spheres":{"type":"TArray<SEntityTemplateReference>","value":["feed7c41faab7df3","feed7c41faab7df3","feede42deae3840f"],"postInit":true},"m_eidParent":{"type":"SEntityTemplateReference","value":"feed0ca9644b9522","postInit":true}}},"feedb454df78af30":{"parent":"feed0ca9644b9522","name":"CChain_Spine_R","factory":"[modules:/zclothspherechain.class].pc_entitytype","blueprint":"[modules:/zclothspherechain.class].pc_entityblueprint","properties":{"m_mTransform":{"type":"SMatrix43","value":{"rotation":{"x":0,"y":0,"z":0},"position":{"x":0,"y":0,"z":0}}},"m_Spheres":{"type":"TArray<SEntityTemplateReference>","value":["feede8133c28d884","feed639a090de95e","feede310d0f5de0c"],"postInit":true},"m_eidParent":{"type":"SEntityTemplateReference","value":"feed0ca9644b9522","postInit":true}}},"feed7a1dbc62e52d":{"parent":"feed0ca9644b9522","name":"ColliderGroup","factory":"[modules:/zclothcollidergroup.class].pc_entitytype","blueprint":"[modules:/zclothcollidergroup.class].pc_entityblueprint","properties":{"m_ClothColliders":{"type":"TArray<SEntityTemplateReference>","value":["feed38b3b1e25778","feedb454df78af30","feedcd61202bbb47"],"postInit":true},"m_eidParent":{"type":"SEntityTemplateReference","value":"feed0ca9644b9522","postInit":true}}},"feed1a9d8d2de37c":{"parent":"f09d1e096268e4fb","name":"agent47_skunk_tie","factory":"002284E0FA3F532E","blueprint":"00A30AA54F3E4878","properties":{"m_mTransform":{"type":"SMatrix43","value":{"rotation":{"x":0,"y":0,"z":0},"position":{"x":0,"y":0,"z":0}}},"ConstantVector1D_06_Value_op":{"type":"IRenderMaterialEntity.EModifierOperation","value":"eReplace"},"ConstantVector1D_04_Value_op":{"type":"IRenderMaterialEntity.EModifierOperation","value":"eReplace"},"ConstantVector1D_05_Value_op":{"type":"IRenderMaterialEntity.EModifierOperation","value":"eReplace"},"ConstantVector1D_01_Value_op":{"type":"IRenderMaterialEntity.EModifierOperation","value":"eReplace"},"Clients":{"type":"TArray<SEntityTemplateReference>","value":["f09d1e096268e4fb"],"postInit":true},"m_eidParent":{"type":"SEntityTemplateReference","value":"f09d1e096268e4fb","postInit":true}}},"feedfd739fa9a198":{"parent":"f09d1e096268e4fb","name":"baseRough","factory":"[modules:/zmathlerp.class].pc_entitytype","blueprint":"[modules:/zmathlerp.class].pc_entityblueprint","properties":{"m_B":{"type":"float32","value":0.25},"m_fT":{"type":"float32","value":0}},"events":{"Lerp":{"ConstantVector1D_14_Value":["feed67be58a6f1b1","feed81a773d8ab41"],"ConstantVector1D_04_Value":["660aa60e128f61bd","feed1a9d8d2de37c"]}}},"feed8ab32aad7c45":{"parent":"f09d1e096268e4fb","name":"FX_Hitman_Wet_Logic_Character","factory":"0067CFB703A80787","blueprint":"00AA88C960CD2080","properties":{"HeadMaterialToOverride":{"type":"ZRuntimeResourceID","value":{"resource":"009F7978C601815A","flag":"5F"}},"HeadMaterialOverride":{"type":"TArray<SEntityTemplateReference>","value":["f09d1e096268e4fb"],"postInit":true}},"events":{"HitmanWetness":{"T":["feedfd739fa9a198","feed7bf9c485834e","feeda9e0add4d13e","feed099af15682cf","feedc45f5c579e39","feedef6cf8da0a9c","feedfd41fcb32989"]}}},"feed7bf9c485834e":{"parent":"f09d1e096268e4fb","name":"DaseDiff","factory":"[modules:/zmathlerp.class].pc_entitytype","blueprint":"[modules:/zmathlerp.class].pc_entityblueprint","properties":{"m_B":{"type":"float32","value":0.20000000298023224},"m_fT":{"type":"float32","value":0},"m_A":{"type":"float32","value":0.5}},"events":{"Lerp":{"ConstantVector1D_01_Value":["feed1a9d8d2de37c","feed67be58a6f1b1","feed81a773d8ab41"],"ConstantVector1D_04_Value":["b65c34fc2572cc73"]}}},"feeda9e0add4d13e":{"parent":"f09d1e096268e4fb","name":"Nrom","factory":"[modules:/zmathlerp.class].pc_entitytype","blueprint":"[modules:/zmathlerp.class].pc_entityblueprint","properties":{"m_A":{"type":"float32","value":1},"m_B":{"type":"float32","value":1.2000000476837158},"m_fT":{"type":"float32","value":0}},"events":{"Lerp":{"ConstantVector1D_06_Value":["feed1a9d8d2de37c","feed67be58a6f1b1","feed81a773d8ab41"]}}},"feed099af15682cf":{"parent":"f09d1e096268e4fb","name":"Norml","factory":"[modules:/zmathlerp.class].pc_entitytype","blueprint":"[modules:/zmathlerp.class].pc_entityblueprint","properties":{"m_B":{"type":"float32","value":1.5},"m_fT":{"type":"float32","value":0},"m_A":{"type":"float32","value":1}},"events":{"Lerp":{"ConstantVector1D_06_Value":["a8f0d34adb22c0f9"]}}},"feedc45f5c579e39":{"parent":"f09d1e096268e4fb","name":"baseRough 3","factory":"[modules:/zmathlerp.class].pc_entitytype","blueprint":"[modules:/zmathlerp.class].pc_entityblueprint","properties":{"m_B":{"type":"float32","value":0.30000001192092896},"m_fT":{"type":"float32","value":0},"m_A":{"type":"float32","value":0}},"events":{"Lerp":{"ConstantVector1D_04_Value":["a8f0d34adb22c0f9","8c3ba4b74ab570e0"]}}},"feed67be58a6f1b1":{"parent":"f09d1e096268e4fb","name":"Mesh_Shirt","factory":"[modules:/zbodypartentity.class].pc_entitytype","blueprint":"[modules:/zbodypartentity.class].pc_entityblueprint","properties":{"m_pMeshResource":{"type":"ZRuntimeResourceID","value":{"resource":"00D0009486662EE8","flag":"5F"}}},"inputCopying":{"ConstantVector1D_14_Value":{"ConstantVector1D_14_Value":["feedff1906ce158f"],"ConstantVector1D_04_Value":["feed146bbfdaebda"]},"ConstantVector1D_01_Value":{"ConstantVector1D_01_Value":["feedff1906ce158f","feed146bbfdaebda"]},"ConstantVector1D_06_Value":{"ConstantVector1D_06_Value":["feedff1906ce158f"]}}},"feedff1906ce158f":{"parent":"feed67be58a6f1b1","name":"male_reg_dress_shirt_buttoned_up_01","factory":"00D3DD963A6AF70D","blueprint":"0076BDBA804A2941","properties":{"m_mTransform":{"type":"SMatrix43","value":{"rotation":{"x":0,"y":0,"z":0},"position":{"x":0,"y":0,"z":0}}},"ConstantVector1D_06_Value_op":{"type":"IRenderMaterialEntity.EModifierOperation","value":"eReplace"},"ConstantVector1D_14_Value_op":{"type":"IRenderMaterialEntity.EModifierOperation","value":"eReplace"},"ConstantVector1D_15_Value_op":{"type":"IRenderMaterialEntity.EModifierOperation","value":"eReplace"},"ConstantVector1D_01_Value_op":{"type":"IRenderMaterialEntity.EModifierOperation","value":"eReplace"},"Diffuse_Color_01_Value":{"type":"SColorRGB","value":"#f5f9f8"},"Clients":{"type":"TArray<SEntityTemplateReference>","value":["feed67be58a6f1b1"],"postInit":true},"m_eidParent":{"type":"SEntityTemplateReference","value":"f09d1e096268e4fb","postInit":true}}},"feed146bbfdaebda":{"parent":"feed67be58a6f1b1","name":"buttons_03_shirt","factory":"[assembly:/_pro/characters/assets/_apparel/accessories/buttons/materials/buttons_03_shirt.mi].pc_entitytype","blueprint":"[assembly:/_pro/characters/assets/_apparel/accessories/buttons/materials/buttons_03_shirt.mi].pc_entityblueprint","properties":{"m_mTransform":{"type":"SMatrix43","value":{"rotation":{"x":0,"y":0,"z":0},"position":{"x":0,"y":0,"z":0}}},"ConstantVector1D_04_Value_op":{"type":"IRenderMaterialEntity.EModifierOperation","value":"eReplace"},"Clients":{"type":"TArray<SEntityTemplateReference>","value":["f09d1e096268e4fb"],"postInit":true},"m_eidParent":{"type":"SEntityTemplateReference","value":"f09d1e096268e4fb","postInit":true}}},"feed81a773d8ab41":{"parent":"f09d1e096268e4fb","name":"male_reg_dress_shirt_long_sleeve_01","factory":"008F3CBB410A44C6","blueprint":"00789AC05E51C0A9","properties":{"m_mTransform":{"type":"SMatrix43","value":{"rotation":{"x":0,"y":0,"z":0},"position":{"x":0,"y":0,"z":0}}},"ConstantVector1D_06_Value_op":{"type":"IRenderMaterialEntity.EModifierOperation","value":"eReplace"},"ConstantVector1D_14_Value_op":{"type":"IRenderMaterialEntity.EModifierOperation","value":"eReplace"},"ConstantVector1D_01_Value_op":{"type":"IRenderMaterialEntity.EModifierOperation","value":"eReplace"},"ConstantVector1D_15_Value_op":{"type":"IRenderMaterialEntity.EModifierOperation","value":"eReplace"},"Clients":{"type":"TArray<SEntityTemplateReference>","value":["f09d1e096268e4fb"],"postInit":true},"m_eidParent":{"type":"SEntityTemplateReference","value":"f09d1e096268e4fb","postInit":true}}},"feedef6cf8da0a9c":{"parent":"f09d1e096268e4fb","name":"baseRough 2","factory":"[modules:/zmathlerp.class].pc_entitytype","blueprint":"[modules:/zmathlerp.class].pc_entityblueprint","properties":{"m_B":{"type":"float32","value":0.3499999940395355},"m_fT":{"type":"float32","value":0}},"events":{"Lerp":{"ConstantVector1D_04_Value":["f32449d2fa5177f2"]}}},"feedfd41fcb32989":{"parent":"f09d1e096268e4fb","name":"Lerp","factory":"[modules:/zmathlerp.class].pc_entitytype","blueprint":"[modules:/zmathlerp.class].pc_entityblueprint","properties":{"m_A":{"type":"float32","value":0.3499999940395355},"m_B":{"type":"float32","value":0.5},"m_fT":{"type":"float32","value":0}},"events":{"Lerp":{"SpecularRoughnessMin":["660aa60e128f61bd"]}}}},"propertyOverrides":[],"overrideDeletes":[],"pinConnectionOverrides":[],"pinConnectionOverrideDeletes":[],"externalScenes":[],"subType":"template","quickEntityVersion":3.1,"extraFactoryDependencies":[],"extraBlueprintDependencies":[],"comments":[]}