{"tempHash":"00EAF4F0DCB82072","tbluHash":"007E8A2144B45C6F","patch":[{"SubEntityOperation":["f78271387cd9de12",{"RemovePropertyByName":"ConstantVector1D_14_Value_op"}]},{"SubEntityOperation":["f78271387cd9de12",{"AddProperty":["Diffuse_Color_01_Value",{"type":"SColorRGB","value":"#453020"}]}]},{"SubEntityOperation":["d9063379d0a51358",{"RemovePropertyByName":"ConstantVector1D_01_Value"}]},{"SubEntityOperation":["d9063379d0a51358",{"RemovePropertyByName":"Diffuse_Saturation_01_Value"}]},{"SubEntityOperation":["d9063379d0a51358",{"SetPropertyValue":{"property_name":"Diffuse_Color_01_Value","value":"#453020"}}]}],"patchVersion":6}