{"tempHash":"00C1A1B28B181857","tbluHash":"00D505BBCC72CAAD","rootEntity":"c54c6c9baf92e1dd","entities":{"9dcd0ff98fd70535":{"parent":"c54c6c9baf92e1dd","name":"agent47_jacket_02","factory":"[assembly:/_pro/characters/assets/hero/agent47/materials/agent47_jacket_02.mi].pc_entitytype","blueprint":"[assembly:/_pro/characters/assets/hero/agent47/materials/agent47_jacket_02.mi].pc_entityblueprint","properties":{"1787395739":{"type":"IRenderMaterialEntity.EModifierOperation","value":"eReplace"},"2287298018":{"type":"IRenderMaterialEntity.EModifierOperation","value":"eReplace"},"2359342559":{"type":"IRenderMaterialEntity.EModifierOperation","value":"eReplace"},"m_mTransform":{"type":"SMatrix43","value":{"rotation":{"x":0,"y":0,"z":0},"position":{"x":-0.02270613983273506,"y":-0.757448673248291,"z":0}}},"ConstantVector1D_03_Value":{"type":"float32","value":0.75},"Clients":{"type":"TArray<SEntityTemplateReference>","value":["c54c6c9baf92e1dd"],"postInit":true},"m_eidParent":{"type":"SEntityTemplateReference","value":"c54c6c9baf92e1dd","postInit":true}}},"d2f383be8f5ec68d":{"parent":"c54c6c9baf92e1dd","name":"agent_47_wintercoat","factory":"[assembly:/_pro/characters/assets/hero/agent47/materials/agent_47_wintercoat.mi].pc_entitytype","blueprint":"[assembly:/_pro/characters/assets/hero/agent47/materials/agent_47_wintercoat.mi].pc_entityblueprint","properties":{"1239136802":{"type":"IRenderMaterialEntity.EModifierOperation","value":"eReplace"},"m_mTransform":{"type":"SMatrix43","value":{"rotation":{"x":0,"y":0,"z":1.7170102596282961},"position":{"x":-5.989548206329346,"y":6.717906951904297,"z":2.7692930698394775}}},"Active":{"type":"bool","value":false},"Clients":{"type":"TArray<SEntityTemplateReference>","value":["c54c6c9baf92e1dd"],"postInit":true},"m_eidParent":{"type":"SEntityTemplateReference","value":"c54c6c9baf92e1dd","postInit":true}}},"cdfd85dc2da3dffe":{"parent":"c54c6c9baf92e1dd","name":"shoes_suit","factory":"[assembly:/_pro/characters/assets/hero/agent47/materials/shoes_suit.mi].pc_entitytype","blueprint":"[assembly:/_pro/characters/assets/hero/agent47/materials/shoes_suit.mi].pc_entityblueprint","properties":{"2287298018":{"type":"IRenderMaterialEntity.EModifierOperation","value":"eReplace"},"m_mTransform":{"type":"SMatrix43","value":{"rotation":{"x":0,"y":0,"z":1.7170102596282961},"position":{"x":-4.07293176651001,"y":4.489690780639648,"z":-7.077776908874512}}},"Active":{"type":"bool","value":false},"Clients":{"type":"TArray<SEntityTemplateReference>","value":["c54c6c9baf92e1dd"],"postInit":true},"m_eidParent":{"type":"SEntityTemplateReference","value":"c54c6c9baf92e1dd","postInit":true}}},"54d57062b8d41f68":{"parent":"c54c6c9baf92e1dd","name":"Mesh_Jacket","factory":"[modules:/zbodypartentity.class].pc_entitytype","blueprint":"[modules:/zbodypartentity.class].pc_entityblueprint","properties":{"m_pMeshResource":{"type":"ZRuntimeResourceID","value":{"resource":"00AE4BF6E74AF715","flag":"5F"}}}},"1a03cf39e7dbe169":{"parent":"c54c6c9baf92e1dd","name":"agent47_shirt_02","factory":"[assembly:/_pro/characters/assets/hero/agent47/materials/agent47_shirt_02.mi].pc_entitytype","blueprint":"[assembly:/_pro/characters/assets/hero/agent47/materials/agent47_shirt_02.mi].pc_entityblueprint","properties":{"2287298018":{"type":"IRenderMaterialEntity.EModifierOperation","value":"eReplace"},"m_mTransform":{"type":"SMatrix43","value":{"rotation":{"x":0,"y":0,"z":1.7170102596282961},"position":{"x":5.121851921081543,"y":8.0631685256958,"z":1.6742509603500366}}},"Active":{"type":"bool","value":false},"ConstantVector1D_01_Value_op":{"type":"IRenderMaterialEntity.EModifierOperation","value":"eReplace"},"Clients":{"type":"TArray<SEntityTemplateReference>","value":["c54c6c9baf92e1dd"],"postInit":true},"m_eidParent":{"type":"SEntityTemplateReference","value":"c54c6c9baf92e1dd","postInit":true}}},"5c58ca183d120c9b":{"parent":"c54c6c9baf92e1dd","name":"Mesh_Shirt","factory":"[modules:/zbodypartentity.class].pc_entitytype","blueprint":"[modules:/zbodypartentity.class].pc_entityblueprint","properties":{"m_pMeshResource":{"type":"ZRuntimeResourceID","value":{"resource":"0031145B8979B6E9","flag":"5F"}}}},"14ab7aecdf290a03":{"parent":"c54c6c9baf92e1dd","name":"Mesh_Gloves","factory":"[modules:/zbodypartentity.class].pc_entitytype","blueprint":"[modules:/zbodypartentity.class].pc_entityblueprint","properties":{"m_pMeshResource":{"type":"ZRuntimeResourceID","value":{"resource":"00C448EDCED92510","flag":"5F"}}}},"cb9c45cfcf8d776d":{"parent":"c54c6c9baf92e1dd","name":"agent47_accessories_02","factory":"[assembly:/_pro/characters/assets/hero/agent47/materials/agent47_accessories_02.mi].pc_entitytype","blueprint":"[assembly:/_pro/characters/assets/hero/agent47/materials/agent47_accessories_02.mi].pc_entityblueprint","properties":{"2287298018":{"type":"IRenderMaterialEntity.EModifierOperation","value":"eReplace"},"m_mTransform":{"type":"SMatrix43","value":{"rotation":{"x":0,"y":0,"z":1.7170102596282961},"position":{"x":6.202520847320557,"y":17.28520965576172,"z":1.7203160524368286}}},"Active":{"type":"bool","value":false},"ConstantVector1D_01_Value_op":{"type":"IRenderMaterialEntity.EModifierOperation","value":"eReplace"},"Clients":{"type":"TArray<SEntityTemplateReference>","value":["c54c6c9baf92e1dd"],"postInit":true},"m_eidParent":{"type":"SEntityTemplateReference","value":"c54c6c9baf92e1dd","postInit":true}}},"4adb23985e9cc182":{"parent":"c54c6c9baf92e1dd","name":"agent47_eye","factory":"[assembly:/_pro/characters/assets/hero/agent47/materials/agent47_eye.mi].pc_entitytype","blueprint":"[assembly:/_pro/characters/assets/hero/agent47/materials/agent47_eye.mi].pc_entityblueprint","properties":{"1405740434":{"type":"IRenderMaterialEntity.EModifierOperation","value":"eReplace"},"2298771567":{"type":"IRenderMaterialEntity.EModifierOperation","value":"eReplace"},"m_mTransform":{"type":"SMatrix43","value":{"rotation":{"x":0,"y":0,"z":0},"position":{"x":0,"y":0,"z":0}}},"EyeShader_01_ScleraSpecularIntensity":{"type":"float32","value":0.007000000216066837},"EyeShader_01_CorneaSpecularIntensity":{"type":"float32","value":0.007000000216066837},"Clients":{"type":"TArray<SEntityTemplateReference>","value":["c54c6c9baf92e1dd"],"postInit":true},"m_eidParent":{"type":"SEntityTemplateReference","value":"c54c6c9baf92e1dd","postInit":true}}},"82d2d9f782341d19":{"parent":"c54c6c9baf92e1dd","name":"Mesh_Head","factory":"[modules:/zbodypartentity.class].pc_entitytype","blueprint":"[modules:/zbodypartentity.class].pc_entityblueprint","properties":{"m_pMeshResource":{"type":"ZRuntimeResourceID","value":{"resource":"00B56DB95950BD5E","flag":"5F"}},"m_IsHiddenInVR":{"type":"bool","value":true}}},"dafe9bd1b8bc8329":{"parent":"c54c6c9baf92e1dd","name":"Mesh_Belt","factory":"[modules:/zbodypartentity.class].pc_entitytype","blueprint":"[modules:/zbodypartentity.class].pc_entityblueprint","properties":{"m_pMeshResource":{"type":"ZRuntimeResourceID","value":{"resource":"00A3E377683D770C","flag":"5F"}}}},"29d17149462d3ba4":{"parent":"c54c6c9baf92e1dd","name":"Lerp","factory":"[modules:/zmathlerp.class].pc_entitytype","blueprint":"[modules:/zmathlerp.class].pc_entityblueprint","properties":{"m_B":{"type":"float32","value":0.30000001192092896},"m_fT":{"type":"float32","value":0}},"events":{"Lerp":{"ConstantVector1D_04_Value":["9dcd0ff98fd70535","6443f03b9e69ae6","29fd1e3bda72a624","cdfd85dc2da3dffe","1a03cf39e7dbe169","cb9c45cfcf8d776d"],"ConstantVector1D_14_Value":["d2f383be8f5ec68d"]}}},"67a1f4bd56e014f2":{"parent":"c54c6c9baf92e1dd","name":"FX_Hitman_Wet_Logic_Character","factory":"0067CFB703A80787","blueprint":"00AA88C960CD2080","properties":{"HeadMaterialToOverride":{"type":"ZRuntimeResourceID","value":{"resource":"009F7978C601815A","flag":"5F"}},"HeadMaterialOverride":{"type":"TArray<SEntityTemplateReference>","value":["c54c6c9baf92e1dd"],"postInit":true}},"events":{"HitmanWetness":{"T":["29d17149462d3ba4","95bc9b1e1482d429","87b4da6e8d296f2"]},"ChangedDisguiseTrigger":{"Activate":["d2f383be8f5ec68d","cdfd85dc2da3dffe","1a03cf39e7dbe169","cb9c45cfcf8d776d"]}}},"f6b8c6cd1320cf53":{"parent":"c54c6c9baf92e1dd","name":"Mesh_Pant","factory":"[modules:/zbodypartentity.class].pc_entitytype","blueprint":"[modules:/zbodypartentity.class].pc_entityblueprint","properties":{"m_pMeshResource":{"type":"ZRuntimeResourceID","value":{"resource":"00DF93EB4149AC1E","flag":"5F"}}}},"6443f03b9e69ae6":{"parent":"c54c6c9baf92e1dd","name":"agent47_pants_02","factory":"[assembly:/_pro/characters/assets/hero/agent47/materials/agent47_pants_02.mi].pc_entitytype","blueprint":"[assembly:/_pro/characters/assets/hero/agent47/materials/agent47_pants_02.mi].pc_entityblueprint","properties":{"1787395739":{"type":"IRenderMaterialEntity.EModifierOperation","value":"eReplace"},"2287298018":{"type":"IRenderMaterialEntity.EModifierOperation","value":"eReplace"},"2359342559":{"type":"IRenderMaterialEntity.EModifierOperation","value":"eReplace"},"m_mTransform":{"type":"SMatrix43","value":{"rotation":{"x":0,"y":0,"z":0},"position":{"x":-0.02270613983273506,"y":-0.757448673248291,"z":0}}},"ConstantVector1D_03_Value":{"type":"float32","value":0.75},"Clients":{"type":"TArray<SEntityTemplateReference>","value":["c54c6c9baf92e1dd"],"postInit":true},"m_eidParent":{"type":"SEntityTemplateReference","value":"c54c6c9baf92e1dd","postInit":true}}},"2c35b71f5d2d6369":{"parent":"c54c6c9baf92e1dd","name":"Mesh_Tie","factory":"[modules:/zbodypartentity.class].pc_entitytype","blueprint":"[modules:/zbodypartentity.class].pc_entityblueprint","properties":{"m_pMeshResource":{"type":"ZRuntimeResourceID","value":{"resource":"00B3C4B57B7E02AA","flag":"5F"}}}},"87b4da6e8d296f2":{"parent":"c54c6c9baf92e1dd","name":"Lerp 2","factory":"[modules:/zmathlerp.class].pc_entitytype","blueprint":"[modules:/zmathlerp.class].pc_entityblueprint","properties":{"m_A":{"type":"float32","value":0.5},"m_B":{"type":"float32","value":0.15000000596046448},"m_fT":{"type":"float32","value":0}},"events":{"Lerp":{"ConstantVector1D_01_Value":["1a03cf39e7dbe169","cb9c45cfcf8d776d"]}}},"29fd1e3bda72a624":{"parent":"c54c6c9baf92e1dd","name":"agent47_gloves_white","factory":"[assembly:/_pro/characters/assets/hero/agent47/materials/agent47_gloves_white.mi].pc_entitytype","blueprint":"[assembly:/_pro/characters/assets/hero/agent47/materials/agent47_gloves_white.mi].pc_entityblueprint","properties":{"2287298018":{"type":"IRenderMaterialEntity.EModifierOperation","value":"eReplace"},"m_mTransform":{"type":"SMatrix43","value":{"rotation":{"x":0,"y":0,"z":0},"position":{"x":0,"y":0,"z":0}}},"ConstantVector1D_01_Value_op":{"type":"IRenderMaterialEntity.EModifierOperation","value":"eReplace"},"ConstantVector1D_01_Value":{"type":"float32","value":0.02500000037252903},"Clients":{"type":"TArray<SEntityTemplateReference>","value":["c54c6c9baf92e1dd"],"postInit":true},"m_eidParent":{"type":"SEntityTemplateReference","value":"c54c6c9baf92e1dd","postInit":true}}},"95bc9b1e1482d429":{"parent":"c54c6c9baf92e1dd","name":"Lerp 1","factory":"[modules:/zmathlerp.class].pc_entitytype","blueprint":"[modules:/zmathlerp.class].pc_entityblueprint","properties":{"m_A":{"type":"float32","value":1.2999999523162842},"m_B":{"type":"float32","value":2},"m_fT":{"type":"float32","value":0}},"events":{"Lerp":{"ConstantVector1D_06_Value":["6443f03b9e69ae6","9dcd0ff98fd70535"]}}},"250ae7ade55c7ac":{"parent":"c54c6c9baf92e1dd","name":"Mesh_Shoes","factory":"[modules:/zbodypartentity.class].pc_entitytype","blueprint":"[modules:/zbodypartentity.class].pc_entityblueprint","properties":{"m_pMeshResource":{"type":"ZRuntimeResourceID","value":{"resource":"002B2408498F22D7","flag":"5F"}}}},"23a8d9a5bda617d4":{"parent":"c54c6c9baf92e1dd","name":"ChildNetwork","factory":"[modules:/zchildnetworkentity.class].pc_entitytype","blueprint":"[modules:/zchildnetworkentity.class].pc_entityblueprint","properties":{"m_RuntimeNetworkResourceID":{"type":"ZRuntimeResourceID","value":{"resource":"[assembly:/animationnetworks/hitman01/idles/suitidle.aln].pc_rtn","flag":"9F"}}}},"c54c6c9baf92e1dd":{"parent":null,"name":"OUTFIT_Agent47_WinterSuit_Gloves_HeroA_V0","factory":"[assembly:/templates/aspectdummy.aspect]([modules:/zlinkedproxyentity.class].entitytype,[modules:/zclothcharacterentity.class].entitytype,[modules:/zheroidlenetworkaspect.class].entitytype).pc_entitytype","blueprint":"[assembly:/templates/aspectdummy.aspect]([modules:/zlinkedproxyentity.class].entitytype,[modules:/zclothcharacterentity.class].entitytype,[modules:/zheroidlenetworkaspect.class].entitytype).pc_entityblueprint","properties":{"m_ResourceID":{"type":"ZRuntimeResourceID","value":null},"m_fLODScale":{"type":"float32","value":1},"m_mTransform":{"type":"SMatrix43","value":{"rotation":{"x":0,"y":0,"z":-1.7170102596282961},"position":{"x":20.17310905456543,"y":5.688663005828857,"z":0}}},"m_pBonesAndCollisionResource":{"type":"ZRuntimeResourceID","value":{"resource":"004E2C4FC114F487","flag":"5F"}},"m_bUsePerVertexStiffness":{"type":"bool","value":false},"m_bGlobalCollidersEnabled":{"type":"bool","value":false},"m_fDamping":{"type":"float32","value":0.05000000074505806},"m_fBendStiffness":{"type":"float32","value":0.699999988079071},"m_bUsePerVertexDamping":{"type":"bool","value":false},"m_fShearStiffness":{"type":"float32","value":0.8999999761581421},"m_bUseSkinningPosNormalConstrains":{"type":"bool","value":true},"m_bUseSkinningNegNormalConstrains":{"type":"bool","value":true},"m_nIterations":{"type":"uint32","value":2},"m_fFrequency":{"type":"float32","value":90},"m_vTranslationScale":{"type":"SVector3","value":{"x":0.10000000149011612,"y":0.10000000149011612,"z":0.10000000149011612}},"m_vGravity":{"type":"SVector3","value":{"x":0,"y":0,"z":-13}},"m_fLODOffset":{"type":"float32","value":100},"m_fDragConstant":{"type":"float32","value":1},"m_eStretchConstrainType":{"type":"EClothStretchConstrainType","value":"eClothBendConstrainType_None"},"m_fAngularVelocityThreshold":{"type":"float32","value":60},"m_eRootBone":{"type":"BoneId.Enum","value":"PELVIS"},"m_bEnableAngularVelocityScale":{"type":"bool","value":true},"m_eBendConstrainType":{"type":"EClothBendConstrainType","value":"eClothBendConstrainType_Stick"},"m_pIdleAnimNetworkEntity":{"type":"SEntityTemplateReference","value":"23a8d9a5bda617d4"},"m_bRandomStartState":{"type":"bool","value":true},"m_fWindConstant":{"type":"float32","value":0.10000000149011612},"m_aBodyParts":{"type":"TArray<SEntityTemplateReference>","value":["82d2d9f782341d19","14ab7aecdf290a03","dafe9bd1b8bc8329","54d57062b8d41f68","f6b8c6cd1320cf53","5c58ca183d120c9b","250ae7ade55c7ac","2c35b71f5d2d6369","eb55db02b1e5b3af"],"postInit":true},"m_LocalColliders":{"type":"TArray<SEntityTemplateReference>","value":["c0651491c36ee041"],"postInit":true}}},"eb55db02b1e5b3af":{"parent":"c54c6c9baf92e1dd","name":"Mesh_Coat","factory":"[modules:/zbodypartentity.class].pc_entitytype","blueprint":"[modules:/zbodypartentity.class].pc_entityblueprint","properties":{"m_pMeshResource":{"type":"ZRuntimeResourceID","value":{"resource":"00C4C32DD0B76665","flag":"5F"}}}},"c0651491c36ee041":{"parent":"c54c6c9baf92e1dd","name":"Malereg_WinterSuit_collider","factory":"0082FA25FA7A436A","blueprint":"005AE1E3873F982D","properties":{"Hand_L_Enabled":{"type":"bool","value":false},"Hand_R_Enabled":{"type":"bool","value":false},"Elbow_R_Enabled":{"type":"bool","value":false},"Elbow_L_Enabled":{"type":"bool","value":false},"m_mTransform":{"type":"SMatrix43","value":{"rotation":{"x":0,"y":0,"z":0},"position":{"x":0,"y":0,"z":0}}},"m_eidParent":{"type":"SEntityTemplateReference","value":"c54c6c9baf92e1dd"},"m_linkedEntity":{"type":"SEntityTemplateReference","value":"c54c6c9baf92e1dd","postInit":true}}}},"propertyOverrides":[],"overrideDeletes":[],"pinConnectionOverrides":[],"pinConnectionOverrideDeletes":[],"externalScenes":[],"subType":"template","quickEntityVersion":3.1,"extraFactoryDependencies":[],"extraBlueprintDependencies":[],"comments":[]}