{"tempHash":"00E2198D1E78D2FF","tbluHash":"0036FA76C08AF814","rootEntity":"4f528338a3b69d0","entities":{"12e8a323ec5ebe91":{"parent":"4f528338a3b69d0","name":"Shoes_Derby_CapToe_SquareTip","factory":"0033E9BBFCA7B067","blueprint":"0002D822B863CAA8","properties":{"Diffuse_Color_01_Value":{"type":"SColorRGB","value":"#2e2e2e"},"ConstantVector1D_04_Value":{"type":"float32","value":0.14000000059604645}}},"3c3ff9dbeb9319d1":{"parent":"4f528338a3b69d0","name":"WaistCoat_Plain_5Btn","factory":"00F9BE27B5B0652D","blueprint":"0006471CC0FF14D9","properties":{"Diffuse_Hue_Shift_01_Value":{"type":"float32","value":0},"Diffuse_Color_01_Value":{"type":"SColorRGB","value":"#ffffff"},"m_pMeshResource":{"type":"ZRuntimeResourceID","value":{"resource":"00CD061C94C6A42B","flag":"5F"}},"Texture2D_01":{"type":"ZRuntimeResourceID","value":{"resource":"00595DEA1900143E","flag":"5F"}},"Diffuse_Saturation_01_Value":{"type":"float32","value":0},"ConstantVector1D_01_Value":{"type":"float32","value":1},"ConstantVector1D_15_Value":{"type":"float32","value":0.6200000047683716},"Texture2D_03":{"type":"ZRuntimeResourceID","value":{"resource":"0084FF84B1499D0C","flag":"5F"}},"ConstantVector1D_03_Value":{"type":"float32","value":3},"ConstantVector1D_13_Value":{"type":"float32","value":0.05000000074505806},"ConstantVector1D_16_Value":{"type":"float32","value":0}}},"4f528338a3b69d0":{"parent":null,"name":"OUTFIT_Agent47_Global_Pride_HeroA_v0","factory":"00C0753FBF784C66","blueprint":"007294473357329E","properties":{"m_LocalColliders":{"type":"TArray<SEntityTemplateReference>","value":[]},"m_mTransform":{"type":"SMatrix43","value":{"rotation":{"x":0,"y":0,"z":-10.839471817016605},"position":{"x":48.36553955078125,"y":34.15571975708008,"z":-0.015949999913573265}}},"m_pBonesAndCollisionResource":{"type":"ZRuntimeResourceID","value":{"resource":"0017416135CF879C","flag":"5F"}},"m_aBodyParts":{"type":"TArray<SEntityTemplateReference>","value":["f996c2e658df77ff","ce39fe153397967b","12e8a323ec5ebe91","61cc17cc3014bf1f","5b36fbaeeadc1e83","c9eb82d45afbdc13","2a60645b3a20d793","3c3ff9dbeb9319d1"],"postInit":true}}},"c4c16eb67a4a68b4":{"parent":"4f528338a3b69d0","name":"Tie Min","factory":"[modules:/zmathlerp.class].pc_entitytype","blueprint":"[modules:/zmathlerp.class].pc_entityblueprint","properties":{"m_A":{"type":"float32","value":0},"m_B":{"type":"float32","value":0.30000001192092896},"m_fT":{"type":"float32","value":0}},"events":{"Lerp":{"ConstantVector1D_04_Value":["c9eb82d45afbdc13"]}}},"f008bf72cf8c0a72":{"parent":"c9eb82d45afbdc13","name":"agent47_skunk_tie","factory":"00E1C4A9C7CFF9B2","blueprint":"0006457096DE6092","properties":{"1787395739":{"type":"IRenderMaterialEntity.EModifierOperation","value":"eReplace"},"2287298018":{"type":"IRenderMaterialEntity.EModifierOperation","value":"eReplace"},"m_mTransform":{"type":"SMatrix43","value":{"rotation":{"x":0,"y":0,"z":0},"position":{"x":0,"y":0,"z":0}}},"ConstantColorRGB_02_Value_op":{"type":"IRenderMaterialEntity.EModifierOperation","value":"eReplace"},"Texture2D_01":{"type":"ZRuntimeResourceID","value":{"resource":"[assembly:/_pro/characters/assets/individuals/paris/philip/textures/male_reg_philip_01_tie_01.texture?/diffuse_f.tex](ascolormap).pc_tex","flag":"5F"}},"Texture2D_01_enab":{"type":"bool","value":true},"Texture2D_03_enab":{"type":"bool","value":true},"Texture2D_03":{"type":"ZRuntimeResourceID","value":{"resource":"[assembly:/_pro/characters/assets/individuals/paris/philip/textures/male_reg_philip_01_tie_01.texture?/specular_f.tex](ascolormap).pc_tex","flag":"5F"}},"ConstantColorRGB_02_Value":{"type":"SColorRGB","value":"#2d2933"},"ConstantVector1D_09_Value_op":{"type":"IRenderMaterialEntity.EModifierOperation","value":"eReplace"},"ConstantVector1D_09_Value":{"type":"float32","value":0.10999999940395357},"ConstantVector1D_01_Value_op":{"type":"IRenderMaterialEntity.EModifierOperation","value":"eReplace"},"ConstantVector1D_01_Value":{"type":"float32","value":10.619999885559082},"ConstantColorRGB_05_Value":{"type":"SColorRGB","value":"#ebe3ff"},"ConstantColorRGB_05_Value_op":{"type":"IRenderMaterialEntity.EModifierOperation","value":"eReplace"},"ConstantVector1D_03_Value":{"type":"float32","value":6.849999904632568},"m_eidParent":{"type":"SEntityTemplateReference","value":"4f528338a3b69d0"},"Clients":{"type":"TArray<SEntityTemplateReference>","value":["c9eb82d45afbdc13"],"postInit":true}}},"9a7da9d95e90970f":{"parent":"2a60645b3a20d793","name":"agent47_greed_pants","factory":"00959C2F842BCEB9","blueprint":"00EBD5A832E5DEF4","properties":{"1787395739":{"type":"IRenderMaterialEntity.EModifierOperation","value":"eReplace"},"2287298018":{"type":"IRenderMaterialEntity.EModifierOperation","value":"eReplace"},"2359342559":{"type":"IRenderMaterialEntity.EModifierOperation","value":"eReplace"},"m_mTransform":{"type":"SMatrix43","value":{"rotation":{"x":0,"y":0,"z":0},"position":{"x":0,"y":0,"z":0}}},"Texture2DNormal_01_enab":{"type":"bool","value":true},"Texture2D_03_enab":{"type":"bool","value":true},"Texture2D_01_enab":{"type":"bool","value":true},"Texture2D_01":{"type":"ZRuntimeResourceID","value":{"resource":"00B1E3E6278B0B5E","flag":"5F"}},"Texture2D_03":{"type":"ZRuntimeResourceID","value":{"resource":"001E5DBCF9C4A667","flag":"5F"}},"Texture2DNormal_01":{"type":"ZRuntimeResourceID","value":{"resource":"0071B9B9402B0E32","flag":"5F"}},"m_eidParent":{"type":"SEntityTemplateReference","value":"4f528338a3b69d0"},"Clients":{"type":"TArray<SEntityTemplateReference>","value":["2a60645b3a20d793"],"postInit":true}}},"6916cbdc1070d162":{"parent":"4f528338a3b69d0","name":"TokenID_MakoyanaClothSim","factory":"[modules:/ztokenidentity.class].pc_entitytype","blueprint":"[modules:/ztokenidentity.class].pc_entityblueprint","properties":{"m_sName":{"type":"ZString","value":"MakoyanaClothSim"}}},"c36f6b10d675c0f1":{"parent":"4f528338a3b69d0","name":"ValueBool_Set","factory":"[assembly:/_pro/design/logic/valuebool.template?/valuebool_set.entitytemplate].pc_entitytype","blueprint":"[assembly:/_pro/design/logic/valuebool.template?/valuebool_set.entitytemplate].pc_entityblueprint","properties":{"m_rValueEntity":{"type":"SEntityTemplateReference","value":"3255242f8f368b3a","postInit":true}}},"df4a77bae0010b1f":{"parent":"4f528338a3b69d0","name":"Base Min","factory":"[modules:/zmathlerp.class].pc_entitytype","blueprint":"[modules:/zmathlerp.class].pc_entityblueprint","properties":{"m_A":{"type":"float32","value":-0.14000000059604645},"m_B":{"type":"float32","value":0.3499999940395355},"m_fT":{"type":"float32","value":0}},"events":{"Lerp":{"ConstantVector1D_04_Value":["2a60645b3a20d793","5b36fbaeeadc1e83"],"ConstantVector1D_14_Value":["3c3ff9dbeb9319d1"]}}},"8f1a9a0b10fbea4d":{"parent":"4f528338a3b69d0","name":"Base Normal Bump Scale","factory":"[modules:/zmathlerp.class].pc_entitytype","blueprint":"[modules:/zmathlerp.class].pc_entityblueprint","properties":{"m_A":{"type":"float32","value":1},"m_fT":{"type":"float32","value":0},"m_B":{"type":"float32","value":1.440000057220459}},"events":{"Lerp":{"ConstantVector1D_06_Value":["2a60645b3a20d793","5b36fbaeeadc1e83","3c3ff9dbeb9319d1"]}}},"d359f11c6e94c935":{"parent":"4f528338a3b69d0","name":"Tie Diffuse","factory":"[modules:/zmathlerp.class].pc_entitytype","blueprint":"[modules:/zmathlerp.class].pc_entityblueprint","properties":{"m_A":{"type":"float32","value":10.619999885559082},"m_fT":{"type":"float32","value":0},"m_B":{"type":"float32","value":7.329999923706055}},"events":{"Lerp":{"ConstantVector1D_01_Value":["c9eb82d45afbdc13"]}}},"c5febda39b988bb5":{"parent":"4f528338a3b69d0","name":"Jacket Spec","factory":"[modules:/zmathlerp.class].pc_entitytype","blueprint":"[modules:/zmathlerp.class].pc_entityblueprint","properties":{"m_A":{"type":"float32","value":1},"m_B":{"type":"float32","value":0.7599999904632568},"m_fT":{"type":"float32","value":0}},"events":{"Lerp":{"ConstantVector1D_03_Value":["2a60645b3a20d793","5b36fbaeeadc1e83"]}}},"acb9bb616346444d":{"parent":"4f528338a3b69d0","name":"Min Head","factory":"[modules:/zmathlerp.class].pc_entitytype","blueprint":"[modules:/zmathlerp.class].pc_entityblueprint","properties":{"m_A":{"type":"float32","value":0},"m_B":{"type":"float32","value":0.30000001192092896},"m_fT":{"type":"float32","value":0}},"events":{"Lerp":{"ConstantVector1D_04_Value":["ce39fe153397967b"]}}},"554acbc803fb81f5":{"parent":"4f528338a3b69d0","name":"m_fDragConstant","factory":"[assembly:/_pro/design/logic/valuefloat.template?/valuefloat_entityproperty.entitytemplate].pc_entitytype","blueprint":"[assembly:/_pro/design/logic/valuefloat.template?/valuefloat_entityproperty.entitytemplate].pc_entityblueprint","properties":{"m_rEntity":{"type":"SEntityTemplateReference","value":"4f528338a3b69d0"},"m_sPropertyName":{"type":"ZString","value":"m_fDragConstant"}}},"1a7ed87f97baccbb":{"parent":"4f528338a3b69d0","name":"FX_Hitman_Wet_Logic_Character_01","factory":"0067CFB703A80787","blueprint":"00AA88C960CD2080","properties":{"HeadMaterialToOverride":{"type":"ZRuntimeResourceID","value":{"resource":"009F7978C601815A","flag":"5F"}},"HeadMaterialOverride":{"type":"TArray<SEntityTemplateReference>","value":["4f528338a3b69d0"]}},"events":{"HitmanWetness":{"T":["8f1a9a0b10fbea4d","df4a77bae0010b1f","d359f11c6e94c935","c5febda39b988bb5","acb9bb616346444d","c4c16eb67a4a68b4"]}}},"f996c2e658df77ff":{"parent":"4f528338a3b69d0","name":"Agent47_Gloves_Driving","factory":"008897FB54E3DB82","blueprint":"00F716010CB776C3","properties":{"m_pMeshResource":{"type":"ZRuntimeResourceID","value":{"resource":"00FBF04263964123","flag":"5F"}},"Diffuse_Color_01_Value":{"type":"SColorRGB","value":"#93979e"}}},"228796ab8a5cb6aa":{"parent":"5b36fbaeeadc1e83","name":"agent47_greed_jacket","factory":"0050D4B9E7346115","blueprint":"005F6491A2BAE5D5","properties":{"1787395739":{"type":"IRenderMaterialEntity.EModifierOperation","value":"eReplace"},"2287298018":{"type":"IRenderMaterialEntity.EModifierOperation","value":"eReplace"},"2359342559":{"type":"IRenderMaterialEntity.EModifierOperation","value":"eReplace"},"m_mTransform":{"type":"SMatrix43","value":{"rotation":{"x":0,"y":0,"z":0},"position":{"x":0,"y":0,"z":0}}},"Texture2DNormal_01":{"type":"ZRuntimeResourceID","value":{"resource":"00947AF80A5ADC8E","flag":"5F"}},"Texture2DNormal_01_enab":{"type":"bool","value":true},"Texture2D_03":{"type":"ZRuntimeResourceID","value":{"resource":"00A1B45FCD8130D4","flag":"5F"}},"Texture2D_03_enab":{"type":"bool","value":true},"Texture2D_01":{"type":"ZRuntimeResourceID","value":{"resource":"00854E9BE4ACDDCF","flag":"5F"}},"Texture2D_01_enab":{"type":"bool","value":true},"m_eidParent":{"type":"SEntityTemplateReference","value":"4f528338a3b69d0"},"Clients":{"type":"TArray<SEntityTemplateReference>","value":["5b36fbaeeadc1e83"],"postInit":true}}},"4ddeaac1d02689d":{"parent":"4f528338a3b69d0","name":"ValueFloat_Set 1","factory":"[assembly:/_pro/design/logic/valuefloat.template?/valuefloat_set.entitytemplate].pc_entitytype","blueprint":"[assembly:/_pro/design/logic/valuefloat.template?/valuefloat_set.entitytemplate].pc_entityblueprint","properties":{"m_rValueEntity":{"type":"SEntityTemplateReference","value":"554acbc803fb81f5"}}},"2a60645b3a20d793":{"parent":"4f528338a3b69d0","name":"Mesh_Pants","factory":"[modules:/zbodypartentity.class].pc_entitytype","blueprint":"[modules:/zbodypartentity.class].pc_entityblueprint","properties":{"m_pMeshResource":{"type":"ZRuntimeResourceID","value":{"resource":"00247C6B3DBFBCD0","flag":"5F"}},"Texture2D_01":{"type":"ZRuntimeResourceID","value":{"resource":"00B1E3E6278B0B5E","flag":"5F"}},"Texture2D_03":{"type":"ZRuntimeResourceID","value":{"resource":"001E5DBCF9C4A667","flag":"5F"}},"Texture2DNormal_01":{"type":"ZRuntimeResourceID","value":{"resource":"0071B9B9402B0E32","flag":"5F"}}},"inputCopying":{"ConstantVector1D_03_Value":{"ConstantVector1D_03_Value":["9a7da9d95e90970f"]},"ConstantVector1D_04_Value":{"ConstantVector1D_04_Value":["9a7da9d95e90970f"]},"ConstantVector1D_06_Value":{"ConstantVector1D_06_Value":["9a7da9d95e90970f"]}},"propertyAliases":{"Texture2D_01":[{"originalProperty":"Texture2D_01","originalEntity":"9a7da9d95e90970f"}],"Texture2D_03":[{"originalProperty":"Texture2D_03","originalEntity":"9a7da9d95e90970f"}],"Texture2DNormal_01":[{"originalProperty":"Texture2DNormal_01","originalEntity":"9a7da9d95e90970f"}]}},"c9eb82d45afbdc13":{"parent":"4f528338a3b69d0","name":"Tie_Kelvin_Jacket_Fit","factory":"0017527791AB5E5C","blueprint":"0002AAB0DAC51755","properties":{"ConstantColorRGB_02_Value":{"type":"SColorRGB","value":"#ffffff"},"ConstantColorRGB_05_Value":{"type":"SColorRGB","value":"#942e83"},"Texture2D_03":{"type":"ZRuntimeResourceID","value":{"resource":"002D277A80921776","flag":"5F"}},"m_pMeshResource":{"type":"ZRuntimeResourceID","value":{"resource":"00506E3E5D0A9D98","flag":"5F"}},"Texture2DNormal_01":{"type":"ZRuntimeResourceID","value":{"resource":"0091E793D3996E1B","flag":"5F"}}},"inputCopying":{"ConstantVector1D_01_Value":{"ConstantVector1D_01_Value":["f008bf72cf8c0a72"]},"ConstantVector1D_04_Value":{"ConstantVector1D_04_Value":["f008bf72cf8c0a72"]}}},"3255242f8f368b3a":{"parent":"4f528338a3b69d0","name":"m_bSimulationEnabled","factory":"[assembly:/_pro/design/logic/valuebool.template?/valuebool_entityproperty.entitytemplate].pc_entitytype","blueprint":"[assembly:/_pro/design/logic/valuebool.template?/valuebool_entityproperty.entitytemplate].pc_entityblueprint","properties":{"m_sPropertyName":{"type":"ZString","value":"m_bSimulationEnabled"},"m_rEntity":{"type":"SEntityTemplateReference","value":"4f528338a3b69d0"}}},"5b36fbaeeadc1e83":{"parent":"4f528338a3b69d0","name":"Agent47_S2_Suit_NoTie","factory":"00A0366B8B0933A5","blueprint":"004C5E391B4B1E50","properties":{"ConstantColorRGB_05_Value":{"type":"SColorRGB","value":"#3e4061"},"ConstantVector1D_03_Value":{"type":"float32","value":30},"ConstantColorRGB_02_Value":{"type":"SColorRGB","value":"#151863"},"ConstantVector1D_04_Value":{"type":"float32","value":0.25999999046325684},"m_pMeshResource":{"type":"ZRuntimeResourceID","value":{"resource":"007F1F8EA25772E8","flag":"5F"}},"Diffuse_Color_01_Value_3":{"type":"SColorRGB","value":"#000000"},"ConstantVector1D_01_Value_2":{"type":"float32","value":0.02500000037252903},"ConstantVector1D_03_Value_1":{"type":"float32","value":10.460000038146973}},"inputCopying":{"ConstantVector1D_06_Value":{"ConstantVector1D_06_Value":["228796ab8a5cb6aa"]},"ConstantVector1D_03_Value":{"ConstantVector1D_03_Value":["228796ab8a5cb6aa"]},"ConstantVector1D_04_Value":{"ConstantVector1D_04_Value":["228796ab8a5cb6aa"]}}},"4702625340e34f1d":{"parent":"4f528338a3b69d0","name":"EventChannelReceiver_bool","factory":"[assembly:/_pro/design/gamecore/events/eventchannel.template?/eventchannelreceiver_bool.entitytemplate].pc_entitytype","blueprint":"[assembly:/_pro/design/gamecore/events/eventchannel.template?/eventchannelreceiver_bool.entitytemplate].pc_entityblueprint","properties":{"m_rChannelToken":{"type":"SEntityTemplateReference","value":"6916cbdc1070d162"},"m_bEnabled":{"type":"bool","value":true}},"events":{"OnTrue":{"SetTrue":["c36f6b10d675c0f1"],"SetValue":[{"ref":"4ddeaac1d02689d","value":{"type":"float32","value":1}}]},"OnFalse":{"SetFalse":["c36f6b10d675c0f1"],"SetValue":[{"ref":"4ddeaac1d02689d","value":{"type":"float32","value":0}}]}}},"ce39fe153397967b":{"parent":"4f528338a3b69d0","name":"Head_47","factory":"00537D16B5CE7286","blueprint":"00F2E4A932ECAA63"},"61cc17cc3014bf1f":{"parent":"4f528338a3b69d0","name":"Shirt_Dress_BtnUp_Tkd_Cut_Jacket","factory":"0011644483049F85","blueprint":"000083C995DF8DF6","properties":{"Diffuse_Color_01_Value":{"type":"SColorRGB","value":"#ffffff"},"Texture2DNormal_02":{"type":"ZRuntimeResourceID","value":{"resource":"0060B2A6C3412613","flag":"5F"}},"m_pMeshResource":{"type":"ZRuntimeResourceID","value":{"resource":"005EA4E9BFE0C6DA","flag":"5F"}},"Texture2D_01":{"type":"ZRuntimeResourceID","value":{"resource":"00548676E8586A1B","flag":"5F"}},"Texture2D_04":{"type":"ZRuntimeResourceID","value":{"resource":"006C022A24528CF3","flag":"5F"}},"Texture2DNormal_01":{"type":"ZRuntimeResourceID","value":{"resource":"00B14A11D5C2CB8B","flag":"5F"}},"Texture2D_03":{"type":"ZRuntimeResourceID","value":{"resource":"00615E569A9E46E5","flag":"5F"}},"Texture2D_02":{"type":"ZRuntimeResourceID","value":{"resource":"000F96C875CA4FAD","flag":"5F"}},"ConstantVector1D_15_Value_1":{"type":"float32","value":0.41999998688697815}}}},"propertyOverrides":[],"overrideDeletes":[],"pinConnectionOverrides":[],"pinConnectionOverrideDeletes":[],"externalScenes":[],"subType":"template","quickEntityVersion":3.1,"extraFactoryDependencies":[],"extraBlueprintDependencies":[],"comments":[]}