{"tempHash":"004FBAE9B231C8D0","tbluHash":"00C71B921C8FCBCD","rootEntity":"bb3f994035fd552e","entities":{"beedb47abd764624":{"parent":"d850c16191e2b39a","name":"C_Spine1_R","factory":"[assembly:/templates/aspectdummy.aspect]([modules:/zclothsphere.class].entitytype,[modules:/zboneattachaspect.class].entitytype).pc_entitytype","blueprint":"[assembly:/templates/aspectdummy.aspect]([modules:/zclothsphere.class].entitytype,[modules:/zboneattachaspect.class].entitytype).pc_entityblueprint","properties":{"m_BoneName":{"type":"ZString","value":"Spine1"},"m_linkedEntity":{"type":"SEntityTemplateReference","value":null},"m_fRadius":{"type":"float32","value":0.11500000208616255},"m_mTransform":{"type":"SMatrix43","value":{"rotation":{"x":0,"y":0,"z":0},"position":{"x":0.016713999211788177,"y":0.03529899939894676,"z":-0.04758499935269356}}},"m_bEnabled":{"type":"bool","value":true},"m_eidParent":{"type":"SEntityTemplateReference","value":"d850c16191e2b39a","postInit":true}}},"5c615d901f892c82":{"parent":"bb3f994035fd552e","name":"Mesh_Pants","factory":"[modules:/zbodypartentity.class].pc_entitytype","blueprint":"[modules:/zbodypartentity.class].pc_entityblueprint","properties":{"m_pMeshResource":{"type":"ZRuntimeResourceID","value":{"resource":"00217DD2A40AC022","flag":"5F"}}}},"b994133ae5fb96dd":{"parent":"bfa504e43ec7397e","name":"C_Arm_Wrist_R","factory":"[assembly:/templates/aspectdummy.aspect]([modules:/zclothsphere.class].entitytype,[modules:/zboneattachaspect.class].entitytype).pc_entitytype","blueprint":"[assembly:/templates/aspectdummy.aspect]([modules:/zclothsphere.class].entitytype,[modules:/zboneattachaspect.class].entitytype).pc_entityblueprint","properties":{"m_fRadius":{"type":"float32","value":0.0949999988079071},"m_BoneName":{"type":"ZString","value":"R_Forearm"},"m_linkedEntity":{"type":"SEntityTemplateReference","value":null},"m_mTransform":{"type":"SMatrix43","value":{"rotation":{"x":0,"y":0.06852576136589053,"z":0},"position":{"x":0.22558599710464478,"y":-0.000003999999989900971,"z":0.0002229999954579398},"scale":{"x":0.9999999999999999,"y":1,"z":0.9999999999999999}}},"m_bCollisionGroup0":{"type":"bool","value":true},"m_bCollisionGroup1":{"type":"bool","value":false},"m_eidParent":{"type":"SEntityTemplateReference","value":"bfa504e43ec7397e","postInit":true}}},"26bbe9bb417a716e":{"parent":"bfa504e43ec7397e","name":"C_Arm_Elbow_L","factory":"[assembly:/templates/aspectdummy.aspect]([modules:/zclothsphere.class].entitytype,[modules:/zboneattachaspect.class].entitytype).pc_entitytype","blueprint":"[assembly:/templates/aspectdummy.aspect]([modules:/zclothsphere.class].entitytype,[modules:/zboneattachaspect.class].entitytype).pc_entityblueprint","properties":{"m_fRadius":{"type":"float32","value":0.10499999672174454},"m_BoneName":{"type":"ZString","value":"L_Forearm"},"m_linkedEntity":{"type":"SEntityTemplateReference","value":null},"m_mTransform":{"type":"SMatrix43","value":{"rotation":{"x":0,"y":0,"z":0},"position":{"x":0,"y":0,"z":-0.004341000225394964}}},"m_bCollisionGroup0":{"type":"bool","value":true},"m_bCollisionGroup1":{"type":"bool","value":false},"m_eidParent":{"type":"SEntityTemplateReference","value":"bfa504e43ec7397e","postInit":true}}},"e8e7881f2d0cbb78":{"parent":"bfa504e43ec7397e","name":"ColliderGroup","factory":"[modules:/zclothcollidergroup.class].pc_entitytype","blueprint":"[modules:/zclothcollidergroup.class].pc_entityblueprint","properties":{"m_ClothColliders":{"type":"TArray<SEntityTemplateReference>","value":["20c7c8ae76fb04ce","76c8d8794c18742f","79966fba3c6e5217","3f131fe355057378","7f1f3eff60e5cce8","e38c15691c23097f"],"postInit":true},"m_eidParent":{"type":"SEntityTemplateReference","value":"bfa504e43ec7397e","postInit":true}}},"a2c524db8907c06c":{"parent":"bb3f994035fd552e","name":"Lerp 3","factory":"[modules:/zmathlerp.class].pc_entitytype","blueprint":"[modules:/zmathlerp.class].pc_entityblueprint","properties":{"m_B":{"type":"float32","value":0.30000001192092896},"m_fT":{"type":"float32","value":1}},"events":{"Lerp":{"SpecularRoughnessMin":["a53371632169ea76"]}}},"225ee12ca7de1f24":{"parent":"bb3f994035fd552e","name":"Lerp","factory":"[modules:/zmathlerp.class].pc_entitytype","blueprint":"[modules:/zmathlerp.class].pc_entityblueprint","properties":{"m_fT":{"type":"float32","value":0},"m_A":{"type":"float32","value":1},"m_B":{"type":"float32","value":2}},"events":{"Lerp":{"NormalBumpScaleShirtLong":["c15003c5cf96d6c7"],"NormalBumpScaleShirtButtoned":["c15003c5cf96d6c7"],"ConstantVector1D_06_Value":["93ce254b640086ea","c2d8abd0728f193b"],"NormalBumpScaleCape":["84356ef29add455c"]}}},"76c8d8794c18742f":{"parent":"bfa504e43ec7397e","name":"C_Spine","factory":"[assembly:/templates/aspectdummy.aspect]([modules:/zclothcapsule.class].entitytype,[modules:/zboneattachaspect.class].entitytype).pc_entitytype","blueprint":"[assembly:/templates/aspectdummy.aspect]([modules:/zclothcapsule.class].entitytype,[modules:/zboneattachaspect.class].entitytype).pc_entityblueprint","properties":{"m_BoneName":{"type":"ZString","value":"Spine"},"m_linkedEntity":{"type":"SEntityTemplateReference","value":null},"m_fRadiusX":{"type":"float32","value":0.2300000041723251},"m_fRadiusY":{"type":"float32","value":0.19499999284744263},"m_fTop":{"type":"float32","value":0.009999999776482582},"m_fBottom":{"type":"float32","value":0},"m_fRadiusZ":{"type":"float32","value":0.23999999463558197},"m_bEnableBottomRadii":{"type":"bool","value":false},"m_fRadiusXBottom":{"type":"float32","value":1},"m_fRadiusYBottom":{"type":"float32","value":1},"m_fRadiusZBottom":{"type":"float32","value":1},"m_mTransform":{"type":"SMatrix43","value":{"rotation":{"x":-0.048472214490175254,"y":0,"z":-0.05231103301048281},"position":{"x":0.000039999998989515007,"y":0.02402699925005436,"z":-0.008620000444352627},"scale":{"x":1,"y":1,"z":0.9999999999999999}}},"m_eidParent":{"type":"SEntityTemplateReference","value":"bfa504e43ec7397e","postInit":true}}},"71419a73e69c0f19":{"parent":"bb3f994035fd552e","name":"GoldMask","factory":"004221B63565D977","blueprint":"00573505CBFEBB7C"},"ea5110006ab6a80a":{"parent":"d850c16191e2b39a","name":"C_Spine2_R","factory":"[assembly:/templates/aspectdummy.aspect]([modules:/zclothsphere.class].entitytype,[modules:/zboneattachaspect.class].entitytype).pc_entitytype","blueprint":"[assembly:/templates/aspectdummy.aspect]([modules:/zclothsphere.class].entitytype,[modules:/zboneattachaspect.class].entitytype).pc_entityblueprint","properties":{"m_BoneName":{"type":"ZString","value":"Spine2"},"m_linkedEntity":{"type":"SEntityTemplateReference","value":null},"m_fRadius":{"type":"float32","value":0.15000000596046448},"m_mTransform":{"type":"SMatrix43","value":{"rotation":{"x":0.607518970966339,"y":0.041310258209705346,"z":7.778167724609376},"position":{"x":-0.034866999834775925,"y":0.024687999859452248,"z":-0.04030299931764603},"scale":{"x":1,"y":0.9999999999999999,"z":0.9999999999999999}}},"m_bEnabled":{"type":"bool","value":false},"m_eidParent":{"type":"SEntityTemplateReference","value":"d850c16191e2b39a","postInit":true}}},"7b48642e09e59bdb":{"parent":"bb3f994035fd552e","name":"Mesh_Cummerbund","factory":"[modules:/zbodypartentity.class].pc_entitytype","blueprint":"[modules:/zbodypartentity.class].pc_entityblueprint","properties":{"m_pMeshResource":{"type":"ZRuntimeResourceID","value":{"resource":"000F2A9700B7A82A","flag":"5F"}}}},"945310de61b4b3d8":{"parent":"d850c16191e2b39a","name":"C_Spine_R","factory":"[assembly:/templates/aspectdummy.aspect]([modules:/zclothsphere.class].entitytype,[modules:/zboneattachaspect.class].entitytype).pc_entitytype","blueprint":"[assembly:/templates/aspectdummy.aspect]([modules:/zclothsphere.class].entitytype,[modules:/zboneattachaspect.class].entitytype).pc_entityblueprint","properties":{"m_BoneName":{"type":"ZString","value":"Spine"},"m_linkedEntity":{"type":"SEntityTemplateReference","value":null},"m_fRadius":{"type":"float32","value":0.119999997317791},"m_mTransform":{"type":"SMatrix43","value":{"rotation":{"x":-0.054144546389579766,"y":0.05047758668661118,"z":-0.05231108516454695},"position":{"x":0.000004999999873689376,"y":0.033500999212265015,"z":-0.05072899907827377},"scale":{"x":1,"y":1.0000000000000002,"z":1}}},"m_bEnabled":{"type":"bool","value":true},"m_bCollisionGroup0":{"type":"bool","value":true},"m_eidParent":{"type":"SEntityTemplateReference","value":"d850c16191e2b39a","postInit":true}}},"60053e57ae719be5":{"parent":"bb3f994035fd552e","name":"Gloves_Leather","factory":"00BEE701448762C1","blueprint":"005D2B1CBD509E61","properties":{"Diffuse_Color_01_Value":{"type":"SColorRGB","value":"#2e2e2e"},"m_pMeshResource":{"type":"ZRuntimeResourceID","value":{"resource":"00E4045A3E732B82","flag":"5F"}}}},"e38c15691c23097f":{"parent":"bfa504e43ec7397e","name":"C_Spine3","factory":"[assembly:/templates/aspectdummy.aspect]([modules:/zclothcapsule.class].entitytype,[modules:/zboneattachaspect.class].entitytype).pc_entitytype","blueprint":"[assembly:/templates/aspectdummy.aspect]([modules:/zclothcapsule.class].entitytype,[modules:/zboneattachaspect.class].entitytype).pc_entityblueprint","properties":{"m_BoneName":{"type":"ZString","value":"Neck"},"m_linkedEntity":{"type":"SEntityTemplateReference","value":null},"m_fRadiusX":{"type":"float32","value":0.119999997317791},"m_fRadiusY":{"type":"float32","value":0.08500000089406966},"m_fTop":{"type":"float32","value":0.009999999776482582},"m_fBottom":{"type":"float32","value":0},"m_fRadiusZ":{"type":"float32","value":0.09000000357627869},"m_bEnableBottomRadii":{"type":"bool","value":false},"m_fRadiusXBottom":{"type":"float32","value":1},"m_fRadiusYBottom":{"type":"float32","value":1},"m_fRadiusZBottom":{"type":"float32","value":1},"m_mTransform":{"type":"SMatrix43","value":{"rotation":{"x":0,"y":0,"z":0},"position":{"x":0,"y":0,"z":0}}},"m_eidParent":{"type":"SEntityTemplateReference","value":"bfa504e43ec7397e","postInit":true}}},"bb3f994035fd552e":{"parent":null,"name":"OUTFIT_Agent47_Reward_Goldmask_HeroA_v0","factory":"00C0753FBF784C66","blueprint":"007294473357329E","properties":{"m_LocalColliders":{"type":"TArray<SEntityTemplateReference>","value":[]},"m_mTransform":{"type":"SMatrix43","value":{"rotation":{"x":0,"y":0,"z":0},"position":{"x":54.588409423828125,"y":5.057138919830322,"z":0}}},"m_pBonesAndCollisionResource":{"type":"ZRuntimeResourceID","value":{"resource":"0017416135CF879C","flag":"5F"}},"m_aBodyParts":{"type":"TArray<SEntityTemplateReference>","value":["60053e57ae719be5","6b368fac7cfccccb","c15003c5cf96d6c7","4db1e2cc0a9b2bbb","a53371632169ea76","19045fae4413e1a8","5c615d901f892c82","ea41625f1d4e1e7f","7b48642e09e59bdb","f038235ef02f1a23","71419a73e69c0f19","84356ef29add455c"],"postInit":true}}},"a53d4f9c6805de48":{"parent":"d850c16191e2b39a","name":"C_TighTop_L","factory":"[assembly:/templates/aspectdummy.aspect]([modules:/zclothsphere.class].entitytype,[modules:/zboneattachaspect.class].entitytype).pc_entitytype","blueprint":"[assembly:/templates/aspectdummy.aspect]([modules:/zclothsphere.class].entitytype,[modules:/zboneattachaspect.class].entitytype).pc_entityblueprint","properties":{"m_fRadius":{"type":"float32","value":0.1449999958276749},"m_BoneName":{"type":"ZString","value":"LThighTwist"},"m_linkedEntity":{"type":"SEntityTemplateReference","value":null},"m_mTransform":{"type":"SMatrix43","value":{"rotation":{"x":0,"y":0.027960339561104778,"z":0},"position":{"x":0.026486000046133995,"y":0.016471000388264656,"z":0.040410999208688736}}},"m_bEnabled":{"type":"bool","value":true},"m_eidParent":{"type":"SEntityTemplateReference","value":"d850c16191e2b39a","postInit":true}}},"c15003c5cf96d6c7":{"parent":"bb3f994035fd552e","name":"Shirt_Dress_BtnUp_Tkd_Wingtip_Cut_Jacket","factory":"00C4CB3CD55FE550","blueprint":"004AFF9439A9EB94","properties":{"ConstantVector1D_02_Value":{"type":"float32","value":0.5},"m_pMeshResource":{"type":"ZRuntimeResourceID","value":{"resource":"00130CEB9EFD88F4","flag":"5F"}}}},"6b368fac7cfccccb":{"parent":"bb3f994035fd552e","name":"Head_47","factory":"00537D16B5CE7286","blueprint":"00F2E4A932ECAA63"},"966f5323e2e07dd6":{"parent":"d850c16191e2b39a","name":"C_Pelvis_R","factory":"[assembly:/templates/aspectdummy.aspect]([modules:/zclothsphere.class].entitytype,[modules:/zboneattachaspect.class].entitytype).pc_entitytype","blueprint":"[assembly:/templates/aspectdummy.aspect]([modules:/zclothsphere.class].entitytype,[modules:/zboneattachaspect.class].entitytype).pc_entityblueprint","properties":{"m_fRadius":{"type":"float32","value":0.125},"m_BoneName":{"type":"ZString","value":"Pelvis"},"m_mTransform":{"type":"SMatrix43","value":{"rotation":{"x":0,"y":0,"z":0},"position":{"x":0.0364920012652874,"y":0.024529000744223595,"z":-0.05322900041937828}}},"m_bEnabled":{"type":"bool","value":true},"m_eidParent":{"type":"SEntityTemplateReference","value":"d850c16191e2b39a","postInit":true}}},"3a6bc610f248b67f":{"parent":"bfa504e43ec7397e","name":"C_Arm_Clavicle_L","factory":"[assembly:/templates/aspectdummy.aspect]([modules:/zclothsphere.class].entitytype,[modules:/zboneattachaspect.class].entitytype).pc_entitytype","blueprint":"[assembly:/templates/aspectdummy.aspect]([modules:/zclothsphere.class].entitytype,[modules:/zboneattachaspect.class].entitytype).pc_entityblueprint","properties":{"m_fRadius":{"type":"float32","value":0.12999999523162842},"m_BoneName":{"type":"ZString","value":"L_Clavicle"},"m_linkedEntity":{"type":"SEntityTemplateReference","value":null},"m_bCollisionGroup0":{"type":"bool","value":true},"m_bCollisionGroup1":{"type":"bool","value":false},"m_bEnabled":{"type":"bool","value":true},"m_mTransform":{"type":"SMatrix43","value":{"rotation":{"x":0,"y":0,"z":0},"position":{"x":0.054319001734256744,"y":0.019415000453591347,"z":-0.02403300069272518}}},"m_eidParent":{"type":"SEntityTemplateReference","value":"bfa504e43ec7397e","postInit":true}}},"3f131fe355057378":{"parent":"bfa504e43ec7397e","name":"C_Head","factory":"[assembly:/templates/aspectdummy.aspect]([modules:/zclothcapsule.class].entitytype,[modules:/zboneattachaspect.class].entitytype).pc_entitytype","blueprint":"[assembly:/templates/aspectdummy.aspect]([modules:/zclothcapsule.class].entitytype,[modules:/zboneattachaspect.class].entitytype).pc_entityblueprint","properties":{"m_BoneName":{"type":"ZString","value":"Head"},"m_linkedEntity":{"type":"SEntityTemplateReference","value":null},"m_fRadiusX":{"type":"float32","value":0.15000000596046448},"m_fRadiusY":{"type":"float32","value":0.125},"m_fTop":{"type":"float32","value":0.009999999776482582},"m_fBottom":{"type":"float32","value":0},"m_fRadiusZ":{"type":"float32","value":0.09000000357627869},"m_bEnableBottomRadii":{"type":"bool","value":false},"m_fRadiusXBottom":{"type":"float32","value":1},"m_fRadiusYBottom":{"type":"float32","value":1},"m_fRadiusZBottom":{"type":"float32","value":1},"m_mTransform":{"type":"SMatrix43","value":{"rotation":{"x":0,"y":0,"z":0},"position":{"x":0.035829998552799225,"y":0.0392180010676384,"z":9.999999974752427e-7}}},"m_eidParent":{"type":"SEntityTemplateReference","value":"bfa504e43ec7397e","postInit":true}}},"b98f54f144bacec0":{"parent":"bb3f994035fd552e","name":"FX_Hitman_Wet_Logic_Character","factory":"0067CFB703A80787","blueprint":"00AA88C960CD2080","properties":{"HeadMaterialToOverride":{"type":"ZRuntimeResourceID","value":{"resource":"009F7978C601815A","flag":"5F"}}},"events":{"HitmanWetness":{"T":["956110d88a4ba011","225ee12ca7de1f24","40124112bcd2065a","a2c524db8907c06c"]},"ChangedDisguiseTrigger":{"Activate":["c2d8abd0728f193b","93ce254b640086ea"]}}},"51922332029b93ea":{"parent":"bfa504e43ec7397e","name":"C_Arm_Shoulder_R","factory":"[assembly:/templates/aspectdummy.aspect]([modules:/zclothsphere.class].entitytype,[modules:/zboneattachaspect.class].entitytype).pc_entitytype","blueprint":"[assembly:/templates/aspectdummy.aspect]([modules:/zclothsphere.class].entitytype,[modules:/zboneattachaspect.class].entitytype).pc_entityblueprint","properties":{"m_fRadius":{"type":"float32","value":0.10999999940395357},"m_BoneName":{"type":"ZString","value":"R_UpperArm"},"m_linkedEntity":{"type":"SEntityTemplateReference","value":null},"m_mTransform":{"type":"SMatrix43","value":{"rotation":{"x":0,"y":0.13985912501811987,"z":0},"position":{"x":0.018705999478697777,"y":0.006517000030726194,"z":0.023412000387907028},"scale":{"x":0.9999999999999999,"y":1,"z":0.9999999999999999}}},"m_bCollisionGroup0":{"type":"bool","value":true},"m_bCollisionGroup1":{"type":"bool","value":false},"m_bEnabled":{"type":"bool","value":true},"m_eidParent":{"type":"SEntityTemplateReference","value":"bfa504e43ec7397e","postInit":true}}},"e97bf149f4f6256":{"parent":"d850c16191e2b39a","name":"C_Spine2_L","factory":"[assembly:/templates/aspectdummy.aspect]([modules:/zclothsphere.class].entitytype,[modules:/zboneattachaspect.class].entitytype).pc_entitytype","blueprint":"[assembly:/templates/aspectdummy.aspect]([modules:/zclothsphere.class].entitytype,[modules:/zboneattachaspect.class].entitytype).pc_entityblueprint","properties":{"m_BoneName":{"type":"ZString","value":"Spine2"},"m_linkedEntity":{"type":"SEntityTemplateReference","value":null},"m_fRadius":{"type":"float32","value":0.15000000596046448},"m_mTransform":{"type":"SMatrix43","value":{"rotation":{"x":0.7218316793441774,"y":0.04915978386998179,"z":7.789383888244627},"position":{"x":-0.0348690003156662,"y":0.02468400076031685,"z":0.040442001074552536},"scale":{"x":1,"y":1.0000000000000002,"z":0.9999999999999999}}},"m_bEnabled":{"type":"bool","value":false},"m_eidParent":{"type":"SEntityTemplateReference","value":"d850c16191e2b39a","postInit":true}}},"58ccca12d80260e8":{"parent":"d850c16191e2b39a","name":"C_Spine1_L","factory":"[assembly:/templates/aspectdummy.aspect]([modules:/zclothsphere.class].entitytype,[modules:/zboneattachaspect.class].entitytype).pc_entitytype","blueprint":"[assembly:/templates/aspectdummy.aspect]([modules:/zclothsphere.class].entitytype,[modules:/zboneattachaspect.class].entitytype).pc_entityblueprint","properties":{"m_BoneName":{"type":"ZString","value":"Spine1"},"m_linkedEntity":{"type":"SEntityTemplateReference","value":null},"m_fRadius":{"type":"float32","value":0.11500000208616255},"m_mTransform":{"type":"SMatrix43","value":{"rotation":{"x":0,"y":0,"z":0},"position":{"x":0.015894999727606773,"y":0.03658000007271767,"z":0.03956599906086922}}},"m_bEnabled":{"type":"bool","value":true},"m_eidParent":{"type":"SEntityTemplateReference","value":"d850c16191e2b39a","postInit":true}}},"956110d88a4ba011":{"parent":"bb3f994035fd552e","name":"Lerp 2","factory":"[modules:/zmathlerp.class].pc_entitytype","blueprint":"[modules:/zmathlerp.class].pc_entityblueprint","properties":{"m_A":{"type":"float32","value":0},"m_B":{"type":"float32","value":0.4000000059604645},"m_fT":{"type":"float32","value":0}},"events":{"Lerp":{"ConstantVector1D_04_Value":["c2d8abd0728f193b","93ce254b640086ea","6b368fac7cfccccb"],"RoughnessMinShirtLong":["c15003c5cf96d6c7"],"RoughnessMinShirtButtoned":["c15003c5cf96d6c7"],"RoughnessMinCape":["84356ef29add455c"]}}},"4db1e2cc0a9b2bbb":{"parent":"bb3f994035fd552e","name":"Shoes_Derby_CapToe_SquareTip","factory":"0033E9BBFCA7B067","blueprint":"0002D822B863CAA8","properties":{"m_pMeshResource":{"type":"ZRuntimeResourceID","value":{"resource":"00A5D2872A17DF34","flag":"5F"}},"Diffuse_Color_01_Value":{"type":"SColorRGB","value":"#2e2e2e"},"ConstantVector1D_04_Value":{"type":"float32","value":0.43999999761581426}}},"bda0208871006a18":{"parent":"d850c16191e2b39a","name":"C_TighMid_L","factory":"[assembly:/templates/aspectdummy.aspect]([modules:/zclothsphere.class].entitytype,[modules:/zboneattachaspect.class].entitytype).pc_entitytype","blueprint":"[assembly:/templates/aspectdummy.aspect]([modules:/zclothsphere.class].entitytype,[modules:/zboneattachaspect.class].entitytype).pc_entityblueprint","properties":{"m_fRadius":{"type":"float32","value":0.119999997317791},"m_BoneName":{"type":"ZString","value":"LThighTwist1"},"m_linkedEntity":{"type":"SEntityTemplateReference","value":null},"m_mTransform":{"type":"SMatrix43","value":{"rotation":{"x":0,"y":0.019767044112086293,"z":0},"position":{"x":0.1122799962759018,"y":0.012562000192701817,"z":0.011997000314295292}}},"m_bCollisionGroup0":{"type":"bool","value":true},"m_eidParent":{"type":"SEntityTemplateReference","value":"d850c16191e2b39a","postInit":true}}},"30594bbdb04eef3":{"parent":"d850c16191e2b39a","name":"C_TighMid_R","factory":"[assembly:/templates/aspectdummy.aspect]([modules:/zclothsphere.class].entitytype,[modules:/zboneattachaspect.class].entitytype).pc_entitytype","blueprint":"[assembly:/templates/aspectdummy.aspect]([modules:/zclothsphere.class].entitytype,[modules:/zboneattachaspect.class].entitytype).pc_entityblueprint","properties":{"m_fRadius":{"type":"float32","value":0.119999997317791},"m_BoneName":{"type":"ZString","value":"RThighTwist1"},"m_linkedEntity":{"type":"SEntityTemplateReference","value":null},"m_mTransform":{"type":"SMatrix43","value":{"rotation":{"x":0.019767044112086293,"y":0,"z":0},"position":{"x":0.11180400103330612,"y":0.00558099988847971,"z":-0.013811999931931496}}},"m_eidParent":{"type":"SEntityTemplateReference","value":"d850c16191e2b39a","postInit":true}}},"a53371632169ea76":{"parent":"bb3f994035fd552e","name":"Bowtie_Butterfly_Double","factory":"00AAED9734FFE5BF","blueprint":"00E86A4C0466F168","properties":{"ConstantColorRGB_02_Value":{"type":"SColorRGB","value":"#ffffff"},"ConstantColorRGB_05_Value":{"type":"SColorRGB","value":"#ffffff"},"Texture2D_01":{"type":"ZRuntimeResourceID","value":{"resource":"00A5C4BD3B4D6FE9","flag":"5F"}},"Texture2D_03":{"type":"ZRuntimeResourceID","value":{"resource":"002E8C9B42DC2FAB","flag":"5F"}},"Texture2DNormal_01":{"type":"ZRuntimeResourceID","value":{"resource":"00F7C37FE59962B0","flag":"5F"}},"m_pMeshResource":{"type":"ZRuntimeResourceID","value":{"resource":"00ABDFA599B0AE23","flag":"5F"}}}},"a0e6a01a137f6fdc":{"parent":"bfa504e43ec7397e","name":"C_Arm_Triceps_L","factory":"[assembly:/templates/aspectdummy.aspect]([modules:/zclothsphere.class].entitytype,[modules:/zboneattachaspect.class].entitytype).pc_entitytype","blueprint":"[assembly:/templates/aspectdummy.aspect]([modules:/zclothsphere.class].entitytype,[modules:/zboneattachaspect.class].entitytype).pc_entityblueprint","properties":{"m_fRadius":{"type":"float32","value":0.10000000149011612},"m_BoneName":{"type":"ZString","value":"L_UpperArm"},"m_linkedEntity":{"type":"SEntityTemplateReference","value":null},"m_mTransform":{"type":"SMatrix43","value":{"rotation":{"x":0,"y":0,"z":0},"position":{"x":0.09916900098323822,"y":0,"z":-0.015786999836564064}}},"m_bCollisionGroup0":{"type":"bool","value":true},"m_bCollisionGroup1":{"type":"bool","value":false},"m_bEnabled":{"type":"bool","value":true},"m_eidParent":{"type":"SEntityTemplateReference","value":"bfa504e43ec7397e","postInit":true}}},"55f24392782cb33e":{"parent":"d850c16191e2b39a","name":"CChain_Legs","factory":"[modules:/zclothspherechain.class].pc_entitytype","blueprint":"[modules:/zclothspherechain.class].pc_entityblueprint","properties":{"m_mTransform":{"type":"SMatrix43","value":{"rotation":{"x":0,"y":0,"z":0},"position":{"x":-1.290655973207322e-7,"y":2.171457902377938e-9,"z":0}}},"m_bCollisionGroup0":{"type":"bool","value":true},"m_bEnabled":{"type":"bool","value":true},"m_Spheres":{"type":"TArray<SEntityTemplateReference>","value":["30594bbdb04eef3","aa4517412592692f","966f5323e2e07dd6","d5243b5f8ccec2c7","a53d4f9c6805de48","bda0208871006a18"],"postInit":true},"m_eidParent":{"type":"SEntityTemplateReference","value":"d850c16191e2b39a","postInit":true}}},"ea41625f1d4e1e7f":{"parent":"bb3f994035fd552e","name":"Socks_Ankle_Cut_Shoe","factory":"00C50F4D59B78463","blueprint":"0060BDFBAAFA9324","properties":{"m_pMeshResource":{"type":"ZRuntimeResourceID","value":{"resource":"00FEA2D2B4650552","flag":"5F"}},"Diffuse_Color_01_Value":{"type":"SColorRGB","value":"#2e2e2e"},"ConstantVector1D_04_Value":{"type":"float32","value":0.43999999761581426}}},"20c7c8ae76fb04ce":{"parent":"bfa504e43ec7397e","name":"C_Spine1","factory":"[assembly:/templates/aspectdummy.aspect]([modules:/zclothcapsule.class].entitytype,[modules:/zboneattachaspect.class].entitytype).pc_entitytype","blueprint":"[assembly:/templates/aspectdummy.aspect]([modules:/zclothcapsule.class].entitytype,[modules:/zboneattachaspect.class].entitytype).pc_entityblueprint","properties":{"m_BoneName":{"type":"ZString","value":"Spine1"},"m_linkedEntity":{"type":"SEntityTemplateReference","value":null},"m_fRadiusX":{"type":"float32","value":0.25999999046325684},"m_fRadiusY":{"type":"float32","value":0.1850000023841858},"m_fTop":{"type":"float32","value":0.009999999776482582},"m_fBottom":{"type":"float32","value":0},"m_fRadiusZ":{"type":"float32","value":0.23999999463558197},"m_bEnableBottomRadii":{"type":"bool","value":false},"m_fRadiusXBottom":{"type":"float32","value":1},"m_fRadiusYBottom":{"type":"float32","value":1},"m_fRadiusZBottom":{"type":"float32","value":1},"m_mTransform":{"type":"SMatrix43","value":{"rotation":{"x":0,"y":0,"z":-0.11533647775650027},"position":{"x":0.09005499631166458,"y":0.033619001507759094,"z":-0.000957000011112541}}},"m_eidParent":{"type":"SEntityTemplateReference","value":"bfa504e43ec7397e","postInit":true}}},"ffc0de06af03d79":{"parent":"bfa504e43ec7397e","name":"C_Arm_Shoulder_L","factory":"[assembly:/templates/aspectdummy.aspect]([modules:/zclothsphere.class].entitytype,[modules:/zboneattachaspect.class].entitytype).pc_entitytype","blueprint":"[assembly:/templates/aspectdummy.aspect]([modules:/zclothsphere.class].entitytype,[modules:/zboneattachaspect.class].entitytype).pc_entityblueprint","properties":{"m_fRadius":{"type":"float32","value":0.10000000149011612},"m_BoneName":{"type":"ZString","value":"L_UpperArm"},"m_linkedEntity":{"type":"SEntityTemplateReference","value":null},"m_mTransform":{"type":"SMatrix43","value":{"rotation":{"x":-0.027960335835814473,"y":0,"z":0},"position":{"x":0.02045300044119358,"y":0.0033629999961704016,"z":-0.017867999151349068}}},"m_bCollisionGroup0":{"type":"bool","value":true},"m_bCollisionGroup1":{"type":"bool","value":false},"m_bEnabled":{"type":"bool","value":true},"m_eidParent":{"type":"SEntityTemplateReference","value":"bfa504e43ec7397e","postInit":true}}},"6bcbb0808badf6ec":{"parent":"bfa504e43ec7397e","name":"C_Arm_Wrist_L","factory":"[assembly:/templates/aspectdummy.aspect]([modules:/zclothsphere.class].entitytype,[modules:/zboneattachaspect.class].entitytype).pc_entitytype","blueprint":"[assembly:/templates/aspectdummy.aspect]([modules:/zclothsphere.class].entitytype,[modules:/zboneattachaspect.class].entitytype).pc_entityblueprint","properties":{"m_fRadius":{"type":"float32","value":0.0949999988079071},"m_BoneName":{"type":"ZString","value":"L_Forearm"},"m_linkedEntity":{"type":"SEntityTemplateReference","value":null},"m_mTransform":{"type":"SMatrix43","value":{"rotation":{"x":0,"y":0,"z":0},"position":{"x":0.2239910066127777,"y":-0.000003999999989900971,"z":-0.000003999999989900971}}},"m_bCollisionGroup0":{"type":"bool","value":true},"m_bCollisionGroup1":{"type":"bool","value":false},"m_eidParent":{"type":"SEntityTemplateReference","value":"bfa504e43ec7397e","postInit":true}}},"c25588fbd9d162b0":{"parent":"f038235ef02f1a23","name":"Agent47_S2_Suit_Mesh","factory":"[assembly:/templates/aspectdummy.aspect]([modules:/zbodypartentity.class].entitytype,[modules:/zclothcollidergroupaspect.class].entitytype).pc_entitytype","blueprint":"[assembly:/templates/aspectdummy.aspect]([modules:/zbodypartentity.class].entitytype,[modules:/zclothcollidergroupaspect.class].entitytype).pc_entityblueprint","properties":{"m_pMeshResource":{"type":"ZRuntimeResourceID","value":{"resource":"000CDE4810AD3A29","flag":"5F"}},"m_ClothColliders":{"type":"TArray<SEntityTemplateReference>","value":["d850c16191e2b39a"],"postInit":true}}},"251c6c35d8a083cb":{"parent":"bfa504e43ec7397e","name":"C_Arm_Clavicle_R","factory":"[assembly:/templates/aspectdummy.aspect]([modules:/zclothsphere.class].entitytype,[modules:/zboneattachaspect.class].entitytype).pc_entitytype","blueprint":"[assembly:/templates/aspectdummy.aspect]([modules:/zclothsphere.class].entitytype,[modules:/zboneattachaspect.class].entitytype).pc_entityblueprint","properties":{"m_fRadius":{"type":"float32","value":0.12999999523162842},"m_BoneName":{"type":"ZString","value":"R_Clavicle"},"m_linkedEntity":{"type":"SEntityTemplateReference","value":null},"m_mTransform":{"type":"SMatrix43","value":{"rotation":{"x":0,"y":0,"z":0},"position":{"x":0.05312500149011612,"y":0.020620999857783318,"z":0.024695999920368195}}},"m_bCollisionGroup0":{"type":"bool","value":true},"m_bCollisionGroup1":{"type":"bool","value":false},"m_bEnabled":{"type":"bool","value":true},"m_eidParent":{"type":"SEntityTemplateReference","value":"bfa504e43ec7397e","postInit":true}}},"cc7d6195d806694b":{"parent":"d850c16191e2b39a","name":"CChain_Spine_R","factory":"[modules:/zclothspherechain.class].pc_entitytype","blueprint":"[modules:/zclothspherechain.class].pc_entityblueprint","properties":{"m_Spheres":{"type":"TArray<SEntityTemplateReference>","value":["945310de61b4b3d8","beedb47abd764624","ea5110006ab6a80a"]},"m_mTransform":{"type":"SMatrix43","value":{"rotation":{"x":0,"y":0,"z":0},"position":{"x":-1.290655973207322e-7,"y":2.171457902377938e-9,"z":0}}},"m_eidParent":{"type":"SEntityTemplateReference","value":"d850c16191e2b39a","postInit":true}}},"93ce254b640086ea":{"parent":"bb3f994035fd552e","name":"agent47_magpie_pants","factory":"00FDFC77D3159ADB","blueprint":"0032BBAF0B45A712","properties":{"2287298018":{"type":"IRenderMaterialEntity.EModifierOperation","value":"eReplace"},"2359342559":{"type":"IRenderMaterialEntity.EModifierOperation","value":"eReplace"},"m_mTransform":{"type":"SMatrix43","value":{"rotation":{"x":0,"y":0,"z":0},"position":{"x":-1.8979569673538208,"y":8.738182067871094,"z":-0.6400660276412964}}},"Clients":{"type":"TArray<SEntityTemplateReference>","value":["bb3f994035fd552e"]},"m_eidParent":{"type":"SEntityTemplateReference","value":"bb3f994035fd552e"}}},"79966fba3c6e5217":{"parent":"bfa504e43ec7397e","name":"CChain_Arms","factory":"[modules:/zclothspherechain.class].pc_entitytype","blueprint":"[modules:/zclothspherechain.class].pc_entityblueprint","properties":{"m_bCollisionGroup0":{"type":"bool","value":true},"m_bCollisionGroup1":{"type":"bool","value":false},"m_Spheres":{"type":"TArray<SEntityTemplateReference>","value":["6bcbb0808badf6ec","26bbe9bb417a716e","a0e6a01a137f6fdc","ffc0de06af03d79","3a6bc610f248b67f","251c6c35d8a083cb","51922332029b93ea","e8755f0769fec547","f3473154f5401331","b994133ae5fb96dd"],"postInit":true},"m_eidParent":{"type":"SEntityTemplateReference","value":"bfa504e43ec7397e","postInit":true}}},"c2d8abd0728f193b":{"parent":"bb3f994035fd552e","name":"agent47_magpie_jacket_01","factory":"00943A2FDDA72B84","blueprint":"0011A66AE5432616","properties":{"2287298018":{"type":"IRenderMaterialEntity.EModifierOperation","value":"eReplace"},"2359342559":{"type":"IRenderMaterialEntity.EModifierOperation","value":"eReplace"},"m_mTransform":{"type":"SMatrix43","value":{"rotation":{"x":0,"y":0,"z":0},"position":{"x":-2.2809789180755615,"y":7.837488174438477,"z":0.5263779759407043}}},"Clients":{"type":"TArray<SEntityTemplateReference>","value":["bb3f994035fd552e"]},"Active":{"type":"bool","value":false},"m_eidParent":{"type":"SEntityTemplateReference","value":"bb3f994035fd552e"}}},"aa4517412592692f":{"parent":"d850c16191e2b39a","name":"C_TighTop_R","factory":"[assembly:/templates/aspectdummy.aspect]([modules:/zclothsphere.class].entitytype,[modules:/zboneattachaspect.class].entitytype).pc_entitytype","blueprint":"[assembly:/templates/aspectdummy.aspect]([modules:/zclothsphere.class].entitytype,[modules:/zboneattachaspect.class].entitytype).pc_entityblueprint","properties":{"m_fRadius":{"type":"float32","value":0.1449999958276749},"m_BoneName":{"type":"ZString","value":"RThighTwist"},"m_linkedEntity":{"type":"SEntityTemplateReference","value":null},"m_mTransform":{"type":"SMatrix43","value":{"rotation":{"x":0,"y":0,"z":0},"position":{"x":0.02664100006222725,"y":0.018386999145150185,"z":-0.0476749986410141}}},"m_bEnabled":{"type":"bool","value":true},"m_eidParent":{"type":"SEntityTemplateReference","value":"d850c16191e2b39a","postInit":true}}},"77ef1810ac7c6044":{"parent":"d850c16191e2b39a","name":"CChain_Spine_L","factory":"[modules:/zclothspherechain.class].pc_entitytype","blueprint":"[modules:/zclothspherechain.class].pc_entityblueprint","properties":{"m_mTransform":{"type":"SMatrix43","value":{"rotation":{"x":0,"y":0,"z":0},"position":{"x":-1.290655973207322e-7,"y":2.171457902377938e-9,"z":0}}},"m_Spheres":{"type":"TArray<SEntityTemplateReference>","value":["3ba18bfa584bd7a8","58ccca12d80260e8","e97bf149f4f6256"],"postInit":true},"m_eidParent":{"type":"SEntityTemplateReference","value":"d850c16191e2b39a","postInit":true}}},"f3473154f5401331":{"parent":"bfa504e43ec7397e","name":"C_Arm_Elbow_R","factory":"[assembly:/templates/aspectdummy.aspect]([modules:/zclothsphere.class].entitytype,[modules:/zboneattachaspect.class].entitytype).pc_entitytype","blueprint":"[assembly:/templates/aspectdummy.aspect]([modules:/zclothsphere.class].entitytype,[modules:/zboneattachaspect.class].entitytype).pc_entityblueprint","properties":{"m_fRadius":{"type":"float32","value":0.10499999672174454},"m_BoneName":{"type":"ZString","value":"R_Forearm"},"m_linkedEntity":{"type":"SEntityTemplateReference","value":null},"m_mTransform":{"type":"SMatrix43","value":{"rotation":{"x":0,"y":-0.019767044112086293,"z":0},"position":{"x":-9.999999974752427e-7,"y":-0.014786000363528728,"z":0.007660000119358301}}},"m_bCollisionGroup0":{"type":"bool","value":true},"m_bCollisionGroup1":{"type":"bool","value":false},"m_eidParent":{"type":"SEntityTemplateReference","value":"bfa504e43ec7397e","postInit":true}}},"f038235ef02f1a23":{"parent":"bb3f994035fd552e","name":"Agent47_Magpie_Jacket","factory":"[modules:/zcompositeentity.class].pc_entitytype","blueprint":"[modules:/zcompositeentity.class].pc_entityblueprint","properties":{"m_mTransform":{"type":"SMatrix43","value":{"rotation":{"x":0,"y":0,"z":0},"position":{"x":0,"y":0,"z":0}}},"m_eidParent":{"type":"SEntityTemplateReference","value":"bb3f994035fd552e"}},"exposedInterfaces":{"ZClothColliderGroupAspect":"c25588fbd9d162b0","ZBodyPartEntity":"c25588fbd9d162b0"}},"3ba18bfa584bd7a8":{"parent":"d850c16191e2b39a","name":"C_Spine_L","factory":"[assembly:/templates/aspectdummy.aspect]([modules:/zclothsphere.class].entitytype,[modules:/zboneattachaspect.class].entitytype).pc_entitytype","blueprint":"[assembly:/templates/aspectdummy.aspect]([modules:/zclothsphere.class].entitytype,[modules:/zboneattachaspect.class].entitytype).pc_entityblueprint","properties":{"m_BoneName":{"type":"ZString","value":"Spine"},"m_linkedEntity":{"type":"SEntityTemplateReference","value":null},"m_fRadius":{"type":"float32","value":0.12999999523162842},"m_mTransform":{"type":"SMatrix43","value":{"rotation":{"x":0,"y":0,"z":0},"position":{"x":0.000003000000106112566,"y":0.03933100029826164,"z":0.039910998195409775}}},"m_bEnabled":{"type":"bool","value":true},"m_bCollisionGroup0":{"type":"bool","value":true},"m_eidParent":{"type":"SEntityTemplateReference","value":"d850c16191e2b39a","postInit":true}}},"b5017d847699693e":{"parent":"84356ef29add455c","name":"mesh","factory":"[assembly:/templates/aspectdummy.aspect]([modules:/zbodypartentity.class].entitytype,[modules:/zclothcollidergroupaspect.class].entitytype).pc_entitytype","blueprint":"[assembly:/templates/aspectdummy.aspect]([modules:/zbodypartentity.class].entitytype,[modules:/zclothcollidergroupaspect.class].entitytype).pc_entityblueprint","properties":{"m_pMeshResource":{"type":"ZRuntimeResourceID","value":{"resource":"00561B9314A45B8C","flag":"5F"}},"m_IsHiddenInVR":{"type":"bool","value":true},"m_ClothColliders":{"type":"TArray<SEntityTemplateReference>","value":["bfa504e43ec7397e"],"postInit":true}}},"62584dbdcbb48599":{"parent":"f038235ef02f1a23","name":"buttons_01","factory":"[assembly:/_pro/characters/assets/_apparel/accessories/buttons/materials/buttons_01.mi].pc_entitytype","blueprint":"[assembly:/_pro/characters/assets/_apparel/accessories/buttons/materials/buttons_01.mi].pc_entityblueprint","properties":{"3516673141":{"type":"IRenderMaterialEntity.EModifierOperation","value":"eReplace"},"m_mTransform":{"type":"SMatrix43","value":{"rotation":{"x":0,"y":0,"z":0.8963714838027953},"position":{"x":1.4024629592895508,"y":0.15234500169754028,"z":0}}},"Clients":{"type":"TArray<SEntityTemplateReference>","value":["f038235ef02f1a23"]},"Texture2D_01_enab":{"type":"bool","value":false},"Diffuse_Color_01_Value":{"type":"SColorRGB","value":"#3b3b3b"},"m_eidParent":{"type":"SEntityTemplateReference","value":"f038235ef02f1a23"}}},"19045fae4413e1a8":{"parent":"bb3f994035fd552e","name":"Pocket_Square_Suit_Open","factory":"00FC79A7C8487617","blueprint":"00A8F3BBFF41EE44","properties":{"ConstantColorRGB_02_Value":{"type":"SColorRGB","value":"#ffffff"},"ConstantColorRGB_05_Value":{"type":"SColorRGB","value":"#ffffff"},"m_pMeshResource":{"type":"ZRuntimeResourceID","value":{"resource":"00888E5D97ADF341","flag":"5F"}},"Texture2D_01":{"type":"ZRuntimeResourceID","value":{"resource":"00A5C4BD3B4D6FE9","flag":"5F"}},"Texture2D_03":{"type":"ZRuntimeResourceID","value":{"resource":"002E8C9B42DC2FAB","flag":"5F"}},"Texture2DNormal_01":{"type":"ZRuntimeResourceID","value":{"resource":"00F7C37FE59962B0","flag":"5F"}}}},"40124112bcd2065a":{"parent":"bb3f994035fd552e","name":"Lerp 1","factory":"[modules:/zmathlerp.class].pc_entitytype","blueprint":"[modules:/zmathlerp.class].pc_entityblueprint","properties":{"m_A":{"type":"float32","value":0.5},"m_B":{"type":"float32","value":0.20000000298023224},"m_fT":{"type":"float32","value":0}},"events":{"Lerp":{"DiffuseAlbedoShirtLong":["c15003c5cf96d6c7"],"DiffuseAlbedoShirtButtoned":["c15003c5cf96d6c7"]}}},"e8755f0769fec547":{"parent":"bfa504e43ec7397e","name":"C_Arm_Triceps_R","factory":"[assembly:/templates/aspectdummy.aspect]([modules:/zclothsphere.class].entitytype,[modules:/zboneattachaspect.class].entitytype).pc_entitytype","blueprint":"[assembly:/templates/aspectdummy.aspect]([modules:/zclothsphere.class].entitytype,[modules:/zboneattachaspect.class].entitytype).pc_entityblueprint","properties":{"m_fRadius":{"type":"float32","value":0.10000000149011612},"m_BoneName":{"type":"ZString","value":"R_UpperArm"},"m_linkedEntity":{"type":"SEntityTemplateReference","value":null},"m_mTransform":{"type":"SMatrix43","value":{"rotation":{"x":0,"y":0.027960339561104778,"z":0},"position":{"x":0.11067400127649307,"y":0,"z":0.013790000230073929}}},"m_bCollisionGroup0":{"type":"bool","value":true},"m_bCollisionGroup1":{"type":"bool","value":false},"m_bEnabled":{"type":"bool","value":true},"m_eidParent":{"type":"SEntityTemplateReference","value":"bfa504e43ec7397e","postInit":true}}},"1daac612ac0777ac":{"parent":"84356ef29add455c","name":"capeblack_sentinel","factory":"[assembly:/_pro/characters/assets/guards/magpie/sentinel/materials/capeblack_sentinel.mi].pc_entitytype","blueprint":"[assembly:/_pro/characters/assets/guards/magpie/sentinel/materials/capeblack_sentinel.mi].pc_entityblueprint","properties":{"1239136802":{"type":"IRenderMaterialEntity.EModifierOperation","value":"eReplace"},"2359342559":{"type":"IRenderMaterialEntity.EModifierOperation","value":"eReplace"},"Clients":{"type":"TArray<SEntityTemplateReference>","value":["84356ef29add455c"],"postInit":true},"m_eidParent":{"type":"SEntityTemplateReference","value":"84356ef29add455c","postInit":true}}},"7f1f3eff60e5cce8":{"parent":"bfa504e43ec7397e","name":"C_Spine2","factory":"[assembly:/templates/aspectdummy.aspect]([modules:/zclothcapsule.class].entitytype,[modules:/zboneattachaspect.class].entitytype).pc_entitytype","blueprint":"[assembly:/templates/aspectdummy.aspect]([modules:/zclothcapsule.class].entitytype,[modules:/zboneattachaspect.class].entitytype).pc_entityblueprint","properties":{"m_BoneName":{"type":"ZString","value":"Spine2"},"m_linkedEntity":{"type":"SEntityTemplateReference","value":null},"m_fRadiusX":{"type":"float32","value":0.2199999988079071},"m_fRadiusY":{"type":"float32","value":0.1550000011920929},"m_fTop":{"type":"float32","value":0.009999999776482582},"m_fBottom":{"type":"float32","value":0},"m_fRadiusZ":{"type":"float32","value":0.28999999165534973},"m_bEnableBottomRadii":{"type":"bool","value":false},"m_fRadiusXBottom":{"type":"float32","value":1},"m_fRadiusYBottom":{"type":"float32","value":1},"m_fRadiusZBottom":{"type":"float32","value":1},"m_mTransform":{"type":"SMatrix43","value":{"rotation":{"x":0.19772812724113473,"y":0.006760901771485806,"z":3.925424337387086},"position":{"x":-0.02483700029551983,"y":0.025919999927282333,"z":-0.000009999999747378752},"scale":{"x":1.0000000000000002,"y":1.0000000000000002,"z":1}}},"m_eidParent":{"type":"SEntityTemplateReference","value":"bfa504e43ec7397e","postInit":true}}},"bfa504e43ec7397e":{"parent":"84356ef29add455c","name":"Collider_Poncho_Rain","factory":"[modules:/zcompositeentity.class].pc_entitytype","blueprint":"[modules:/zcompositeentity.class].pc_entityblueprint","properties":{"m_linkedEntity":{"type":"SEntityTemplateReference","value":null},"m_mTransform":{"type":"SMatrix43","value":{"rotation":{"x":0,"y":0,"z":0},"position":{"x":0,"y":0,"z":0}}},"m_eidParent":{"type":"SEntityTemplateReference","value":"84356ef29add455c","postInit":true}},"propertyAliases":{"m_linkedEntity":[{"originalProperty":"m_linkedEntity","originalEntity":"76c8d8794c18742f"},{"originalProperty":"m_linkedEntity","originalEntity":"6bcbb0808badf6ec"},{"originalProperty":"m_linkedEntity","originalEntity":"26bbe9bb417a716e"},{"originalProperty":"m_linkedEntity","originalEntity":"f3473154f5401331"},{"originalProperty":"m_linkedEntity","originalEntity":"51922332029b93ea"},{"originalProperty":"m_linkedEntity","originalEntity":"b994133ae5fb96dd"},{"originalProperty":"m_linkedEntity","originalEntity":"a0e6a01a137f6fdc"},{"originalProperty":"m_linkedEntity","originalEntity":"e8755f0769fec547"},{"originalProperty":"m_linkedEntity","originalEntity":"ffc0de06af03d79"},{"originalProperty":"m_linkedEntity","originalEntity":"3f131fe355057378"},{"originalProperty":"m_linkedEntity","originalEntity":"20c7c8ae76fb04ce"},{"originalProperty":"m_linkedEntity","originalEntity":"7f1f3eff60e5cce8"},{"originalProperty":"m_linkedEntity","originalEntity":"251c6c35d8a083cb"},{"originalProperty":"m_linkedEntity","originalEntity":"3a6bc610f248b67f"},{"originalProperty":"m_linkedEntity","originalEntity":"e38c15691c23097f"}]},"exposedInterfaces":{"ZClothCollider":"e8e7881f2d0cbb78","ZClothColliderGroup":"e8e7881f2d0cbb78"}},"84356ef29add455c":{"parent":"bb3f994035fd552e","name":"capeBlack","factory":"[modules:/zcompositeentity.class].pc_entitytype","blueprint":"[modules:/zcompositeentity.class].pc_entityblueprint","properties":{"m_eidParent":{"type":"SEntityTemplateReference","value":"bb3f994035fd552e"}},"inputCopying":{"NormalBumpScaleCape":{"ConstantVector1D_06_Value":["1daac612ac0777ac"]},"RoughnessMinCape":{"ConstantVector1D_14_Value":["1daac612ac0777ac"]}},"exposedInterfaces":{"ZClothCollider":"bfa504e43ec7397e","ZClothColliderGroup":"bfa504e43ec7397e","ZBodyPartEntity":"b5017d847699693e","ZClothColliderGroupAspect":"b5017d847699693e"}},"d5243b5f8ccec2c7":{"parent":"d850c16191e2b39a","name":"C_Pelvis_L","factory":"[assembly:/templates/aspectdummy.aspect]([modules:/zclothsphere.class].entitytype,[modules:/zboneattachaspect.class].entitytype).pc_entitytype","blueprint":"[assembly:/templates/aspectdummy.aspect]([modules:/zclothsphere.class].entitytype,[modules:/zboneattachaspect.class].entitytype).pc_entityblueprint","properties":{"m_fRadius":{"type":"float32","value":0.125},"m_BoneName":{"type":"ZString","value":"Pelvis"},"m_linkedEntity":{"type":"SEntityTemplateReference","value":null},"m_mTransform":{"type":"SMatrix43","value":{"rotation":{"x":0,"y":0,"z":0},"position":{"x":0.03649500012397766,"y":0.024529999122023582,"z":0.058584000915288925}}},"m_bEnabled":{"type":"bool","value":true},"m_eidParent":{"type":"SEntityTemplateReference","value":"d850c16191e2b39a","postInit":true}}},"4eefc1c50ceb4dbf":{"parent":"d850c16191e2b39a","name":"ColliderGroup","factory":"[modules:/zclothcollidergroup.class].pc_entitytype","blueprint":"[modules:/zclothcollidergroup.class].pc_entityblueprint","properties":{"m_ClothColliders":{"type":"TArray<SEntityTemplateReference>","value":["55f24392782cb33e","cc7d6195d806694b","77ef1810ac7c6044"]},"m_eidParent":{"type":"SEntityTemplateReference","value":"d850c16191e2b39a","postInit":true}}},"d850c16191e2b39a":{"parent":"f038235ef02f1a23","name":"Collider_Jacket_Tuxedo_Closed","factory":"[modules:/zcompositeentity.class].pc_entitytype","blueprint":"[modules:/zcompositeentity.class].pc_entityblueprint","properties":{"m_mTransform":{"type":"SMatrix43","value":{"rotation":{"x":0,"y":0,"z":0},"position":{"x":0,"y":0,"z":0}}},"m_linkedEntity":{"type":"SEntityTemplateReference","value":null},"m_eidParent":{"type":"SEntityTemplateReference","value":"f038235ef02f1a23"}},"propertyAliases":{"m_linkedEntity":[{"originalProperty":"m_linkedEntity","originalEntity":"bda0208871006a18"},{"originalProperty":"m_linkedEntity","originalEntity":"30594bbdb04eef3"},{"originalProperty":"m_linkedEntity","originalEntity":"aa4517412592692f"},{"originalProperty":"m_linkedEntity","originalEntity":"a53d4f9c6805de48"},{"originalProperty":"m_linkedEntity","originalEntity":"d5243b5f8ccec2c7"},{"originalProperty":"m_linkedEntity","originalEntity":"ea5110006ab6a80a"},{"originalProperty":"m_linkedEntity","originalEntity":"beedb47abd764624"},{"originalProperty":"m_linkedEntity","originalEntity":"945310de61b4b3d8"},{"originalProperty":"m_linkedEntity","originalEntity":"3ba18bfa584bd7a8"},{"originalProperty":"m_linkedEntity","originalEntity":"58ccca12d80260e8"},{"originalProperty":"m_linkedEntity","originalEntity":"e97bf149f4f6256"}]},"exposedInterfaces":{"ZClothCollider":"4eefc1c50ceb4dbf","ZClothColliderGroup":"4eefc1c50ceb4dbf"}}},"propertyOverrides":[],"overrideDeletes":[],"pinConnectionOverrides":[],"pinConnectionOverrideDeletes":[],"externalScenes":[],"subType":"template","quickEntityVersion":3.1,"extraFactoryDependencies":[],"extraBlueprintDependencies":[],"comments":[]}