{"tempHash":"0017852FD17918B3","tbluHash":"007B7CDACE99B175","rootEntity":"a2e2c4ff84f4e612","entities":{"c5c8829c103b553a":{"parent":"6d6ac1007701874c","name":"Mesh","factory":"[assembly:/templates/aspectdummy.aspect]([modules:/zbodypartentity.class].entitytype,[modules:/zclothcollidergroupaspect.class].entitytype).pc_entitytype","blueprint":"[assembly:/templates/aspectdummy.aspect]([modules:/zbodypartentity.class].entitytype,[modules:/zclothcollidergroupaspect.class].entitytype).pc_entityblueprint","properties":{"m_pMeshResource":{"type":"ZRuntimeResourceID","value":{"resource":"00AE905CF9895963","flag":"5F"}},"m_ClothColliders":{"type":"TArray<SEntityTemplateReference>","value":[]}}},"20190140adc1984f":{"parent":"a2e2c4ff84f4e612","name":"Min Head","factory":"[modules:/zmathlerp.class].pc_entitytype","blueprint":"[modules:/zmathlerp.class].pc_entityblueprint","properties":{"m_A":{"type":"float32","value":0},"m_B":{"type":"float32","value":0.30000001192092896},"m_fT":{"type":"float32","value":0}},"events":{"Lerp":{"ConstantVector1D_14_Value":["f8300cec817d2ca9","5fc10e47c0039c25","23aac09eed87c683","6d6ac1007701874c","43cccd641a3e4fce"]}}},"32ccd30e87521a1d":{"parent":"a2e2c4ff84f4e612","name":"Arms_Elbow_Wrist","factory":"00FCC39B2F164A8C","blueprint":"0011153A1CE6AF9C"},"8862f74062e2ca13":{"parent":"23aac09eed87c683","name":"base_male_yogainstructor_shirt","factory":"[assembly:/_pro/characters/assets/individuals/hokkaido/yogainstructor/materials/base_male_yogainstructor_shirt.mi].pc_entitytype","blueprint":"[assembly:/_pro/characters/assets/individuals/hokkaido/yogainstructor/materials/base_male_yogainstructor_shirt.mi].pc_entityblueprint","properties":{"m_mTransform":{"type":"SMatrix43","value":{"rotation":{"x":0,"y":0,"z":0},"position":{"x":0,"y":0,"z":0}}},"Diffuse_Color_01_Value_op":{"type":"IRenderMaterialEntity.EModifierOperation","value":"eReplace"},"Diffuse_Color_01_Value":{"type":"SColorRGB","value":"#333333"},"Clients":{"type":"TArray<SEntityTemplateReference>","value":["a2e2c4ff84f4e612"],"postInit":true},"m_eidParent":{"type":"SEntityTemplateReference","value":"a2e2c4ff84f4e612","postInit":true}}},"6a9118fbf302dc8":{"parent":"43cccd641a3e4fce","name":"male_reg_hacker_01_hoodie","factory":"[assembly:/_pro/characters/assets/workers/hacker_01/materials/male_reg_hacker_01_hoodie.mi].pc_entitytype","blueprint":"[assembly:/_pro/characters/assets/workers/hacker_01/materials/male_reg_hacker_01_hoodie.mi].pc_entityblueprint","properties":{"m_mTransform":{"type":"SMatrix43","value":{"rotation":{"x":0,"y":0,"z":0},"position":{"x":0,"y":0,"z":0}}},"ConstantVector1D_06_Value_op":{"type":"IRenderMaterialEntity.EModifierOperation","value":"eReplace"},"Diffuse_Color_01_Value_op":{"type":"IRenderMaterialEntity.EModifierOperation","value":"eReplace"},"ConstantVector1D_01_Value_op":{"type":"IRenderMaterialEntity.EModifierOperation","value":"eReplace"},"ConstantVector1D_03_Value_op":{"type":"IRenderMaterialEntity.EModifierOperation","value":"eReplace"},"ConstantVector1D_14_Value_op":{"type":"IRenderMaterialEntity.EModifierOperation","value":"eReplace"},"ConstantVector1D_15_Value_op":{"type":"IRenderMaterialEntity.EModifierOperation","value":"eReplace"},"Clients":{"type":"TArray<SEntityTemplateReference>","value":["a2e2c4ff84f4e612"],"postInit":true},"m_eidParent":{"type":"SEntityTemplateReference","value":"a2e2c4ff84f4e612","postInit":true}}},"f6b03b521b1fe04e":{"parent":"f8300cec817d2ca9","name":"male_reg_pants_jeans","factory":"00B48F973D7A4E10","blueprint":"001991F921EC7F23","properties":{"m_mTransform":{"type":"SMatrix43","value":{"rotation":{"x":0,"y":0,"z":0},"position":{"x":0,"y":0,"z":0}}},"Texture2D_01_enab":{"type":"bool","value":true},"Texture2DNormal_01_enab":{"type":"bool","value":true},"ConstantVector1D_14_Value_op":{"type":"IRenderMaterialEntity.EModifierOperation","value":"eReplace"},"ConstantVector1D_15_Value_op":{"type":"IRenderMaterialEntity.EModifierOperation","value":"eReplace"},"Texture2D_03_enab":{"type":"bool","value":true},"ConstantVector1D_01_Value_op":{"type":"IRenderMaterialEntity.EModifierOperation","value":"eReplace"},"Diffuse_Color_01_Value_op":{"type":"IRenderMaterialEntity.EModifierOperation","value":"eReplace"},"Diffuse_Saturation_01_Value_op":{"type":"IRenderMaterialEntity.EModifierOperation","value":"eReplace"},"Diffuse_Hue_Shift_01_Value_op":{"type":"IRenderMaterialEntity.EModifierOperation","value":"eReplace"},"ConstantVector1D_03_Value_op":{"type":"IRenderMaterialEntity.EModifierOperation","value":"eReplace"},"ConstantVector1D_16_Value_op":{"type":"IRenderMaterialEntity.EModifierOperation","value":"eReplace"},"ConstantVector1D_05_Value_op":{"type":"IRenderMaterialEntity.EModifierOperation","value":"eReplace"},"ConstantVector1D_13_Value_op":{"type":"IRenderMaterialEntity.EModifierOperation","value":"eReplace"},"ConstantVector1D_15_Value":{"type":"float32","value":1},"Texture2D_03":{"type":"ZRuntimeResourceID","value":{"resource":"00EA100ADCD3F53C","flag":"5F"}},"ConstantVector1D_01_Value":{"type":"float32","value":0.5},"Diffuse_Color_01_Value":{"type":"SColorRGB","value":"#808080"},"Diffuse_Saturation_01_Value":{"type":"float32","value":1},"Diffuse_Hue_Shift_01_Value":{"type":"float32","value":0},"ConstantVector1D_03_Value":{"type":"float32","value":1},"ConstantVector1D_14_Value":{"type":"float32","value":0},"Texture2DNormal_01":{"type":"ZRuntimeResourceID","value":{"resource":"00E242B006127188","flag":"5F"}},"Texture2D_01":{"type":"ZRuntimeResourceID","value":{"resource":"007FE6E34103FEED","flag":"5F"}},"ConstantVector1D_13_Value":{"type":"float32","value":0.15000000596046448},"ConstantVector1D_05_Value":{"type":"float32","value":0},"ConstantVector1D_16_Value":{"type":"float32","value":2},"Clients":{"type":"TArray<SEntityTemplateReference>","value":["f8300cec817d2ca9"],"postInit":true},"m_eidParent":{"type":"SEntityTemplateReference","value":"a2e2c4ff84f4e612","postInit":true}}},"6b47f9d44518ce2d":{"parent":"5fc10e47c0039c25","name":"male_reg_locals_05_shoes_01","factory":"[assembly:/_pro/characters/assets/civilians/italy/local_mens/materials/male_reg_locals_05_shoes_01.mi].pc_entitytype","blueprint":"[assembly:/_pro/characters/assets/civilians/italy/local_mens/materials/male_reg_locals_05_shoes_01.mi].pc_entityblueprint","properties":{"m_mTransform":{"type":"SMatrix43","value":{"rotation":{"x":0,"y":0,"z":0},"position":{"x":-7.385935987258563e-7,"y":-0.000001072712962013611,"z":0}}},"Diffuse_Color_01_Value_op":{"type":"IRenderMaterialEntity.EModifierOperation","value":"eReplace"},"ConstantVector1D_04_Value_op":{"type":"IRenderMaterialEntity.EModifierOperation","value":"eReplace"},"ConstantVector1D_01_Value_op":{"type":"IRenderMaterialEntity.EModifierOperation","value":"eReplace"},"ConstantVector1D_06_Value_op":{"type":"IRenderMaterialEntity.EModifierOperation","value":"eReplace"},"Texture2D_01":{"type":"ZRuntimeResourceID","value":{"resource":"[assembly:/_pro/characters/assets/civilians/italy/local_mens/textures/male_reg_locals_05_shoes_01.texture?/specular_a.tex](ascolormap).pc_tex","flag":"5F"}},"Texture2D_01_enab":{"type":"bool","value":true},"Diffuse_Color_01_Value":{"type":"SColorRGB","value":"#e6e3e3"},"ConstantVector1D_04_Value":{"type":"float32","value":0.20999999344348907},"ConstantVector1D_05_Value":{"type":"float32","value":1},"ConstantVector1D_05_Value_op":{"type":"IRenderMaterialEntity.EModifierOperation","value":"eReplace"},"Clients":{"type":"TArray<SEntityTemplateReference>","value":["5fc10e47c0039c25"],"postInit":true},"m_eidParent":{"type":"SEntityTemplateReference","value":"a2e2c4ff84f4e612","postInit":true}}},"5fc10e47c0039c25":{"parent":"a2e2c4ff84f4e612","name":"Boot","factory":"[modules:/zbodypartentity.class].pc_entitytype","blueprint":"[modules:/zbodypartentity.class].pc_entityblueprint","properties":{"m_pMeshResource":{"type":"ZRuntimeResourceID","value":{"resource":"00D4913419D2FF0C","flag":"5F"}}},"inputCopying":{"ConstantVector1D_06_Value":{"ConstantVector1D_06_Value":["6b47f9d44518ce2d"]},"ConstantVector1D_01_Value":{"ConstantVector1D_01_Value":["6b47f9d44518ce2d"]},"ConstantVector1D_14_Value":{"ConstantVector1D_04_Value":["6b47f9d44518ce2d"]}}},"d7ff84d679868d38":{"parent":"a2e2c4ff84f4e612","name":"Base Diffuse 2","factory":"[modules:/zmathlerp.class].pc_entitytype","blueprint":"[modules:/zmathlerp.class].pc_entityblueprint","properties":{"m_A":{"type":"float32","value":0.5},"m_fT":{"type":"float32","value":0},"m_B":{"type":"float32","value":0.36000001430511475}}},"d47fa176e44810c6":{"parent":"f8300cec817d2ca9","name":"Mesh","factory":"[assembly:/templates/aspectdummy.aspect]([modules:/zbodypartentity.class].entitytype,[modules:/zclothcollidergroupaspect.class].entitytype).pc_entitytype","blueprint":"[assembly:/templates/aspectdummy.aspect]([modules:/zbodypartentity.class].entitytype,[modules:/zclothcollidergroupaspect.class].entitytype).pc_entityblueprint","properties":{"m_pMeshResource":{"type":"ZRuntimeResourceID","value":{"resource":"005B11F9007F82DF","flag":"5F"}},"m_ClothColliders":{"type":"TArray<SEntityTemplateReference>","value":[]}}},"f8300cec817d2ca9":{"parent":"a2e2c4ff84f4e612","name":"Pants_Jeans_Skinny","factory":"[modules:/zentity.class].pc_entitytype","blueprint":"[modules:/zentity.class].pc_entityblueprint","properties":{"Diffuse_Color_01_Value":{"type":"SColorRGB","value":"#808080"}},"inputCopying":{"ConstantVector1D_14_Value":{"ConstantVector1D_14_Value":["f6b03b521b1fe04e"]},"ConstantVector1D_01_Value":{"ConstantVector1D_01_Value":["f6b03b521b1fe04e"]},"ConstantVector1D_06_Value":{"ConstantVector1D_06_Value":["f6b03b521b1fe04e"]}},"propertyAliases":{"m_pMeshResource":[{"originalProperty":"m_pMeshResource","originalEntity":"d47fa176e44810c6"}],"ConstantVector1D_15_Value":[{"originalProperty":"ConstantVector1D_15_Value","originalEntity":"f6b03b521b1fe04e"}],"Texture2D_03":[{"originalProperty":"Texture2D_03","originalEntity":"f6b03b521b1fe04e"}],"ConstantVector1D_01_Value":[{"originalProperty":"ConstantVector1D_01_Value","originalEntity":"f6b03b521b1fe04e"}],"Diffuse_Color_01_Value":[{"originalProperty":"Diffuse_Color_01_Value","originalEntity":"f6b03b521b1fe04e"}],"Diffuse_Saturation_01_Value":[{"originalProperty":"Diffuse_Saturation_01_Value","originalEntity":"f6b03b521b1fe04e"}],"Diffuse_Hue_Shift_01_Value":[{"originalProperty":"Diffuse_Hue_Shift_01_Value","originalEntity":"f6b03b521b1fe04e"}],"ConstantVector1D_03_Value":[{"originalProperty":"ConstantVector1D_03_Value","originalEntity":"f6b03b521b1fe04e"}],"ConstantVector1D_14_Value":[{"originalProperty":"ConstantVector1D_14_Value","originalEntity":"f6b03b521b1fe04e"}],"Texture2DNormal_01":[{"originalProperty":"Texture2DNormal_01","originalEntity":"f6b03b521b1fe04e"}],"Texture2D_01":[{"originalProperty":"Texture2D_01","originalEntity":"f6b03b521b1fe04e"}],"ConstantVector1D_13_Value":[{"originalProperty":"ConstantVector1D_13_Value","originalEntity":"f6b03b521b1fe04e"}],"ConstantVector1D_05_Value":[{"originalProperty":"ConstantVector1D_05_Value","originalEntity":"f6b03b521b1fe04e"}],"ConstantVector1D_16_Value":[{"originalProperty":"ConstantVector1D_16_Value","originalEntity":"f6b03b521b1fe04e"}]},"exposedInterfaces":{"ZBodyPartEntity":"d47fa176e44810c6","ZClothColliderGroupAspect":"d47fa176e44810c6"}},"3cc168cbc9d0573b":{"parent":"6d6ac1007701874c","name":"male_undercovercops_01_jacket_01","factory":"[assembly:/_pro/characters/assets/guards/undercovercops_01/materials/male_undercovercops_01_jacket_01.mi].pc_entitytype","blueprint":"[assembly:/_pro/characters/assets/guards/undercovercops_01/materials/male_undercovercops_01_jacket_01.mi].pc_entityblueprint","properties":{"m_mTransform":{"type":"SMatrix43","value":{"rotation":{"x":0,"y":0,"z":0},"position":{"x":0,"y":0,"z":0}}},"Texture2DNormal_01_enab":{"type":"bool","value":true},"Texture2D_03_enab":{"type":"bool","value":true},"Texture2D_01_enab":{"type":"bool","value":true},"Diffuse_Color_01_Value_op":{"type":"IRenderMaterialEntity.EModifierOperation","value":"eReplace"},"ConstantVector1D_01_Value_op":{"type":"IRenderMaterialEntity.EModifierOperation","value":"eReplace"},"Diffuse_Saturation_01_Value_op":{"type":"IRenderMaterialEntity.EModifierOperation","value":"eReplace"},"Diffuse_Hue_Shift_01_Value_op":{"type":"IRenderMaterialEntity.EModifierOperation","value":"eReplace"},"Texture2D_01":{"type":"ZRuntimeResourceID","value":{"resource":"[assembly:/_pro/characters/assets/guards/undercovercops_01/textures/male_undercovercops_01_jacket_01.texture?/diffuse_c.tex](ascolormap).pc_tex","flag":"5F"}},"Texture2D_03":{"type":"ZRuntimeResourceID","value":{"resource":"[assembly:/_pro/characters/assets/guards/undercovercops_01/textures/male_undercovercops_01_jacket_01.texture?/specular_c.tex](ascolormap).pc_tex","flag":"5F"}},"ConstantVector1D_14_Value_op":{"type":"IRenderMaterialEntity.EModifierOperation","value":"eReplace"},"ConstantVector1D_06_Value_op":{"type":"IRenderMaterialEntity.EModifierOperation","value":"eReplace"},"ConstantVector1D_15_Value_op":{"type":"IRenderMaterialEntity.EModifierOperation","value":"eReplace"},"Texture2DNormal_01":{"type":"ZRuntimeResourceID","value":{"resource":"[assembly:/_pro/characters/assets/guards/undercovercops_01/textures/male_undercovercops_01_jacket_01.texture?/normal_a.tex](asnormalmap).pc_tex","flag":"5F"}},"ConstantVector1D_01_Value":{"type":"float32","value":0.5},"Diffuse_Color_01_Value":{"type":"SColorRGB","value":"#ffffff"},"Diffuse_Saturation_01_Value":{"type":"float32","value":1},"Diffuse_Hue_Shift_01_Value":{"type":"float32","value":0},"Clients":{"type":"TArray<SEntityTemplateReference>","value":["6d6ac1007701874c"],"postInit":true},"m_eidParent":{"type":"SEntityTemplateReference","value":"a2e2c4ff84f4e612","postInit":true}}},"43cccd641a3e4fce":{"parent":"a2e2c4ff84f4e612","name":"Sweater_Hoodie_HoodUp_Open","factory":"009C70A6A0676784","blueprint":"00F05AE9E82C95C7","properties":{"m_pMeshResource":{"type":"ZRuntimeResourceID","value":{"resource":"00CDE07C3CD4C4E9","flag":"5F"}},"Diffuse_Color_01_Value":{"type":"SColorRGB","value":"#2b2b2b"}},"inputCopying":{"ConstantVector1D_06_Value":{"ConstantVector1D_06_Value":["6a9118fbf302dc8"]},"ConstantVector1D_14_Value":{"ConstantVector1D_14_Value":["6a9118fbf302dc8"]},"ConstantVector1D_01_Value":{"ConstantVector1D_01_Value":["6a9118fbf302dc8"]}}},"ddf02a85ebd8ebfc":{"parent":"a2e2c4ff84f4e612","name":"Head_47","factory":"00537D16B5CE7286","blueprint":"00F2E4A932ECAA63"},"97a1da3873595e8":{"parent":"a2e2c4ff84f4e612","name":"Base Min","factory":"[modules:/zmathlerp.class].pc_entitytype","blueprint":"[modules:/zmathlerp.class].pc_entityblueprint","properties":{"m_A":{"type":"float32","value":0.6899999976158142},"m_B":{"type":"float32","value":0.2199999988079071},"m_fT":{"type":"float32","value":0}}},"f09b8f168d494b01":{"parent":"a2e2c4ff84f4e612","name":"FX_Hitman_Wet_Logic_Character_01","factory":"0067CFB703A80787","blueprint":"00AA88C960CD2080","properties":{"HeadMaterialToOverride":{"type":"ZRuntimeResourceID","value":{"resource":"009F7978C601815A","flag":"5F"}},"HeadMaterialOverride":{"type":"TArray<SEntityTemplateReference>","value":["a2e2c4ff84f4e612"],"postInit":true}},"events":{"HitmanWetness":{"T":["8424dbdee7b12fc2","97a1da3873595e8","2c9cacfd2d661c1e","20190140adc1984f","d7ff84d679868d38","b4524004e6241b1f"]}}},"59bc47a95875eaa8":{"parent":"a2e2c4ff84f4e612","name":"Attacher_Head_01","factory":"[assembly:/templates/aspectdummy.aspect]([modules:/zcompositeentity.class].entitytype,[modules:/zboneattachaspect.class].entitytype).pc_entitytype","blueprint":"[assembly:/templates/aspectdummy.aspect]([modules:/zcompositeentity.class].entitytype,[modules:/zboneattachaspect.class].entitytype).pc_entityblueprint","properties":{"m_BoneName":{"type":"ZString","value":"Head"},"m_mTransform":{"type":"SMatrix43","value":{"rotation":{"x":-0.24310671845359044,"y":-0.0005156620325193577,"z":0.2406430156197255},"position":{"x":-0.0005830000154674053,"y":-0.00048499999684281647,"z":-0.004137999843806028}}},"m_linkedEntity":{"type":"SEntityTemplateReference","value":"a2e2c4ff84f4e612","postInit":true},"m_eidParent":{"type":"SEntityTemplateReference","value":"a2e2c4ff84f4e612","postInit":true}}},"b4524004e6241b1f":{"parent":"a2e2c4ff84f4e612","name":"Jacket Spec","factory":"[modules:/zmathlerp.class].pc_entitytype","blueprint":"[modules:/zmathlerp.class].pc_entityblueprint","properties":{"m_A":{"type":"float32","value":1},"m_B":{"type":"float32","value":0.20000000298023224},"m_fT":{"type":"float32","value":0}},"events":{"Lerp":{"ConstantVector1D_04_Value":["d73e75df29151a32"]}}},"b55bc332c81d55f2":{"parent":"a2e2c4ff84f4e612","name":"Torso_Neck","factory":"00D43167687E61AD","blueprint":"007E9340AD2C2425"},"6d6ac1007701874c":{"parent":"a2e2c4ff84f4e612","name":"Jacket_Biker_RldSlv_Open","factory":"[modules:/zentity.class].pc_entitytype","blueprint":"[modules:/zentity.class].pc_entityblueprint","properties":{"m_pMeshResource":{"type":"ZRuntimeResourceID","value":{"resource":"00AE905CF9895963","flag":"5F"}}},"inputCopying":{"ConstantVector1D_06_Value":{"ConstantVector1D_06_Value":["3cc168cbc9d0573b"]},"ConstantVector1D_14_Value":{"ConstantVector1D_14_Value":["3cc168cbc9d0573b"]},"ConstantVector1D_01_Value":{"ConstantVector1D_01_Value":["3cc168cbc9d0573b"]}},"propertyAliases":{"Texture2DNormal_01":[{"originalProperty":"Texture2DNormal_01","originalEntity":"3cc168cbc9d0573b"}],"ConstantVector1D_01_Value":[{"originalProperty":"ConstantVector1D_01_Value","originalEntity":"3cc168cbc9d0573b"}],"Diffuse_Color_01_Value":[{"originalProperty":"Diffuse_Color_01_Value","originalEntity":"3cc168cbc9d0573b"}],"Diffuse_Saturation_01_Value":[{"originalProperty":"Diffuse_Saturation_01_Value","originalEntity":"3cc168cbc9d0573b"}],"Diffuse_Hue_Shift_01_Value":[{"originalProperty":"Diffuse_Hue_Shift_01_Value","originalEntity":"3cc168cbc9d0573b"}],"m_pMeshResource":[{"originalProperty":"m_pMeshResource","originalEntity":"c5c8829c103b553a"}]},"exposedInterfaces":{"ZBodyPartEntity":"c5c8829c103b553a","ZClothColliderGroupAspect":"c5c8829c103b553a"}},"46176fd59f5f75ef":{"parent":"a2e2c4ff84f4e612","name":"Socks_Ankle_Cut_Shoe","factory":"00C50F4D59B78463","blueprint":"0060BDFBAAFA9324","properties":{"Diffuse_Color_01_Value":{"type":"SColorRGB","value":"#3d3d3d"}}},"8424dbdee7b12fc2":{"parent":"a2e2c4ff84f4e612","name":"Base Normal Bump Scale","factory":"[modules:/zmathlerp.class].pc_entitytype","blueprint":"[modules:/zmathlerp.class].pc_entityblueprint","properties":{"m_A":{"type":"float32","value":1},"m_fT":{"type":"float32","value":0},"m_B":{"type":"float32","value":1.4500000476837158}},"events":{"Lerp":{"ConstantVector1D_06_Value":["5fc10e47c0039c25","f8300cec817d2ca9","23aac09eed87c683","43cccd641a3e4fce","6d6ac1007701874c"]}}},"d73e75df29151a32":{"parent":"a2e2c4ff84f4e612","name":"Hands","factory":"009A6D9F7927FB89","blueprint":"00F49463DEA8D412"},"a2e2c4ff84f4e612":{"parent":null,"name":"OUTFIT_Agent47_Reward_EvergreenMastery_M_HeroA_v0","factory":"00028BAEA86DD2FD","blueprint":"002045A6D2A25237","properties":{"m_eRoomBehaviour":{"type":"ZSpatialEntity.ERoomBehaviour","value":"ROOM_DYNAMIC"},"m_pBonesAndCollisionResource":{"type":"ZRuntimeResourceID","value":{"resource":"00E6D746D26D3871","flag":"5F"}},"m_mTransform":{"type":"SMatrix43","value":{"rotation":{"x":0,"y":0,"z":0},"position":{"x":93.60941314697266,"y":33.81039047241211,"z":-0.0006820000126026571}}},"m_fFrustumFarDistanceProperty":{"type":"float32","value":10},"m_aBodyParts":{"type":"TArray<SEntityTemplateReference>","value":["32ccd30e87521a1d","ddf02a85ebd8ebfc","5fc10e47c0039c25","f8300cec817d2ca9","b55bc332c81d55f2","23aac09eed87c683","6d6ac1007701874c","43cccd641a3e4fce","d73e75df29151a32","46176fd59f5f75ef"],"postInit":true}}},"2c9cacfd2d661c1e":{"parent":"a2e2c4ff84f4e612","name":"Base Diffuse","factory":"[modules:/zmathlerp.class].pc_entitytype","blueprint":"[modules:/zmathlerp.class].pc_entityblueprint","properties":{"m_A":{"type":"float32","value":0.5},"m_fT":{"type":"float32","value":0},"m_B":{"type":"float32","value":0.23000000417232513}},"events":{"Lerp":{"ConstantVector1D_01_Value":["f8300cec817d2ca9","23aac09eed87c683","43cccd641a3e4fce","46176fd59f5f75ef","5fc10e47c0039c25","6d6ac1007701874c"]}}},"23aac09eed87c683":{"parent":"a2e2c4ff84f4e612","name":"tanktop","factory":"[assembly:/templates/aspectdummy.aspect]([modules:/zbodypartentity.class].entitytype,[modules:/zclothcollidergroupaspect.class].entitytype).pc_entitytype","blueprint":"[assembly:/templates/aspectdummy.aspect]([modules:/zbodypartentity.class].entitytype,[modules:/zclothcollidergroupaspect.class].entitytype).pc_entityblueprint","properties":{"m_pMeshResource":{"type":"ZRuntimeResourceID","value":{"resource":"005E4D3D8F4060F5","flag":"5F"}}},"inputCopying":{"ConstantVector1D_14_Value":{"ConstantVector1D_14_Value":["8862f74062e2ca13"]},"ConstantVector1D_01_Value":{"ConstantVector1D_01_Value":["8862f74062e2ca13"]},"ConstantVector1D_06_Value":{"ConstantVector1D_06_Value":["8862f74062e2ca13"]}}}},"propertyOverrides":[],"overrideDeletes":[],"pinConnectionOverrides":[],"pinConnectionOverrideDeletes":[],"externalScenes":[],"subType":"template","quickEntityVersion":3.1,"extraFactoryDependencies":[{"resource":"[assembly:/_pro/characters/assets/individuals/hokkaido/yogainstructor/textures/male_reg_yogainstructor_tanktop.texture?/normal_white.tex](asnormalmap).pc_tex","flag":"5F"},{"resource":"[assembly:/_pro/characters/assets/individuals/hokkaido/yogainstructor/textures/male_reg_yogainstructor_tanktop.texture?/specular_white.tex](ascolormap).pc_tex","flag":"5F"},{"resource":"[assembly:/_pro/characters/assets/individuals/hokkaido/yogainstructor/textures/male_reg_yogainstructor_tanktop.texture?/diffuse_white.tex](ascolormap).pc_tex","flag":"5F"},{"resource":"007C9737A03E217F","flag":"5F"},{"resource":"[assembly:/_pro/characters/assets/workers/hacker_01/textures/male_reg_hacker_01_hoodie.texture?/specular_a.tex](ascolormap).pc_tex","flag":"5F"},{"resource":"[assembly:/_pro/characters/assets/workers/hacker_01/textures/male_reg_hacker_01_hoodie.texture?/normal_a.tex](asnormalmap).pc_tex","flag":"5F"},{"resource":"[assembly:/_pro/characters/assets/workers/hacker_01/textures/male_reg_hacker_01_hoodie.texture?/diffuse_b.tex](ascolormap).pc_tex","flag":"5F"},{"resource":"[assembly:/_pro/characters/assets/workers/hacker_01/textures/male_reg_hacker_01_hoodie.texture?/diffuse_a.tex](ascolormap).pc_tex","flag":"5F"},{"resource":"0013D906A6D97944","flag":"5F"},{"resource":"[assembly:/_pro/characters/assets/civilians/italy/local_mens/textures/male_reg_locals_05_shoes_01.texture?/normal_a.tex](asnormalmap).pc_tex","flag":"5F"},{"resource":"00C197DBB1B74FF6","flag":"5F"},{"resource":"007E2F6DB1068A8D","flag":"5F"},{"resource":"00AAD107E192CFAE","flag":"5F"},{"resource":"0063B05E0712FBB3","flag":"5F"},{"resource":"[assembly:/_pro/characters/assets/hero/agent47/textures/agent47_gloves_white.texture?/normal_a.tex](asnormalmap).pc_tex","flag":"5F"},{"resource":"[assembly:/_pro/characters/assets/hero/agent47/textures/agent47_gloves_white.texture?/specular_a.tex](ascolormap).pc_tex","flag":"5F"},{"resource":"[assembly:/_pro/characters/assets/hero/agent47/textures/agent47_gloves_white.texture?/diffuse_a.tex](ascolormap).pc_tex","flag":"5F"},{"resource":"007D850436B0A092","flag":"5F"},{"resource":"00D247582859CA87","flag":"5F"},{"resource":"00D20CA72E352D16","flag":"5F"}],"extraBlueprintDependencies":[],"comments":[]}