{"tempHash":"00FEC145343DFC4F","tbluHash":"0037318D080C6B36","rootEntity":"cae39653e2a6fb27","entities":{"434fcb67068c9887":{"parent":"e60029b5c8a77421","name":"C_Knee_R","factory":"[assembly:/templates/aspectdummy.aspect]([modules:/zclothsphere.class].entitytype,[modules:/zboneattachaspect.class].entitytype).pc_entitytype","blueprint":"[assembly:/templates/aspectdummy.aspect]([modules:/zclothsphere.class].entitytype,[modules:/zboneattachaspect.class].entitytype).pc_entityblueprint","properties":{"m_fRadius":{"type":"float32","value":0.10000000149011612},"m_BoneName":{"type":"ZString","value":"RThighTwist2"},"m_linkedEntity":{"type":"SEntityTemplateReference","value":null},"m_mTransform":{"type":"SMatrix43","value":{"rotation":{"x":0.019767043586382146,"y":0,"z":0},"position":{"x":0.12606200575828552,"y":-0.011234999634325504,"z":-0.0020119999535381794}}},"m_eidParent":{"type":"SEntityTemplateReference","value":"e60029b5c8a77421","postInit":true}}},"f8f41e81beb577b1":{"parent":"e60029b5c8a77421","name":"C_Hand_R","factory":"[assembly:/templates/aspectdummy.aspect]([modules:/zclothsphere.class].entitytype,[modules:/zboneattachaspect.class].entitytype).pc_entitytype","blueprint":"[assembly:/templates/aspectdummy.aspect]([modules:/zclothsphere.class].entitytype,[modules:/zboneattachaspect.class].entitytype).pc_entityblueprint","properties":{"m_BoneName":{"type":"ZString","value":"R_Hand"},"m_linkedEntity":{"type":"SEntityTemplateReference","value":null},"m_fRadius":{"type":"float32","value":0.07000000029802322},"m_mTransform":{"type":"SMatrix43","value":{"rotation":{"x":0,"y":0,"z":0},"position":{"x":0,"y":0,"z":0}}},"m_bEnabled":{"type":"bool","value":true},"m_eidParent":{"type":"SEntityTemplateReference","value":"e60029b5c8a77421","postInit":true}}},"97ba4c3431514d2d":{"parent":"8cd4654405e5cf2f","name":"male_reg_suit_pants_anisotropic","factory":"00475ECD0A7CE94A","blueprint":"00D34BFD3AA1A4D6","properties":{"1737952988":{"type":"IRenderMaterialEntity.EModifierOperation","value":"eReplace"},"1787395739":{"type":"IRenderMaterialEntity.EModifierOperation","value":"eReplace"},"2287298018":{"type":"IRenderMaterialEntity.EModifierOperation","value":"eReplace"},"2359342559":{"type":"IRenderMaterialEntity.EModifierOperation","value":"eReplace"},"m_mTransform":{"type":"SMatrix43","value":{"rotation":{"x":0,"y":0,"z":0},"position":{"x":0,"y":0,"z":0}}},"ConstantColorRGB_02_Value_op":{"type":"IRenderMaterialEntity.EModifierOperation","value":"eReplace"},"ConstantColorRGB_02_Value":{"type":"SColorRGB","value":"#e0e0e0"},"ConstantColorRGB_05_Value_op":{"type":"IRenderMaterialEntity.EModifierOperation","value":"eReplace"},"ConstantColorRGB_05_Value":{"type":"SColorRGB","value":"#ffffff"},"ConstantVector1D_01_Value_op":{"type":"IRenderMaterialEntity.EModifierOperation","value":"eReplace"},"Texture2D_01_enab":{"type":"bool","value":true},"Texture2D_01":{"type":"ZRuntimeResourceID","value":{"resource":"00AF802D36A4241A","flag":"5F"}},"ConstantVector1D_01_Value":{"type":"float32","value":0.4300000071525574},"Texture2D_03_enab":{"type":"bool","value":true},"Texture2D_03":{"type":"ZRuntimeResourceID","value":{"resource":"0051A1136DC9485E","flag":"5F"}},"ConstantVector1D_03_Value":{"type":"float32","value":1},"ConstantVector1D_04_Value":{"type":"float32","value":0.0949999988079071},"ConstantVector1D_05_Value":{"type":"float32","value":1.4800000190734863},"Clients":{"type":"TArray<SEntityTemplateReference>","value":["8cd4654405e5cf2f"],"postInit":true},"m_eidParent":{"type":"SEntityTemplateReference","value":"cae39653e2a6fb27","postInit":true}}},"c03424e1839c4ff6":{"parent":"e60029b5c8a77421","name":"C_Forearm_R","factory":"[assembly:/templates/aspectdummy.aspect]([modules:/zclothsphere.class].entitytype,[modules:/zboneattachaspect.class].entitytype).pc_entitytype","blueprint":"[assembly:/templates/aspectdummy.aspect]([modules:/zclothsphere.class].entitytype,[modules:/zboneattachaspect.class].entitytype).pc_entityblueprint","properties":{"m_BoneName":{"type":"ZString","value":"R_Forearm"},"m_linkedEntity":{"type":"SEntityTemplateReference","value":null},"m_fRadius":{"type":"float32","value":0.07000000029802322},"m_mTransform":{"type":"SMatrix43","value":{"rotation":{"x":0,"y":0,"z":0},"position":{"x":0,"y":0,"z":0}}},"m_bEnabled":{"type":"bool","value":true},"m_eidParent":{"type":"SEntityTemplateReference","value":"e60029b5c8a77421","postInit":true}}},"d962a4bad6ae15ab":{"parent":"e60029b5c8a77421","name":"CChain_Neck_Arms","factory":"[modules:/zclothspherechain.class].pc_entitytype","blueprint":"[modules:/zclothspherechain.class].pc_entityblueprint","properties":{"m_mTransform":{"type":"SMatrix43","value":{"rotation":{"x":0,"y":0,"z":0},"position":{"x":-0.00000011920930376163597,"y":0,"z":0}}},"m_bCollisionGroup0":{"type":"bool","value":true},"m_bEnabled":{"type":"bool","value":true},"m_Spheres":{"type":"TArray<SEntityTemplateReference>","value":["53ae0f1bae46cb64","c471b08aa470bf5f","597d681ed3b51c2d","3bf23a718898e881","f254e1f8e3c00f6c","b8b729a32272f0e2","23dadf09f63edd77","a9d457100fd6f974","e4af238aff8deecc","c03424e1839c4ff6","f8f41e81beb577b1","9030a6517e721a2c"],"postInit":true},"m_eidParent":{"type":"SEntityTemplateReference","value":"e60029b5c8a77421","postInit":true}}},"b8b729a32272f0e2":{"parent":"e60029b5c8a77421","name":"C_Head","factory":"[assembly:/templates/aspectdummy.aspect]([modules:/zclothsphere.class].entitytype,[modules:/zboneattachaspect.class].entitytype).pc_entitytype","blueprint":"[assembly:/templates/aspectdummy.aspect]([modules:/zclothsphere.class].entitytype,[modules:/zboneattachaspect.class].entitytype).pc_entityblueprint","properties":{"m_BoneName":{"type":"ZString","value":"Head"},"m_linkedEntity":{"type":"SEntityTemplateReference","value":null},"m_fRadius":{"type":"float32","value":0.125},"m_mTransform":{"type":"SMatrix43","value":{"rotation":{"x":0,"y":0,"z":0},"position":{"x":0.07091700285673141,"y":0.03724899888038635,"z":0}}},"m_bEnabled":{"type":"bool","value":true},"m_eidParent":{"type":"SEntityTemplateReference","value":"e60029b5c8a77421","postInit":true}}},"597d681ed3b51c2d":{"parent":"e60029b5c8a77421","name":"C_Forearm_L","factory":"[assembly:/templates/aspectdummy.aspect]([modules:/zclothsphere.class].entitytype,[modules:/zboneattachaspect.class].entitytype).pc_entitytype","blueprint":"[assembly:/templates/aspectdummy.aspect]([modules:/zclothsphere.class].entitytype,[modules:/zboneattachaspect.class].entitytype).pc_entityblueprint","properties":{"m_BoneName":{"type":"ZString","value":"L_Forearm"},"m_linkedEntity":{"type":"SEntityTemplateReference","value":null},"m_fRadius":{"type":"float32","value":0.07000000029802322},"m_mTransform":{"type":"SMatrix43","value":{"rotation":{"x":0,"y":0,"z":0},"position":{"x":0,"y":0,"z":0}}},"m_bEnabled":{"type":"bool","value":true},"m_eidParent":{"type":"SEntityTemplateReference","value":"e60029b5c8a77421","postInit":true}}},"156623c3ea20e8ca":{"parent":"68a298a7ee5e47db","name":"male_reg_suit_jacket_01_closed_anisotropic","factory":"006B1597F1644AD3","blueprint":"0031DDC42BCE981A","properties":{"1737952988":{"type":"IRenderMaterialEntity.EModifierOperation","value":"eReplace"},"1787395739":{"type":"IRenderMaterialEntity.EModifierOperation","value":"eReplace"},"2287298018":{"type":"IRenderMaterialEntity.EModifierOperation","value":"eLeave"},"m_mTransform":{"type":"SMatrix43","value":{"rotation":{"x":0,"y":0,"z":0},"position":{"x":0,"y":0,"z":0}}},"Texture2D_01_enab":{"type":"bool","value":true},"Texture2D_01":{"type":"ZRuntimeResourceID","value":{"resource":"000D7A2135496A40","flag":"5F"}},"ConstantColorRGB_02_Value_op":{"type":"IRenderMaterialEntity.EModifierOperation","value":"eReplace"},"ConstantColorRGB_02_Value":{"type":"SColorRGB","value":"#d4d4d4"},"ConstantColorRGB_05_Value_op":{"type":"IRenderMaterialEntity.EModifierOperation","value":"eReplace"},"ConstantColorRGB_05_Value":{"type":"SColorRGB","value":"#ffffff"},"ConstantVector1D_03_Value":{"type":"float32","value":1},"Texture2DNormal_01_enab":{"type":"bool","value":true},"Texture2DNormal_01":{"type":"ZRuntimeResourceID","value":{"resource":"008631A82AC9BD09","flag":"5F"}},"Texture2D_03_enab":{"type":"bool","value":true},"Texture2D_03":{"type":"ZRuntimeResourceID","value":{"resource":"00EE7A80BCB564F7","flag":"5F"}},"ConstantVector1D_05_Value":{"type":"float32","value":0.550000011920929},"ConstantVector1D_01_Value_op":{"type":"IRenderMaterialEntity.EModifierOperation","value":"eReplace"},"ConstantVector1D_01_Value":{"type":"float32","value":0.5},"ConstantVector1D_09_Value_op":{"type":"IRenderMaterialEntity.EModifierOperation","value":"eReplace"},"ConstantVector1D_09_Value":{"type":"float32","value":0.9399999976158142},"Clients":{"type":"TArray<SEntityTemplateReference>","value":["68a298a7ee5e47db"],"postInit":true},"m_eidParent":{"type":"SEntityTemplateReference","value":"68a298a7ee5e47db","postInit":true}}},"23dadf09f63edd77":{"parent":"e60029b5c8a77421","name":"C_Neck","factory":"[assembly:/templates/aspectdummy.aspect]([modules:/zclothsphere.class].entitytype,[modules:/zboneattachaspect.class].entitytype).pc_entitytype","blueprint":"[assembly:/templates/aspectdummy.aspect]([modules:/zclothsphere.class].entitytype,[modules:/zboneattachaspect.class].entitytype).pc_entityblueprint","properties":{"m_BoneName":{"type":"ZString","value":"Neck"},"m_linkedEntity":{"type":"SEntityTemplateReference","value":null},"m_fRadius":{"type":"float32","value":0.08500000089406967},"m_mTransform":{"type":"SMatrix43","value":{"rotation":{"x":0,"y":0,"z":0},"position":{"x":0,"y":0,"z":0}}},"m_bEnabled":{"type":"bool","value":true},"m_eidParent":{"type":"SEntityTemplateReference","value":"e60029b5c8a77421","postInit":true}}},"f254e1f8e3c00f6c":{"parent":"e60029b5c8a77421","name":"C_Clavicle_L","factory":"[assembly:/templates/aspectdummy.aspect]([modules:/zclothsphere.class].entitytype,[modules:/zboneattachaspect.class].entitytype).pc_entitytype","blueprint":"[assembly:/templates/aspectdummy.aspect]([modules:/zclothsphere.class].entitytype,[modules:/zboneattachaspect.class].entitytype).pc_entityblueprint","properties":{"m_BoneName":{"type":"ZString","value":"L_Clavicle"},"m_linkedEntity":{"type":"SEntityTemplateReference","value":null},"m_fRadius":{"type":"float32","value":0.08500000089406967},"m_mTransform":{"type":"SMatrix43","value":{"rotation":{"x":0,"y":0,"z":0},"position":{"x":0,"y":0,"z":0}}},"m_bEnabled":{"type":"bool","value":true},"m_eidParent":{"type":"SEntityTemplateReference","value":"e60029b5c8a77421","postInit":true}}},"943e021bf9f99c7f":{"parent":"e60029b5c8a77421","name":"C_TighTop_R","factory":"[assembly:/templates/aspectdummy.aspect]([modules:/zclothsphere.class].entitytype,[modules:/zboneattachaspect.class].entitytype).pc_entitytype","blueprint":"[assembly:/templates/aspectdummy.aspect]([modules:/zclothsphere.class].entitytype,[modules:/zboneattachaspect.class].entitytype).pc_entityblueprint","properties":{"m_fRadius":{"type":"float32","value":0.13099999725818634},"m_BoneName":{"type":"ZString","value":"RThighTwist"},"m_linkedEntity":{"type":"SEntityTemplateReference","value":null},"m_mTransform":{"type":"SMatrix43","value":{"rotation":{"x":0.019767043586382146,"y":0,"z":0},"position":{"x":0.0008270000107586384,"y":0.010259999893605709,"z":-0.0352259986102581}}},"m_eidParent":{"type":"SEntityTemplateReference","value":"e60029b5c8a77421","postInit":true}}},"87aa7f84cc55b7a2":{"parent":"e60029b5c8a77421","name":"C_Pelvis_L","factory":"[assembly:/templates/aspectdummy.aspect]([modules:/zclothsphere.class].entitytype,[modules:/zboneattachaspect.class].entitytype).pc_entitytype","blueprint":"[assembly:/templates/aspectdummy.aspect]([modules:/zclothsphere.class].entitytype,[modules:/zboneattachaspect.class].entitytype).pc_entityblueprint","properties":{"m_fRadius":{"type":"float32","value":0.12999999523162842},"m_BoneName":{"type":"ZString","value":"Pelvis"},"m_linkedEntity":{"type":"SEntityTemplateReference","value":null},"m_mTransform":{"type":"SMatrix43","value":{"rotation":{"x":-0.055977958130533356,"y":0,"z":-0.05597795813053337},"position":{"x":0.03650100156664848,"y":0.011141999624669552,"z":0.05415499955415726}}},"m_bEnabled":{"type":"bool","value":true},"m_eidParent":{"type":"SEntityTemplateReference","value":"e60029b5c8a77421","postInit":true}}},"f43b7f5c4c87ab5e":{"parent":"e60029b5c8a77421","name":"CChain_Spine_L","factory":"[modules:/zclothspherechain.class].pc_entitytype","blueprint":"[modules:/zclothspherechain.class].pc_entityblueprint","properties":{"m_mTransform":{"type":"SMatrix43","value":{"rotation":{"x":0,"y":0,"z":0},"position":{"x":-0.0000001290655973207322,"y":0.000000002171457902377938,"z":0}}},"m_Spheres":{"type":"TArray<SEntityTemplateReference>","value":["1eadcbbe2f295e87","d0fd413a8386a11d","538dc5d3698e9fb"],"postInit":true},"m_eidParent":{"type":"SEntityTemplateReference","value":"e60029b5c8a77421","postInit":true}}},"f58f1fa56ad13bb2":{"parent":"68a298a7ee5e47db","name":"Agent47_S2_Suit_Mesh","factory":"[assembly:/templates/aspectdummy.aspect]([modules:/zbodypartentity.class].entitytype,[modules:/zclothcollidergroupaspect.class].entitytype).pc_entitytype","blueprint":"[assembly:/templates/aspectdummy.aspect]([modules:/zbodypartentity.class].entitytype,[modules:/zclothcollidergroupaspect.class].entitytype).pc_entityblueprint","properties":{"m_pMeshResource":{"type":"ZRuntimeResourceID","value":{"resource":"0000EB2EDB9BA6E9","flag":"5F"}},"m_ClothColliders":{"type":"TArray<SEntityTemplateReference>","value":["e60029b5c8a77421"],"postInit":true}}},"8f0acdbde78cd9a6":{"parent":"e60029b5c8a77421","name":"C_Pelvis_R","factory":"[assembly:/templates/aspectdummy.aspect]([modules:/zclothsphere.class].entitytype,[modules:/zboneattachaspect.class].entitytype).pc_entitytype","blueprint":"[assembly:/templates/aspectdummy.aspect]([modules:/zclothsphere.class].entitytype,[modules:/zboneattachaspect.class].entitytype).pc_entityblueprint","properties":{"m_fRadius":{"type":"float32","value":0.12999999523162842},"m_BoneName":{"type":"ZString","value":"Pelvis"},"m_mTransform":{"type":"SMatrix43","value":{"rotation":{"x":-0.055977958130533356,"y":0,"z":-0.05597795813053337},"position":{"x":0.03649599850177765,"y":0.011141999624669552,"z":-0.05660700052976608}}},"m_bEnabled":{"type":"bool","value":true},"m_eidParent":{"type":"SEntityTemplateReference","value":"e60029b5c8a77421","postInit":true}}},"43f62ef1f040e2ba":{"parent":"cae39653e2a6fb27","name":"Head_47","factory":"00537D16B5CE7286","blueprint":"00F2E4A932ECAA63"},"53ae0f1bae46cb64":{"parent":"e60029b5c8a77421","name":"C_Palm_L","factory":"[assembly:/templates/aspectdummy.aspect]([modules:/zclothsphere.class].entitytype,[modules:/zboneattachaspect.class].entitytype).pc_entitytype","blueprint":"[assembly:/templates/aspectdummy.aspect]([modules:/zclothsphere.class].entitytype,[modules:/zboneattachaspect.class].entitytype).pc_entityblueprint","properties":{"m_BoneName":{"type":"ZString","value":"L_Hand"},"m_linkedEntity":{"type":"SEntityTemplateReference","value":null},"m_fRadius":{"type":"float32","value":0.07000000029802322},"m_mTransform":{"type":"SMatrix43","value":{"rotation":{"x":0,"y":0,"z":0},"position":{"x":0.10000000149011612,"y":0,"z":0}}},"m_bEnabled":{"type":"bool","value":true},"m_eidParent":{"type":"SEntityTemplateReference","value":"e60029b5c8a77421","postInit":true}}},"91ad73738893c6fb":{"parent":"58a2ee5c65a491cc","name":"male_reg_bangkok_hotelsecurity_shoes","factory":"[assembly:/_pro/characters/assets/guards/bangkok/hotel_security/materials/male_reg_bangkok_hotelsecurity_shoes.mi].pc_entitytype","blueprint":"[assembly:/_pro/characters/assets/guards/bangkok/hotel_security/materials/male_reg_bangkok_hotelsecurity_shoes.mi].pc_entityblueprint","properties":{"1737952988":{"type":"IRenderMaterialEntity.EModifierOperation","value":"eReplace"},"2287298018":{"type":"IRenderMaterialEntity.EModifierOperation","value":"eReplace"},"3516673141":{"type":"IRenderMaterialEntity.EModifierOperation","value":"eReplace"},"m_mTransform":{"type":"SMatrix43","value":{"rotation":{"x":0,"y":0,"z":0},"position":{"x":34.55331039428711,"y":11.807040214538574,"z":0}}},"ConstantVector1D_05_Value":{"type":"float32","value":0.17000000178813934},"Texture2D_01_enab":{"type":"bool","value":true},"Texture2D_01":{"type":"ZRuntimeResourceID","value":{"resource":"[assembly:/_pro/characters/assets/guards/bangkok/hotel_security/textures/male_reg_bangkok_hotelsecurity_shoes.texture?/diffuse_white.tex](ascolormap).pc_tex","flag":"5F"}},"Texture2DNormal_01_enab":{"type":"bool","value":true},"Texture2DNormal_01":{"type":"ZRuntimeResourceID","value":{"resource":"0012B1C58624FB9D","flag":"5F"}},"Texture2D_03_enab":{"type":"bool","value":false},"Texture2D_03":{"type":"ZRuntimeResourceID","value":{"resource":"0066A12C24F2E2F9","flag":"5F"}},"ConstantVector1D_01_Value_op":{"type":"IRenderMaterialEntity.EModifierOperation","value":"eReplace"},"ConstantVector1D_01_Value":{"type":"float32","value":0.5},"Diffuse_Color_01_Value":{"type":"SColorRGB","value":"#454545"},"Clients":{"type":"TArray<SEntityTemplateReference>","value":["58a2ee5c65a491cc"],"postInit":true},"m_eidParent":{"type":"SEntityTemplateReference","value":"cae39653e2a6fb27","postInit":true}}},"58a2ee5c65a491cc":{"parent":"cae39653e2a6fb27","name":"Mesh_Shoes01","factory":"[modules:/zbodypartentity.class].pc_entitytype","blueprint":"[modules:/zbodypartentity.class].pc_entityblueprint","properties":{"m_pMeshResource":{"type":"ZRuntimeResourceID","value":{"resource":"00C536224D4F37E1","flag":"5F"}}},"inputCopying":{"ConstantVector1D_04_Value":{"ConstantVector1D_04_Value":["91ad73738893c6fb"]}}},"fb4ac8d0b8d84de1":{"parent":"1ec2cc815132c333","name":"male_reg_belt_01","factory":"0043725859FC505F","blueprint":"0023812E573A1012","properties":{"1565884279":{"type":"IRenderMaterialEntity.EModifierOperation","value":"eReplace"},"2287298018":{"type":"IRenderMaterialEntity.EModifierOperation","value":"eReplace"},"3516673141":{"type":"IRenderMaterialEntity.EModifierOperation","value":"eReplace"},"m_mTransform":{"type":"SMatrix43","value":{"rotation":{"x":0,"y":0,"z":0},"position":{"x":34.61589813232422,"y":11.678770065307617,"z":0}}},"Diffuse_Saturation_01_Value":{"type":"float32","value":0.10000000149011612},"ConstantVector1D_01_Value_op":{"type":"IRenderMaterialEntity.EModifierOperation","value":"eReplace"},"ConstantVector1D_01_Value":{"type":"float32","value":1},"Texture2D_01_enab":{"type":"bool","value":true},"Texture2D_01":{"type":"ZRuntimeResourceID","value":{"resource":"002B87C13DF505BA","flag":"5F"}},"Diffuse_Color_01_Value":{"type":"SColorRGB","value":"#dedede"},"Texture2D_03_enab":{"type":"bool","value":true},"Texture2D_03":{"type":"ZRuntimeResourceID","value":{"resource":"0045749DAEB565F8","flag":"5F"}},"Clients":{"type":"TArray<SEntityTemplateReference>","value":["1ec2cc815132c333"],"postInit":true},"m_eidParent":{"type":"SEntityTemplateReference","value":"cae39653e2a6fb27","postInit":true}}},"1ec2cc815132c333":{"parent":"cae39653e2a6fb27","name":"Mesh_Belt","factory":"[modules:/zbodypartentity.class].pc_entitytype","blueprint":"[modules:/zbodypartentity.class].pc_entityblueprint","properties":{"m_pMeshResource":{"type":"ZRuntimeResourceID","value":{"resource":"004AE40C64125C4E","flag":"5F"}}},"inputCopying":{"ConstantVector1D_04_Value":{"ConstantVector1D_04_Value":["fb4ac8d0b8d84de1"]}}},"1eadcbbe2f295e87":{"parent":"e60029b5c8a77421","name":"C_Spine_L","factory":"[assembly:/templates/aspectdummy.aspect]([modules:/zclothsphere.class].entitytype,[modules:/zboneattachaspect.class].entitytype).pc_entitytype","blueprint":"[assembly:/templates/aspectdummy.aspect]([modules:/zclothsphere.class].entitytype,[modules:/zboneattachaspect.class].entitytype).pc_entityblueprint","properties":{"m_BoneName":{"type":"ZString","value":"Spine"},"m_linkedEntity":{"type":"SEntityTemplateReference","value":null},"m_fRadius":{"type":"float32","value":0.12999999523162842},"m_mTransform":{"type":"SMatrix43","value":{"rotation":{"x":-0.055977958130533356,"y":0,"z":-0.05597795813053337},"position":{"x":0.0000009999999974752427,"y":0.032037001103162766,"z":0.04795899987220764}}},"m_bEnabled":{"type":"bool","value":true},"m_bCollisionGroup0":{"type":"bool","value":true},"m_eidParent":{"type":"SEntityTemplateReference","value":"e60029b5c8a77421","postInit":true}}},"31ea5e148de94233":{"parent":"e60029b5c8a77421","name":"C_TighMid_L","factory":"[assembly:/templates/aspectdummy.aspect]([modules:/zclothsphere.class].entitytype,[modules:/zboneattachaspect.class].entitytype).pc_entitytype","blueprint":"[assembly:/templates/aspectdummy.aspect]([modules:/zclothsphere.class].entitytype,[modules:/zboneattachaspect.class].entitytype).pc_entityblueprint","properties":{"m_fRadius":{"type":"float32","value":0.11500000208616257},"m_BoneName":{"type":"ZString","value":"LThighTwist1"},"m_linkedEntity":{"type":"SEntityTemplateReference","value":null},"m_mTransform":{"type":"SMatrix43","value":{"rotation":{"x":0,"y":0,"z":0},"position":{"x":0.05449200049042702,"y":0.016682999208569527,"z":0.012148999609053135}}},"m_bCollisionGroup0":{"type":"bool","value":true},"m_eidParent":{"type":"SEntityTemplateReference","value":"e60029b5c8a77421","postInit":true}}},"875175b633273ce4":{"parent":"e60029b5c8a77421","name":"C_Spine2_R","factory":"[assembly:/templates/aspectdummy.aspect]([modules:/zclothsphere.class].entitytype,[modules:/zboneattachaspect.class].entitytype).pc_entitytype","blueprint":"[assembly:/templates/aspectdummy.aspect]([modules:/zclothsphere.class].entitytype,[modules:/zboneattachaspect.class].entitytype).pc_entityblueprint","properties":{"m_BoneName":{"type":"ZString","value":"Spine2"},"m_linkedEntity":{"type":"SEntityTemplateReference","value":null},"m_fRadius":{"type":"float32","value":0.15000000596046448},"m_mTransform":{"type":"SMatrix43","value":{"rotation":{"x":0.6075190242261482,"y":0.04131026166972855,"z":7.77816857904588},"position":{"x":-0.034866999834775925,"y":0.024687999859452248,"z":-0.04030299931764603}}},"m_bEnabled":{"type":"bool","value":true},"m_eidParent":{"type":"SEntityTemplateReference","value":"e60029b5c8a77421","postInit":true}}},"a8c28d3b203b33d1":{"parent":"68a298a7ee5e47db","name":"buttons_03_shirt","factory":"006EED5A4798823F","blueprint":"00796E545D4B73CE","properties":{"1565884279":{"type":"IRenderMaterialEntity.EModifierOperation","value":"eReplace"},"3516673141":{"type":"IRenderMaterialEntity.EModifierOperation","value":"eReplace"},"ConstantVector1D_01_Value_op":{"type":"IRenderMaterialEntity.EModifierOperation","value":"eReplace"},"ConstantVector1D_01_Value":{"type":"float32","value":0.5},"Diffuse_Saturation_01_Value":{"type":"float32","value":0},"Active":{"type":"bool","value":true},"Diffuse_Color_01_Value":{"type":"SColorRGB","value":"#424242"},"Clients":{"type":"TArray<SEntityTemplateReference>","value":["68a298a7ee5e47db"],"postInit":true},"m_eidParent":{"type":"SEntityTemplateReference","value":"68a298a7ee5e47db","postInit":true}}},"e4af238aff8deecc":{"parent":"e60029b5c8a77421","name":"C_UpperArm_R","factory":"[assembly:/templates/aspectdummy.aspect]([modules:/zclothsphere.class].entitytype,[modules:/zboneattachaspect.class].entitytype).pc_entitytype","blueprint":"[assembly:/templates/aspectdummy.aspect]([modules:/zclothsphere.class].entitytype,[modules:/zboneattachaspect.class].entitytype).pc_entityblueprint","properties":{"m_BoneName":{"type":"ZString","value":"R_UpperArm"},"m_linkedEntity":{"type":"SEntityTemplateReference","value":null},"m_fRadius":{"type":"float32","value":0.07999999821186066},"m_mTransform":{"type":"SMatrix43","value":{"rotation":{"x":0,"y":0,"z":0},"position":{"x":0,"y":0,"z":0}}},"m_bEnabled":{"type":"bool","value":true},"m_eidParent":{"type":"SEntityTemplateReference","value":"e60029b5c8a77421","postInit":true}}},"8d746a865f0d05c5":{"parent":"e60029b5c8a77421","name":"C_TighMid_R","factory":"[assembly:/templates/aspectdummy.aspect]([modules:/zclothsphere.class].entitytype,[modules:/zboneattachaspect.class].entitytype).pc_entitytype","blueprint":"[assembly:/templates/aspectdummy.aspect]([modules:/zclothsphere.class].entitytype,[modules:/zboneattachaspect.class].entitytype).pc_entityblueprint","properties":{"m_fRadius":{"type":"float32","value":0.11500000208616257},"m_BoneName":{"type":"ZString","value":"RThighTwist1"},"m_linkedEntity":{"type":"SEntityTemplateReference","value":null},"m_mTransform":{"type":"SMatrix43","value":{"rotation":{"x":0.013980169653958504,"y":0,"z":0},"position":{"x":0.054016001522541046,"y":0.009703000076115131,"z":-0.01396500039845705}}},"m_eidParent":{"type":"SEntityTemplateReference","value":"e60029b5c8a77421","postInit":true}}},"3ce8e96e657cab36":{"parent":"e60029b5c8a77421","name":"CChain_Spine_R","factory":"[modules:/zclothspherechain.class].pc_entitytype","blueprint":"[modules:/zclothspherechain.class].pc_entityblueprint","properties":{"m_mTransform":{"type":"SMatrix43","value":{"rotation":{"x":0,"y":0,"z":0},"position":{"x":-0.0000001290655973207322,"y":0.000000002171457902377938,"z":0}}},"m_Spheres":{"type":"TArray<SEntityTemplateReference>","value":["8180386c1bdb0227","b10c4d6104c183e4","875175b633273ce4"],"postInit":true},"m_eidParent":{"type":"SEntityTemplateReference","value":"e60029b5c8a77421","postInit":true}}},"a9d457100fd6f974":{"parent":"e60029b5c8a77421","name":"C_Clavicle_R","factory":"[assembly:/templates/aspectdummy.aspect]([modules:/zclothsphere.class].entitytype,[modules:/zboneattachaspect.class].entitytype).pc_entitytype","blueprint":"[assembly:/templates/aspectdummy.aspect]([modules:/zclothsphere.class].entitytype,[modules:/zboneattachaspect.class].entitytype).pc_entityblueprint","properties":{"m_BoneName":{"type":"ZString","value":"R_Clavicle"},"m_linkedEntity":{"type":"SEntityTemplateReference","value":null},"m_fRadius":{"type":"float32","value":0.08500000089406967},"m_mTransform":{"type":"SMatrix43","value":{"rotation":{"x":0,"y":0,"z":0},"position":{"x":0,"y":0,"z":0}}},"m_bEnabled":{"type":"bool","value":true},"m_eidParent":{"type":"SEntityTemplateReference","value":"e60029b5c8a77421","postInit":true}}},"82cbd14b1ae987ce":{"parent":"e60029b5c8a77421","name":"C_TighTop_L","factory":"[assembly:/templates/aspectdummy.aspect]([modules:/zclothsphere.class].entitytype,[modules:/zboneattachaspect.class].entitytype).pc_entitytype","blueprint":"[assembly:/templates/aspectdummy.aspect]([modules:/zclothsphere.class].entitytype,[modules:/zboneattachaspect.class].entitytype).pc_entityblueprint","properties":{"m_fRadius":{"type":"float32","value":0.13099999725818634},"m_BoneName":{"type":"ZString","value":"LThighTwist"},"m_linkedEntity":{"type":"SEntityTemplateReference","value":null},"m_mTransform":{"type":"SMatrix43","value":{"rotation":{"x":0,"y":0.019767044762768395,"z":0},"position":{"x":0.0006779999821446836,"y":0.008342999964952469,"z":0.035888999700546265}}},"m_eidParent":{"type":"SEntityTemplateReference","value":"e60029b5c8a77421","postInit":true}}},"9030a6517e721a2c":{"parent":"e60029b5c8a77421","name":"C_Palm_R","factory":"[assembly:/templates/aspectdummy.aspect]([modules:/zclothsphere.class].entitytype,[modules:/zboneattachaspect.class].entitytype).pc_entitytype","blueprint":"[assembly:/templates/aspectdummy.aspect]([modules:/zclothsphere.class].entitytype,[modules:/zboneattachaspect.class].entitytype).pc_entityblueprint","properties":{"m_BoneName":{"type":"ZString","value":"R_Hand"},"m_linkedEntity":{"type":"SEntityTemplateReference","value":null},"m_fRadius":{"type":"float32","value":0.07000000029802322},"m_mTransform":{"type":"SMatrix43","value":{"rotation":{"x":0,"y":0,"z":0},"position":{"x":0.10000000149011612,"y":0,"z":0}}},"m_bEnabled":{"type":"bool","value":true},"m_eidParent":{"type":"SEntityTemplateReference","value":"e60029b5c8a77421","postInit":true}}},"b68f87419702be02":{"parent":"68a298a7ee5e47db","name":"male_reg_philip_01_tie_01","factory":"[assembly:/_pro/characters/assets/individuals/paris/philip/materials/male_reg_philip_01_tie_01.mi].pc_entitytype","blueprint":"[assembly:/_pro/characters/assets/individuals/paris/philip/materials/male_reg_philip_01_tie_01.mi].pc_entityblueprint","properties":{"594659090":{"type":"bool","value":true},"1737952988":{"type":"IRenderMaterialEntity.EModifierOperation","value":"eReplace"},"1787395739":{"type":"IRenderMaterialEntity.EModifierOperation","value":"eReplace"},"2287298018":{"type":"IRenderMaterialEntity.EModifierOperation","value":"eReplace"},"2359342559":{"type":"IRenderMaterialEntity.EModifierOperation","value":"eReplace"},"2456388972":{"type":"IRenderMaterialEntity.EModifierOperation","value":"eReplace"},"Texture2D_03_enab":{"type":"bool","value":true},"Texture2D_03":{"type":"ZRuntimeResourceID","value":{"resource":"[assembly:/_pro/characters/assets/individuals/paris/philip/textures/male_reg_philip_01_tie_01.texture?/specular_f.tex](ascolormap).pc_tex","flag":"5F"}},"Texture2D_01_enab":{"type":"bool","value":true},"Texture2D_01":{"type":"ZRuntimeResourceID","value":{"resource":"[assembly:/_pro/characters/assets/individuals/paris/philip/textures/male_reg_philip_01_tie_01.texture?/diffuse_g.tex](ascolormap).pc_tex","flag":"5F"}},"ConstantColorRGB_05_Value_op":{"type":"IRenderMaterialEntity.EModifierOperation","value":"eReplace"},"ConstantColorRGB_05_Value":{"type":"SColorRGB","value":"#696868"},"ConstantVector1D_04_Value":{"type":"float32","value":-0.46000000834465027},"ConstantVector1D_05_Value":{"type":"float32","value":1},"ConstantVector1D_09_Value_op":{"type":"IRenderMaterialEntity.EModifierOperation","value":"eReplace"},"ConstantVector1D_09_Value":{"type":"float32","value":0.10000000149011612},"ConstantVector1D_03_Value":{"type":"float32","value":8},"Texture2DCompoundNormal_01":{"type":"ZRuntimeResourceID","value":{"resource":"[assembly:/_pro/environment/textures/constants/directional_a.texture?/normal_a.tex](ascompoundnormal).pc_tex","flag":"5F"}},"ConstantVector1D_07_Value_op":{"type":"IRenderMaterialEntity.EModifierOperation","value":"eReplace"},"ConstantVector1D_07_Value":{"type":"float32","value":0},"ConstantVector1D_08_Value":{"type":"float32","value":0.25},"ConstantColorRGB_02_Value_op":{"type":"IRenderMaterialEntity.EModifierOperation","value":"eReplace"},"ConstantColorRGB_02_Value":{"type":"SColorRGB","value":"#e0e0e0"},"ConstantVector1D_01_Value_op":{"type":"IRenderMaterialEntity.EModifierOperation","value":"eReplace"},"ConstantVector1D_01_Value":{"type":"float32","value":0.5},"Texture2DNormal_01_enab":{"type":"bool","value":true},"Texture2DNormal_01":{"type":"ZRuntimeResourceID","value":{"resource":"[assembly:/_pro/characters/assets/individuals/paris/philip/textures/male_reg_philip_01_tie_01.texture?/normal_a.tex](asnormalmap).pc_tex","flag":"5F"}},"Clients":{"type":"TArray<SEntityTemplateReference>","value":["68a298a7ee5e47db"],"postInit":true},"m_eidParent":{"type":"SEntityTemplateReference","value":"68a298a7ee5e47db","postInit":true}}},"c471b08aa470bf5f":{"parent":"e60029b5c8a77421","name":"C_Hand_L","factory":"[assembly:/templates/aspectdummy.aspect]([modules:/zclothsphere.class].entitytype,[modules:/zboneattachaspect.class].entitytype).pc_entitytype","blueprint":"[assembly:/templates/aspectdummy.aspect]([modules:/zclothsphere.class].entitytype,[modules:/zboneattachaspect.class].entitytype).pc_entityblueprint","properties":{"m_BoneName":{"type":"ZString","value":"L_Hand"},"m_linkedEntity":{"type":"SEntityTemplateReference","value":null},"m_fRadius":{"type":"float32","value":0.07000000029802322},"m_mTransform":{"type":"SMatrix43","value":{"rotation":{"x":0,"y":0,"z":0},"position":{"x":0,"y":0,"z":0}}},"m_bEnabled":{"type":"bool","value":true},"m_eidParent":{"type":"SEntityTemplateReference","value":"e60029b5c8a77421","postInit":true}}},"6f99b39d9e810ff4":{"parent":"e60029b5c8a77421","name":"C_Knee_L","factory":"[assembly:/templates/aspectdummy.aspect]([modules:/zclothsphere.class].entitytype,[modules:/zboneattachaspect.class].entitytype).pc_entitytype","blueprint":"[assembly:/templates/aspectdummy.aspect]([modules:/zclothsphere.class].entitytype,[modules:/zboneattachaspect.class].entitytype).pc_entityblueprint","properties":{"m_fRadius":{"type":"float32","value":0.10000000149011612},"m_BoneName":{"type":"ZString","value":"LThighTwist2"},"m_linkedEntity":{"type":"SEntityTemplateReference","value":null},"m_mTransform":{"type":"SMatrix43","value":{"rotation":{"x":0,"y":0.019767044762768395,"z":0},"position":{"x":0.12600800395011902,"y":-0.011082000099122524,"z":-0.008000999689102173}}},"m_eidParent":{"type":"SEntityTemplateReference","value":"e60029b5c8a77421","postInit":true}}},"62969a2c88971a88":{"parent":"68a298a7ee5e47db","name":"buttons_01","factory":"009DD47904081802","blueprint":"00BD68A17772D199","properties":{"3516673141":{"type":"IRenderMaterialEntity.EModifierOperation","value":"eReplace"},"ConstantVector1D_01_Value_op":{"type":"IRenderMaterialEntity.EModifierOperation","value":"eReplace"},"ConstantVector1D_01_Value":{"type":"float32","value":0.5},"Diffuse_Color_01_Value":{"type":"SColorRGB","value":"#cfcfcf"},"Clients":{"type":"TArray<SEntityTemplateReference>","value":["68a298a7ee5e47db"],"postInit":true},"m_eidParent":{"type":"SEntityTemplateReference","value":"68a298a7ee5e47db","postInit":true}}},"3bf23a718898e881":{"parent":"e60029b5c8a77421","name":"C_UpperArm_L","factory":"[assembly:/templates/aspectdummy.aspect]([modules:/zclothsphere.class].entitytype,[modules:/zboneattachaspect.class].entitytype).pc_entitytype","blueprint":"[assembly:/templates/aspectdummy.aspect]([modules:/zclothsphere.class].entitytype,[modules:/zboneattachaspect.class].entitytype).pc_entityblueprint","properties":{"m_BoneName":{"type":"ZString","value":"L_UpperArm"},"m_linkedEntity":{"type":"SEntityTemplateReference","value":null},"m_fRadius":{"type":"float32","value":0.07999999821186066},"m_mTransform":{"type":"SMatrix43","value":{"rotation":{"x":0,"y":0,"z":0},"position":{"x":0,"y":0,"z":0}}},"m_bEnabled":{"type":"bool","value":true},"m_eidParent":{"type":"SEntityTemplateReference","value":"e60029b5c8a77421","postInit":true}}},"6fe34fc1f548675e":{"parent":"cae39653e2a6fb27","name":"ChildNetwork","factory":"[modules:/zchildnetworkentity.class].pc_entitytype","blueprint":"[modules:/zchildnetworkentity.class].pc_entityblueprint","properties":{"m_RuntimeNetworkResourceID":{"type":"ZRuntimeResourceID","value":{"resource":"[assembly:/animationnetworks/hitman01/idles/suitidle.aln].pc_rtn","flag":"9F"}}}},"a71819436df7339":{"parent":"68a298a7ee5e47db","name":"male_reg_dress_shirt_buttoned_up_01","factory":"00D3DD963A6AF70D","blueprint":"0076BDBA804A2941","properties":{"1239136802":{"type":"IRenderMaterialEntity.EModifierOperation","value":"eReplace"},"1294887455":{"type":"IRenderMaterialEntity.EModifierOperation","value":"eReplace"},"1565884279":{"type":"IRenderMaterialEntity.EModifierOperation","value":"eReplace"},"2359342559":{"type":"IRenderMaterialEntity.EModifierOperation","value":"eReplace"},"2869403995":{"type":"IRenderMaterialEntity.EModifierOperation","value":"eReplace"},"3516673141":{"type":"IRenderMaterialEntity.EModifierOperation","value":"eReplace"},"ConstantVector1D_01_Value_op":{"type":"IRenderMaterialEntity.EModifierOperation","value":"eReplace"},"ConstantVector1D_01_Value":{"type":"float32","value":0.5},"Texture2D_01_enab":{"type":"bool","value":true},"Texture2D_01":{"type":"ZRuntimeResourceID","value":{"resource":"006F835120511247","flag":"5F"}},"Texture2D_03_enab":{"type":"bool","value":true},"Texture2D_03":{"type":"ZRuntimeResourceID","value":{"resource":"00687720CED935A7","flag":"5F"}},"ConstantVector1D_13_Value":{"type":"float32","value":0},"ConstantVector1D_16_Value":{"type":"float32","value":0},"Diffuse_Saturation_01_Value":{"type":"float32","value":0.20000000298023224},"ConstantVector1D_14_Value":{"type":"float32","value":0.10999999940395355},"Diffuse_Color_01_Value":{"type":"SColorRGB","value":"#4f4f4f"},"Clients":{"type":"TArray<SEntityTemplateReference>","value":["68a298a7ee5e47db"],"postInit":true},"m_eidParent":{"type":"SEntityTemplateReference","value":"68a298a7ee5e47db","postInit":true}}},"b10c4d6104c183e4":{"parent":"e60029b5c8a77421","name":"C_Spine1_R","factory":"[assembly:/templates/aspectdummy.aspect]([modules:/zclothsphere.class].entitytype,[modules:/zboneattachaspect.class].entitytype).pc_entitytype","blueprint":"[assembly:/templates/aspectdummy.aspect]([modules:/zclothsphere.class].entitytype,[modules:/zboneattachaspect.class].entitytype).pc_entityblueprint","properties":{"m_BoneName":{"type":"ZString","value":"Spine1"},"m_linkedEntity":{"type":"SEntityTemplateReference","value":null},"m_fRadius":{"type":"float32","value":0.12700000405311584},"m_mTransform":{"type":"SMatrix43","value":{"rotation":{"x":0,"y":0,"z":0},"position":{"x":-0.030838999897241592,"y":0.02711400017142296,"z":-0.04226800054311752}}},"m_bEnabled":{"type":"bool","value":true},"m_eidParent":{"type":"SEntityTemplateReference","value":"e60029b5c8a77421","postInit":true}}},"ffe80494c48faa85":{"parent":"cae39653e2a6fb27","name":"Hands","factory":"009A6D9F7927FB89","blueprint":"00F49463DEA8D412"},"f4a8947a243c8621":{"parent":"e60029b5c8a77421","name":"CChain_Legs","factory":"[modules:/zclothspherechain.class].pc_entitytype","blueprint":"[modules:/zclothspherechain.class].pc_entityblueprint","properties":{"m_Spheres":{"type":"TArray<SEntityTemplateReference>","value":["434fcb67068c9887","8d746a865f0d05c5","943e021bf9f99c7f","8f0acdbde78cd9a6","87aa7f84cc55b7a2","82cbd14b1ae987ce","31ea5e148de94233","6f99b39d9e810ff4"]},"m_mTransform":{"type":"SMatrix43","value":{"rotation":{"x":0,"y":0,"z":0},"position":{"x":-0.0000001290655973207322,"y":0.000000002171457902377938,"z":0}}},"m_bCollisionGroup0":{"type":"bool","value":true},"m_bEnabled":{"type":"bool","value":true},"m_eidParent":{"type":"SEntityTemplateReference","value":"e60029b5c8a77421","postInit":true}}},"cae39653e2a6fb27":{"parent":null,"name":"OUTFIT_Agent47_Global_Hero_BlackSpecialSuit_HeroA_v0","factory":"[assembly:/templates/aspectdummy.aspect]([modules:/zlinkedproxyentity.class].entitytype,[modules:/zclothcharacterentity.class].entitytype,[modules:/zheroidlenetworkaspect.class].entitytype).pc_entitytype","blueprint":"[assembly:/templates/aspectdummy.aspect]([modules:/zlinkedproxyentity.class].entitytype,[modules:/zclothcharacterentity.class].entitytype,[modules:/zheroidlenetworkaspect.class].entitytype).pc_entityblueprint","properties":{"m_ResourceID":{"type":"ZRuntimeResourceID","value":null},"m_fLODScale":{"type":"float32","value":1},"m_mTransform":{"type":"SMatrix43","value":{"rotation":{"x":0,"y":0,"z":0},"position":{"x":32.55485916137695,"y":37.63077926635742,"z":0}}},"m_pBonesAndCollisionResource":{"type":"ZRuntimeResourceID","value":{"resource":"0017416135CF879C","flag":"5F"}},"m_bUsePerVertexStiffness":{"type":"bool","value":true},"m_LocalColliders":{"type":"TArray<SEntityTemplateReference>","value":[]},"m_bGlobalCollidersEnabled":{"type":"bool","value":false},"m_fDamping":{"type":"float32","value":1},"m_fBendStiffness":{"type":"float32","value":1},"m_bUsePerVertexDamping":{"type":"bool","value":true},"m_fShearStiffness":{"type":"float32","value":1},"m_bUseSkinningPosNormalConstrains":{"type":"bool","value":true},"m_bUseSkinningNegNormalConstrains":{"type":"bool","value":true},"m_nIterations":{"type":"uint32","value":2},"m_fFrequency":{"type":"float32","value":90},"m_vTranslationScale":{"type":"SVector3","value":{"x":0.10000000149011612,"y":0.10000000149011612,"z":0.10000000149011612}},"m_vGravity":{"type":"SVector3","value":{"x":0,"y":0,"z":-13}},"m_fLODOffset":{"type":"float32","value":100},"m_fDragConstant":{"type":"float32","value":1},"m_eStretchConstrainType":{"type":"EClothStretchConstrainType","value":"eClothBendConstrainType_LRA"},"m_fAngularVelocityThreshold":{"type":"float32","value":60},"m_eRootBone":{"type":"BoneId.Enum","value":"PELVIS"},"m_bEnableAngularVelocityScale":{"type":"bool","value":true},"m_eBendConstrainType":{"type":"EClothBendConstrainType","value":"eClothBendConstrainType_Triangle"},"m_pIdleAnimNetworkEntity":{"type":"SEntityTemplateReference","value":"6fe34fc1f548675e"},"m_bRandomStartState":{"type":"bool","value":true},"m_fWindConstant":{"type":"float32","value":0.10000000149011612},"m_aBodyParts":{"type":"TArray<SEntityTemplateReference>","value":["58a2ee5c65a491cc","1ec2cc815132c333","8cd4654405e5cf2f","ffe80494c48faa85","68a298a7ee5e47db","43f62ef1f040e2ba"],"postInit":true}}},"f6190b0851a12d94":{"parent":"e60029b5c8a77421","name":"ColliderGroup","factory":"[modules:/zclothcollidergroup.class].pc_entitytype","blueprint":"[modules:/zclothcollidergroup.class].pc_entityblueprint","properties":{"m_ClothColliders":{"type":"TArray<SEntityTemplateReference>","value":["f4a8947a243c8621","3ce8e96e657cab36","f43b7f5c4c87ab5e","d962a4bad6ae15ab"]},"m_eidParent":{"type":"SEntityTemplateReference","value":"e60029b5c8a77421","postInit":true}}},"8180386c1bdb0227":{"parent":"e60029b5c8a77421","name":"C_Spine_R","factory":"[assembly:/templates/aspectdummy.aspect]([modules:/zclothsphere.class].entitytype,[modules:/zboneattachaspect.class].entitytype).pc_entitytype","blueprint":"[assembly:/templates/aspectdummy.aspect]([modules:/zclothsphere.class].entitytype,[modules:/zboneattachaspect.class].entitytype).pc_entityblueprint","properties":{"m_BoneName":{"type":"ZString","value":"Spine"},"m_linkedEntity":{"type":"SEntityTemplateReference","value":null},"m_fRadius":{"type":"float32","value":0.12999999523162842},"m_mTransform":{"type":"SMatrix43","value":{"rotation":{"x":-0.059301168690513356,"y":0.04847223415068046,"z":-0.06250973638926276},"position":{"x":-0.0000019999999949504854,"y":0.030573999509215355,"z":-0.050732001662254333}}},"m_bEnabled":{"type":"bool","value":true},"m_bCollisionGroup0":{"type":"bool","value":true},"m_eidParent":{"type":"SEntityTemplateReference","value":"e60029b5c8a77421","postInit":true}}},"2590efaecb0e8b0b":{"parent":"68a298a7ee5e47db","name":"male_reg_dress_shirt_long_sleeve_01","factory":"008F3CBB410A44C6","blueprint":"00789AC05E51C0A9","properties":{"1239136802":{"type":"IRenderMaterialEntity.EModifierOperation","value":"eReplace"},"2359342559":{"type":"IRenderMaterialEntity.EModifierOperation","value":"eReplace"},"3516673141":{"type":"IRenderMaterialEntity.EModifierOperation","value":"eReplace"},"m_mTransform":{"type":"SMatrix43","value":{"rotation":{"x":0,"y":0,"z":0},"position":{"x":0,"y":0,"z":0}}},"ConstantVector1D_01_Value_op":{"type":"IRenderMaterialEntity.EModifierOperation","value":"eReplace"},"Texture2D_01_enab":{"type":"bool","value":true},"Diffuse_Color_01_Value":{"type":"SColorRGB","value":"#4f4f4f"},"ConstantVector1D_01_Value":{"type":"float32","value":0.5},"Clients":{"type":"TArray<SEntityTemplateReference>","value":["68a298a7ee5e47db"],"postInit":true},"m_eidParent":{"type":"SEntityTemplateReference","value":"68a298a7ee5e47db","postInit":true}}},"68a298a7ee5e47db":{"parent":"cae39653e2a6fb27","name":"Agent47_S2_Suit","factory":"[modules:/zcompositeentity.class].pc_entitytype","blueprint":"[modules:/zcompositeentity.class].pc_entityblueprint","properties":{"ConstantVector1D_04_Value":{"type":"float32","value":-0.46000000834465027},"ConstantColorRGB_05_Value":{"type":"SColorRGB","value":"#696868"},"ConstantColorRGB_02_Value":{"type":"SColorRGB","value":"#e0e0e0"},"ConstantVector1D_03_Value":{"type":"float32","value":8},"ConstantVector1D_01_Value_4":{"type":"float32","value":0.5},"ConstantVector1D_01_Value_2":{"type":"float32","value":0.5},"ConstantVector1D_01_Value":{"type":"float32","value":0.5},"ConstantVector1D_01_Value_3":{"type":"float32","value":0.5},"Diffuse_Color_01_Value_1":{"type":"SColorRGB","value":"#4f4f4f"},"Diffuse_Color_01_Value_2":{"type":"SColorRGB","value":"#4f4f4f"},"m_eidParent":{"type":"SEntityTemplateReference","value":"cae39653e2a6fb27"}},"inputCopying":{"JacketSleave_RoughnessMin":{"ConstantVector1D_14_Value":["2590efaecb0e8b0b"]},"JacketSleave_NormalBump":{"ConstantVector1D_06_Value":["2590efaecb0e8b0b"]},"JacketSleave_DiffuseAlbedo":{"ConstantVector1D_01_Value":["2590efaecb0e8b0b"]},"Shirt_RoughnessMin":{"ConstantVector1D_14_Value":["a71819436df7339"]},"Shirt_NormalBump":{"ConstantVector1D_06_Value":["a71819436df7339"]},"Shirt_DiffuseAlbedo":{"ConstantVector1D_01_Value":["a71819436df7339"]},"TieRoughnessMin":{"ConstantVector1D_04_Value":["b68f87419702be02"]}},"propertyAliases":{"ConstantVector1D_04_Value":[{"originalProperty":"ConstantVector1D_04_Value","originalEntity":"b68f87419702be02"}],"ConstantColorRGB_05_Value":[{"originalProperty":"ConstantColorRGB_05_Value","originalEntity":"b68f87419702be02"}],"ConstantColorRGB_02_Value":[{"originalProperty":"ConstantColorRGB_02_Value","originalEntity":"b68f87419702be02"}],"ConstantVector1D_01_Value":[{"originalProperty":"ConstantVector1D_01_Value","originalEntity":"b68f87419702be02"}],"ConstantVector1D_03_Value":[{"originalProperty":"ConstantVector1D_03_Value","originalEntity":"b68f87419702be02"}],"Texture2D_03":[{"originalProperty":"Texture2D_03","originalEntity":"b68f87419702be02"}],"Texture2DNormal_01":[{"originalProperty":"Texture2DNormal_01","originalEntity":"b68f87419702be02"}],"ConstantVector1D_01_Value_2":[{"originalProperty":"ConstantVector1D_01_Value","originalEntity":"62969a2c88971a88"}],"ConstantVector1D_01_Value_3":[{"originalProperty":"ConstantVector1D_01_Value","originalEntity":"a71819436df7339"}],"Diffuse_Color_01_Value_1":[{"originalProperty":"Diffuse_Color_01_Value","originalEntity":"a71819436df7339"}],"Diffuse_Color_01_Value_2":[{"originalProperty":"Diffuse_Color_01_Value","originalEntity":"2590efaecb0e8b0b"}],"ConstantVector1D_01_Value_4":[{"originalProperty":"ConstantVector1D_01_Value","originalEntity":"2590efaecb0e8b0b"}]},"exposedInterfaces":{"ZClothColliderGroupAspect":"f58f1fa56ad13bb2","ZBodyPartEntity":"f58f1fa56ad13bb2"}},"8cd4654405e5cf2f":{"parent":"cae39653e2a6fb27","name":"Mesh_Pants","factory":"[modules:/zbodypartentity.class].pc_entitytype","blueprint":"[modules:/zbodypartentity.class].pc_entityblueprint","properties":{"m_pMeshResource":{"type":"ZRuntimeResourceID","value":{"resource":"00E2D159F9700B40","flag":"5F"}}},"inputCopying":{"ConstantVector1D_04_Value":{"ConstantVector1D_04_Value":["97ba4c3431514d2d"]},"ConstantVector1D_06_Value":{"ConstantVector1D_06_Value":["97ba4c3431514d2d"]},"ConstantVector1D_01_Value":{"ConstantVector1D_01_Value":["97ba4c3431514d2d"]}}},"d0fd413a8386a11d":{"parent":"e60029b5c8a77421","name":"C_Spine1_L","factory":"[assembly:/templates/aspectdummy.aspect]([modules:/zclothsphere.class].entitytype,[modules:/zboneattachaspect.class].entitytype).pc_entitytype","blueprint":"[assembly:/templates/aspectdummy.aspect]([modules:/zclothsphere.class].entitytype,[modules:/zboneattachaspect.class].entitytype).pc_entityblueprint","properties":{"m_BoneName":{"type":"ZString","value":"Spine1"},"m_linkedEntity":{"type":"SEntityTemplateReference","value":null},"m_fRadius":{"type":"float32","value":0.12700000405311584},"m_mTransform":{"type":"SMatrix43","value":{"rotation":{"x":0,"y":0,"z":0},"position":{"x":-0.0316540002822876,"y":0.035999998450279236,"z":0.0381769984960556}}},"m_bEnabled":{"type":"bool","value":true},"m_eidParent":{"type":"SEntityTemplateReference","value":"e60029b5c8a77421","postInit":true}}},"538dc5d3698e9fb":{"parent":"e60029b5c8a77421","name":"C_Spine2_L","factory":"[assembly:/templates/aspectdummy.aspect]([modules:/zclothsphere.class].entitytype,[modules:/zboneattachaspect.class].entitytype).pc_entitytype","blueprint":"[assembly:/templates/aspectdummy.aspect]([modules:/zclothsphere.class].entitytype,[modules:/zboneattachaspect.class].entitytype).pc_entityblueprint","properties":{"m_BoneName":{"type":"ZString","value":"Spine2"},"m_linkedEntity":{"type":"SEntityTemplateReference","value":null},"m_fRadius":{"type":"float32","value":0.15000000596046448},"m_mTransform":{"type":"SMatrix43","value":{"rotation":{"x":0.7218317539587317,"y":0.04915978565467649,"z":7.7893839530248785},"position":{"x":-0.0348690003156662,"y":0.02468400076031685,"z":0.040442001074552536}}},"m_bEnabled":{"type":"bool","value":true},"m_eidParent":{"type":"SEntityTemplateReference","value":"e60029b5c8a77421","postInit":true}}},"e60029b5c8a77421":{"parent":"68a298a7ee5e47db","name":"Agent47_S2_Suit_Collider","factory":"[modules:/zcompositeentity.class].pc_entitytype","blueprint":"[modules:/zcompositeentity.class].pc_entityblueprint","properties":{"m_mTransform":{"type":"SMatrix43","value":{"rotation":{"x":0,"y":0,"z":0},"position":{"x":0,"y":0,"z":0}}},"m_linkedEntity":{"type":"SEntityTemplateReference","value":null},"m_eidParent":{"type":"SEntityTemplateReference","value":"68a298a7ee5e47db"}},"propertyAliases":{"m_linkedEntity":[{"originalProperty":"m_linkedEntity","originalEntity":"6f99b39d9e810ff4"},{"originalProperty":"m_linkedEntity","originalEntity":"434fcb67068c9887"},{"originalProperty":"m_linkedEntity","originalEntity":"31ea5e148de94233"},{"originalProperty":"m_linkedEntity","originalEntity":"8d746a865f0d05c5"},{"originalProperty":"m_linkedEntity","originalEntity":"943e021bf9f99c7f"},{"originalProperty":"m_linkedEntity","originalEntity":"82cbd14b1ae987ce"},{"originalProperty":"m_linkedEntity","originalEntity":"87aa7f84cc55b7a2"},{"originalProperty":"m_linkedEntity","originalEntity":"875175b633273ce4"},{"originalProperty":"m_linkedEntity","originalEntity":"b10c4d6104c183e4"},{"originalProperty":"m_linkedEntity","originalEntity":"8180386c1bdb0227"},{"originalProperty":"m_linkedEntity","originalEntity":"1eadcbbe2f295e87"},{"originalProperty":"m_linkedEntity","originalEntity":"d0fd413a8386a11d"},{"originalProperty":"m_linkedEntity","originalEntity":"538dc5d3698e9fb"},{"originalProperty":"m_linkedEntity","originalEntity":"23dadf09f63edd77"},{"originalProperty":"m_linkedEntity","originalEntity":"b8b729a32272f0e2"},{"originalProperty":"m_linkedEntity","originalEntity":"a9d457100fd6f974"},{"originalProperty":"m_linkedEntity","originalEntity":"f254e1f8e3c00f6c"},{"originalProperty":"m_linkedEntity","originalEntity":"e4af238aff8deecc"},{"originalProperty":"m_linkedEntity","originalEntity":"3bf23a718898e881"},{"originalProperty":"m_linkedEntity","originalEntity":"597d681ed3b51c2d"},{"originalProperty":"m_linkedEntity","originalEntity":"c03424e1839c4ff6"},{"originalProperty":"m_linkedEntity","originalEntity":"f8f41e81beb577b1"},{"originalProperty":"m_linkedEntity","originalEntity":"c471b08aa470bf5f"},{"originalProperty":"m_linkedEntity","originalEntity":"53ae0f1bae46cb64"},{"originalProperty":"m_linkedEntity","originalEntity":"9030a6517e721a2c"}]},"exposedInterfaces":{"ZClothCollider":"f6190b0851a12d94","ZClothColliderGroup":"f6190b0851a12d94"}}},"propertyOverrides":[],"overrideDeletes":[],"pinConnectionOverrides":[],"pinConnectionOverrideDeletes":[],"externalScenes":[],"subType":"template","quickEntityVersion":3.1,"extraFactoryDependencies":[],"extraBlueprintDependencies":[],"comments":[]}