{"tempHash":"00464BEA21FDB5A8","tbluHash":"00F9428E99F82431","rootEntity":"3a410a31037bec5a","entities":{"f7680860f8469d67":{"parent":"3a410a31037bec5a","name":"Feet","factory":"00E1AF913D40CF42","blueprint":"003BE20739D6D5EF"},"8522d255694771aa":{"parent":"3a410a31037bec5a","name":"Head_47","factory":"00537D16B5CE7286","blueprint":"00F2E4A932ECAA63"},"a7cbd4a980a22e76":{"parent":"3a410a31037bec5a","name":"FX_Hitman_Wet_Logic_Character","factory":"0067CFB703A80787","blueprint":"00AA88C960CD2080","properties":{"HeadMaterialToOverride":{"type":"ZRuntimeResourceID","value":{"resource":"009F7978C601815A","flag":"5F"}},"HeadMaterialOverride":{"type":"TArray<SEntityTemplateReference>","value":["3a410a31037bec5a"],"postInit":true}},"events":{"HitmanWetness":{"T":["c20f7ecaba3dd859"]}}},"7e039e2d6c78b55d":{"parent":"3a410a31037bec5a","name":"UpperBody","factory":"00E1AF913D40CF42","blueprint":"003BE20739D6D5EF","properties":{"m_pMeshResource":{"type":"ZRuntimeResourceID","value":{"resource":"008EF4059E295DB5","flag":"5F"}}}},"686e7b579fd11446":{"parent":"917b7ce33805b877","name":"male_reg_suit_pants_01","factory":"0074A1B094FC4120","blueprint":"0007754D66EDCF32","properties":{"m_mTransform":{"type":"SMatrix43","value":{"rotation":{"x":0,"y":0,"z":0},"position":{"x":9.988899230957031,"y":-8.244298934936523,"z":0}}},"ConstantVector1D_01_Value_op":{"type":"IRenderMaterialEntity.EModifierOperation","value":"eReplace"},"ConstantVector1D_01_Value":{"type":"float32","value":0.5},"Active":{"type":"bool","value":true},"ConstantVector1D_16_Value_op":{"type":"IRenderMaterialEntity.EModifierOperation","value":"eReplace"},"ConstantVector1D_16_Value":{"type":"float32","value":0},"ConstantVector1D_03_Value_op":{"type":"IRenderMaterialEntity.EModifierOperation","value":"eReplace"},"ConstantVector1D_03_Value":{"type":"float32","value":1.2000000476837158},"ConstantVector1D_14_Value_op":{"type":"IRenderMaterialEntity.EModifierOperation","value":"eReplace"},"ConstantVector1D_14_Value":{"type":"float32","value":0.03999999910593033},"Texture2D_01_enab":{"type":"bool","value":true},"Texture2D_01":{"type":"ZRuntimeResourceID","value":{"resource":"00AF802D36A4241A","flag":"5F"}},"Diffuse_Color_01_Value_op":{"type":"IRenderMaterialEntity.EModifierOperation","value":"eReplace"},"Diffuse_Color_01_Value":{"type":"SColorRGB","value":"#383838"},"ConstantVector1D_13_Value_op":{"type":"IRenderMaterialEntity.EModifierOperation","value":"eReplace"},"ConstantVector1D_13_Value":{"type":"float32","value":0},"Texture2D_03_enab":{"type":"bool","value":true},"ConstantVector1D_15_Value_op":{"type":"IRenderMaterialEntity.EModifierOperation","value":"eReplace"},"ConstantVector1D_15_Value":{"type":"float32","value":3},"Diffuse_Saturation_01_Value_op":{"type":"IRenderMaterialEntity.EModifierOperation","value":"eReplace"},"Diffuse_Saturation_01_Value":{"type":"float32","value":0},"ConstantVector1D_06_Value_op":{"type":"IRenderMaterialEntity.EModifierOperation","value":"eReplace"},"Clients":{"type":"TArray<SEntityTemplateReference>","value":["917b7ce33805b877"],"postInit":true},"m_eidParent":{"type":"SEntityTemplateReference","value":"3a410a31037bec5a","postInit":true}}},"917b7ce33805b877":{"parent":"3a410a31037bec5a","name":"Mesh_Pant","factory":"[modules:/zbodypartentity.class].pc_entitytype","blueprint":"[modules:/zbodypartentity.class].pc_entityblueprint","properties":{"m_pMeshResource":{"type":"ZRuntimeResourceID","value":{"resource":"0063F62EB61A5C4E","flag":"5F"}}},"inputCopying":{"ConstantVector1D_14_Value":{"ConstantVector1D_14_Value":["686e7b579fd11446"]},"ConstantVector1D_01_Value":{"ConstantVector1D_01_Value":["686e7b579fd11446"]},"ConstantVector1D_06_Value":{"ConstantVector1D_06_Value":["686e7b579fd11446"]}}},"721520440cc474ec":{"parent":"ee22b7c88743e43c","name":"agent47_shoulder_bandaid","factory":"00B354E58AB5FB7C","blueprint":"00F95B0A1A04932C","properties":{"m_mTransform":{"type":"SMatrix43","value":{"rotation":{"x":0,"y":0,"z":0},"position":{"x":0,"y":0,"z":0}}},"Texture2DNormal_01_enab":{"type":"bool","value":true},"Texture2D_03_enab":{"type":"bool","value":true},"Texture2D_01_enab":{"type":"bool","value":true},"Texture2D_01":{"type":"ZRuntimeResourceID","value":{"resource":"00B05EF9369B6B55","flag":"5F"}},"Texture2DNormal_01":{"type":"ZRuntimeResourceID","value":{"resource":"000D90A222070957","flag":"5F"}},"Texture2D_03":{"type":"ZRuntimeResourceID","value":{"resource":"00A6E940D1DED398","flag":"5F"}},"Clients":{"type":"TArray<SEntityTemplateReference>","value":["ee22b7c88743e43c"],"postInit":true},"m_eidParent":{"type":"SEntityTemplateReference","value":"3a410a31037bec5a","postInit":true}}},"3a410a31037bec5a":{"parent":null,"name":"OUTFIT_Agent47_Wounded_HeroA_V0","factory":"[assembly:/templates/aspectdummy.aspect]([modules:/zlinkedproxyentity.class].entitytype,[modules:/zclothcharacterentity.class].entitytype,[modules:/zheroidlenetworkaspect.class].entitytype).pc_entitytype","blueprint":"[assembly:/templates/aspectdummy.aspect]([modules:/zlinkedproxyentity.class].entitytype,[modules:/zclothcharacterentity.class].entitytype,[modules:/zheroidlenetworkaspect.class].entitytype).pc_entityblueprint","properties":{"m_ResourceID":{"type":"ZRuntimeResourceID","value":null},"m_fLODScale":{"type":"float32","value":1},"m_mTransform":{"type":"SMatrix43","value":{"rotation":{"x":0,"y":0,"z":-20.884612715299987},"position":{"x":33.95063018798828,"y":30.211469650268555,"z":0.01798900030553341}}},"m_pBonesAndCollisionResource":{"type":"ZRuntimeResourceID","value":{"resource":"0017416135CF879C","flag":"5F"}},"m_bUsePerVertexStiffness":{"type":"bool","value":true},"m_bGlobalCollidersEnabled":{"type":"bool","value":false},"m_fDamping":{"type":"float32","value":1},"m_fBendStiffness":{"type":"float32","value":1},"m_bUsePerVertexDamping":{"type":"bool","value":true},"m_fShearStiffness":{"type":"float32","value":1},"m_bUseSkinningPosNormalConstrains":{"type":"bool","value":true},"m_bUseSkinningNegNormalConstrains":{"type":"bool","value":true},"m_nIterations":{"type":"uint32","value":2},"m_fFrequency":{"type":"float32","value":90},"m_vTranslationScale":{"type":"SVector3","value":{"x":0.10000000149011612,"y":0.10000000149011612,"z":0.10000000149011612}},"m_vGravity":{"type":"SVector3","value":{"x":0,"y":0,"z":-13}},"m_fLODOffset":{"type":"float32","value":100},"m_fDragConstant":{"type":"float32","value":1},"m_eStretchConstrainType":{"type":"EClothStretchConstrainType","value":"eClothBendConstrainType_LRA"},"m_fAngularVelocityThreshold":{"type":"float32","value":60},"m_eRootBone":{"type":"BoneId.Enum","value":"PELVIS"},"m_bEnableAngularVelocityScale":{"type":"bool","value":true},"m_eBendConstrainType":{"type":"EClothBendConstrainType","value":"eClothBendConstrainType_Triangle"},"m_bRandomStartState":{"type":"bool","value":true},"m_fWindConstant":{"type":"float32","value":0.10000000149011612},"m_aBodyParts":{"type":"TArray<SEntityTemplateReference>","value":["917b7ce33805b877","7e039e2d6c78b55d","f7680860f8469d67","8522d255694771aa","ee22b7c88743e43c","feed2e571e15e46a"],"postInit":true}}},"ee22b7c88743e43c":{"parent":"3a410a31037bec5a","name":"Bandaid_Shoulder","factory":"0006B4140C3D01DA","blueprint":"0097BED111F7DC27","properties":{"m_pMeshResource":{"type":"ZRuntimeResourceID","value":{"resource":"000CDFEA332DB8A4","flag":"5F"}}}},"c20f7ecaba3dd859":{"parent":"3a410a31037bec5a","name":"Lerp","factory":"[modules:/zmathlerp.class].pc_entitytype","blueprint":"[modules:/zmathlerp.class].pc_entityblueprint","properties":{"m_fT":{"type":"float32","value":0},"m_B":{"type":"float32","value":0.4300000071525574}},"events":{"Lerp":{"ConstantVector1D_14_Value":["917b7ce33805b877","ee22b7c88743e43c"]}}},"ad8fc641d4c63d0a":{"parent":"3a410a31037bec5a","name":"ChildNetwork","factory":"[modules:/zchildnetworkentity.class].pc_entitytype","blueprint":"[modules:/zchildnetworkentity.class].pc_entityblueprint","properties":{"m_RuntimeNetworkResourceID":{"type":"ZRuntimeResourceID","value":{"resource":"[assembly:/animationnetworks/hitman01/idles/suitidle.aln].pc_rtn","flag":"9F"}},"m_pVariationResourceEntity":{"type":"SEntityTemplateReference","value":"3a410a31037bec5a"}}},"feed2e571e15e46a":{"parent":"3a410a31037bec5a","name":"Agent47_Gloves_Driving","factory":"008897FB54E3DB82","blueprint":"00F716010CB776C3","properties":{"m_pMeshResource":{"type":"ZRuntimeResourceID","value":{"resource":"002967FF1FFB7036","flag":"5F"}}}}},"propertyOverrides":[],"overrideDeletes":[],"pinConnectionOverrides":[],"pinConnectionOverrideDeletes":[],"externalScenes":[],"subType":"template","quickEntityVersion":3.1,"extraFactoryDependencies":[{"resource":"[assembly:/_pro/characters/assets/individuals/hokkaido/yogainstructor/textures/male_reg_yogainstructor_tanktop.texture?/specular_white.tex](ascolormap).pc_tex","flag":"5F"},{"resource":"[assembly:/_pro/characters/assets/individuals/hokkaido/yogainstructor/textures/male_reg_yogainstructor_tanktop.texture?/normal_white.tex](asnormalmap).pc_tex","flag":"5F"},{"resource":"[assembly:/_pro/characters/assets/individuals/hokkaido/yogainstructor/textures/male_reg_yogainstructor_tanktop.texture?/diffuse_white.tex](ascolormap).pc_tex","flag":"5F"},{"resource":"001EE759F57B6DCE","flag":"5F"},{"resource":"0051A1136DC9485E","flag":"5F"},{"resource":"007DCD6227647D40","flag":"5F"},{"resource":"007D850436B0A092","flag":"5F"},{"resource":"00D247582859CA87","flag":"5F"},{"resource":"00D20CA72E352D16","flag":"5F"}],"extraBlueprintDependencies":[],"comments":[]}