{"tempHash":"006B612DFA84D0EA","tbluHash":"0050D41351ADAE5E","rootEntity":"1470a95be1a0fe90","entities":{"ca05d05835532397":{"parent":"6724d6e3677f0402","name":"Knife_Bayonet_Sheathed","factory":"00E534341F4C1367","blueprint":"006037996FA78087","properties":{"m_mTransform":{"type":"SMatrix43","value":{"rotation":{"x":152.036376953125,"y":8.063065528869632,"z":166.93539428710938},"position":{"x":0.10471999645233154,"y":-0.12348199635744095,"z":-0.008867999538779259},"scale":{"x":0.9999999999999998,"y":0.9999999999999999,"z":0.9999999999999997}}},"m_ResourceID":{"type":"ZRuntimeResourceID","value":{"resource":"00B18D23B898195B","flag":"5F"}},"m_eidParent":{"type":"SEntityTemplateReference","value":"6724d6e3677f0402","postInit":true}}},"24ace0a1d44bd9dc":{"parent":"1470a95be1a0fe90","name":"Lerp 10","factory":"[modules:/zmathlerp.class].pc_entitytype","blueprint":"[modules:/zmathlerp.class].pc_entityblueprint","properties":{"m_B":{"type":"float32","value":0.5},"m_fT":{"type":"float32","value":1},"m_A":{"type":"float32","value":0.10000000149011612}},"events":{"Lerp":{"ConstantVector1D_04_Value":["59c23880ab814c00"]}}},"385c501bd27a4a87":{"parent":"1470a95be1a0fe90","name":"Lerp","factory":"[modules:/zmathlerp.class].pc_entitytype","blueprint":"[modules:/zmathlerp.class].pc_entityblueprint","properties":{"m_B":{"type":"float32","value":0.6000000238418579},"m_fT":{"type":"float32","value":1}},"events":{"Lerp":{"ConstantVector1D_14_Value":["566d2007b29e66f1"]}}},"6724d6e3677f0402":{"parent":"1470a95be1a0fe90","name":"Shoulder_L_Attacher","factory":"[assembly:/templates/aspectdummy.aspect]([modules:/zcompositeentity.class].entitytype,[modules:/zboneattachaspect.class].entitytype).pc_entitytype","blueprint":"[assembly:/templates/aspectdummy.aspect]([modules:/zcompositeentity.class].entitytype,[modules:/zboneattachaspect.class].entitytype).pc_entityblueprint","properties":{"m_BoneName":{"type":"ZString","value":"L_Clavicle"},"m_mTransform":{"type":"SMatrix43","value":{"rotation":{"x":0,"y":0,"z":0},"position":{"x":0,"y":0,"z":0}}},"m_linkedEntity":{"type":"SEntityTemplateReference","value":"1470a95be1a0fe90","postInit":true},"m_eidParent":{"type":"SEntityTemplateReference","value":"1470a95be1a0fe90","postInit":true}}},"3727c31335814e1e":{"parent":"b40e43d3ecb98d48","name":"Pouch_Mag_Small","factory":"00198A5EB6AB2A3F","blueprint":"006A91F65E92229D","properties":{"m_mTransform":{"type":"SMatrix43","value":{"rotation":{"x":-151.43783569335938,"y":-3.7372457981109597,"z":169.61518859863278},"position":{"x":0.12655700743198395,"y":-0.07961799949407578,"z":-0.01484800036996603},"scale":{"x":1.0000000000000007,"y":1,"z":1.0000000000000007}}},"m_PrimitiveScale":{"type":"SVector3","value":{"x":1.3806250095367432,"y":0.9106249809265136,"z":0.7506250143051147}},"Diffuse_Color_01_Value":{"type":"SColorRGB","value":"#777a6e"},"m_eidParent":{"type":"SEntityTemplateReference","value":"b40e43d3ecb98d48","postInit":true}}},"ac6d2de6c369fc44":{"parent":"488eda2ca05af847","name":"Pouch_Mag_Small_01","factory":"00198A5EB6AB2A3F","blueprint":"006A91F65E92229D","properties":{"m_mTransform":{"type":"SMatrix43","value":{"rotation":{"x":177.7235107421875,"y":56.66730499267579,"z":13.22046947479248},"position":{"x":0.12152799963951111,"y":0.18573099374771118,"z":0.0070580001920461655},"scale":{"x":1,"y":0.9999999999999999,"z":1}}},"Diffuse_Color_01_Value":{"type":"SColorRGB","value":"#777a6e"},"m_PrimitiveScale":{"type":"SVector3","value":{"x":0.8799999952316284,"y":0.4900000095367432,"z":0.550000011920929}},"m_eidParent":{"type":"SEntityTemplateReference","value":"488eda2ca05af847","postInit":true}}},"b0341c060ca55725":{"parent":"ef7a2dfe40a27637","name":"male_reg_ninja_shirt","factory":"[assembly:/_pro/characters/assets/individuals/hokkaido/ninja/materials/male_reg_ninja_shirt.mi].pc_entitytype","blueprint":"[assembly:/_pro/characters/assets/individuals/hokkaido/ninja/materials/male_reg_ninja_shirt.mi].pc_entityblueprint","properties":{"1565884279":{"type":"IRenderMaterialEntity.EModifierOperation","value":"eLeave"},"2236290469":{"type":"IRenderMaterialEntity.EModifierOperation","value":"eReplace"},"2287298018":{"type":"IRenderMaterialEntity.EModifierOperation","value":"eReplace"},"m_mTransform":{"type":"SMatrix43","value":{"rotation":{"x":0,"y":0,"z":0},"position":{"x":0,"y":0,"z":0}}},"ConstantVector1D_01_Value_op":{"type":"IRenderMaterialEntity.EModifierOperation","value":"eReplace"},"Diffuse_Saturation_01_Value":{"type":"float32","value":0},"Texture2D_01":{"type":"ZRuntimeResourceID","value":{"resource":"008D20E2C4CEB67A","flag":"5F"}},"Texture2DNormal_01":{"type":"ZRuntimeResourceID","value":{"resource":"00747F80A8C065C0","flag":"5F"}},"Texture2D_03":{"type":"ZRuntimeResourceID","value":{"resource":"000EA656455151E2","flag":"5F"}},"Texture2DNormal_01_enab":{"type":"bool","value":true},"Texture2D_03_enab":{"type":"bool","value":true},"Texture2D_01_enab":{"type":"bool","value":true},"ConstantVector1D_02_Value":{"type":"float32","value":0.5},"Clients":{"type":"TArray<SEntityTemplateReference>","value":["ef7a2dfe40a27637"],"postInit":true},"m_eidParent":{"type":"SEntityTemplateReference","value":"1470a95be1a0fe90","postInit":true}}},"ef7a2dfe40a27637":{"parent":"1470a95be1a0fe90","name":"WRAPS","factory":"00DC1653AA72D75E","blueprint":"00A6F1598C84FC16","properties":{"Diffuse_Color_01_Value":{"type":"SColorRGB","value":"#d1dba9"},"m_pMeshResource":{"type":"ZRuntimeResourceID","value":{"resource":"009AD16F9877899F","flag":"5F"}}},"inputCopying":{"ConstantVector1D_14_Value":{"ConstantVector1D_04_Value":["b0341c060ca55725"]},"ConstantVector1D_01_Value":{"ConstantVector1D_01_Value":["b0341c060ca55725"]}}},"2991566f964bd286":{"parent":"ad81fc0043e43749","name":"male_regular_sean_02_head_01","factory":"[assembly:/_pro/characters/assets/individuals/sean/materials/male_regular_sean_02_head_01.mi].pc_entitytype","blueprint":"[assembly:/_pro/characters/assets/individuals/sean/materials/male_regular_sean_02_head_01.mi].pc_entityblueprint","properties":{"2287298018":{"type":"IRenderMaterialEntity.EModifierOperation","value":"eReplace"},"m_mTransform":{"type":"SMatrix43","value":{"rotation":{"x":0,"y":0,"z":-0.00000027639643462862296},"position":{"x":0.00000013403330001438007,"y":-0.000000035381429341896364,"z":0}}},"Texture2D_03_enab":{"type":"bool","value":true},"Texture2D_03":{"type":"ZRuntimeResourceID","value":{"resource":"00538F09BDC08EBA","flag":"5F"}},"Texture2D_01_enab":{"type":"bool","value":true},"Texture2D_01":{"type":"ZRuntimeResourceID","value":{"resource":"00C5D771B0EA9D40","flag":"5F"}},"ConstantVector1D_01_Value_op":{"type":"IRenderMaterialEntity.EModifierOperation","value":"eReplace"},"Texture2DNormal_01":{"type":"ZRuntimeResourceID","value":{"resource":"0037CE83E3E16714","flag":"5F"}},"Texture2DNormal_01_enab":{"type":"bool","value":true},"Clients":{"type":"TArray<SEntityTemplateReference>","value":["ad81fc0043e43749"],"postInit":true},"m_eidParent":{"type":"SEntityTemplateReference","value":"1470a95be1a0fe90","postInit":true}}},"c2c721aeceb6aea3":{"parent":"488eda2ca05af847","name":"Pouch_Mag_Small_03","factory":"00198A5EB6AB2A3F","blueprint":"006A91F65E92229D","properties":{"m_mTransform":{"type":"SMatrix43","value":{"rotation":{"x":-134.3021240234375,"y":49.938579559326186,"z":-39.278850555419915},"position":{"x":0.06615299731492996,"y":0.16814899444580078,"z":-0.07660499960184097}}},"Diffuse_Color_01_Value":{"type":"SColorRGB","value":"#777a6e"},"m_PrimitiveScale":{"type":"SVector3","value":{"x":0.8799999952316284,"y":0.4900000095367432,"z":0.550000011920929}},"m_eidParent":{"type":"SEntityTemplateReference","value":"488eda2ca05af847","postInit":true}}},"c41748603388bc1":{"parent":"1470a95be1a0fe90","name":"Lerp 6","factory":"[modules:/zmathlerp.class].pc_entitytype","blueprint":"[modules:/zmathlerp.class].pc_entityblueprint","properties":{"m_B":{"type":"float32","value":0.6000000238418579},"m_fT":{"type":"float32","value":1},"m_A":{"type":"float32","value":0}},"events":{"Lerp":{"ConstantVector1D_14_Value":["dd52a9277b1bbbc7","ef7a2dfe40a27637"]}}},"870ea0e8d6be72e4":{"parent":"1470a95be1a0fe90","name":"Arms_Shoulder_Hand","factory":"00D0A46D325392B0","blueprint":"0038B023C4284F44","properties":{"m_pMeshResource":{"type":"ZRuntimeResourceID","value":{"resource":"00175C313E000668","flag":"5F"}}}},"1470a95be1a0fe90":{"parent":null,"name":"OUTFIT_Agent47_FreedomFighter_HeroA_v0","factory":"00C0753FBF784C66","blueprint":"007294473357329E","properties":{"m_LocalColliders":{"type":"TArray<SEntityTemplateReference>","value":[]},"m_mTransform":{"type":"SMatrix43","value":{"rotation":{"x":0,"y":0,"z":-4.733717441558838},"position":{"x":15.514599800109863,"y":1.5982810258865356,"z":0}}},"m_aBodyParts":{"type":"TArray<SEntityTemplateReference>","value":["57bd23355d87fc1d","870ea0e8d6be72e4","59c23880ab814c00","89ac97560f437c2","eef4aab87be44753","28ecc5110c96b040","ef7a2dfe40a27637","566d2007b29e66f1","ad81fc0043e43749","7844a3a3f4df1e4e","dd52a9277b1bbbc7","feed444c82d4a992"],"postInit":true}}},"28ecc5110c96b040":{"parent":"1470a95be1a0fe90","name":"Vest_Worker_Open","factory":"005D8AB6172FB97E","blueprint":"000D702C56B1DC04","properties":{"Texture2D_01":{"type":"ZRuntimeResourceID","value":{"resource":"00865ED2789F5A94","flag":"5F"}},"Texture2DNormal_01":{"type":"ZRuntimeResourceID","value":{"resource":"00266F593F2E5ED3","flag":"5F"}},"Texture2D_03":{"type":"ZRuntimeResourceID","value":{"resource":"00F6643B3DE5E8A1","flag":"5F"}},"m_pMeshResource":{"type":"ZRuntimeResourceID","value":{"resource":"0059DE7882CE729E","flag":"5F"}}}},"488eda2ca05af847":{"parent":"1470a95be1a0fe90","name":"Spine1_Attacher","factory":"[assembly:/templates/aspectdummy.aspect]([modules:/zcompositeentity.class].entitytype,[modules:/zboneattachaspect.class].entitytype).pc_entitytype","blueprint":"[assembly:/templates/aspectdummy.aspect]([modules:/zcompositeentity.class].entitytype,[modules:/zboneattachaspect.class].entitytype).pc_entityblueprint","properties":{"m_BoneName":{"type":"ZString","value":"Spine1"},"m_linkedEntity":{"type":"SEntityTemplateReference","value":"1470a95be1a0fe90"},"m_mTransform":{"type":"SMatrix43","value":{"rotation":{"x":0,"y":0,"z":0},"position":{"x":0,"y":0,"z":0}}},"m_eidParent":{"type":"SEntityTemplateReference","value":"1470a95be1a0fe90"}}},"afbbf94696abd7cc":{"parent":"1470a95be1a0fe90","name":"FX_Hitman_Wet_Logic_Character","factory":"0067CFB703A80787","blueprint":"00AA88C960CD2080","properties":{"HeadMaterialOverride":{"type":"TArray<SEntityTemplateReference>","value":["1470a95be1a0fe90"]},"HeadMaterialToOverride":{"type":"ZRuntimeResourceID","value":{"resource":"009F7978C601815A","flag":"5F"}}},"events":{"HitmanWetness":{"ConstantVector1D_04_Value":["57bd23355d87fc1d"],"T":["385c501bd27a4a87","65dd7dfa64919aec","5c5234d06c3ec6a","db86ee9a4a1584e5","af7be2b6d09af8ce","c41748603388bc1","711ce78a9eaeea38","a10f5131a0491e83","4dee3764680d0461","24ace0a1d44bd9dc","5f120067d26ef799"]}}},"89ac97560f437c2":{"parent":"1470a95be1a0fe90","name":"Sweater_Hoodie_HoodDwn_Closed","factory":"00DC1653AA72D75E","blueprint":"00A6F1598C84FC16","properties":{"Diffuse_Color_01_Value":{"type":"SColorRGB","value":"#ffffff"},"m_pMeshResource":{"type":"ZRuntimeResourceID","value":{"resource":"00523EFFB7BB3DA9","flag":"5F"}},"ConstantVector1D_02_Value":{"type":"float32","value":0.5},"Texture2D_03":{"type":"ZRuntimeResourceID","value":{"resource":"0099140054842C21","flag":"5F"}},"Texture2DNormal_01":{"type":"ZRuntimeResourceID","value":{"resource":"00DAC717E23E19F8","flag":"5F"}},"Diffuse_Saturation_01_Value":{"type":"float32","value":1.100000023841858},"ConstantVector1D_01_Value":{"type":"float32","value":0.5},"Texture2D_01":{"type":"ZRuntimeResourceID","value":{"resource":"002C9447CB7C92E2","flag":"5F"}}}},"1e04f36f096cca50":{"parent":"488eda2ca05af847","name":"Pouch_Mag_Small_02","factory":"00198A5EB6AB2A3F","blueprint":"006A91F65E92229D","properties":{"m_mTransform":{"type":"SMatrix43","value":{"rotation":{"x":-149.80331420898435,"y":52.2078475952149,"z":-26.017656326293956},"position":{"x":0.09257200360298157,"y":0.18267099559307098,"z":-0.0356689989566803},"scale":{"x":0.9999999999999998,"y":0.999999999999999,"z":0.9999999999999994}}},"Diffuse_Color_01_Value":{"type":"SColorRGB","value":"#777a6e"},"m_PrimitiveScale":{"type":"SVector3","value":{"x":0.8799999952316284,"y":0.4900000095367432,"z":0.550000011920929}},"m_eidParent":{"type":"SEntityTemplateReference","value":"488eda2ca05af847"}}},"5c5234d06c3ec6a":{"parent":"1470a95be1a0fe90","name":"Lerp 3","factory":"[modules:/zmathlerp.class].pc_entitytype","blueprint":"[modules:/zmathlerp.class].pc_entityblueprint","properties":{"m_B":{"type":"float32","value":0.5},"m_fT":{"type":"float32","value":1},"m_A":{"type":"float32","value":1.2999999523162842}},"events":{"Lerp":{"ConstantVector1D_01_Value":["566d2007b29e66f1"]}}},"4e0d1259c01471d3":{"parent":"488eda2ca05af847","name":"Pouch_Mag_Small","factory":"00198A5EB6AB2A3F","blueprint":"006A91F65E92229D","properties":{"m_mTransform":{"type":"SMatrix43","value":{"rotation":{"x":157.0006561279297,"y":56.47386550903318,"z":29.829931259155288},"position":{"x":0.1491059958934784,"y":0.17803899943828583,"z":0.04702800139784813},"scale":{"x":1.0000000000000002,"y":1.0000000000000007,"z":1.0000000000000004}}},"Diffuse_Color_01_Value":{"type":"SColorRGB","value":"#777a6e"},"m_PrimitiveScale":{"type":"SVector3","value":{"x":0.8799999952316284,"y":0.4900000095367432,"z":0.550000011920929}},"m_eidParent":{"type":"SEntityTemplateReference","value":"488eda2ca05af847"}}},"57bd23355d87fc1d":{"parent":"1470a95be1a0fe90","name":"Head_47","factory":"00537D16B5CE7286","blueprint":"00F2E4A932ECAA63"},"947c9bf60efbf911":{"parent":"61c4c746cff9c224","name":"Watch_Sporty_3Crown","factory":"008B2E9F9C87B4FE","blueprint":"001D0A50CC8378B5","properties":{"m_mTransform":{"type":"SMatrix43","value":{"rotation":{"x":-1.3075062036514287,"y":-0.29914259910583496,"z":-86.80835723876952},"position":{"x":0.2160930037498474,"y":0.00012399999832268804,"z":0.013942000456154346},"scale":{"x":0.9999999999999998,"y":1,"z":1}}},"m_PrimitiveScale":{"type":"SVector3","value":{"x":1,"y":1,"z":1}},"m_eidParent":{"type":"SEntityTemplateReference","value":"61c4c746cff9c224","postInit":true}}},"7844a3a3f4df1e4e":{"parent":"1470a95be1a0fe90","name":"Leg_Left_Calf_Ankle","factory":"00F745717E013E47","blueprint":"00A3C6C052FCA238"},"61c4c746cff9c224":{"parent":"1470a95be1a0fe90","name":"Attacher_Wrist_L","factory":"[assembly:/templates/aspectdummy.aspect]([modules:/zcompositeentity.class].entitytype,[modules:/zboneattachaspect.class].entitytype).pc_entitytype","blueprint":"[assembly:/templates/aspectdummy.aspect]([modules:/zcompositeentity.class].entitytype,[modules:/zboneattachaspect.class].entitytype).pc_entityblueprint","properties":{"m_BoneName":{"type":"ZString","value":"L_Forearm"},"m_linkedEntity":{"type":"SEntityTemplateReference","value":"1470a95be1a0fe90"},"m_eidParent":{"type":"SEntityTemplateReference","value":"1470a95be1a0fe90"}}},"dd52a9277b1bbbc7":{"parent":"1470a95be1a0fe90","name":"Flag_Leg_Wrapped","factory":"0084E1741CBE168C","blueprint":"004DEC933E0E1C9D"},"59c23880ab814c00":{"parent":"1470a95be1a0fe90","name":"Shoes_Boots_Plain","factory":"00636C233DF7C596","blueprint":"00285A52ACEC10A2","properties":{"Texture2D_01":{"type":"ZRuntimeResourceID","value":{"resource":"[assembly:/_pro/characters/assets/individuals/colorado/ezraberg/textures/male_reg_ezraberg_boots.texture?/diffuse_a.tex](ascolormap).pc_tex","flag":"5F"}},"Diffuse_Saturation_01_Value":{"type":"float32","value":1},"Diffuse_Color_01_Value":{"type":"SColorRGB","value":"#e0e0e0"}}},"65dd7dfa64919aec":{"parent":"1470a95be1a0fe90","name":"Lerp 2","factory":"[modules:/zmathlerp.class].pc_entitytype","blueprint":"[modules:/zmathlerp.class].pc_entityblueprint","properties":{"m_B":{"type":"float32","value":0.6000000238418579},"m_fT":{"type":"float32","value":1},"m_A":{"type":"float32","value":0.5}},"events":{"Lerp":{"ConstantVector1D_15_Value":["566d2007b29e66f1"]}}},"eef4aab87be44753":{"parent":"1470a95be1a0fe90","name":"Part_Belt","factory":"[modules:/zbodypartentity.class].pc_entitytype","blueprint":"[modules:/zbodypartentity.class].pc_entityblueprint","properties":{"m_pMeshResource":{"type":"ZRuntimeResourceID","value":{"resource":"003F08D838FEF3C6","flag":"5F"}}}},"711ce78a9eaeea38":{"parent":"1470a95be1a0fe90","name":"Lerp 7","factory":"[modules:/zmathlerp.class].pc_entitytype","blueprint":"[modules:/zmathlerp.class].pc_entityblueprint","properties":{"m_B":{"type":"float32","value":0.20000000298023224},"m_fT":{"type":"float32","value":1},"m_A":{"type":"float32","value":0.5}},"events":{"Lerp":{"ConstantVector1D_01_Value":["89ac97560f437c2","28ecc5110c96b040"]}}},"4dee3764680d0461":{"parent":"1470a95be1a0fe90","name":"Lerp 9","factory":"[modules:/zmathlerp.class].pc_entitytype","blueprint":"[modules:/zmathlerp.class].pc_entityblueprint","properties":{"m_B":{"type":"float32","value":0.20000000298023224},"m_fT":{"type":"float32","value":1},"m_A":{"type":"float32","value":0.4000000059604645}},"events":{"Lerp":{"ConstantVector1D_01_Value":["ad81fc0043e43749"]}}},"b40e43d3ecb98d48":{"parent":"1470a95be1a0fe90","name":"Shoulder_R_Attacher","factory":"[assembly:/templates/aspectdummy.aspect]([modules:/zcompositeentity.class].entitytype,[modules:/zboneattachaspect.class].entitytype).pc_entitytype","blueprint":"[assembly:/templates/aspectdummy.aspect]([modules:/zcompositeentity.class].entitytype,[modules:/zboneattachaspect.class].entitytype).pc_entityblueprint","properties":{"m_BoneName":{"type":"ZString","value":"R_Clavicle"},"m_linkedEntity":{"type":"SEntityTemplateReference","value":"1470a95be1a0fe90"},"m_mTransform":{"type":"SMatrix43","value":{"rotation":{"x":0,"y":0,"z":0},"position":{"x":0,"y":0,"z":0}}},"m_eidParent":{"type":"SEntityTemplateReference","value":"1470a95be1a0fe90"}}},"566d2007b29e66f1":{"parent":"1470a95be1a0fe90","name":"Pants_Cargo_FlagWrap_Tucked_Low","factory":"00649A6EC3775D9D","blueprint":"00115CA76F7F50E3","properties":{"m_pMeshResource":{"type":"ZRuntimeResourceID","value":{"resource":"00BE141744B605C8","flag":"5F"}},"Diffuse_Saturation_01_Value":{"type":"float32","value":0.699999988079071},"ConstantVector1D_01_Value":{"type":"float32","value":1.2999999523162842}}},"badc17e31204e829":{"parent":"488eda2ca05af847","name":"Pouch_Mag_Small_04","factory":"00198A5EB6AB2A3F","blueprint":"006A91F65E92229D","properties":{"m_mTransform":{"type":"SMatrix43","value":{"rotation":{"x":143.55557250976565,"y":52.209625244140604,"z":45.25606536865234},"position":{"x":0.1767749935388565,"y":0.15828999876976013,"z":0.09025300294160843},"scale":{"x":1,"y":1.0000000000000004,"z":1.0000000000000002}}},"Diffuse_Color_01_Value":{"type":"SColorRGB","value":"#777a6e"},"m_PrimitiveScale":{"type":"SVector3","value":{"x":0.8799999952316284,"y":0.4900000095367432,"z":0.550000011920929}},"m_eidParent":{"type":"SEntityTemplateReference","value":"488eda2ca05af847"}}},"af7be2b6d09af8ce":{"parent":"1470a95be1a0fe90","name":"Lerp 5","factory":"[modules:/zmathlerp.class].pc_entitytype","blueprint":"[modules:/zmathlerp.class].pc_entityblueprint","properties":{"m_B":{"type":"float32","value":0.6000000238418579},"m_fT":{"type":"float32","value":1},"m_A":{"type":"float32","value":0.4000000059604645}},"events":{"Lerp":{"ConstantVector1D_15_Value":["dd52a9277b1bbbc7"]}}},"db86ee9a4a1584e5":{"parent":"1470a95be1a0fe90","name":"Lerp 4","factory":"[modules:/zmathlerp.class].pc_entitytype","blueprint":"[modules:/zmathlerp.class].pc_entityblueprint","properties":{"m_B":{"type":"float32","value":0.30000001192092896},"m_fT":{"type":"float32","value":1},"m_A":{"type":"float32","value":1}},"events":{"Lerp":{"ConstantVector1D_01_Value":["dd52a9277b1bbbc7"]}}},"a10f5131a0491e83":{"parent":"1470a95be1a0fe90","name":"Lerp 8","factory":"[modules:/zmathlerp.class].pc_entitytype","blueprint":"[modules:/zmathlerp.class].pc_entityblueprint","properties":{"m_B":{"type":"float32","value":0.5},"m_fT":{"type":"float32","value":1},"m_A":{"type":"float32","value":0}},"events":{"Lerp":{"ConstantVector1D_14_Value":["89ac97560f437c2","28ecc5110c96b040"],"ConstantVector1D_04_Value":["ad81fc0043e43749"]}}},"9d7c590f0d333344":{"parent":"61c4c746cff9c224","name":"Bracelet_Leather_Strap","factory":"001F119BFAE57CF7","blueprint":"00DFC51C8ADFB832","properties":{"m_mTransform":{"type":"SMatrix43","value":{"rotation":{"x":-1.298393368721008,"y":-0.29444429278373724,"z":-85.9938278198242},"position":{"x":0.22769400477409363,"y":-0.0014750000555068254,"z":0.004015000071376562},"scale":{"x":0.9999999999999996,"y":0.9999999999999996,"z":0.9999999999999999}}},"m_PrimitiveScale":{"type":"SVector3","value":{"x":1,"y":1,"z":1}},"Diffuse_Color_01_Value":{"type":"SColorRGB","value":"#7a6853"},"m_eidParent":{"type":"SEntityTemplateReference","value":"61c4c746cff9c224"}}},"5f120067d26ef799":{"parent":"1470a95be1a0fe90","name":"Lerp 11","factory":"[modules:/zmathlerp.class].pc_entitytype","blueprint":"[modules:/zmathlerp.class].pc_entityblueprint","properties":{"m_B":{"type":"float32","value":0.4000000059604645},"m_fT":{"type":"float32","value":1},"m_A":{"type":"float32","value":0.5}},"events":{"Lerp":{"ConstantVector1D_01_Value":["ef7a2dfe40a27637"]}}},"ad81fc0043e43749":{"parent":"1470a95be1a0fe90","name":"Part_Scarf","factory":"[modules:/zbodypartentity.class].pc_entitytype","blueprint":"[modules:/zbodypartentity.class].pc_entityblueprint","properties":{"m_pMeshResource":{"type":"ZRuntimeResourceID","value":{"resource":"00365F002BC33DB9","flag":"5F"}},"m_IsHiddenInVR":{"type":"bool","value":true}},"inputCopying":{"ConstantVector1D_04_Value":{"ConstantVector1D_04_Value":["2991566f964bd286"]},"ConstantVector1D_01_Value":{"ConstantVector1D_01_Value":["2991566f964bd286"]}}},"feed444c82d4a992":{"parent":"1470a95be1a0fe90","name":"Gloves_Leather","factory":"00BEE701448762C1","blueprint":"005D2B1CBD509E61","properties":{"m_pMeshResource":{"type":"ZRuntimeResourceID","value":{"resource":"00BE7FFA175B2C88","flag":"5F"}},"Diffuse_Color_01_Value":{"type":"SColorRGB","value":"#2e2e2e"}}}},"propertyOverrides":[],"overrideDeletes":[],"pinConnectionOverrides":[],"pinConnectionOverrideDeletes":[],"externalScenes":[],"subType":"template","quickEntityVersion":3.1,"extraFactoryDependencies":[],"extraBlueprintDependencies":[],"comments":[]}