{"tempHash":"003773B01583DB52","tbluHash":"00F0084BD8635FB9","patch":[{"SubEntityOperation":["81941a325b8ec340",{"SetName":"Hands"}]},{"SubEntityOperation":["81941a325b8ec340",{"SetFactory":"009A6D9F7927FB89"}]},{"SubEntityOperation":["81941a325b8ec340",{"SetBlueprint":"00F49463DEA8D412"}]},{"SubEntityOperation":["81941a325b8ec340",{"RemovePropertyByName":"Diffuse_Color_01_Value"}]},{"SubEntityOperation":["81941a325b8ec340",{"RemovePropertyByName":"ConstantVector1D_03_Value"}]},{"SubEntityOperation":["81941a325b8ec340",{"RemovePropertyByName":"Diffuse_Hue_Shift_01_Value"}]},{"SubEntityOperation":["81941a325b8ec340",{"RemovePropertyByName":"m_pMeshResource"}]},{"SubEntityOperation":["81941a325b8ec340",{"RemovePropertyByName":"ConstantVector1D_05_Value"}]},{"SubEntityOperation":["81941a325b8ec340",{"RemovePropertyByName":"Texture2D_01"}]},{"SubEntityOperation":["81941a325b8ec340",{"RemovePropertyByName":"Texture2DNormal_01"}]},{"SubEntityOperation":["81941a325b8ec340",{"RemovePropertyByName":"Texture2D_03"}]},{"SubEntityOperation":["81941a325b8ec340",{"RemovePropertyByName":"ConstantVector1D_01_Value"}]}],"patchVersion":6}