{"tempHash":"00541FA825848338","tbluHash":"00E05124EF49FBB7","patch":[{"RemoveEntityByID":"d07c633d1d08aa09"},{"RemoveEntityByID":"c9642528eb91693f"},{"RemoveEntityByID":"a10b37a049b46dee"},{"RemoveEntityByID":"62ef0e08dc80dcf"},{"RemoveEntityByID":"4e742e22fbd31408"},{"RemoveEntityByID":"dbf2a1816f3548db"},{"RemoveEntityByID":"ff2eac3645149a95"},{"RemoveEntityByID":"518fa37386a4d969"},{"RemoveEntityByID":"10d166bf81cfaa60"},{"RemoveEntityByID":"cb0fa4a938a54648"},{"RemoveEntityByID":"be6f7a13b953f165"},{"RemoveEntityByID":"4e99a1da453cc5d5"},{"RemoveEntityByID":"e0f37422fa87d5df"},{"RemoveEntityByID":"b583ea98c0ecdd39"},{"RemoveEntityByID":"4a37379c68f6b8f5"},{"RemoveEntityByID":"e4f45a0578c7bfd5"},{"RemoveEntityByID":"ef83267fbc1e8763"},{"RemoveEntityByID":"9f4dd9ea7870ee60"},{"RemoveEntityByID":"4904df91105ddcf3"},{"RemoveEntityByID":"34e5dc058b366fd7"},{"RemoveEntityByID":"d0ba552afb232977"},{"RemoveEntityByID":"e0b7e5c4746cc5ce"},{"RemoveEntityByID":"b71c91563b2ff83c"},{"RemoveEntityByID":"6e0e97c2ed0210e9"},{"RemoveEntityByID":"9822b868d86332b1"},{"RemoveEntityByID":"1b29150352662620"},{"RemoveEntityByID":"f78bc5a7ee2c6551"},{"RemoveEntityByID":"dfc6b1d156cc3c1e"},{"RemoveEntityByID":"86aac6a9a3e5069d"},{"RemoveEntityByID":"6d8e330b28824632"},{"RemoveEntityByID":"138d22baf1786a93"},{"RemoveEntityByID":"33f8bd64dbf34c76"},{"RemoveEntityByID":"9ff2ce7c9e19f1f0"},{"RemoveEntityByID":"209de6dcc72c06f"},{"RemoveEntityByID":"638625c3a91a3776"},{"RemoveEntityByID":"4b0d55f43636fdbd"},{"SubEntityOperation":["b397d0db3e676cc0",{"SetPropertyValue":{"property_name":"m_pMeshResource","value":{"resource":"00B1B0CACC8D9BE4","flag":"5F"}}}]},{"SubEntityOperation":["7b85a13058480e3c",{"RemoveEventConnection":["Lerp","ConstantVector1D_01_Value","209de6dcc72c06f"]}]},{"SubEntityOperation":["26d378d2fba57090",{"RemoveEventConnection":["ChangedDisguiseTrigger","Activate","209de6dcc72c06f"]}]},{"SubEntityOperation":["e133009524e26d37",{"RemoveEventConnection":["Lerp","ConstantVector1D_04_Value","209de6dcc72c06f"]}]},{"SubEntityOperation":["9d7d97f77b410d49",{"PatchArrayPropertyValue":["m_aBodyParts",[{"RemoveItemByValue":"209de6dcc72c06f"}]]}]},{"SubEntityOperation":["89ca1ebf83a50fb0",{"RemoveEventConnection":["Lerp","ConstantVector1D_06_Value","209de6dcc72c06f"]}]},{"SubEntityOperation":["d0f97e008966ee76",{"SetPropertyValue":{"property_name":"m_pMeshResource","value":{"resource":"00DA94E313C2B59E","flag":"5F"}}}]},{"SubEntityOperation":["6e924ebad9103158",{"SetPropertyValue":{"property_name":"m_pMeshResource","value":{"resource":"00DA94E313C2B59E","flag":"5F"}}}]}],"patchVersion":6}