{"tempHash":"00097AA87B144150","tbluHash":"00E738E7CF7A35E1","patch":[{"AddEntity":["feedaf25e3a80e6f",{"parent":"ba8ea9278df2079","name":"CHAR_Wolverine_Hero_StartingOutfit_M_199021","factory":"[modules:/zglobaloutfitkit.class].pc_entitytype","blueprint":"[modules:/zglobaloutfitkit.class].pc_entityblueprint","properties":{"m_eActorType":{"type":"EActorType","value":"eAT_Hitman"},"m_eSoundFootwearType":{"type":"EHM5SoundFootwearType","value":"EFWT_LEATHER"},"m_sId":{"type":"ZGuid","value":"790eabc0-f59e-4e63-a5a9-426ec9aa1027"},"m_bCanCallForHelp":{"type":"bool","value":true},"m_sCommonName":{"type":"ZString","value":"CHAR_Wolverine_Hero_StartingOutfit_M_199021"},"m_sTitle":{"type":"ZString","value":"Wolverine Suit"},"m_eOutfitAICategory":{"type":"EOutfitAICategory","value":"OAC_47STARTOUTFIT"},"m_rNameTextResource":{"type":"ZRuntimeResourceID","value":{"resource":"[assembly:/localization/hitman6/conversations/ui/pro/online/repository/outfits_hero_s3.sweetmenutext?/char_wolverine_hero_startingoutfit_m_pro199021_name_790eabc0-f59e-4e63-a5a9-426ec9aa1027.sweetline].pc_sweetline","flag":"5F"}},"m_rDescriptionTextResource":{"type":"ZRuntimeResourceID","value":{"resource":"[assembly:/localization/hitman6/conversations/ui/pro/online/repository/outfits_hero_s3.sweetmenutext?/char_wolverine_hero_startingoutfit_m_pro199021_description_790eabc0-f59e-4e63-a5a9-426ec9aa1027_01.sweetline].pc_sweetline","flag":"5F"}},"m_bHeroDisguiseAvailable":{"type":"bool","value":true},"m_bIsHitmanSuit":{"type":"bool","value":true},"m_bWeaponsAllowed":{"type":"bool","value":false},"m_aCharSets":{"type":"TArray<SEntityTemplateReference>","value":["feed5342117e5269"],"postInit":true}}}]},{"AddEntity":["feed5342117e5269",{"parent":"feedaf25e3a80e6f","name":"CHARSET_Agent47_Wolverine","factory":"[assembly:/_pro/characters/templates/hero/agent47/agent47_outfits.template?/charset_agent47_wolverine.entitytemplate].pc_entitytype","blueprint":"[assembly:/_pro/characters/templates/hero/agent47/agent47_outfits.template?/charset_agent47_wolverine.entitytemplate].pc_entityblueprint"}]},{"AddEntity":["feedf357f3f42aae",{"parent":"feedaf25e3a80e6f","name":"Keyword_Prof_Class_Default","factory":"007A51A2AFEC0D1A","blueprint":"00B0282A41C1CF2E","properties":{"m_aHolders":{"type":"TArray<SEntityTemplateReference>","value":["feedaf25e3a80e6f"]}}}]},{"AddEntity":["feed02a24de1d256",{"parent":"feedaf25e3a80e6f","name":"KeywordEntity_FOLEY_SUIT47","factory":"[assembly:/_pro/design/gamecore/keywords/keywordsound.template?/keywordentity_foley_outfit_suit47.entitytemplate].pc_entitytype","blueprint":"[assembly:/_pro/design/gamecore/keywords/keywordsound.template?/keywordentity_foley_outfit_suit47.entitytemplate].pc_entityblueprint","properties":{"m_rHolder":{"type":"SEntityTemplateReference","value":"feed5342117e5269"}}}]},{"AddEntity":["feed9fca9f063466",{"parent":"feedaf25e3a80e6f","name":"Prof_Agent47","factory":"[assembly:/_pro/design/actor/profession.template?/prof_agent47.entitytemplate].pc_entitytype","blueprint":"[assembly:/_pro/design/actor/profession.template?/prof_agent47.entitytemplate].pc_entityblueprint","properties":{"m_aHolders":{"type":"TArray<SEntityTemplateReference>","value":["feedaf25e3a80e6f"],"postInit":true}}}]},{"AddEntity":["feedf6c08ba57fd1",{"parent":"feedaf25e3a80e6f","name":"Prof_Hero_Wolverine","factory":"[assembly:/_pro/design/actor/profession.template?/prof_hero_wolverine.entitytemplate].pc_entitytype","blueprint":"[assembly:/_pro/design/actor/profession.template?/prof_hero_wolverine.entitytemplate].pc_entityblueprint","properties":{"m_aHolders":{"type":"TArray<SEntityTemplateReference>","value":["feedaf25e3a80e6f"],"postInit":true}}}]},{"AddEntity":["feed659ef801e463",{"parent":"feedaf25e3a80e6f","name":"Prof_Hero_Wolverine_Suit","factory":"[assembly:/_pro/design/actor/profession.template?/prof_hero_wolverine_suit.entitytemplate].pc_entitytype","blueprint":"[assembly:/_pro/design/actor/profession.template?/prof_hero_wolverine_suit.entitytemplate].pc_entityblueprint","properties":{"m_aHolders":{"type":"TArray<SEntityTemplateReference>","value":["feedaf25e3a80e6f"],"postInit":true}}}]}],"patchVersion":6}