{"tempHash":"00541FA825848338","tbluHash":"00E05124EF49FBB7","rootEntity":"9d7d97f77b410d49","entities":{"b397d0db3e676cc0":{"parent":"9d7d97f77b410d49","name":"Agent47_Gloves_Driving","factory":"008897FB54E3DB82","blueprint":"00F716010CB776C3","properties":{"m_pMeshResource":{"type":"ZRuntimeResourceID","value":{"resource":"00082A0ADED44547","flag":"5F"}}}},"7b85a13058480e3c":{"parent":"9d7d97f77b410d49","name":"Lerp 2","factory":"[modules:/zmathlerp.class].pc_entitytype","blueprint":"[modules:/zmathlerp.class].pc_entityblueprint","properties":{"m_fT":{"type":"float32","value":0},"m_B":{"type":"float32","value":0.6000000238418579},"m_A":{"type":"float32","value":1}},"events":{"Lerp":{"ConstantVector1D_01_Value":["b290a1cfda3c6a6d","ba193b90af130cad","6e924ebad9103158"]}}},"d76faf8aefead1d0":{"parent":"6e924ebad9103158","name":"male_reg_hokkaido_bodyguard_shirt","factory":"[assembly:/_pro/characters/assets/guards/hokkaido/bodyguards/materials/male_reg_hokkaido_bodyguard_shirt.mi].pc_entitytype","blueprint":"[assembly:/_pro/characters/assets/guards/hokkaido/bodyguards/materials/male_reg_hokkaido_bodyguard_shirt.mi].pc_entityblueprint","properties":{"m_mTransform":{"type":"SMatrix43","value":{"rotation":{"x":0,"y":0,"z":0},"position":{"x":0,"y":0,"z":0}}},"Texture2D_01_enab":{"type":"bool","value":true},"Texture2DNormal_01_enab":{"type":"bool","value":true},"Texture2D_03_enab":{"type":"bool","value":true},"ConstantVector1D_01_Value_op":{"type":"IRenderMaterialEntity.EModifierOperation","value":"eReplace"},"Diffuse_Color_01_Value_op":{"type":"IRenderMaterialEntity.EModifierOperation","value":"eReplace"},"Diffuse_Saturation_01_Value_op":{"type":"IRenderMaterialEntity.EModifierOperation","value":"eReplace"},"Diffuse_Hue_Shift_01_Value_op":{"type":"IRenderMaterialEntity.EModifierOperation","value":"eReplace"},"ConstantVector1D_16_Value_op":{"type":"IRenderMaterialEntity.EModifierOperation","value":"eReplace"},"ConstantVector1D_13_Value_op":{"type":"IRenderMaterialEntity.EModifierOperation","value":"eReplace"},"ConstantVector1D_03_Value_op":{"type":"IRenderMaterialEntity.EModifierOperation","value":"eReplace"},"ConstantVector1D_05_Value_op":{"type":"IRenderMaterialEntity.EModifierOperation","value":"eReplace"},"Diffuse_Hue_Shift_01_Value":{"type":"float32","value":0},"Diffuse_Saturation_01_Value":{"type":"float32","value":1},"Diffuse_Color_01_Value":{"type":"SColorRGB","value":"#b2b2b2"},"ConstantVector1D_01_Value":{"type":"float32","value":0.6499999761581421},"Texture2D_03":{"type":"ZRuntimeResourceID","value":{"resource":"[assembly:/_pro/characters/assets/guards/hokkaido/bodyguards/textures/male_reg_hokkaido_bodyguard_shirt.texture?/specular_a.tex](ascolormap).pc_tex","flag":"5F"}},"Texture2DNormal_01":{"type":"ZRuntimeResourceID","value":{"resource":"[assembly:/_pro/characters/assets/guards/hokkaido/bodyguards/textures/male_reg_hokkaido_bodyguard_shirt.texture?/normal_a.tex](asnormalmap).pc_tex","flag":"5F"}},"Texture2D_01":{"type":"ZRuntimeResourceID","value":{"resource":"[assembly:/_pro/characters/assets/guards/hokkaido/bodyguards/textures/male_reg_hokkaido_bodyguard_shirt.texture?/diffuse_white.tex](ascolormap).pc_tex","flag":"5F"}},"ConstantVector1D_16_Value":{"type":"float32","value":1},"ConstantVector1D_05_Value":{"type":"float32","value":0},"ConstantVector1D_13_Value":{"type":"float32","value":0.15000000596046448},"Clients":{"type":"TArray<SEntityTemplateReference>","value":["6e924ebad9103158"],"postInit":true},"m_eidParent":{"type":"SEntityTemplateReference","value":"9d7d97f77b410d49","postInit":true}}},"26d378d2fba57090":{"parent":"9d7d97f77b410d49","name":"FX_Hitman_Wet_Logic_Character","factory":"0067CFB703A80787","blueprint":"00AA88C960CD2080","properties":{"HeadMaterialToOverride":{"type":"ZRuntimeResourceID","value":{"resource":"009F7978C601815A","flag":"5F"}},"HeadMaterialOverride":{"type":"TArray<SEntityTemplateReference>","value":["9d7d97f77b410d49"],"postInit":true}},"events":{"HitmanWetness":{"T":["e133009524e26d37","7b85a13058480e3c","89ca1ebf83a50fb0","d05c94131f75ba7a"]},"ChangedDisguiseTrigger":{"Activate":["43226e3da4de07a","b290a1cfda3c6a6d","ba193b90af130cad"]}}},"e133009524e26d37":{"parent":"9d7d97f77b410d49","name":"Lerp","factory":"[modules:/zmathlerp.class].pc_entitytype","blueprint":"[modules:/zmathlerp.class].pc_entityblueprint","properties":{"m_fT":{"type":"float32","value":0},"m_B":{"type":"float32","value":0.4000000059604645},"m_A":{"type":"float32","value":0.23000000417232513}},"events":{"Lerp":{"ConstantVector1D_04_Value":["43226e3da4de07a"],"ConstantVector1D_14_Value":["6e924ebad9103158"]}}},"c92fb0f67d9916de":{"parent":"9d7d97f77b410d49","name":"ChildNetwork","factory":"[modules:/zchildnetworkentity.class].pc_entitytype","blueprint":"[modules:/zchildnetworkentity.class].pc_entityblueprint","properties":{"m_RuntimeNetworkResourceID":{"type":"ZRuntimeResourceID","value":{"resource":"[assembly:/animationnetworks/hitman01/idles/suitidle.aln].pc_rtn","flag":"9F"}}}},"9d7d97f77b410d49":{"parent":null,"name":"OUTFIT_Agent47_Reward_MakeshiftScrap_HeroA_v0","factory":"[assembly:/templates/aspectdummy.aspect]([modules:/zlinkedproxyentity.class].entitytype,[modules:/zclothcharacterentity.class].entitytype,[modules:/zheroidlenetworkaspect.class].entitytype).pc_entitytype","blueprint":"[assembly:/templates/aspectdummy.aspect]([modules:/zlinkedproxyentity.class].entitytype,[modules:/zclothcharacterentity.class].entitytype,[modules:/zheroidlenetworkaspect.class].entitytype).pc_entityblueprint","properties":{"m_ResourceID":{"type":"ZRuntimeResourceID","value":null},"m_fLODScale":{"type":"float32","value":1},"m_mTransform":{"type":"SMatrix43","value":{"rotation":{"x":0,"y":0,"z":-5.07093446756009},"position":{"x":68.48271179199219,"y":34.14189910888672,"z":0}}},"m_pBonesAndCollisionResource":{"type":"ZRuntimeResourceID","value":{"resource":"0017416135CF879C","flag":"5F"}},"m_bUsePerVertexStiffness":{"type":"bool","value":true},"m_LocalColliders":{"type":"TArray<SEntityTemplateReference>","value":[]},"m_bGlobalCollidersEnabled":{"type":"bool","value":false},"m_fDamping":{"type":"float32","value":1},"m_fBendStiffness":{"type":"float32","value":1},"m_bUsePerVertexDamping":{"type":"bool","value":true},"m_fShearStiffness":{"type":"float32","value":1},"m_bUseSkinningPosNormalConstrains":{"type":"bool","value":true},"m_bUseSkinningNegNormalConstrains":{"type":"bool","value":true},"m_nIterations":{"type":"uint32","value":2},"m_fFrequency":{"type":"float32","value":90},"m_vTranslationScale":{"type":"SVector3","value":{"x":0.10000000149011612,"y":0.10000000149011612,"z":0.10000000149011612}},"m_vGravity":{"type":"SVector3","value":{"x":0,"y":0,"z":-13}},"m_fLODOffset":{"type":"float32","value":100},"m_fDragConstant":{"type":"float32","value":1},"m_eStretchConstrainType":{"type":"EClothStretchConstrainType","value":"eClothBendConstrainType_LRA"},"m_fAngularVelocityThreshold":{"type":"float32","value":60},"m_eRootBone":{"type":"BoneId.Enum","value":"PELVIS"},"m_bEnableAngularVelocityScale":{"type":"bool","value":true},"m_eBendConstrainType":{"type":"EClothBendConstrainType","value":"eClothBendConstrainType_Triangle"},"m_pIdleAnimNetworkEntity":{"type":"SEntityTemplateReference","value":"c92fb0f67d9916de"},"m_bRandomStartState":{"type":"bool","value":true},"m_fWindConstant":{"type":"float32","value":0.10000000149011612},"m_aBodyParts":{"type":"TArray<SEntityTemplateReference>","value":["43226e3da4de07a","b397d0db3e676cc0","186a3bdbb9122a4e","ba193b90af130cad","6e924ebad9103158","b290a1cfda3c6a6d"],"postInit":true}}},"89ca1ebf83a50fb0":{"parent":"9d7d97f77b410d49","name":"Lerp 3","factory":"[modules:/zmathlerp.class].pc_entitytype","blueprint":"[modules:/zmathlerp.class].pc_entityblueprint","properties":{"m_fT":{"type":"float32","value":0},"m_B":{"type":"float32","value":2},"m_A":{"type":"float32","value":1}},"events":{"Lerp":{"ConstantVector1D_06_Value":["b290a1cfda3c6a6d","ba193b90af130cad","6e924ebad9103158"]}}},"fbb44c8382b77027":{"parent":"9d7d97f77b410d49","name":"Attacher_Wrist","factory":"[assembly:/templates/aspectdummy.aspect]([modules:/zcompositeentity.class].entitytype,[modules:/zboneattachaspect.class].entitytype).pc_entitytype","blueprint":"[assembly:/templates/aspectdummy.aspect]([modules:/zcompositeentity.class].entitytype,[modules:/zboneattachaspect.class].entitytype).pc_entityblueprint","properties":{"m_BoneName":{"type":"ZString","value":"L_Foretwist2"},"m_linkedEntity":{"type":"SEntityTemplateReference","value":"9d7d97f77b410d49"},"m_eidParent":{"type":"SEntityTemplateReference","value":"9d7d97f77b410d49"}}},"186a3bdbb9122a4e":{"parent":"9d7d97f77b410d49","name":"Head_47","factory":"00537D16B5CE7286","blueprint":"00F2E4A932ECAA63"},"aec6aec1c01aaed0":{"parent":"9d7d97f77b410d49","name":"male_reg_eyelashes","factory":"00AF6FD15BFAC222","blueprint":"00926F11E3C00813","properties":{"m_mTransform":{"type":"SMatrix43","value":{"rotation":{"x":0,"y":0,"z":0},"position":{"x":0,"y":0,"z":0}}},"Clients":{"type":"TArray<SEntityTemplateReference>","value":["9d7d97f77b410d49"]},"ConstantVector1D_15_Value_op":{"type":"IRenderMaterialEntity.EModifierOperation","value":"eReplace"},"ConstantVector1D_16_Value_op":{"type":"IRenderMaterialEntity.EModifierOperation","value":"eReplace"},"ConstantVector1D_16_Value":{"type":"float32","value":1.5},"m_eidParent":{"type":"SEntityTemplateReference","value":"9d7d97f77b410d49"}}},"1b53bc70e0d4dcc6":{"parent":"9d7d97f77b410d49","name":"base_eye","factory":"00FDEC17A5A2BF5F","blueprint":"00C4E4179AE75353","properties":{"m_mTransform":{"type":"SMatrix43","value":{"rotation":{"x":0,"y":0,"z":0},"position":{"x":0,"y":0,"z":0}}},"Clients":{"type":"TArray<SEntityTemplateReference>","value":["9d7d97f77b410d49"]},"EyeShader_01_IrisBrightness_op":{"type":"IRenderMaterialEntity.EModifierOperation","value":"eReplace"},"EyeShader_01_IrisBrightness":{"type":"float32","value":2},"EyeShader_01_PupilSize_op":{"type":"IRenderMaterialEntity.EModifierOperation","value":"eReplace"},"EyeShader_01_PupilSize":{"type":"float32","value":0.17000000178813934},"EyeShader_01_IrisHueShift_op":{"type":"IRenderMaterialEntity.EModifierOperation","value":"eReplace"},"EyeShader_01_IrisHueShift":{"type":"float32","value":0.10000000149011612},"EyeShader_01_CorneaSpecularPower_op":{"type":"IRenderMaterialEntity.EModifierOperation","value":"eReplace"},"EyeShader_01_CorneaSpecularPower":{"type":"float32","value":1},"EyeShader_01_CorneaSpecularIntensity_op":{"type":"IRenderMaterialEntity.EModifierOperation","value":"eReplace"},"EyeShader_01_CorneaSpecularIntensity":{"type":"float32","value":0.02500000037252903},"EyeShader_01_ScleraSpecularIntensity_op":{"type":"IRenderMaterialEntity.EModifierOperation","value":"eReplace"},"EyeShader_01_ScleraSpecularIntensity":{"type":"float32","value":0.019999999552965164},"Texture2D_01_enab":{"type":"bool","value":true},"Texture2D_01":{"type":"ZRuntimeResourceID","value":{"resource":"00956964149E802F","flag":"5F"}},"m_eidParent":{"type":"SEntityTemplateReference","value":"9d7d97f77b410d49"}}},"d05c94131f75ba7a":{"parent":"9d7d97f77b410d49","name":"Lerp 1","factory":"[modules:/zmathlerp.class].pc_entitytype","blueprint":"[modules:/zmathlerp.class].pc_entityblueprint","properties":{"m_A":{"type":"float32","value":1.5299999713897705},"m_fT":{"type":"float32","value":0}}},"d0f97e008966ee76":{"parent":"6e924ebad9103158","name":"Mesh","factory":"[assembly:/templates/aspectdummy.aspect]([modules:/zbodypartentity.class].entitytype,[modules:/zclothcollidergroupaspect.class].entitytype).pc_entitytype","blueprint":"[assembly:/templates/aspectdummy.aspect]([modules:/zbodypartentity.class].entitytype,[modules:/zclothcollidergroupaspect.class].entitytype).pc_entityblueprint","properties":{"m_pMeshResource":{"type":"ZRuntimeResourceID","value":{"resource":"00C0B92674DC4AE8","flag":"5F"}},"m_ClothColliders":{"type":"TArray<SEntityTemplateReference>","value":[]}}},"6e924ebad9103158":{"parent":"9d7d97f77b410d49","name":"Sweater_Turtleneck_SlimFit_Tkd","factory":"[modules:/zentity.class].pc_entitytype","blueprint":"[modules:/zentity.class].pc_entityblueprint","properties":{"Texture2D_01":{"type":"ZRuntimeResourceID","value":{"resource":"[assembly:/_pro/characters/assets/guards/hokkaido/bodyguards/textures/male_reg_hokkaido_bodyguard_shirt.texture?/diffuse_white.tex](ascolormap).pc_tex","flag":"5F"}},"ConstantVector1D_01_Value":{"type":"float32","value":0.6499999761581421},"Diffuse_Color_01_Value":{"type":"SColorRGB","value":"#b2b2b2"},"m_pMeshResource":{"type":"ZRuntimeResourceID","value":{"resource":"00C0B92674DC4AE8","flag":"5F"}}},"inputCopying":{"ConstantVector1D_06_Value":{"ConstantVector1D_06_Value":["d76faf8aefead1d0"]},"ConstantVector1D_14_Value":{"ConstantVector1D_14_Value":["d76faf8aefead1d0"]},"ConstantVector1D_01_Value":{"ConstantVector1D_01_Value":["d76faf8aefead1d0"]}},"propertyAliases":{"Diffuse_Hue_Shift_01_Value":[{"originalProperty":"Diffuse_Hue_Shift_01_Value","originalEntity":"d76faf8aefead1d0"}],"Diffuse_Saturation_01_Value":[{"originalProperty":"Diffuse_Saturation_01_Value","originalEntity":"d76faf8aefead1d0"}],"Diffuse_Color_01_Value":[{"originalProperty":"Diffuse_Color_01_Value","originalEntity":"d76faf8aefead1d0"}],"ConstantVector1D_01_Value":[{"originalProperty":"ConstantVector1D_01_Value","originalEntity":"d76faf8aefead1d0"}],"Texture2D_03":[{"originalProperty":"Texture2D_03","originalEntity":"d76faf8aefead1d0"}],"Texture2DNormal_01":[{"originalProperty":"Texture2DNormal_01","originalEntity":"d76faf8aefead1d0"}],"Texture2D_01":[{"originalProperty":"Texture2D_01","originalEntity":"d76faf8aefead1d0"}],"m_pMeshResource":[{"originalProperty":"m_pMeshResource","originalEntity":"d0f97e008966ee76"}],"ConstantVector1D_16_Value":[{"originalProperty":"ConstantVector1D_16_Value","originalEntity":"d76faf8aefead1d0"}],"ConstantVector1D_05_Value":[{"originalProperty":"ConstantVector1D_05_Value","originalEntity":"d76faf8aefead1d0"}],"ConstantVector1D_13_Value":[{"originalProperty":"ConstantVector1D_13_Value","originalEntity":"d76faf8aefead1d0"}]},"exposedInterfaces":{"ZBodyPartEntity":"d0f97e008966ee76","ZClothColliderGroupAspect":"d0f97e008966ee76"}},"fdce3e4ea87683ee":{"parent":"b290a1cfda3c6a6d","name":"headwear_turban_chainmail","factory":"00A55B257C08A375","blueprint":"0021982FF34DC290","properties":{"m_mTransform":{"type":"SMatrix43","value":{"rotation":{"x":0,"y":0,"z":1.233591873201849e-7},"position":{"x":-0.0000020156139726168476,"y":-7.776180268592725e-7,"z":0}}},"Clients":{"type":"TArray<SEntityTemplateReference>","value":["9d7d97f77b410d49"]},"Texture2DNormal_01":{"type":"ZRuntimeResourceID","value":{"resource":"00CAFCBC92B6E5E8","flag":"5F"}},"Texture2DNormal_01_enab":{"type":"bool","value":true},"Texture2D_01":{"type":"ZRuntimeResourceID","value":{"resource":"008029F4BBED1415","flag":"5F"}},"Texture2D_01_enab":{"type":"bool","value":true},"Diffuse_Color_01_Value_op":{"type":"IRenderMaterialEntity.EModifierOperation","value":"eReplace"},"Override":{"type":"bool","value":false},"ConstantVector1D_06_Value_op":{"type":"IRenderMaterialEntity.EModifierOperation","value":"eReplace"},"ConstantVector1D_06_Value":{"type":"float32","value":1},"ConstantVector1D_01_Value_op":{"type":"IRenderMaterialEntity.EModifierOperation","value":"eReplace"},"ConstantVector1D_01_Value":{"type":"float32","value":2.1600000858306885},"m_eidParent":{"type":"SEntityTemplateReference","value":"9d7d97f77b410d49"}}},"b290a1cfda3c6a6d":{"parent":"9d7d97f77b410d49","name":"Mesh_Reflex","factory":"[modules:/zbodypartentity.class].pc_entitytype","blueprint":"[modules:/zbodypartentity.class].pc_entityblueprint","properties":{"m_pMeshResource":{"type":"ZRuntimeResourceID","value":{"resource":"006E6C9BF2DAD02A","flag":"5F"}}},"inputCopying":{"Activate":{"Activate":["fdce3e4ea87683ee"]},"ConstantVector1D_06_Value":{"ConstantVector1D_06_Value":["fdce3e4ea87683ee"]},"ConstantVector1D_01_Value":{"ConstantVector1D_01_Value":["fdce3e4ea87683ee"]},"ConstantVector1D_04_Value":{"ConstantVector1D_04_Value":["fdce3e4ea87683ee"]}}},"bef1a83db1cbccc3":{"parent":"43226e3da4de07a","name":"agent47_sheep_boots","factory":"0015838E791A033A","blueprint":"00C7E5DE2E654DCD","properties":{"m_mTransform":{"type":"SMatrix43","value":{"rotation":{"x":0,"y":0,"z":0},"position":{"x":0,"y":0,"z":0}}},"Diffuse_Color_01_Value_op":{"type":"IRenderMaterialEntity.EModifierOperation","value":"eReplace"},"ConstantVector1D_01_Value_op":{"type":"IRenderMaterialEntity.EModifierOperation","value":"eReplace"},"ConstantVector1D_01_Value":{"type":"float32","value":0.75},"ConstantVector1D_14_Value_op":{"type":"IRenderMaterialEntity.EModifierOperation","value":"eReplace"},"ConstantVector1D_06_Value_op":{"type":"IRenderMaterialEntity.EModifierOperation","value":"eReplace"},"Diffuse_Saturation_01_Value_op":{"type":"IRenderMaterialEntity.EModifierOperation","value":"eReplace"},"Diffuse_Saturation_01_Value":{"type":"float32","value":0.09000000357627869},"Texture2D_01_enab":{"type":"bool","value":false},"Diffuse_Color_01_Value":{"type":"SColorRGB","value":"#ababab"},"m_eidParent":{"type":"SEntityTemplateReference","value":"9d7d97f77b410d49"},"Clients":{"type":"TArray<SEntityTemplateReference>","value":["43226e3da4de07a"],"postInit":true}}},"43226e3da4de07a":{"parent":"9d7d97f77b410d49","name":"Shoes_Boots_Military_01","factory":"00A7DC37E14B3676","blueprint":"000315500CD95840","properties":{"m_pMeshResource":{"type":"ZRuntimeResourceID","value":{"resource":"00AA8B74103597DD","flag":"5F"}}},"inputCopying":{"Activate":{"Activate":["bef1a83db1cbccc3"]},"ConstantVector1D_04_Value":{"ConstantVector1D_14_Value":["bef1a83db1cbccc3"]},"ConstantVector1D_01_Value":{"ConstantVector1D_01_Value":["bef1a83db1cbccc3"]}}},"6995e1f378906393":{"parent":"ba193b90af130cad","name":"agent47_sheep_pants_cargo","factory":"0011D2D07ADE2A05","blueprint":"001351359D722A8F","properties":{"m_mTransform":{"type":"SMatrix43","value":{"rotation":{"x":0,"y":0,"z":1.233591873201849e-7},"position":{"x":-5.0096540451049805,"y":6.946288108825684,"z":-1.3258450031280518}}},"ConstantVector1D_01_Value_op":{"type":"IRenderMaterialEntity.EModifierOperation","value":"eReplace"},"ConstantVector1D_14_Value_op":{"type":"IRenderMaterialEntity.EModifierOperation","value":"eReplace"},"Active":{"type":"bool","value":true},"ConstantVector1D_06_Value_op":{"type":"IRenderMaterialEntity.EModifierOperation","value":"eReplace"},"Texture2D_01":{"type":"ZRuntimeResourceID","value":{"resource":"0048CB8324961935","flag":"5F"}},"Texture2D_01_enab":{"type":"bool","value":true},"ConstantVector1D_01_Value":{"type":"float32","value":1},"Texture2D_03":{"type":"ZRuntimeResourceID","value":{"resource":"0048CB8324961935","flag":"5F"}},"Texture2D_03_enab":{"type":"bool","value":true},"m_eidParent":{"type":"SEntityTemplateReference","value":"9d7d97f77b410d49"}}},"ba193b90af130cad":{"parent":"9d7d97f77b410d49","name":"Pants_Cargo_Tucked_Low","factory":"00E45B9FE4AB5D3C","blueprint":"00B9CC80CD69339D","properties":{"Diffuse_Color_01_Value":{"type":"SColorRGB","value":"#4a4a4a"},"Texture2D_01":{"type":"ZRuntimeResourceID","value":{"resource":"007389CC67F82957","flag":"5F"}},"m_pMeshResource":{"type":"ZRuntimeResourceID","value":{"resource":"002F3F41AD59D1A2","flag":"5F"}}},"inputCopying":{"ConstantVector1D_14_Value":{"ConstantVector1D_14_Value":["6995e1f378906393"]},"ConstantVector1D_06_Value":{"ConstantVector1D_06_Value":["6995e1f378906393"]},"ConstantVector1D_01_Value":{"ConstantVector1D_01_Value":["6995e1f378906393"]},"Activate":{"Activate":["6995e1f378906393"]}}}},"propertyOverrides":[],"overrideDeletes":[],"pinConnectionOverrides":[],"pinConnectionOverrideDeletes":[],"externalScenes":[],"subType":"template","quickEntityVersion":3.1,"extraFactoryDependencies":[{"resource":"007D850436B0A092","flag":"5F"},{"resource":"00D247582859CA87","flag":"5F"},{"resource":"00D20CA72E352D16","flag":"5F"},{"resource":"[assembly:/_pro/characters/assets/_base/pro_fem_regular/textures/female_reg_eyelashes.texture?/normal_a.tex](asnormalmap).pc_tex","flag":"5F"},{"resource":"[assembly:/_pro/characters/assets/_base/pro_fem_regular/textures/female_reg_eyelashes.texture?/normal_a.tex](ascolormap).pc_tex","flag":"5F"},{"resource":"[assembly:/_pro/characters/assets/_base/pro_fem_regular/textures/female_reg_eyelashes.texture?/diffuse_a.tex](ascolormap).pc_tex","flag":"5F"},{"resource":"[assembly:/_pro/environment/textures/detailmaps/default.texture?/detail_a.tex](ascompoundnormal).pc_tex","flag":"5F"},{"resource":"00818BA637895231","flag":"5F"},{"resource":"[assembly:/_pro/characters/assets/_genericparts/skin/textures/skin_detail.texture?/normal_a.tex](asnormalmap).pc_tex","flag":"5F"},{"resource":"[assembly:/_pro/characters/assets/_genericparts/skin/textures/skin_detail.texture?/variance_a.tex](asheightmap).pc_tex","flag":"5F"},{"resource":"008E0FCF89ED862E","flag":"5F"},{"resource":"002C7E7EE46D0CD2","flag":"5F"},{"resource":"[assembly:/_pro/characters/assets/individuals/sean/textures/male_regular_sean_02_pant_01.texture?/specular_a.tex](ascolormap).pc_tex","flag":"5F"},{"resource":"[assembly:/_pro/characters/assets/individuals/sean/textures/male_regular_sean_02_pant_01.texture?/normal_a.tex](asnormalmap).pc_tex","flag":"5F"},{"resource":"00F2BCC29A3C929D","flag":"5F"},{"resource":"[assembly:/_pro/characters/assets/guards/colorado/militia_elite/textures/male_reg_militia_elite_shoes.texture?/normal_a.tex](asnormalmap).pc_tex","flag":"5F"},{"resource":"[assembly:/_pro/characters/assets/guards/colorado/militia_elite/textures/male_reg_militia_elite_shoes.texture?/specular_a.tex](ascolormap).pc_tex","flag":"5F"},{"resource":"[assembly:/_pro/characters/assets/guards/colorado/militia_elite/textures/male_reg_militia_elite_shoes.texture?/diffuse_a.tex](ascolormap).pc_tex","flag":"5F"},{"resource":"00393E746025E96C","flag":"5F"},{"resource":"0052111F41C6C1FB","flag":"5F"},{"resource":"007F078871DFA6D5","flag":"5F"},{"resource":"00C803A081496B57","flag":"5F"}],"extraBlueprintDependencies":[],"comments":[]}