{"tempHash":"005138417797A04E","tbluHash":"00945FFF47BBBDE3","patch":[{"RemoveEntityByID":"599290090d26c06d"},{"RemoveEntityByID":"4e7627c6713f3a9"},{"SubEntityOperation":["20457a49ea677952",{"RemoveEventConnection":["ChangedDisguiseTrigger","Activate","599290090d26c06d"]}]},{"SubEntityOperation":["1e479b87e0c54b14",{"PatchArrayPropertyValue":["m_aBodyParts",[{"RemoveItemByValue":"4e7627c6713f3a9"}]]}]},{"SubEntityOperation":["428a0579cc9c6903",{"RemoveEventConnection":["Lerp","ConstantVector1D_14_Value","599290090d26c06d"]}]},{"SubEntityOperation":["36696155eb7df735",{"RemoveEventConnection":["Lerp","ConstantVector1D_06_Value","599290090d26c06d"]}]}],"patchVersion":6}