{"tempHash":"00EAF4F0DCB82072","tbluHash":"007E8A2144B45C6F","rootEntity":"55d61b0ef4e07a75","entities":{"740dc381d37c3f83":{"parent":"55d61b0ef4e07a75","name":"Head_47","factory":"00537D16B5CE7286","blueprint":"00F2E4A932ECAA63"},"fe003086f9f56c56":{"parent":"b80e0aebab834aa3","name":"C_TighTop_L","factory":"[assembly:/templates/aspectdummy.aspect]([modules:/zclothsphere.class].entitytype,[modules:/zboneattachaspect.class].entitytype).pc_entitytype","blueprint":"[assembly:/templates/aspectdummy.aspect]([modules:/zclothsphere.class].entitytype,[modules:/zboneattachaspect.class].entitytype).pc_entityblueprint","properties":{"m_fRadius":{"type":"float32","value":0.1509999930858612},"m_BoneName":{"type":"ZString","value":"LThighTwist"},"m_mTransform":{"type":"SMatrix43","value":{"rotation":{"x":0,"y":0,"z":0},"position":{"x":0.0005510000046342611,"y":0.013880000449717045,"z":0.053095001727342606}}},"m_eidParent":{"type":"SEntityTemplateReference","value":"b80e0aebab834aa3","postInit":true}}},"3ba536808240bee4":{"parent":"55d61b0ef4e07a75","name":"jacket and pant Normal Bump Scale","factory":"[modules:/zmathlerp.class].pc_entitytype","blueprint":"[modules:/zmathlerp.class].pc_entityblueprint","properties":{"m_A":{"type":"float32","value":1.1299999952316284},"m_fT":{"type":"float32","value":0},"m_B":{"type":"float32","value":1.440000057220459}},"events":{"Lerp":{"ConstantVector1D_06_Value":["e016925ec765afce","d9063379d0a51358"]}}},"aecad0b2fd02e533":{"parent":"b80e0aebab834aa3","name":"C_Head","factory":"[assembly:/templates/aspectdummy.aspect]([modules:/zclothsphere.class].entitytype,[modules:/zboneattachaspect.class].entitytype).pc_entitytype","blueprint":"[assembly:/templates/aspectdummy.aspect]([modules:/zclothsphere.class].entitytype,[modules:/zboneattachaspect.class].entitytype).pc_entityblueprint","properties":{"m_BoneName":{"type":"ZString","value":"Head"},"m_fRadius":{"type":"float32","value":0.125},"m_mTransform":{"type":"SMatrix43","value":{"rotation":{"x":0,"y":0,"z":0},"position":{"x":0.07091700285673141,"y":0.03724899888038635,"z":0}}},"m_bEnabled":{"type":"bool","value":true},"m_eidParent":{"type":"SEntityTemplateReference","value":"b80e0aebab834aa3","postInit":true}}},"aac42a9e7ec9f2bf":{"parent":"5baf058422938782","name":"male_reg_shoes_sneakers_laces","factory":"002F964E23AAD6BA","blueprint":"00DBCAB57C06D0CE","properties":{"m_mTransform":{"type":"SMatrix43","value":{"rotation":{"x":0,"y":0,"z":0},"position":{"x":0,"y":0,"z":0}}},"Diffuse_Color_01_Value":{"type":"SColorRGB","value":"#dced91"},"Diffuse_Color_01_Value_op":{"type":"IRenderMaterialEntity.EModifierOperation","value":"eReplace"},"ConstantVector1D_05_Value":{"type":"float32","value":0.6100000143051147},"ConstantVector1D_04_Value_op":{"type":"IRenderMaterialEntity.EModifierOperation","value":"eReplace"},"ConstantVector1D_04_Value":{"type":"float32","value":1.350000023841858},"ConstantVector1D_01_Value":{"type":"float32","value":0.6200000047683716},"ConstantVector1D_05_Value_op":{"type":"IRenderMaterialEntity.EModifierOperation","value":"eReplace"},"Texture2D_01_enab":{"type":"bool","value":false},"Texture2D_03":{"type":"ZRuntimeResourceID","value":{"resource":"00B76CEAE21CD434","flag":"5F"}},"Texture2D_03_enab":{"type":"bool","value":true},"ConstantVector1D_06_Value_op":{"type":"IRenderMaterialEntity.EModifierOperation","value":"eLeave"},"Clients":{"type":"TArray<SEntityTemplateReference>","value":["5baf058422938782"],"postInit":true},"m_eidParent":{"type":"SEntityTemplateReference","value":"55d61b0ef4e07a75","postInit":true}}},"ba4c2fb05e8b7e77":{"parent":"b80e0aebab834aa3","name":"C_Spine_L","factory":"[assembly:/templates/aspectdummy.aspect]([modules:/zclothsphere.class].entitytype,[modules:/zboneattachaspect.class].entitytype).pc_entitytype","blueprint":"[assembly:/templates/aspectdummy.aspect]([modules:/zclothsphere.class].entitytype,[modules:/zboneattachaspect.class].entitytype).pc_entityblueprint","properties":{"m_BoneName":{"type":"ZString","value":"Spine"},"m_fRadius":{"type":"float32","value":0.15000000596046448},"m_mTransform":{"type":"SMatrix43","value":{"rotation":{"x":0,"y":0,"z":0},"position":{"x":0,"y":0.02884799987077713,"z":0.04099300131201744}}},"m_bEnabled":{"type":"bool","value":true},"m_bCollisionGroup0":{"type":"bool","value":true},"m_eidParent":{"type":"SEntityTemplateReference","value":"b80e0aebab834aa3","postInit":true}}},"5c2beb4aa1f17629":{"parent":"b80e0aebab834aa3","name":"C_Pelvis_L","factory":"[assembly:/templates/aspectdummy.aspect]([modules:/zclothsphere.class].entitytype,[modules:/zboneattachaspect.class].entitytype).pc_entitytype","blueprint":"[assembly:/templates/aspectdummy.aspect]([modules:/zclothsphere.class].entitytype,[modules:/zboneattachaspect.class].entitytype).pc_entityblueprint","properties":{"m_fRadius":{"type":"float32","value":0.12999999523162842},"m_BoneName":{"type":"ZString","value":"Pelvis"},"m_mTransform":{"type":"SMatrix43","value":{"rotation":{"x":-0.055977958130533356,"y":0,"z":-0.0559780181404361},"position":{"x":0.03650100156664848,"y":0.011141999624669552,"z":0.05415499955415726}}},"m_bEnabled":{"type":"bool","value":true},"m_eidParent":{"type":"SEntityTemplateReference","value":"b80e0aebab834aa3","postInit":true}}},"4dfee830ec901256":{"parent":"e016925ec765afce","name":"male_reg_pants_jeans_baggy","factory":"00DCB08DEF470235","blueprint":"00E8E99D1AA9F00C","properties":{"m_mTransform":{"type":"SMatrix43","value":{"rotation":{"x":0,"y":0,"z":0},"position":{"x":0.0000016430300320280367,"y":3.8111130606921506e-7,"z":0}}},"Texture2D_01":{"type":"ZRuntimeResourceID","value":{"resource":"00493A3ED49C91A7","flag":"5F"}},"Texture2D_01_enab":{"type":"bool","value":true},"ConstantVector1D_15_Value_op":{"type":"IRenderMaterialEntity.EModifierOperation","value":"eLeave"},"ConstantVector1D_15_Value":{"type":"float32","value":1},"ConstantVector1D_14_Value_op":{"type":"IRenderMaterialEntity.EModifierOperation","value":"eReplace"},"ConstantVector1D_14_Value":{"type":"float32","value":0.3499999940395355},"Clients":{"type":"TArray<SEntityTemplateReference>","value":["55d61b0ef4e07a75"],"postInit":true},"m_eidParent":{"type":"SEntityTemplateReference","value":"55d61b0ef4e07a75","postInit":true}}},"e4b9700e4193864a":{"parent":"b80e0aebab834aa3","name":"CChain_Neck_Arms","factory":"[modules:/zclothspherechain.class].pc_entitytype","blueprint":"[modules:/zclothspherechain.class].pc_entityblueprint","properties":{"m_mTransform":{"type":"SMatrix43","value":{"rotation":{"x":0,"y":0,"z":0},"position":{"x":-1.1920930376163597e-7,"y":0,"z":0}}},"m_bCollisionGroup0":{"type":"bool","value":true},"m_bEnabled":{"type":"bool","value":true},"m_Spheres":{"type":"TArray<SEntityTemplateReference>","value":["ab9d465ad38bd8e7","aecad0b2fd02e533","212d5d9440703756","e3de9146a789641a"],"postInit":true},"m_eidParent":{"type":"SEntityTemplateReference","value":"b80e0aebab834aa3","postInit":true}}},"3fc55f2990fa1748":{"parent":"b80e0aebab834aa3","name":"C_TighMid_R","factory":"[assembly:/templates/aspectdummy.aspect]([modules:/zclothsphere.class].entitytype,[modules:/zboneattachaspect.class].entitytype).pc_entitytype","blueprint":"[assembly:/templates/aspectdummy.aspect]([modules:/zclothsphere.class].entitytype,[modules:/zboneattachaspect.class].entitytype).pc_entityblueprint","properties":{"m_fRadius":{"type":"float32","value":0.11500000208616257},"m_BoneName":{"type":"ZString","value":"RThighTwist1"},"m_mTransform":{"type":"SMatrix43","value":{"rotation":{"x":0,"y":0,"z":0},"position":{"x":0.053668998181819916,"y":0.006515000015497208,"z":-0.0036349999718368053}}},"m_eidParent":{"type":"SEntityTemplateReference","value":"b80e0aebab834aa3","postInit":true}}},"b11125603768021f":{"parent":"55d61b0ef4e07a75","name":"Suit Fuzz Max","factory":"[modules:/zmathlerp.class].pc_entitytype","blueprint":"[modules:/zmathlerp.class].pc_entityblueprint","properties":{"m_A":{"type":"float32","value":9.920000076293945},"m_B":{"type":"float32","value":8.539999961853027},"m_fT":{"type":"float32","value":0}}},"4dd457262f85bf3":{"parent":"b80e0aebab834aa3","name":"C_Spine2_R","factory":"[assembly:/templates/aspectdummy.aspect]([modules:/zclothsphere.class].entitytype,[modules:/zboneattachaspect.class].entitytype).pc_entitytype","blueprint":"[assembly:/templates/aspectdummy.aspect]([modules:/zclothsphere.class].entitytype,[modules:/zboneattachaspect.class].entitytype).pc_entityblueprint","properties":{"m_BoneName":{"type":"ZString","value":"Spine2"},"m_fRadius":{"type":"float32","value":0.14000000059604645},"m_mTransform":{"type":"SMatrix43","value":{"rotation":{"x":0.6075190242261483,"y":0.04131030369781178,"z":7.77816180870083},"position":{"x":-0.034866999834775925,"y":0.024687999859452248,"z":-0.04030299931764603}}},"m_bEnabled":{"type":"bool","value":true},"m_eidParent":{"type":"SEntityTemplateReference","value":"b80e0aebab834aa3","postInit":true}}},"a6445fb9ad2b985b":{"parent":"55d61b0ef4e07a75","name":"Mesh_Jacket","factory":"[modules:/zbodypartentity.class].pc_entitytype","blueprint":"[modules:/zbodypartentity.class].pc_entityblueprint","properties":{"m_pMeshResource":{"type":"ZRuntimeResourceID","value":{"resource":"005160B3274381D9","flag":"5F"}}}},"212d5d9440703756":{"parent":"b80e0aebab834aa3","name":"C_Neck","factory":"[assembly:/templates/aspectdummy.aspect]([modules:/zclothsphere.class].entitytype,[modules:/zboneattachaspect.class].entitytype).pc_entitytype","blueprint":"[assembly:/templates/aspectdummy.aspect]([modules:/zclothsphere.class].entitytype,[modules:/zboneattachaspect.class].entitytype).pc_entityblueprint","properties":{"m_BoneName":{"type":"ZString","value":"Neck"},"m_fRadius":{"type":"float32","value":0.08500000089406967},"m_mTransform":{"type":"SMatrix43","value":{"rotation":{"x":0,"y":0,"z":0},"position":{"x":0,"y":0,"z":0}}},"m_bEnabled":{"type":"bool","value":true},"m_eidParent":{"type":"SEntityTemplateReference","value":"b80e0aebab834aa3","postInit":true}}},"89ee9cb50caab998":{"parent":"b80e0aebab834aa3","name":"C_Spine2_L","factory":"[assembly:/templates/aspectdummy.aspect]([modules:/zclothsphere.class].entitytype,[modules:/zboneattachaspect.class].entitytype).pc_entitytype","blueprint":"[assembly:/templates/aspectdummy.aspect]([modules:/zclothsphere.class].entitytype,[modules:/zboneattachaspect.class].entitytype).pc_entityblueprint","properties":{"m_BoneName":{"type":"ZString","value":"Spine2"},"m_fRadius":{"type":"float32","value":0.14000000059604645},"m_mTransform":{"type":"SMatrix43","value":{"rotation":{"x":0.7218317539587317,"y":0.04915981154774293,"z":7.789388884865077},"position":{"x":-0.0348690003156662,"y":0.02468400076031685,"z":0.040442001074552536}}},"m_bEnabled":{"type":"bool","value":true},"m_eidParent":{"type":"SEntityTemplateReference","value":"b80e0aebab834aa3","postInit":true}}},"2485c5cb8cf2b6b2":{"parent":"b80e0aebab834aa3","name":"ColliderGroup","factory":"[modules:/zclothcollidergroup.class].pc_entitytype","blueprint":"[modules:/zclothcollidergroup.class].pc_entityblueprint","properties":{"m_ClothColliders":{"type":"TArray<SEntityTemplateReference>","value":["21ef6c65d6a1410f","439a2f7f420abe28","3ed75f7a089e1a62","e4b9700e4193864a"],"postInit":true},"m_eidParent":{"type":"SEntityTemplateReference","value":"b80e0aebab834aa3","postInit":true}}},"e016925ec765afce":{"parent":"55d61b0ef4e07a75","name":"Mesh_Pants","factory":"[modules:/zbodypartentity.class].pc_entitytype","blueprint":"[modules:/zbodypartentity.class].pc_entityblueprint","properties":{"m_pMeshResource":{"type":"ZRuntimeResourceID","value":{"resource":"005160B3274381D9","flag":"5F"}}},"inputCopying":{"ConstantVector1D_01_Value":{"ConstantVector1D_01_Value":["4dfee830ec901256"]},"ConstantVector1D_06_Value":{"ConstantVector1D_06_Value":["4dfee830ec901256"]},"ConstantVector1D_14_Value":{"ConstantVector1D_14_Value":["4dfee830ec901256"]}}},"f62172f072b6dc78":{"parent":"32e2b2a6c893e6a8","name":"male_reg_shoes_sneakers","factory":"0091D73CA6420561","blueprint":"00AB4AD11211B549","properties":{"m_mTransform":{"type":"SMatrix43","value":{"rotation":{"x":0,"y":0,"z":0},"position":{"x":1.5783480405807495,"y":-0.1369740068912506,"z":1.4805890321731567}}},"Diffuse_Color_01_Value_op":{"type":"IRenderMaterialEntity.EModifierOperation","value":"eReplace"},"Texture2D_01_enab":{"type":"bool","value":false},"ConstantVector1D_04_Value_op":{"type":"IRenderMaterialEntity.EModifierOperation","value":"eReplace"},"Diffuse_Color_01_Value":{"type":"SColorRGB","value":"#000000"},"Texture2D_01":{"type":"ZRuntimeResourceID","value":{"resource":"00B76CEAE21CD434","flag":"5F"}},"Clients":{"type":"TArray<SEntityTemplateReference>","value":["32e2b2a6c893e6a8"],"postInit":true},"m_eidParent":{"type":"SEntityTemplateReference","value":"55d61b0ef4e07a75","postInit":true}}},"32e2b2a6c893e6a8":{"parent":"55d61b0ef4e07a75","name":"Sneakers","factory":"[modules:/zbodypartentity.class].pc_entitytype","blueprint":"[modules:/zbodypartentity.class].pc_entityblueprint","properties":{"m_pMeshResource":{"type":"ZRuntimeResourceID","value":{"resource":"0057748056811403","flag":"5F"}},"Texture2D_01":{"type":"ZRuntimeResourceID","value":{"resource":"00B76CEAE21CD434","flag":"5F"}},"Diffuse_Color_01_Value":{"type":"SColorRGB","value":"#000000"}},"inputCopying":{"ConstantVector1D_04_Value":{"ConstantVector1D_04_Value":["f62172f072b6dc78"]},"ConstantVector1D_06_Value":{"ConstantVector1D_06_Value":["f62172f072b6dc78"]}},"propertyAliases":{"Diffuse_Color_01_Value":[{"originalProperty":"Diffuse_Color_01_Value","originalEntity":"f62172f072b6dc78"}],"Texture2D_01":[{"originalProperty":"Texture2D_01","originalEntity":"f62172f072b6dc78"}]}},"ef4e5f039bc180e5":{"parent":"b80e0aebab834aa3","name":"C_TighTop_R","factory":"[assembly:/templates/aspectdummy.aspect]([modules:/zclothsphere.class].entitytype,[modules:/zboneattachaspect.class].entitytype).pc_entitytype","blueprint":"[assembly:/templates/aspectdummy.aspect]([modules:/zclothsphere.class].entitytype,[modules:/zboneattachaspect.class].entitytype).pc_entityblueprint","properties":{"m_fRadius":{"type":"float32","value":0.1509999930858612},"m_BoneName":{"type":"ZString","value":"RThighTwist"},"m_mTransform":{"type":"SMatrix43","value":{"rotation":{"x":0,"y":0.027960334313977712,"z":0},"position":{"x":0.0009330000029876828,"y":0.01523900032043457,"z":-0.047203999012708664}}},"m_eidParent":{"type":"SEntityTemplateReference","value":"b80e0aebab834aa3","postInit":true}}},"f78271387cd9de12":{"parent":"d9063379d0a51358","name":"base_male_jacket_bomber_goldenlux","factory":"00F626404B4C1C6D","blueprint":"0091C274BC641E0A","properties":{"m_mTransform":{"type":"SMatrix43","value":{"rotation":{"x":0,"y":0,"z":0},"position":{"x":0.0000016430300320280367,"y":3.8111130606921506e-7,"z":0}}},"ConstantVector1D_01_Value_op":{"type":"IRenderMaterialEntity.EModifierOperation","value":"eReplace"},"Texture2D_03_enab":{"type":"bool","value":true},"Active":{"type":"bool","value":true},"Override":{"type":"bool","value":false},"Texture2D_03":{"type":"ZRuntimeResourceID","value":{"resource":"00C6F0F75206E74E","flag":"5F"}},"ConstantVector1D_15_Value_op":{"type":"IRenderMaterialEntity.EModifierOperation","value":"eReplace"},"ConstantVector1D_14_Value_op":{"type":"IRenderMaterialEntity.EModifierOperation","value":"eReplace"},"Global":{"type":"bool","value":false},"Clients":{"type":"TArray<SEntityTemplateReference>","value":["55d61b0ef4e07a75","d9063379d0a51358"],"postInit":true},"m_eidParent":{"type":"SEntityTemplateReference","value":"55d61b0ef4e07a75","postInit":true}}},"9b388554317d5525":{"parent":"55d61b0ef4e07a75","name":"Base Normal Bump Scale","factory":"[modules:/zmathlerp.class].pc_entitytype","blueprint":"[modules:/zmathlerp.class].pc_entityblueprint","properties":{"m_A":{"type":"float32","value":1},"m_fT":{"type":"float32","value":0},"m_B":{"type":"float32","value":1.440000057220459}},"events":{"Lerp":{"ConstantVector1D_06_Value":["aa0954ee59db8dcb"]}}},"439a2f7f420abe28":{"parent":"b80e0aebab834aa3","name":"CChain_Spine_R","factory":"[modules:/zclothspherechain.class].pc_entitytype","blueprint":"[modules:/zclothspherechain.class].pc_entityblueprint","properties":{"m_mTransform":{"type":"SMatrix43","value":{"rotation":{"x":0,"y":0,"z":0},"position":{"x":-1.290655973207322e-7,"y":2.171457902377938e-9,"z":0}}},"m_Spheres":{"type":"TArray<SEntityTemplateReference>","value":["764de8ce9e3da78f","5171ef024aeaec86","4dd457262f85bf3"],"postInit":true},"m_eidParent":{"type":"SEntityTemplateReference","value":"b80e0aebab834aa3","postInit":true}}},"6509062809ab9ff8":{"parent":"b80e0aebab834aa3","name":"C_Knee_L","factory":"[assembly:/templates/aspectdummy.aspect]([modules:/zclothsphere.class].entitytype,[modules:/zboneattachaspect.class].entitytype).pc_entitytype","blueprint":"[assembly:/templates/aspectdummy.aspect]([modules:/zclothsphere.class].entitytype,[modules:/zboneattachaspect.class].entitytype).pc_entityblueprint","properties":{"m_fRadius":{"type":"float32","value":0.07999999821186066},"m_BoneName":{"type":"ZString","value":"LThighTwist2"},"m_mTransform":{"type":"SMatrix43","value":{"rotation":{"x":0,"y":0.019767042409995977,"z":0},"position":{"x":0.12600800395011902,"y":-0.011082000099122524,"z":-0.008000999689102173}}},"m_eidParent":{"type":"SEntityTemplateReference","value":"b80e0aebab834aa3","postInit":true}}},"736f6472782bd18b":{"parent":"55d61b0ef4e07a75","name":"FX_Hitman_Wet_Logic_Character_01","factory":"0067CFB703A80787","blueprint":"00AA88C960CD2080","properties":{"HeadMaterialToOverride":{"type":"ZRuntimeResourceID","value":{"resource":"009F7978C601815A","flag":"5F"}},"HeadMaterialOverride":{"type":"TArray<SEntityTemplateReference>","value":["55d61b0ef4e07a75"],"postInit":true}},"events":{"HitmanWetness":{"T":["6b51b6c429724d01","b11125603768021f","369809617eab6638","9b388554317d5525","7c6124b6210dda3","82f2a537932db173","3ba536808240bee4","3d1166251dc9ede7"]}}},"7c6124b6210dda3":{"parent":"55d61b0ef4e07a75","name":"Tshirt Diffuse","factory":"[modules:/zmathlerp.class].pc_entitytype","blueprint":"[modules:/zmathlerp.class].pc_entityblueprint","properties":{"m_A":{"type":"float32","value":0.5699999928474426},"m_fT":{"type":"float32","value":0},"m_B":{"type":"float32","value":0.33000001311302185}},"events":{"Lerp":{"ConstantVector1D_01_Value":["aa0954ee59db8dcb"]}}},"3ed75f7a089e1a62":{"parent":"b80e0aebab834aa3","name":"CChain_Spine_L","factory":"[modules:/zclothspherechain.class].pc_entitytype","blueprint":"[modules:/zclothspherechain.class].pc_entityblueprint","properties":{"m_mTransform":{"type":"SMatrix43","value":{"rotation":{"x":0,"y":0,"z":0},"position":{"x":-1.290655973207322e-7,"y":2.171457902377938e-9,"z":0}}},"m_Spheres":{"type":"TArray<SEntityTemplateReference>","value":["ba4c2fb05e8b7e77","b8e6d89ae7817015","89ee9cb50caab998"],"postInit":true},"m_eidParent":{"type":"SEntityTemplateReference","value":"b80e0aebab834aa3","postInit":true}}},"82f2a537932db173":{"parent":"55d61b0ef4e07a75","name":"Base Min 2","factory":"[modules:/zmathlerp.class].pc_entitytype","blueprint":"[modules:/zmathlerp.class].pc_entityblueprint","properties":{"m_A":{"type":"float32","value":0},"m_B":{"type":"float32","value":0.3499999940395355},"m_fT":{"type":"float32","value":0}},"events":{"Lerp":{"ConstantVector1D_14_Value":["e016925ec765afce","aa0954ee59db8dcb","d9063379d0a51358"],"ConstantVector1D_04_Value":["32e2b2a6c893e6a8"]}}},"b3b46a46c3c95a52":{"parent":"aa0954ee59db8dcb","name":"Mesh","factory":"[assembly:/templates/aspectdummy.aspect]([modules:/zbodypartentity.class].entitytype,[modules:/zclothcollidergroupaspect.class].entitytype).pc_entitytype","blueprint":"[assembly:/templates/aspectdummy.aspect]([modules:/zbodypartentity.class].entitytype,[modules:/zclothcollidergroupaspect.class].entitytype).pc_entityblueprint","properties":{"m_pMeshResource":{"type":"ZRuntimeResourceID","value":{"resource":"00C1BAB73392F163","flag":"5F"}},"m_ClothColliders":{"type":"TArray<SEntityTemplateReference>","value":[]}}},"6e0bd91f739f7cd3":{"parent":"55d61b0ef4e07a75","name":"Agent47_Gloves_Driving","factory":"008897FB54E3DB82","blueprint":"00F716010CB776C3","properties":{"m_pMeshResource":{"type":"ZRuntimeResourceID","value":{"resource":"00CE98462BB5D5B6","flag":"5F"}}}},"5171ef024aeaec86":{"parent":"b80e0aebab834aa3","name":"C_Spine1_R","factory":"[assembly:/templates/aspectdummy.aspect]([modules:/zclothsphere.class].entitytype,[modules:/zboneattachaspect.class].entitytype).pc_entitytype","blueprint":"[assembly:/templates/aspectdummy.aspect]([modules:/zclothsphere.class].entitytype,[modules:/zboneattachaspect.class].entitytype).pc_entityblueprint","properties":{"m_BoneName":{"type":"ZString","value":"Spine1"},"m_fRadius":{"type":"float32","value":0.11699999868869781},"m_mTransform":{"type":"SMatrix43","value":{"rotation":{"x":0,"y":0,"z":0},"position":{"x":-0.030852999538183212,"y":0.001858999952673912,"z":-0.0661339983344078}}},"m_bEnabled":{"type":"bool","value":true},"m_eidParent":{"type":"SEntityTemplateReference","value":"b80e0aebab834aa3","postInit":true}}},"ab9d465ad38bd8e7":{"parent":"b80e0aebab834aa3","name":"C_Clavicle_L","factory":"[assembly:/templates/aspectdummy.aspect]([modules:/zclothsphere.class].entitytype,[modules:/zboneattachaspect.class].entitytype).pc_entitytype","blueprint":"[assembly:/templates/aspectdummy.aspect]([modules:/zclothsphere.class].entitytype,[modules:/zboneattachaspect.class].entitytype).pc_entityblueprint","properties":{"m_BoneName":{"type":"ZString","value":"L_Clavicle"},"m_fRadius":{"type":"float32","value":0.08500000089406967},"m_mTransform":{"type":"SMatrix43","value":{"rotation":{"x":0,"y":0,"z":0},"position":{"x":0,"y":0,"z":0}}},"m_bEnabled":{"type":"bool","value":true},"m_eidParent":{"type":"SEntityTemplateReference","value":"b80e0aebab834aa3","postInit":true}}},"19051c1a8d96d4e5":{"parent":"b80e0aebab834aa3","name":"C_Knee_R","factory":"[assembly:/templates/aspectdummy.aspect]([modules:/zclothsphere.class].entitytype,[modules:/zboneattachaspect.class].entitytype).pc_entitytype","blueprint":"[assembly:/templates/aspectdummy.aspect]([modules:/zclothsphere.class].entitytype,[modules:/zboneattachaspect.class].entitytype).pc_entityblueprint","properties":{"m_fRadius":{"type":"float32","value":0.07999999821186066},"m_BoneName":{"type":"ZString","value":"RThighTwist2"},"m_mTransform":{"type":"SMatrix43","value":{"rotation":{"x":0.01976704358638215,"y":0,"z":0},"position":{"x":0.12606200575828552,"y":-0.011234999634325504,"z":-0.0020119999535381794}}},"m_eidParent":{"type":"SEntityTemplateReference","value":"b80e0aebab834aa3","postInit":true}}},"b8e6d89ae7817015":{"parent":"b80e0aebab834aa3","name":"C_Spine1_L","factory":"[assembly:/templates/aspectdummy.aspect]([modules:/zclothsphere.class].entitytype,[modules:/zboneattachaspect.class].entitytype).pc_entitytype","blueprint":"[assembly:/templates/aspectdummy.aspect]([modules:/zclothsphere.class].entitytype,[modules:/zboneattachaspect.class].entitytype).pc_entityblueprint","properties":{"m_BoneName":{"type":"ZString","value":"Spine1"},"m_fRadius":{"type":"float32","value":0.11699999868869781},"m_mTransform":{"type":"SMatrix43","value":{"rotation":{"x":0,"y":0,"z":0},"position":{"x":-0.03167999908328056,"y":0.010743999853730202,"z":0.05462599918246269}}},"m_bEnabled":{"type":"bool","value":true},"m_eidParent":{"type":"SEntityTemplateReference","value":"b80e0aebab834aa3","postInit":true}}},"6bda2579a8383507":{"parent":"b80e0aebab834aa3","name":"C_Pelvis_R","factory":"[assembly:/templates/aspectdummy.aspect]([modules:/zclothsphere.class].entitytype,[modules:/zboneattachaspect.class].entitytype).pc_entitytype","blueprint":"[assembly:/templates/aspectdummy.aspect]([modules:/zclothsphere.class].entitytype,[modules:/zboneattachaspect.class].entitytype).pc_entityblueprint","properties":{"m_fRadius":{"type":"float32","value":0.12999999523162842},"m_BoneName":{"type":"ZString","value":"Pelvis"},"m_mTransform":{"type":"SMatrix43","value":{"rotation":{"x":-0.055977958130533356,"y":0,"z":-0.0559780181404361},"position":{"x":0.03649599850177765,"y":0.011141999624669552,"z":-0.05660700052976608}}},"m_bEnabled":{"type":"bool","value":true},"m_eidParent":{"type":"SEntityTemplateReference","value":"b80e0aebab834aa3","postInit":true}}},"21ef6c65d6a1410f":{"parent":"b80e0aebab834aa3","name":"CChain_Legs","factory":"[modules:/zclothspherechain.class].pc_entitytype","blueprint":"[modules:/zclothspherechain.class].pc_entityblueprint","properties":{"m_mTransform":{"type":"SMatrix43","value":{"rotation":{"x":0,"y":0,"z":0},"position":{"x":-1.290655973207322e-7,"y":2.171457902377938e-9,"z":0}}},"m_bCollisionGroup0":{"type":"bool","value":true},"m_bEnabled":{"type":"bool","value":true},"m_Spheres":{"type":"TArray<SEntityTemplateReference>","value":["19051c1a8d96d4e5","3fc55f2990fa1748","ef4e5f039bc180e5","6bda2579a8383507","5c2beb4aa1f17629","fe003086f9f56c56","915960ff02468352","6509062809ab9ff8"],"postInit":true},"m_eidParent":{"type":"SEntityTemplateReference","value":"b80e0aebab834aa3","postInit":true}}},"764de8ce9e3da78f":{"parent":"b80e0aebab834aa3","name":"C_Spine_R","factory":"[assembly:/templates/aspectdummy.aspect]([modules:/zclothsphere.class].entitytype,[modules:/zboneattachaspect.class].entitytype).pc_entitytype","blueprint":"[assembly:/templates/aspectdummy.aspect]([modules:/zclothsphere.class].entitytype,[modules:/zboneattachaspect.class].entitytype).pc_entityblueprint","properties":{"m_BoneName":{"type":"ZString","value":"Spine"},"m_fRadius":{"type":"float32","value":0.15000000596046448},"m_mTransform":{"type":"SMatrix43","value":{"rotation":{"x":0,"y":0,"z":0},"position":{"x":-0.000009000000318337698,"y":0.027367999777197838,"z":-0.042892999947071075}}},"m_bEnabled":{"type":"bool","value":true},"m_bCollisionGroup0":{"type":"bool","value":true},"m_eidParent":{"type":"SEntityTemplateReference","value":"b80e0aebab834aa3","postInit":true}}},"c47905db96c2ec5":{"parent":"aa0954ee59db8dcb","name":"base_male_shirt_regular","factory":"00526FE8FCF776FA","blueprint":"0082486920F31969","properties":{"m_mTransform":{"type":"SMatrix43","value":{"rotation":{"x":0,"y":0,"z":0},"position":{"x":0,"y":0,"z":0}}},"Texture2D_01_enab":{"type":"bool","value":true},"Texture2DNormal_01_enab":{"type":"bool","value":true},"Texture2D_03_enab":{"type":"bool","value":true},"ConstantVector1D_01_Value_op":{"type":"IRenderMaterialEntity.EModifierOperation","value":"eReplace"},"Diffuse_Color_01_Value_op":{"type":"IRenderMaterialEntity.EModifierOperation","value":"eLeave"},"Diffuse_Saturation_01_Value_op":{"type":"IRenderMaterialEntity.EModifierOperation","value":"eReplace"},"Diffuse_Hue_Shift_01_Value_op":{"type":"IRenderMaterialEntity.EModifierOperation","value":"eReplace"},"ConstantVector1D_06_Value_op":{"type":"IRenderMaterialEntity.EModifierOperation","value":"eReplace"},"ConstantVector1D_14_Value_op":{"type":"IRenderMaterialEntity.EModifierOperation","value":"eReplace"},"ConstantVector1D_14_Value":{"type":"float32","value":0},"Diffuse_Hue_Shift_01_Value":{"type":"float32","value":0},"Diffuse_Saturation_01_Value":{"type":"float32","value":1},"Diffuse_Color_01_Value":{"type":"SColorRGB","value":"#ffffff"},"ConstantVector1D_01_Value":{"type":"float32","value":0.800000011920929},"Texture2D_03":{"type":"ZRuntimeResourceID","value":{"resource":"00A6F9B7C3B58D59","flag":"5F"}},"Texture2DNormal_01":{"type":"ZRuntimeResourceID","value":{"resource":"00215062D34FE975","flag":"5F"}},"Texture2D_01":{"type":"ZRuntimeResourceID","value":{"resource":"009980976FE49017","flag":"5F"}},"Clients":{"type":"TArray<SEntityTemplateReference>","value":["aa0954ee59db8dcb"],"postInit":true},"m_eidParent":{"type":"SEntityTemplateReference","value":"55d61b0ef4e07a75","postInit":true}}},"e3de9146a789641a":{"parent":"b80e0aebab834aa3","name":"C_Clavicle_R","factory":"[assembly:/templates/aspectdummy.aspect]([modules:/zclothsphere.class].entitytype,[modules:/zboneattachaspect.class].entitytype).pc_entitytype","blueprint":"[assembly:/templates/aspectdummy.aspect]([modules:/zclothsphere.class].entitytype,[modules:/zboneattachaspect.class].entitytype).pc_entityblueprint","properties":{"m_BoneName":{"type":"ZString","value":"R_Clavicle"},"m_fRadius":{"type":"float32","value":0.08500000089406967},"m_mTransform":{"type":"SMatrix43","value":{"rotation":{"x":0,"y":0,"z":0},"position":{"x":0,"y":0,"z":0}}},"m_bEnabled":{"type":"bool","value":true},"m_eidParent":{"type":"SEntityTemplateReference","value":"b80e0aebab834aa3","postInit":true}}},"d9063379d0a51358":{"parent":"55d61b0ef4e07a75","name":"Jacket_Bomber_Open","factory":"00ED542C09DFC9F4","blueprint":"002917D44D22B873","properties":{"Diffuse_Color_01_Value":{"type":"SColorRGB","value":"#858029"},"Texture2D_01":{"type":"ZRuntimeResourceID","value":{"resource":"00F496630400E27D","flag":"5F"}},"Texture2DNormal_01":{"type":"ZRuntimeResourceID","value":{"resource":"00BD6E1ABA841911","flag":"5F"}},"Texture2D_03":{"type":"ZRuntimeResourceID","value":{"resource":"00C6F0F75206E74E","flag":"5F"}},"m_pMeshResource":{"type":"ZRuntimeResourceID","value":{"resource":"00E3CFB098E4A160","flag":"5F"}},"ConstantVector1D_01_Value":{"type":"float32","value":1},"Diffuse_Saturation_01_Value":{"type":"float32","value":1}},"inputCopying":{"ConstantVector1D_01_Value":{"ConstantVector1D_01_Value":["f78271387cd9de12"]},"ConstantVector1D_06_Value":{"ConstantVector1D_06_Value":["f78271387cd9de12"]},"ConstantVector1D_14_Value":{"ConstantVector1D_14_Value":["f78271387cd9de12"]}}},"55d61b0ef4e07a75":{"parent":null,"name":"OUTFIT_Agent47_Reward_Luxurious_HeroA_v0","factory":"[assembly:/templates/aspectdummy.aspect]([modules:/zlinkedproxyentity.class].entitytype,[modules:/zclothcharacterentity.class].entitytype,[modules:/zheroidlenetworkaspect.class].entitytype).pc_entitytype","blueprint":"[assembly:/templates/aspectdummy.aspect]([modules:/zlinkedproxyentity.class].entitytype,[modules:/zclothcharacterentity.class].entitytype,[modules:/zheroidlenetworkaspect.class].entitytype).pc_entityblueprint","properties":{"m_LocalColliders":{"type":"TArray<SEntityTemplateReference>","value":[]},"m_mTransform":{"type":"SMatrix43","value":{"rotation":{"x":0,"y":0,"z":-3.7795637015468637},"position":{"x":65.44159698486328,"y":33.98101043701172,"z":0}}},"m_pBonesAndCollisionResource":{"type":"ZRuntimeResourceID","value":{"resource":"0017416135CF879C","flag":"5F"}},"m_aBodyParts":{"type":"TArray<SEntityTemplateReference>","value":["6e0bd91f739f7cd3","740dc381d37c3f83","e016925ec765afce","d7f2a5fc8e326fd1","d9063379d0a51358","aa0954ee59db8dcb","32e2b2a6c893e6a8","5baf058422938782"],"postInit":true}},"propertyAliases":{"Diffuse_Color_01_Value":[{"originalProperty":"Diffuse_Color_01_Value","originalEntity":"32e2b2a6c893e6a8"}]},"exposedEntities":{"Jacket_Bomber_Open":{"isArray":false,"refersTo":[]}}},"aa0954ee59db8dcb":{"parent":"55d61b0ef4e07a75","name":"TShirt_CrewNeck_Cut_Jacket","factory":"[modules:/zentity.class].pc_entitytype","blueprint":"[modules:/zentity.class].pc_entityblueprint","properties":{"ConstantVector1D_01_Value":{"type":"float32","value":0.800000011920929},"Texture2D_01":{"type":"ZRuntimeResourceID","value":{"resource":"009980976FE49017","flag":"5F"}},"Texture2D_03":{"type":"ZRuntimeResourceID","value":{"resource":"00A6F9B7C3B58D59","flag":"5F"}},"Diffuse_Color_01_Value":{"type":"SColorRGB","value":"#ffffff"},"Diffuse_Saturation_01_Value":{"type":"float32","value":1}},"inputCopying":{"ConstantVector1D_06_Value":{"ConstantVector1D_06_Value":["c47905db96c2ec5"]},"ConstantVector1D_14_Value":{"ConstantVector1D_14_Value":["c47905db96c2ec5"]},"ConstantVector1D_01_Value":{"ConstantVector1D_01_Value":["c47905db96c2ec5"]}},"propertyAliases":{"Diffuse_Hue_Shift_01_Value":[{"originalProperty":"Diffuse_Hue_Shift_01_Value","originalEntity":"c47905db96c2ec5"}],"Diffuse_Saturation_01_Value":[{"originalProperty":"Diffuse_Saturation_01_Value","originalEntity":"c47905db96c2ec5"}],"Diffuse_Color_01_Value":[{"originalProperty":"Diffuse_Color_01_Value","originalEntity":"c47905db96c2ec5"}],"ConstantVector1D_01_Value":[{"originalProperty":"ConstantVector1D_01_Value","originalEntity":"c47905db96c2ec5"}],"Texture2D_03":[{"originalProperty":"Texture2D_03","originalEntity":"c47905db96c2ec5"}],"Texture2DNormal_01":[{"originalProperty":"Texture2DNormal_01","originalEntity":"c47905db96c2ec5"}],"Texture2D_01":[{"originalProperty":"Texture2D_01","originalEntity":"c47905db96c2ec5"}],"m_pMeshResource":[{"originalProperty":"m_pMeshResource","originalEntity":"b3b46a46c3c95a52"}]},"exposedInterfaces":{"ZBodyPartEntity":"b3b46a46c3c95a52","ZClothColliderGroupAspect":"b3b46a46c3c95a52"}},"5baf058422938782":{"parent":"55d61b0ef4e07a75","name":"Sneakers_Laces","factory":"[assembly:/templates/aspectdummy.aspect]([modules:/zbodypartentity.class].entitytype,[modules:/zclothcollidergroupaspect.class].entitytype).pc_entitytype","blueprint":"[assembly:/templates/aspectdummy.aspect]([modules:/zbodypartentity.class].entitytype,[modules:/zclothcollidergroupaspect.class].entitytype).pc_entityblueprint","properties":{"m_pMeshResource":{"type":"ZRuntimeResourceID","value":{"resource":"007009B925ECD4E8","flag":"5F"}},"m_ClothColliders":{"type":"TArray<SEntityTemplateReference>","value":[]}}},"d7f2a5fc8e326fd1":{"parent":"55d61b0ef4e07a75","name":"Torso_Neck","factory":"00D43167687E61AD","blueprint":"007E9340AD2C2425"},"6b51b6c429724d01":{"parent":"55d61b0ef4e07a75","name":"Base Min","factory":"[modules:/zmathlerp.class].pc_entitytype","blueprint":"[modules:/zmathlerp.class].pc_entityblueprint","properties":{"m_A":{"type":"float32","value":0},"m_B":{"type":"float32","value":0.20000000298023224},"m_fT":{"type":"float32","value":0}}},"369809617eab6638":{"parent":"55d61b0ef4e07a75","name":"Min Head","factory":"[modules:/zmathlerp.class].pc_entitytype","blueprint":"[modules:/zmathlerp.class].pc_entityblueprint","properties":{"m_A":{"type":"float32","value":0},"m_B":{"type":"float32","value":0.30000001192092896},"m_fT":{"type":"float32","value":0}},"events":{"Lerp":{"ConstantVector1D_04_Value":["740dc381d37c3f83"]}}},"915960ff02468352":{"parent":"b80e0aebab834aa3","name":"C_TighMid_L","factory":"[assembly:/templates/aspectdummy.aspect]([modules:/zclothsphere.class].entitytype,[modules:/zboneattachaspect.class].entitytype).pc_entitytype","blueprint":"[assembly:/templates/aspectdummy.aspect]([modules:/zclothsphere.class].entitytype,[modules:/zboneattachaspect.class].entitytype).pc_entityblueprint","properties":{"m_fRadius":{"type":"float32","value":0.11500000208616257},"m_BoneName":{"type":"ZString","value":"LThighTwist1"},"m_mTransform":{"type":"SMatrix43","value":{"rotation":{"x":0,"y":0,"z":0},"position":{"x":0.05392700061202049,"y":0.006835999898612499,"z":0.0031419999431818724}}},"m_bCollisionGroup0":{"type":"bool","value":true},"m_eidParent":{"type":"SEntityTemplateReference","value":"b80e0aebab834aa3","postInit":true}}},"b80e0aebab834aa3":{"parent":"d9063379d0a51358","name":"CarlIngram_Jacket_Collider","factory":"[modules:/zcompositeentity.class].pc_entitytype","blueprint":"[modules:/zcompositeentity.class].pc_entityblueprint","properties":{"m_eidParent":{"type":"SEntityTemplateReference","value":"55d61b0ef4e07a75"}},"propertyAliases":{"m_linkedEntity":[{"originalProperty":"m_linkedEntity","originalEntity":"6509062809ab9ff8"},{"originalProperty":"m_linkedEntity","originalEntity":"19051c1a8d96d4e5"},{"originalProperty":"m_linkedEntity","originalEntity":"915960ff02468352"},{"originalProperty":"m_linkedEntity","originalEntity":"3fc55f2990fa1748"},{"originalProperty":"m_linkedEntity","originalEntity":"ef4e5f039bc180e5"},{"originalProperty":"m_linkedEntity","originalEntity":"fe003086f9f56c56"},{"originalProperty":"m_linkedEntity","originalEntity":"5c2beb4aa1f17629"},{"originalProperty":"m_linkedEntity","originalEntity":"4dd457262f85bf3"},{"originalProperty":"m_linkedEntity","originalEntity":"5171ef024aeaec86"},{"originalProperty":"m_linkedEntity","originalEntity":"764de8ce9e3da78f"},{"originalProperty":"m_linkedEntity","originalEntity":"ba4c2fb05e8b7e77"},{"originalProperty":"m_linkedEntity","originalEntity":"b8e6d89ae7817015"},{"originalProperty":"m_linkedEntity","originalEntity":"89ee9cb50caab998"},{"originalProperty":"m_linkedEntity","originalEntity":"212d5d9440703756"},{"originalProperty":"m_linkedEntity","originalEntity":"aecad0b2fd02e533"},{"originalProperty":"m_linkedEntity","originalEntity":"e3de9146a789641a"},{"originalProperty":"m_linkedEntity","originalEntity":"ab9d465ad38bd8e7"}]},"exposedInterfaces":{"ZClothCollider":"2485c5cb8cf2b6b2","ZClothColliderGroup":"2485c5cb8cf2b6b2"}},"3d1166251dc9ede7":{"parent":"55d61b0ef4e07a75","name":"jacket and pant Diffuse","factory":"[modules:/zmathlerp.class].pc_entitytype","blueprint":"[modules:/zmathlerp.class].pc_entityblueprint","properties":{"m_A":{"type":"float32","value":1},"m_fT":{"type":"float32","value":0},"m_B":{"type":"float32","value":1}},"events":{"Lerp":{"ConstantVector1D_01_Value":["e016925ec765afce","d9063379d0a51358"]}}}},"propertyOverrides":[],"overrideDeletes":[],"pinConnectionOverrides":[],"pinConnectionOverrideDeletes":[],"externalScenes":[],"subType":"template","quickEntityVersion":3.1,"extraFactoryDependencies":[{"resource":"00A282E64E8FF47E","flag":"5F"},{"resource":"007BAC2889109747","flag":"5F"},{"resource":"00B40E9503CF9271","flag":"5F"},{"resource":"007C9737A03E217F","flag":"5F"},{"resource":"00FEFAB2AF01C1B0","flag":"5F"},{"resource":"007D850436B0A092","flag":"5F"},{"resource":"00D247582859CA87","flag":"5F"},{"resource":"00D20CA72E352D16","flag":"5F"},{"resource":"00F8421B7E446B3C","flag":"5F"},{"resource":"004A7941F89B2729","flag":"5F"},{"resource":"00D90E7EB2668596","flag":"5F"}],"extraBlueprintDependencies":[],"comments":[]}