{"tempHash":"002F2AB8C63CED72","tbluHash":"00777DFED39BA7C0","rootEntity":"919d9ac4727ca3dd","entities":{"bc1e1de9cb347eca":{"parent":"919d9ac4727ca3dd","name":"Lerp","blueprint":"[modules:/zmathlerp.class].pc_entityblueprint","properties":{"m_B":{"type":"float32","value":0.5},"m_fT":{"type":"float32","value":0}},"events":{"Lerp":{"ConstantVector1D_14_Value":["68172c374794bed9","b39925299259f125","3497e683daa2c209","fc55c80d6e5b5412"]}},"factory":"[modules:/zmathlerp.class].pc_entitytype"},"fdceac433bf4eaa7":{"parent":"919d9ac4727ca3dd","name":"base_male_hands","blueprint":"[assembly:/_pro/characters/assets/_base/pro_male_regular/materials/base_male_hands.mi].pc_entityblueprint","properties":{"2287298018":{"type":"IRenderMaterialEntity.EModifierOperation","value":"eReplace"},"m_mTransform":{"type":"SMatrix43","value":{"rotation":{"x":0,"y":0,"z":0},"position":{"x":0.09153199195861816,"y":8.989988327026367,"z":-1.6801270246505737}}},"Active":{"type":"bool","value":false},"ConstantVector1D_04_Value":{"type":"float32","value":0.800000011920929},"Clients":{"type":"TArray<SEntityTemplateReference>","value":["919d9ac4727ca3dd"],"postInit":false},"m_eidParent":{"type":"SEntityTemplateReference","value":"919d9ac4727ca3dd","postInit":false}},"factory":"[assembly:/_pro/characters/assets/_base/pro_male_regular/materials/base_male_hands.mi].pc_entitytype"},"fcb70770d65c0857":{"parent":"919d9ac4727ca3dd","name":"agent47_eye","blueprint":"[assembly:/_pro/characters/assets/hero/agent47/materials/agent47_eye.mi].pc_entityblueprint","properties":{"1405740434":{"type":"IRenderMaterialEntity.EModifierOperation","value":"eLeave"},"2298771567":{"type":"IRenderMaterialEntity.EModifierOperation","value":"eReplace"},"m_mTransform":{"type":"SMatrix43","value":{"rotation":{"x":0,"y":0,"z":0},"position":{"x":0,"y":0,"z":0}}},"EyeShader_01_CorneaSpecularIntensity":{"type":"float32","value":0.007000000216066837},"EyeShader_01_ScleraSpecularIntensity":{"type":"float32","value":0.007000000216066837},"Clients":{"type":"TArray<SEntityTemplateReference>","value":["919d9ac4727ca3dd"],"postInit":false},"m_eidParent":{"type":"SEntityTemplateReference","value":"919d9ac4727ca3dd","postInit":false}},"factory":"[assembly:/_pro/characters/assets/hero/agent47/materials/agent47_eye.mi].pc_entitytype"},"eca1a882155a3f5c":{"parent":"919d9ac4727ca3dd","name":"Lerp 6","blueprint":"[modules:/zmathlerp.class].pc_entityblueprint","properties":{"m_B":{"type":"float32","value":0.800000011920929},"m_fT":{"type":"float32","value":0}},"events":{"Lerp":{"ConstantVector1D_04_Value":["11b0e1289157277a"]}},"factory":"[modules:/zmathlerp.class].pc_entitytype"},"a9e65690f9d65af":{"parent":"919d9ac4727ca3dd","name":"Mesh_Glasses","blueprint":"[modules:/zbodypartentity.class].pc_entityblueprint","properties":{"m_pMeshResource":{"type":"ZRuntimeResourceID","value":{"resource":"[assembly:/_pro/characters/assets/hero/agent47/geometry/male_reg_agent47_sapienza.wl2?/glasses.weightedprim](bodypart).pc_weightedprim","flag":"5F"}},"m_IsHiddenInVR":{"type":"bool","value":true}},"factory":"[modules:/zbodypartentity.class].pc_entitytype"},"319cfcd2c22cc6f8":{"parent":"919d9ac4727ca3dd","name":"ChildNetwork","blueprint":"[modules:/zchildnetworkentity.class].pc_entityblueprint","properties":{"m_RuntimeNetworkResourceID":{"type":"ZRuntimeResourceID","value":{"resource":"[assembly:/animationnetworks/hitman01/idles/cowboysuit_idle.aln].pc_rtn","flag":"9F"}}},"factory":"[modules:/zchildnetworkentity.class].pc_entitytype"},"919d9ac4727ca3dd":{"parent":null,"name":"OUTFIT_Agent47_CowboySuit_HeroA_V0","blueprint":"[assembly:/templates/aspectdummy.aspect]([modules:/zlinkedproxyentity.class].entitytype,[modules:/zclothcharacterentity.class].entitytype,[modules:/zheroidlenetworkaspect.class].entitytype).pc_entityblueprint","properties":{"m_ResourceID":{"type":"ZRuntimeResourceID","value":null},"m_fLODScale":{"type":"float32","value":1},"m_mTransform":{"type":"SMatrix43","value":{"rotation":{"x":0,"y":0,"z":0},"position":{"x":1.3852829933166504,"y":0.005913000088185072,"z":0}}},"m_pBonesAndCollisionResource":{"type":"ZRuntimeResourceID","value":{"resource":"004E2C4FC114F487","flag":"5F"}},"m_fWindConstant":{"type":"float32","value":0},"m_bUsePerVertexStiffness":{"type":"bool","value":false},"m_bGlobalCollidersEnabled":{"type":"bool","value":false},"m_fDamping":{"type":"float32","value":0.30000001192092896},"m_fBendStiffness":{"type":"float32","value":0.30000001192092896},"m_bUsePerVertexDamping":{"type":"bool","value":false},"m_fShearStiffness":{"type":"float32","value":0.800000011920929},"m_bUseSkinningPosNormalConstrains":{"type":"bool","value":true},"m_bUseSkinningNegNormalConstrains":{"type":"bool","value":true},"m_nIterations":{"type":"uint32","value":2},"m_fFrequency":{"type":"float32","value":60},"m_vTranslationScale":{"type":"SVector3","value":{"x":0.10000000149011612,"y":0.10000000149011612,"z":0.10000000149011612}},"m_fLODOffset":{"type":"float32","value":100},"m_fDragConstant":{"type":"float32","value":1},"m_eStretchConstrainType":{"type":"EClothStretchConstrainType","value":"eClothBendConstrainType_None"},"m_fAngularVelocityThreshold":{"type":"float32","value":60},"m_eRootBone":{"type":"BoneId.Enum","value":"NECK"},"m_bEnableAngularVelocityScale":{"type":"bool","value":true},"m_eBendConstrainType":{"type":"EClothBendConstrainType","value":"eClothBendConstrainType_Triangle"},"m_pIdleAnimNetworkEntity":{"type":"SEntityTemplateReference","value":"319cfcd2c22cc6f8"},"m_bRandomStartState":{"type":"bool","value":true},"m_aBodyParts":{"type":"TArray<SEntityTemplateReference>","value":["c6d14e64230f2e1f","a6e0c3392e242910","86a818c0af71b185","427bffd1bf7d090b","d591da965093412f","2150429cc5244dbb","1924e1f0f17afe6e","bb9b1728654b9a1e","a9e65690f9d65af","2baff47102b2d897"],"postInit":false},"m_LocalColliders":{"type":"TArray<SEntityTemplateReference>","value":["42b84a51b7093b85"],"postInit":false}},"factory":"[assembly:/templates/aspectdummy.aspect]([modules:/zlinkedproxyentity.class].entitytype,[modules:/zclothcharacterentity.class].entitytype,[modules:/zheroidlenetworkaspect.class].entitytype).pc_entitytype"},"bb9b1728654b9a1e":{"parent":"919d9ac4727ca3dd","name":"Mesh_Belt","blueprint":"[modules:/zbodypartentity.class].pc_entityblueprint","properties":{"m_pMeshResource":{"type":"ZRuntimeResourceID","value":{"resource":"009F89A05E0FA128","flag":"5F"}}},"factory":"[modules:/zbodypartentity.class].pc_entitytype"},"33261321503af85":{"parent":"919d9ac4727ca3dd","name":"male_reg_hippie_glass_01","blueprint":"[assembly:/_pro/characters/assets/individuals/italy/hippie/materials/male_reg_hippie_glass_01.mi].pc_entityblueprint","properties":{"201768358":{"type":"IRenderMaterialEntity.EModifierOperation","value":"eReplace"},"m_mTransform":{"type":"SMatrix43","value":{"rotation":{"x":0,"y":0,"z":0},"position":{"x":0,"y":0,"z":0}}},"Clients":{"type":"TArray<SEntityTemplateReference>","value":["919d9ac4727ca3dd"]},"Diffuse_Tint_Value":{"type":"SColorRGB","value":"#5c5959"},"ConstantVector1D_09_Value_op":{"type":"IRenderMaterialEntity.EModifierOperation","value":"eReplace"},"ConstantVector1D_09_Value":{"type":"float32","value":0.029999999329447743},"m_eidParent":{"type":"SEntityTemplateReference","value":"919d9ac4727ca3dd"}},"factory":"[assembly:/_pro/characters/assets/individuals/italy/hippie/materials/male_reg_hippie_glass_01.mi].pc_entitytype"},"68172c374794bed9":{"parent":"919d9ac4727ca3dd","name":"male_reg_agent47_cowboy_pants_del02","blueprint":"[assembly:/_pro/characters/assets/hero/agent47/materials/male_reg_agent47_cowboy_pants_del02.mi].pc_entityblueprint","properties":{"1239136802":{"type":"IRenderMaterialEntity.EModifierOperation","value":"eReplace"},"2359342559":{"type":"IRenderMaterialEntity.EModifierOperation","value":"eReplace"},"3516673141":{"type":"IRenderMaterialEntity.EModifierOperation","value":"eReplace"},"m_mTransform":{"type":"SMatrix43","value":{"rotation":{"x":0,"y":0,"z":0},"position":{"x":0,"y":0,"z":0}}},"Clients":{"type":"TArray<SEntityTemplateReference>","value":["919d9ac4727ca3dd"]},"ConstantVector1D_01_Value_op":{"type":"IRenderMaterialEntity.EModifierOperation","value":"eReplace"},"ConstantVector1D_01_Value":{"type":"float32","value":1.75},"Diffuse_Color_01_Value":{"type":"SColorRGB","value":"#abc4ff"},"m_eidParent":{"type":"SEntityTemplateReference","value":"919d9ac4727ca3dd"}},"factory":"[assembly:/_pro/characters/assets/hero/agent47/materials/male_reg_agent47_cowboy_pants_del02.mi].pc_entitytype"},"945f519cf62f2a3":{"parent":"919d9ac4727ca3dd","name":"Lerp 7","blueprint":"[modules:/zmathlerp.class].pc_entityblueprint","properties":{"m_A":{"type":"float32","value":1.100000023841858},"m_B":{"type":"float32","value":2},"m_fT":{"type":"float32","value":0}},"events":{"Lerp":{"ConstantVector1D_06_Value":["b39925299259f125","68172c374794bed9","fc55c80d6e5b5412","3497e683daa2c209"]}},"factory":"[modules:/zmathlerp.class].pc_entitytype"},"2150429cc5244dbb":{"parent":"919d9ac4727ca3dd","name":"Part_GLoves","blueprint":"005D2B1CBD509E61","properties":{"m_pMeshResource":{"type":"ZRuntimeResourceID","value":{"resource":"0089417601D4C614","flag":"5F"}},"Diffuse_Color_01_Value":{"type":"SColorRGB","value":"#524f4f"},"ConstantVector1D_01_Value":{"type":"float32","value":20}},"factory":"00BEE701448762C1"},"2baff47102b2d897":{"parent":"919d9ac4727ca3dd","name":"Mesh_chest_01","blueprint":"[modules:/zbodypartentity.class].pc_entityblueprint","properties":{"m_pMeshResource":{"type":"ZRuntimeResourceID","value":{"resource":"009A1259AD3FD7D9","flag":"5F"}}},"factory":"[modules:/zbodypartentity.class].pc_entitytype"},"1924e1f0f17afe6e":{"parent":"919d9ac4727ca3dd","name":"Mesh_Jacket","blueprint":"[modules:/zbodypartentity.class].pc_entityblueprint","properties":{"m_pMeshResource":{"type":"ZRuntimeResourceID","value":{"resource":"002C3CFAA0B9DAE3","flag":"5F"}}},"factory":"[modules:/zbodypartentity.class].pc_entitytype"},"fc55c80d6e5b5412":{"parent":"919d9ac4727ca3dd","name":"male_reg_agent47_cowboy_shirt_del02","blueprint":"[assembly:/_pro/characters/assets/hero/agent47/materials/male_reg_agent47_cowboy_shirt_del02.mi].pc_entityblueprint","properties":{"1239136802":{"type":"IRenderMaterialEntity.EModifierOperation","value":"eReplace"},"1787395739":{"type":"IRenderMaterialEntity.EModifierOperation","value":"eReplace"},"2359342559":{"type":"IRenderMaterialEntity.EModifierOperation","value":"eReplace"},"m_mTransform":{"type":"SMatrix43","value":{"rotation":{"x":0,"y":0,"z":0},"position":{"x":0,"y":0,"z":0}}},"Clients":{"type":"TArray<SEntityTemplateReference>","value":["919d9ac4727ca3dd"]},"ConstantVector1D_01_Value_op":{"type":"IRenderMaterialEntity.EModifierOperation","value":"eReplace"},"ConstantVector1D_01_Value":{"type":"float32","value":0.5},"ConstantVector1D_03_Value":{"type":"float32","value":0.550000011920929},"m_eidParent":{"type":"SEntityTemplateReference","value":"919d9ac4727ca3dd"}},"factory":"[assembly:/_pro/characters/assets/hero/agent47/materials/male_reg_agent47_cowboy_shirt_del02.mi].pc_entitytype"},"b1344c9dca51c251":{"parent":"919d9ac4727ca3dd","name":"Lerp 5","blueprint":"[modules:/zmathlerp.class].pc_entityblueprint","properties":{"m_B":{"type":"float32","value":0.800000011920929},"m_fT":{"type":"float32","value":0}},"events":{"Lerp":{"ConstantVector1D_04_Value":["fdceac433bf4eaa7"]}},"factory":"[modules:/zmathlerp.class].pc_entitytype"},"d908ca82a230649a":{"parent":"2baff47102b2d897","name":"base_male_body","blueprint":"[assembly:/_pro/characters/assets/_base/pro_male_regular/materials/base_male_body.mi].pc_entityblueprint","properties":{"m_mTransform":{"type":"SMatrix43","value":{"rotation":{"x":0,"y":0,"z":0},"position":{"x":0,"y":0,"z":0}}},"Clients":{"type":"TArray<SEntityTemplateReference>","value":["919d9ac4727ca3dd"]},"ConstantColorRGB_01_Value_op":{"type":"IRenderMaterialEntity.EModifierOperation","value":"eReplace"},"ConstantColorRGB_01_Value":{"type":"SColorRGB","value":"#d4d4d4"},"m_eidParent":{"type":"SEntityTemplateReference","value":"919d9ac4727ca3dd"}},"factory":"[assembly:/_pro/characters/assets/_base/pro_male_regular/materials/base_male_body.mi].pc_entitytype"},"466c3292a9d7362a":{"parent":"919d9ac4727ca3dd","name":"Lerp 4","blueprint":"[modules:/zmathlerp.class].pc_entityblueprint","properties":{"m_A":{"type":"float32","value":0.5},"m_fT":{"type":"float32","value":0},"m_B":{"type":"float32","value":0.20000000298023224}},"events":{"Lerp":{"ConstantVector1D_01_Value":["fc55c80d6e5b5412"]}},"factory":"[modules:/zmathlerp.class].pc_entitytype"},"427bffd1bf7d090b":{"parent":"919d9ac4727ca3dd","name":"Mesh_Pants","blueprint":"[modules:/zbodypartentity.class].pc_entityblueprint","properties":{"m_pMeshResource":{"type":"ZRuntimeResourceID","value":{"resource":"00A90C5D8872A7DB","flag":"5F"}}},"factory":"[modules:/zbodypartentity.class].pc_entitytype"},"42b84a51b7093b85":{"parent":"919d9ac4727ca3dd","name":"FullBody","blueprint":"0026079BF5D4C4EB","properties":{"Hand_L_Enabled":{"type":"bool","value":false},"Hand_R_Enabled":{"type":"bool","value":false},"m_eidParent":{"type":"SEntityTemplateReference","value":"919d9ac4727ca3dd"},"m_linkedEntity":{"type":"SEntityTemplateReference","value":"919d9ac4727ca3dd","postInit":false}},"factory":"0012C9E3ED80E8C9"},"d591da965093412f":{"parent":"919d9ac4727ca3dd","name":"Mesh_Hat","blueprint":"[modules:/zbodypartentity.class].pc_entityblueprint","properties":{"m_pMeshResource":{"type":"ZRuntimeResourceID","value":{"resource":"00BAF5EA4BABDA40","flag":"5F"}},"m_IsHiddenInVR":{"type":"bool","value":true}},"factory":"[modules:/zbodypartentity.class].pc_entitytype"},"aab1cb79dc0c1c85":{"parent":"919d9ac4727ca3dd","name":"FX_Hitman_Wet_Logic_Character","blueprint":"00AA88C960CD2080","properties":{"HeadMaterialToOverride":{"type":"ZRuntimeResourceID","value":{"resource":"[assembly:/_pro/characters/assets/hero/agent47/materials/agent47_head_02.mi].pc_mi","flag":"5F"}}},"events":{"HitmanWetness":{"T":["bc1e1de9cb347eca","4f02c39ca338aeac","42a3a612c5f6d041","aceb523d421bf049","466c3292a9d7362a","b1344c9dca51c251","eca1a882155a3f5c","945f519cf62f2a3"]},"ChangedDisguiseTrigger":{"Activate":["fdceac433bf4eaa7","11b0e1289157277a"]}},"factory":"0067CFB703A80787"},"4f02c39ca338aeac":{"parent":"919d9ac4727ca3dd","name":"Lerp 1","blueprint":"[modules:/zmathlerp.class].pc_entityblueprint","properties":{"m_A":{"type":"float32","value":1.75},"m_fT":{"type":"float32","value":0}},"events":{"Lerp":{"ConstantVector1D_01_Value":["68172c374794bed9"]}},"factory":"[modules:/zmathlerp.class].pc_entitytype"},"b39925299259f125":{"parent":"919d9ac4727ca3dd","name":"male_reg_agent47_cowboy_jacket_del02","blueprint":"[assembly:/_pro/characters/assets/hero/agent47/materials/male_reg_agent47_cowboy_jacket_del02.mi].pc_entityblueprint","properties":{"1239136802":{"type":"IRenderMaterialEntity.EModifierOperation","value":"eReplace"},"2359342559":{"type":"IRenderMaterialEntity.EModifierOperation","value":"eReplace"},"3516673141":{"type":"IRenderMaterialEntity.EModifierOperation","value":"eReplace"},"m_mTransform":{"type":"SMatrix43","value":{"rotation":{"x":0,"y":0,"z":0},"position":{"x":0,"y":0,"z":0}}},"Clients":{"type":"TArray<SEntityTemplateReference>","value":["919d9ac4727ca3dd"]},"Diffuse_Color_01_Value":{"type":"SColorRGB","value":"#abc4ff"},"ConstantVector1D_01_Value_op":{"type":"IRenderMaterialEntity.EModifierOperation","value":"eReplace"},"ConstantVector1D_01_Value":{"type":"float32","value":2},"m_eidParent":{"type":"SEntityTemplateReference","value":"919d9ac4727ca3dd"}},"factory":"[assembly:/_pro/characters/assets/hero/agent47/materials/male_reg_agent47_cowboy_jacket_del02.mi].pc_entitytype"},"3497e683daa2c209":{"parent":"919d9ac4727ca3dd","name":"tobaccobillionaire_hat","blueprint":"[assembly:/_pro/characters/assets/individuals/hokkaido/tobaccobillionaire/materials/tobaccobillionaire_hat.mi].pc_entityblueprint","properties":{"1239136802":{"type":"IRenderMaterialEntity.EModifierOperation","value":"eReplace"},"1565884279":{"type":"IRenderMaterialEntity.EModifierOperation","value":"eReplace"},"2359342559":{"type":"IRenderMaterialEntity.EModifierOperation","value":"eReplace"},"m_mTransform":{"type":"SMatrix43","value":{"rotation":{"x":0,"y":0,"z":0},"position":{"x":0,"y":0,"z":0}}},"Clients":{"type":"TArray<SEntityTemplateReference>","value":["919d9ac4727ca3dd"]},"Diffuse_Saturation_01_Value":{"type":"float32","value":0.4000000059604645},"ConstantVector1D_01_Value_op":{"type":"IRenderMaterialEntity.EModifierOperation","value":"eReplace"},"m_eidParent":{"type":"SEntityTemplateReference","value":"919d9ac4727ca3dd"}},"factory":"[assembly:/_pro/characters/assets/individuals/hokkaido/tobaccobillionaire/materials/tobaccobillionaire_hat.mi].pc_entitytype"},"11b0e1289157277a":{"parent":"919d9ac4727ca3dd","name":"male_reg_agent47_cowboy_belt_del02","blueprint":"[assembly:/_pro/characters/assets/hero/agent47/materials/male_reg_agent47_cowboy_belt_del02.mi].pc_entityblueprint","properties":{"2287298018":{"type":"IRenderMaterialEntity.EModifierOperation","value":"eReplace"},"m_mTransform":{"type":"SMatrix43","value":{"rotation":{"x":0,"y":0,"z":0},"position":{"x":-1.343569040298462,"y":9.51530647277832,"z":-0.11743000149726868}}},"Clients":{"type":"TArray<SEntityTemplateReference>","value":["919d9ac4727ca3dd"]},"ConstantVector1D_04_Value":{"type":"float32","value":0},"Active":{"type":"bool","value":false},"m_eidParent":{"type":"SEntityTemplateReference","value":"919d9ac4727ca3dd"}},"factory":"[assembly:/_pro/characters/assets/hero/agent47/materials/male_reg_agent47_cowboy_belt_del02.mi].pc_entitytype"},"a6e0c3392e242910":{"parent":"919d9ac4727ca3dd","name":"Mesh_Head","blueprint":"[modules:/zbodypartentity.class].pc_entityblueprint","properties":{"m_pMeshResource":{"type":"ZRuntimeResourceID","value":{"resource":"[assembly:/_pro/characters/assets/hero/agent47/geometry/regmale_agent47.wl2?/agent47_head.weightedprim](bodypart).pc_weightedprim","flag":"5F"}},"m_IsHiddenInVR":{"type":"bool","value":true}},"factory":"[modules:/zbodypartentity.class].pc_entitytype"},"c6d14e64230f2e1f":{"parent":"919d9ac4727ca3dd","name":"Mesh_Shirt","blueprint":"[modules:/zbodypartentity.class].pc_entityblueprint","properties":{"m_pMeshResource":{"type":"ZRuntimeResourceID","value":{"resource":"00B04239739CE0D9","flag":"5F"}}},"factory":"[modules:/zbodypartentity.class].pc_entitytype"},"86a818c0af71b185":{"parent":"919d9ac4727ca3dd","name":"Mesh_Shoes","blueprint":"[modules:/zbodypartentity.class].pc_entityblueprint","properties":{"m_pMeshResource":{"type":"ZRuntimeResourceID","value":{"resource":"00A96A92D02E2C78","flag":"5F"}}},"factory":"[modules:/zbodypartentity.class].pc_entitytype"},"42a3a612c5f6d041":{"parent":"919d9ac4727ca3dd","name":"Lerp 2","blueprint":"[modules:/zmathlerp.class].pc_entityblueprint","properties":{"m_A":{"type":"float32","value":2},"m_fT":{"type":"float32","value":0}},"events":{"Lerp":{"ConstantVector1D_01_Value":["b39925299259f125"]}},"factory":"[modules:/zmathlerp.class].pc_entitytype"},"aceb523d421bf049":{"parent":"919d9ac4727ca3dd","name":"Lerp 3","blueprint":"[modules:/zmathlerp.class].pc_entityblueprint","properties":{"m_A":{"type":"float32","value":1},"m_fT":{"type":"float32","value":0},"m_B":{"type":"float32","value":0.5}},"events":{"Lerp":{"ConstantVector1D_01_Value":["3497e683daa2c209"]}},"factory":"[modules:/zmathlerp.class].pc_entitytype"}},"propertyOverrides":[],"overrideDeletes":[],"pinConnectionOverrides":[],"pinConnectionOverrideDeletes":[],"externalScenes":[],"subType":"template","quickEntityVersion":3.1,"extraFactoryDependencies":[],"extraBlueprintDependencies":[],"comments":[]}