{"tempHash":"005138417797A04E","tbluHash":"00945FFF47BBBDE3","patch":[{"RemoveEntityByID":"cd67c804805e2cbd"},{"RemoveEntityByID":"76715132ed386040"},{"SubEntityOperation":["20457a49ea677952",{"RemoveEventConnection":["ChangedDisguiseTrigger","Activate","76715132ed386040"]}]},{"SubEntityOperation":["1e479b87e0c54b14",{"PatchArrayPropertyValue":["m_aBodyParts",[{"RemoveItemByValue":"cd67c804805e2cbd"}]]}]},{"SubEntityOperation":["428a0579cc9c6903",{"RemoveEventConnection":["Lerp","ConstantVector1D_14_Value","76715132ed386040"]}]},{"SubEntityOperation":["36696155eb7df735",{"RemoveEventConnection":["Lerp","ConstantVector1D_06_Value","76715132ed386040"]}]}],"patchVersion":6}