{"tempHash":"00C75749C69076D0","tbluHash":"001FB3604ACA8E4C","patch":[{"RemoveEntityByID":"c14b015f408b2959"},{"RemoveEntityByID":"e5ae577a4ec6b664"},{"SubEntityOperation":["bddccdf2d0d7c9fc",{"SetName":"Arms_Biceps_Hand"}]},{"SubEntityOperation":["bddccdf2d0d7c9fc",{"SetFactory":"0081BA55B3D8292E"}]},{"SubEntityOperation":["bddccdf2d0d7c9fc",{"SetBlueprint":"00CFA61BB1571AF8"}]},{"SubEntityOperation":["2f8785dd3a798e9d",{"PatchArrayPropertyValue":["m_aBodyParts",[{"RemoveItemByValue":"e5ae577a4ec6b664"}]]}]}],"patchVersion":6}