{"tempHash":"009A9C22DF5B8DF1","tbluHash":"003AFBF7AF4AD0C5","rootEntity":"b06081b7af366ca0","entities":{"a9dc60235dcf9d0e":{"parent":"8be2ffc808c3fe73","name":"agent47_huntingsuit_boots","factory":"00448652DCD7813C","blueprint":"0017C081A5D4C5AE","properties":{"1239136802":{"type":"IRenderMaterialEntity.EModifierOperation","value":"eReplace"},"m_mTransform":{"type":"SMatrix43","value":{"rotation":{"x":0,"y":0,"z":0},"position":{"x":-5.658446788787842,"y":6.651966094970703,"z":-2.5949020385742188}}},"Clients":{"type":"TArray<SEntityTemplateReference>","value":["8be2ffc808c3fe73"],"postInit":true},"m_eidParent":{"type":"SEntityTemplateReference","value":"b06081b7af366ca0","postInit":true}}},"3598c28b949fb34e":{"parent":"cfd605ff2b5fc8ef","name":"C_Pelvis_L","factory":"[assembly:/templates/aspectdummy.aspect]([modules:/zclothsphere.class].entitytype,[modules:/zboneattachaspect.class].entitytype).pc_entitytype","blueprint":"[assembly:/templates/aspectdummy.aspect]([modules:/zclothsphere.class].entitytype,[modules:/zboneattachaspect.class].entitytype).pc_entityblueprint","properties":{"m_fRadius":{"type":"float32","value":0.12200000137090684},"m_BoneName":{"type":"ZString","value":"Pelvis"},"m_linkedEntity":{"type":"SEntityTemplateReference","value":null},"m_mTransform":{"type":"SMatrix43","value":{"rotation":{"x":0,"y":0,"z":0},"position":{"x":0.05926699936389923,"y":0.020124999806284904,"z":0.054134998470544815}}},"m_bEnabled":{"type":"bool","value":true},"m_eidParent":{"type":"SEntityTemplateReference","value":"cfd605ff2b5fc8ef","postInit":true}}},"cfc2aff679aae7a8":{"parent":"f9ab66bea5421721","name":"male_reg_dress_shirt_buttoned_up_01","factory":"00D3DD963A6AF70D","blueprint":"0076BDBA804A2941","properties":{"3516673141":{"type":"IRenderMaterialEntity.EModifierOperation","value":"eReplace"},"m_mTransform":{"type":"SMatrix43","value":{"rotation":{"x":0.14951948821544653,"y":1.23332953453064,"z":-9.54297924041748},"position":{"x":-37.13718032836914,"y":-12.598970413208008,"z":0.0062950002029538155},"scale":{"x":0.9999999999999999,"y":1,"z":1}}},"Diffuse_Color_01_Value":{"type":"SColorRGB","value":"#e3dfda"},"Active":{"type":"bool","value":true},"Clients":{"type":"TArray<SEntityTemplateReference>","value":["f9ab66bea5421721"],"postInit":true},"m_eidParent":{"type":"SEntityTemplateReference","value":"f9ab66bea5421721","postInit":true}}},"f10501993a1c6714":{"parent":"b06081b7af366ca0","name":"Nrom","factory":"[modules:/zmathlerp.class].pc_entitytype","blueprint":"[modules:/zmathlerp.class].pc_entityblueprint","properties":{"m_A":{"type":"float32","value":1},"m_B":{"type":"float32","value":2},"m_fT":{"type":"float32","value":0}},"events":{"Lerp":{"ConstantVector1D_06_Value":["f9ab66bea5421721"]}}},"7e4a2be5c08ae8ed":{"parent":"cfd605ff2b5fc8ef","name":"C_Spine_R","factory":"[assembly:/templates/aspectdummy.aspect]([modules:/zclothsphere.class].entitytype,[modules:/zboneattachaspect.class].entitytype).pc_entitytype","blueprint":"[assembly:/templates/aspectdummy.aspect]([modules:/zclothsphere.class].entitytype,[modules:/zboneattachaspect.class].entitytype).pc_entityblueprint","properties":{"m_BoneName":{"type":"ZString","value":"Spine"},"m_linkedEntity":{"type":"SEntityTemplateReference","value":null},"m_fRadius":{"type":"float32","value":0.125},"m_mTransform":{"type":"SMatrix43","value":{"rotation":{"x":0,"y":0,"z":0},"position":{"x":-0.0000019999999949504854,"y":0.027340000495314598,"z":-0.050728000700473785}}},"m_bEnabled":{"type":"bool","value":true},"m_bCollisionGroup0":{"type":"bool","value":true},"m_eidParent":{"type":"SEntityTemplateReference","value":"cfd605ff2b5fc8ef","postInit":true}}},"d555925675afa01":{"parent":"cfd605ff2b5fc8ef","name":"CChain_Arms","factory":"[modules:/zclothspherechain.class].pc_entitytype","blueprint":"[modules:/zclothspherechain.class].pc_entityblueprint","properties":{"m_mTransform":{"type":"SMatrix43","value":{"rotation":{"x":0,"y":0,"z":0},"position":{"x":0,"y":0,"z":0}}},"m_Spheres":{"type":"TArray<SEntityTemplateReference>","value":["a51d312ef52524cd","c1283ecb7603dbe","538acca341b47541","83bfd4b22096c5ff","3af5d101c64bc48d","e91fbe3c6ccf0784","c24ab05edc8a9c1d","1fb97ac305e6ba4f","c03d822be94c6748"],"postInit":true},"m_eidParent":{"type":"SEntityTemplateReference","value":"cfd605ff2b5fc8ef","postInit":true}}},"9f80b897f813148c":{"parent":"cfd605ff2b5fc8ef","name":"C_TighMid_L","factory":"[assembly:/templates/aspectdummy.aspect]([modules:/zclothsphere.class].entitytype,[modules:/zboneattachaspect.class].entitytype).pc_entitytype","blueprint":"[assembly:/templates/aspectdummy.aspect]([modules:/zclothsphere.class].entitytype,[modules:/zboneattachaspect.class].entitytype).pc_entityblueprint","properties":{"m_fRadius":{"type":"float32","value":0.10499999672174454},"m_BoneName":{"type":"ZString","value":"LThighTwist1"},"m_linkedEntity":{"type":"SEntityTemplateReference","value":null},"m_mTransform":{"type":"SMatrix43","value":{"rotation":{"x":0,"y":0.024236112833023068,"z":0},"position":{"x":0.05449200049042702,"y":0.025860000401735306,"z":0.00710699986666441}}},"m_bCollisionGroup0":{"type":"bool","value":true},"m_eidParent":{"type":"SEntityTemplateReference","value":"cfd605ff2b5fc8ef","postInit":true}}},"c03d822be94c6748":{"parent":"cfd605ff2b5fc8ef","name":"C_Palm_R","factory":"[assembly:/templates/aspectdummy.aspect]([modules:/zclothsphere.class].entitytype,[modules:/zboneattachaspect.class].entitytype).pc_entitytype","blueprint":"[assembly:/templates/aspectdummy.aspect]([modules:/zclothsphere.class].entitytype,[modules:/zboneattachaspect.class].entitytype).pc_entityblueprint","properties":{"m_fRadius":{"type":"float32","value":0.07000000029802322},"m_BoneName":{"type":"ZString","value":"R_Hand"},"m_linkedEntity":{"type":"SEntityTemplateReference","value":null},"m_mTransform":{"type":"SMatrix43","value":{"rotation":{"x":0,"y":0,"z":0},"position":{"x":0.07999999821186066,"y":0,"z":0}}},"m_eidParent":{"type":"SEntityTemplateReference","value":"cfd605ff2b5fc8ef","postInit":true}}},"e21e79aba91c203b":{"parent":"b06081b7af366ca0","name":"Mesh_Pants","factory":"[modules:/zbodypartentity.class].pc_entitytype","blueprint":"[modules:/zbodypartentity.class].pc_entityblueprint","properties":{"m_pMeshResource":{"type":"ZRuntimeResourceID","value":{"resource":"008EB7A61B981463","flag":"5F"}}}},"18137e4ee67ab418":{"parent":"cfd605ff2b5fc8ef","name":"C_Spine_L","factory":"[assembly:/templates/aspectdummy.aspect]([modules:/zclothsphere.class].entitytype,[modules:/zboneattachaspect.class].entitytype).pc_entitytype","blueprint":"[assembly:/templates/aspectdummy.aspect]([modules:/zclothsphere.class].entitytype,[modules:/zboneattachaspect.class].entitytype).pc_entityblueprint","properties":{"m_BoneName":{"type":"ZString","value":"Spine"},"m_linkedEntity":{"type":"SEntityTemplateReference","value":null},"m_fRadius":{"type":"float32","value":0.125},"m_mTransform":{"type":"SMatrix43","value":{"rotation":{"x":0,"y":0,"z":0},"position":{"x":-0.000009000000318337698,"y":0.028800999745726585,"z":0.04797599837183952}}},"m_bEnabled":{"type":"bool","value":true},"m_bCollisionGroup0":{"type":"bool","value":true},"m_eidParent":{"type":"SEntityTemplateReference","value":"cfd605ff2b5fc8ef","postInit":true}}},"ef8ef32e503328d7":{"parent":"cfd605ff2b5fc8ef","name":"C_TighMid_R","factory":"[assembly:/templates/aspectdummy.aspect]([modules:/zclothsphere.class].entitytype,[modules:/zboneattachaspect.class].entitytype).pc_entitytype","blueprint":"[assembly:/templates/aspectdummy.aspect]([modules:/zclothsphere.class].entitytype,[modules:/zboneattachaspect.class].entitytype).pc_entityblueprint","properties":{"m_fRadius":{"type":"float32","value":0.10499999672174454},"m_BoneName":{"type":"ZString","value":"RThighTwist1"},"m_linkedEntity":{"type":"SEntityTemplateReference","value":null},"m_mTransform":{"type":"SMatrix43","value":{"rotation":{"x":0,"y":0,"z":0},"position":{"x":0.05401799827814102,"y":0.01887499913573265,"z":-0.011405999772250652}}},"m_eidParent":{"type":"SEntityTemplateReference","value":"cfd605ff2b5fc8ef","postInit":true}}},"538acca341b47541":{"parent":"cfd605ff2b5fc8ef","name":"C_Elbow_L","factory":"[assembly:/templates/aspectdummy.aspect]([modules:/zclothsphere.class].entitytype,[modules:/zboneattachaspect.class].entitytype).pc_entitytype","blueprint":"[assembly:/templates/aspectdummy.aspect]([modules:/zclothsphere.class].entitytype,[modules:/zboneattachaspect.class].entitytype).pc_entityblueprint","properties":{"m_fRadius":{"type":"float32","value":0.05999999865889549},"m_BoneName":{"type":"ZString","value":"L_Forearm"},"m_linkedEntity":{"type":"SEntityTemplateReference","value":null},"m_eidParent":{"type":"SEntityTemplateReference","value":"cfd605ff2b5fc8ef","postInit":true}}},"6bfa01e0637a82ff":{"parent":"cfd605ff2b5fc8ef","name":"C_Knee_L","factory":"[assembly:/templates/aspectdummy.aspect]([modules:/zclothsphere.class].entitytype,[modules:/zboneattachaspect.class].entitytype).pc_entitytype","blueprint":"[assembly:/templates/aspectdummy.aspect]([modules:/zclothsphere.class].entitytype,[modules:/zboneattachaspect.class].entitytype).pc_entityblueprint","properties":{"m_fRadius":{"type":"float32","value":0.09000000357627869},"m_BoneName":{"type":"ZString","value":"LThighTwist2"},"m_linkedEntity":{"type":"SEntityTemplateReference","value":null},"m_mTransform":{"type":"SMatrix43","value":{"rotation":{"x":0,"y":0.019767044112086293,"z":0},"position":{"x":0.12600800395011902,"y":-0.011082000099122524,"z":-0.008000999689102173}}},"m_eidParent":{"type":"SEntityTemplateReference","value":"cfd605ff2b5fc8ef","postInit":true}}},"1fb97ac305e6ba4f":{"parent":"cfd605ff2b5fc8ef","name":"C_Hand_R","factory":"[assembly:/templates/aspectdummy.aspect]([modules:/zclothsphere.class].entitytype,[modules:/zboneattachaspect.class].entitytype).pc_entitytype","blueprint":"[assembly:/templates/aspectdummy.aspect]([modules:/zclothsphere.class].entitytype,[modules:/zboneattachaspect.class].entitytype).pc_entityblueprint","properties":{"m_fRadius":{"type":"float32","value":0.05000000074505806},"m_BoneName":{"type":"ZString","value":"R_Hand"},"m_linkedEntity":{"type":"SEntityTemplateReference","value":null},"m_eidParent":{"type":"SEntityTemplateReference","value":"cfd605ff2b5fc8ef","postInit":true}}},"2280a77df8970e1":{"parent":"b06081b7af366ca0","name":"Head_47","factory":"00537D16B5CE7286","blueprint":"00F2E4A932ECAA63"},"4d2b4361273bc191":{"parent":"cfd605ff2b5fc8ef","name":"C_TighTop_R","factory":"[assembly:/templates/aspectdummy.aspect]([modules:/zclothsphere.class].entitytype,[modules:/zboneattachaspect.class].entitytype).pc_entitytype","blueprint":"[assembly:/templates/aspectdummy.aspect]([modules:/zclothsphere.class].entitytype,[modules:/zboneattachaspect.class].entitytype).pc_entityblueprint","properties":{"m_fRadius":{"type":"float32","value":0.13199999928474426},"m_BoneName":{"type":"ZString","value":"RThighTwist"},"m_linkedEntity":{"type":"SEntityTemplateReference","value":null},"m_mTransform":{"type":"SMatrix43","value":{"rotation":{"x":0,"y":0,"z":0},"position":{"x":0.01573299989104271,"y":0.015011999756097794,"z":-0.04212599992752075}}},"m_eidParent":{"type":"SEntityTemplateReference","value":"cfd605ff2b5fc8ef","postInit":true}}},"3a0454f6a3d63ce1":{"parent":"cfd605ff2b5fc8ef","name":"C_Calf_R","factory":"[assembly:/templates/aspectdummy.aspect]([modules:/zclothsphere.class].entitytype,[modules:/zboneattachaspect.class].entitytype).pc_entitytype","blueprint":"[assembly:/templates/aspectdummy.aspect]([modules:/zclothsphere.class].entitytype,[modules:/zboneattachaspect.class].entitytype).pc_entityblueprint","properties":{"m_fRadius":{"type":"float32","value":0.09000000357627869},"m_BoneName":{"type":"ZString","value":"R_Calf"},"m_linkedEntity":{"type":"SEntityTemplateReference","value":null},"m_mTransform":{"type":"SMatrix43","value":{"rotation":{"x":0,"y":0,"z":0},"position":{"x":0.45377299189567566,"y":-0.000006000000212225132,"z":-9.999999974752427e-7}}},"m_eidParent":{"type":"SEntityTemplateReference","value":"cfd605ff2b5fc8ef","postInit":true}}},"b9cda92b19146e13":{"parent":"f9ab66bea5421721","name":"Agent47_HuntingSuit_Jacket_Mesh","factory":"[assembly:/templates/aspectdummy.aspect]([modules:/zbodypartentity.class].entitytype,[modules:/zclothcollidergroupaspect.class].entitytype).pc_entitytype","blueprint":"[assembly:/templates/aspectdummy.aspect]([modules:/zbodypartentity.class].entitytype,[modules:/zclothcollidergroupaspect.class].entitytype).pc_entityblueprint","properties":{"m_pMeshResource":{"type":"ZRuntimeResourceID","value":{"resource":"00437A2504DF55A1","flag":"5F"}},"m_ClothColliders":{"type":"TArray<SEntityTemplateReference>","value":["cfd605ff2b5fc8ef"],"postInit":true}}},"b1e6347e56b9e5ce":{"parent":"b06081b7af366ca0","name":"baseRough","factory":"[modules:/zmathlerp.class].pc_entitytype","blueprint":"[modules:/zmathlerp.class].pc_entityblueprint","properties":{"m_B":{"type":"float32","value":0.25},"m_fT":{"type":"float32","value":0}},"events":{"Lerp":{"ConstantVector1D_04_Value":["2280a77df8970e1"],"ConstantVector1D_14_Value":["f9ab66bea5421721","8be2ffc808c3fe73"]}}},"c1283ecb7603dbe":{"parent":"cfd605ff2b5fc8ef","name":"C_Hand_L","factory":"[assembly:/templates/aspectdummy.aspect]([modules:/zclothsphere.class].entitytype,[modules:/zboneattachaspect.class].entitytype).pc_entitytype","blueprint":"[assembly:/templates/aspectdummy.aspect]([modules:/zclothsphere.class].entitytype,[modules:/zboneattachaspect.class].entitytype).pc_entityblueprint","properties":{"m_fRadius":{"type":"float32","value":0.05000000074505806},"m_BoneName":{"type":"ZString","value":"L_Hand"},"m_linkedEntity":{"type":"SEntityTemplateReference","value":null},"m_eidParent":{"type":"SEntityTemplateReference","value":"cfd605ff2b5fc8ef","postInit":true}}},"1005a6498bb4ff64":{"parent":"b06081b7af366ca0","name":"Gloves_Leather","factory":"00BEE701448762C1","blueprint":"005D2B1CBD509E61","properties":{"Diffuse_Color_01_Value":{"type":"SColorRGB","value":"#cfd0ca"},"m_pMeshResource":{"type":"ZRuntimeResourceID","value":{"resource":"007D73488FA0A193","flag":"5F"}}}},"93c5e3bd850ef3b5":{"parent":"cfd605ff2b5fc8ef","name":"C_Spine2_R","factory":"[assembly:/templates/aspectdummy.aspect]([modules:/zclothsphere.class].entitytype,[modules:/zboneattachaspect.class].entitytype).pc_entitytype","blueprint":"[assembly:/templates/aspectdummy.aspect]([modules:/zclothsphere.class].entitytype,[modules:/zboneattachaspect.class].entitytype).pc_entityblueprint","properties":{"m_BoneName":{"type":"ZString","value":"Spine2"},"m_linkedEntity":{"type":"SEntityTemplateReference","value":null},"m_fRadius":{"type":"float32","value":0.15000000596046448},"m_mTransform":{"type":"SMatrix43","value":{"rotation":{"x":0.607518970966339,"y":0.041310258209705346,"z":7.7781677246093714},"position":{"x":-0.034866999834775925,"y":0.024687999859452248,"z":-0.04030299931764603},"scale":{"x":1,"y":1.0000000000000002,"z":0.9999999999999999}}},"m_bEnabled":{"type":"bool","value":true},"m_eidParent":{"type":"SEntityTemplateReference","value":"cfd605ff2b5fc8ef","postInit":true}}},"18145b90e5512233":{"parent":"cfd605ff2b5fc8ef","name":"C_Knee_R","factory":"[assembly:/templates/aspectdummy.aspect]([modules:/zclothsphere.class].entitytype,[modules:/zboneattachaspect.class].entitytype).pc_entitytype","blueprint":"[assembly:/templates/aspectdummy.aspect]([modules:/zclothsphere.class].entitytype,[modules:/zboneattachaspect.class].entitytype).pc_entityblueprint","properties":{"m_fRadius":{"type":"float32","value":0.09000000357627869},"m_BoneName":{"type":"ZString","value":"RThighTwist2"},"m_linkedEntity":{"type":"SEntityTemplateReference","value":null},"m_mTransform":{"type":"SMatrix43","value":{"rotation":{"x":0.019767044112086293,"y":0,"z":0},"position":{"x":0.12606200575828552,"y":-0.011234999634325504,"z":-0.0020119999535381794}}},"m_eidParent":{"type":"SEntityTemplateReference","value":"cfd605ff2b5fc8ef","postInit":true}}},"b0fe01b8b9e1be9d":{"parent":"f9ab66bea5421721","name":"agent47_huntingsuit_pants","factory":"00AA1F82942763B8","blueprint":"0025D9D0F40EC23E","properties":{"1239136802":{"type":"IRenderMaterialEntity.EModifierOperation","value":"eReplace"},"2359342559":{"type":"IRenderMaterialEntity.EModifierOperation","value":"eReplace"},"m_mTransform":{"type":"SMatrix43","value":{"rotation":{"x":0,"y":0,"z":0},"position":{"x":32.94213104248047,"y":41.13698959350586,"z":0.1914519965648651}}},"ConstantVector1D_01_Value_op":{"type":"IRenderMaterialEntity.EModifierOperation","value":"eReplace"},"Clients":{"type":"TArray<SEntityTemplateReference>","value":["f9ab66bea5421721"],"postInit":true},"m_eidParent":{"type":"SEntityTemplateReference","value":"f9ab66bea5421721","postInit":true}}},"163abc23f7cd2be9":{"parent":"cfd605ff2b5fc8ef","name":"C_Spine1_R","factory":"[assembly:/templates/aspectdummy.aspect]([modules:/zclothsphere.class].entitytype,[modules:/zboneattachaspect.class].entitytype).pc_entitytype","blueprint":"[assembly:/templates/aspectdummy.aspect]([modules:/zclothsphere.class].entitytype,[modules:/zboneattachaspect.class].entitytype).pc_entityblueprint","properties":{"m_BoneName":{"type":"ZString","value":"Spine1"},"m_linkedEntity":{"type":"SEntityTemplateReference","value":null},"m_fRadius":{"type":"float32","value":0.11500000208616255},"m_mTransform":{"type":"SMatrix43","value":{"rotation":{"x":0,"y":-0.03426287695765496,"z":0},"position":{"x":-0.030830999836325645,"y":0.024057000875473022,"z":-0.04226500168442726}}},"m_bEnabled":{"type":"bool","value":true},"m_eidParent":{"type":"SEntityTemplateReference","value":"cfd605ff2b5fc8ef","postInit":true}}},"3af5d101c64bc48d":{"parent":"cfd605ff2b5fc8ef","name":"C_Neck","factory":"[assembly:/templates/aspectdummy.aspect]([modules:/zclothsphere.class].entitytype,[modules:/zboneattachaspect.class].entitytype).pc_entitytype","blueprint":"[assembly:/templates/aspectdummy.aspect]([modules:/zclothsphere.class].entitytype,[modules:/zboneattachaspect.class].entitytype).pc_entityblueprint","properties":{"m_fRadius":{"type":"float32","value":0.07999999821186066},"m_BoneName":{"type":"ZString","value":"Neck"},"m_linkedEntity":{"type":"SEntityTemplateReference","value":null},"m_eidParent":{"type":"SEntityTemplateReference","value":"cfd605ff2b5fc8ef","postInit":true}}},"f6ba8b6526961a70":{"parent":"f9ab66bea5421721","name":"buttons_01","factory":"[assembly:/_pro/characters/assets/_apparel/accessories/buttons/materials/buttons_01.mi].pc_entitytype","blueprint":"[assembly:/_pro/characters/assets/_apparel/accessories/buttons/materials/buttons_01.mi].pc_entityblueprint","properties":{"m_mTransform":{"type":"SMatrix43","value":{"rotation":{"x":0,"y":0,"z":0},"position":{"x":0,"y":0,"z":0}}},"Texture2D_03":{"type":"ZRuntimeResourceID","value":{"resource":"[assembly:/_pro/characters/assets/_apparel/accessories/buttons/textures/buttons_01.texture?/specular_b.tex](ascolormap).pc_tex","flag":"5F"}},"Texture2D_03_enab":{"type":"bool","value":true},"Clients":{"type":"TArray<SEntityTemplateReference>","value":["b06081b7af366ca0","f9ab66bea5421721"],"postInit":true},"m_eidParent":{"type":"SEntityTemplateReference","value":"f9ab66bea5421721","postInit":true}}},"134807bee845531c":{"parent":"f9ab66bea5421721","name":"agent47_huntingsuit_jacket","factory":"00149789FBE2408F","blueprint":"00B18BB020115F10","properties":{"1239136802":{"type":"IRenderMaterialEntity.EModifierOperation","value":"eReplace"},"1565884279":{"type":"IRenderMaterialEntity.EModifierOperation","value":"eLeave"},"2359342559":{"type":"IRenderMaterialEntity.EModifierOperation","value":"eReplace"},"m_mTransform":{"type":"SMatrix43","value":{"rotation":{"x":0,"y":0,"z":0},"position":{"x":0,"y":0,"z":0}}},"Diffuse_Saturation_01_Value":{"type":"float32","value":1.2599999904632568},"ConstantVector1D_01_Value_op":{"type":"IRenderMaterialEntity.EModifierOperation","value":"eReplace"},"Clients":{"type":"TArray<SEntityTemplateReference>","value":["f9ab66bea5421721"],"postInit":true},"m_eidParent":{"type":"SEntityTemplateReference","value":"f9ab66bea5421721","postInit":true}}},"8be2ffc808c3fe73":{"parent":"b06081b7af366ca0","name":"Mesh_Boots","factory":"[modules:/zbodypartentity.class].pc_entitytype","blueprint":"[modules:/zbodypartentity.class].pc_entityblueprint","properties":{"m_pMeshResource":{"type":"ZRuntimeResourceID","value":{"resource":"00E1E8182DEAAA4C","flag":"5F"}}},"inputCopying":{"ConstantVector1D_14_Value":{"ConstantVector1D_14_Value":["a9dc60235dcf9d0e"]}}},"e6e923b48916332":{"parent":"cfd605ff2b5fc8ef","name":"C_Spine2_L","factory":"[assembly:/templates/aspectdummy.aspect]([modules:/zclothsphere.class].entitytype,[modules:/zboneattachaspect.class].entitytype).pc_entitytype","blueprint":"[assembly:/templates/aspectdummy.aspect]([modules:/zclothsphere.class].entitytype,[modules:/zboneattachaspect.class].entitytype).pc_entityblueprint","properties":{"m_BoneName":{"type":"ZString","value":"Spine2"},"m_linkedEntity":{"type":"SEntityTemplateReference","value":null},"m_fRadius":{"type":"float32","value":0.15000000596046448},"m_mTransform":{"type":"SMatrix43","value":{"rotation":{"x":0.7218316793441772,"y":0.04915978386998178,"z":7.789383888244627},"position":{"x":-0.0348690003156662,"y":0.02468400076031685,"z":0.040442001074552536},"scale":{"x":1,"y":1.0000000000000002,"z":0.9999999999999999}}},"m_bEnabled":{"type":"bool","value":true},"m_eidParent":{"type":"SEntityTemplateReference","value":"cfd605ff2b5fc8ef","postInit":true}}},"b5a86540ef89ee36":{"parent":"cfd605ff2b5fc8ef","name":"CChain_Legs","factory":"[modules:/zclothspherechain.class].pc_entitytype","blueprint":"[modules:/zclothspherechain.class].pc_entityblueprint","properties":{"m_mTransform":{"type":"SMatrix43","value":{"rotation":{"x":0,"y":0,"z":0},"position":{"x":0,"y":0,"z":0}}},"m_bCollisionGroup0":{"type":"bool","value":true},"m_bEnabled":{"type":"bool","value":true},"m_Spheres":{"type":"TArray<SEntityTemplateReference>","value":["3a0454f6a3d63ce1","18145b90e5512233","ef8ef32e503328d7","4d2b4361273bc191","517f982ed20c5231","3598c28b949fb34e","813143becfc89224","9f80b897f813148c","6bfa01e0637a82ff","f98445e805f0b0fd"],"postInit":true},"m_eidParent":{"type":"SEntityTemplateReference","value":"cfd605ff2b5fc8ef","postInit":true}}},"7a6a059db59b283e":{"parent":"f9ab66bea5421721","name":"male_reg_dress_shirt_long_sleeve_01","factory":"008F3CBB410A44C6","blueprint":"00789AC05E51C0A9","properties":{"1239136802":{"type":"IRenderMaterialEntity.EModifierOperation","value":"eReplace"},"2359342559":{"type":"IRenderMaterialEntity.EModifierOperation","value":"eReplace"},"m_mTransform":{"type":"SMatrix43","value":{"rotation":{"x":0,"y":0,"z":0},"position":{"x":34.00086975097656,"y":41.78691101074219,"z":-2.1258809566497803}}},"ConstantVector1D_01_Value_op":{"type":"IRenderMaterialEntity.EModifierOperation","value":"eReplace"},"Clients":{"type":"TArray<SEntityTemplateReference>","value":["f9ab66bea5421721"],"postInit":true},"m_eidParent":{"type":"SEntityTemplateReference","value":"f9ab66bea5421721","postInit":true}}},"f9ab66bea5421721":{"parent":"b06081b7af366ca0","name":"Agent47_HuntingSuit_Jacket","factory":"[modules:/zcompositeentity.class].pc_entitytype","blueprint":"[modules:/zcompositeentity.class].pc_entityblueprint","properties":{"m_mTransform":{"type":"SMatrix43","value":{"rotation":{"x":0,"y":0,"z":0},"position":{"x":0,"y":0,"z":0}}},"m_eidParent":{"type":"SEntityTemplateReference","value":"b06081b7af366ca0","postInit":true}},"inputCopying":{"ConstantVector1D_06_Value":{"ConstantVector1D_06_Value":["134807bee845531c","b0fe01b8b9e1be9d","7a6a059db59b283e"]},"ConstantVector1D_14_Value":{"ConstantVector1D_14_Value":["134807bee845531c","b0fe01b8b9e1be9d","7a6a059db59b283e"]},"ConstantVector1D_01_Value":{"ConstantVector1D_01_Value":["134807bee845531c","b0fe01b8b9e1be9d","7a6a059db59b283e"]}},"exposedInterfaces":{"ZClothColliderGroupAspect":"b9cda92b19146e13","ZBodyPartEntity":"b9cda92b19146e13"}},"7496de7f301d281c":{"parent":"cfd605ff2b5fc8ef","name":"C_Spine1_L","factory":"[assembly:/templates/aspectdummy.aspect]([modules:/zclothsphere.class].entitytype,[modules:/zboneattachaspect.class].entitytype).pc_entitytype","blueprint":"[assembly:/templates/aspectdummy.aspect]([modules:/zclothsphere.class].entitytype,[modules:/zboneattachaspect.class].entitytype).pc_entityblueprint","properties":{"m_BoneName":{"type":"ZString","value":"Spine1"},"m_linkedEntity":{"type":"SEntityTemplateReference","value":null},"m_fRadius":{"type":"float32","value":0.11500000208616255},"m_mTransform":{"type":"SMatrix43","value":{"rotation":{"x":0,"y":-0.03426287695765496,"z":0},"position":{"x":-0.031651999801397324,"y":0.024584000930190086,"z":0.038182999938726425}}},"m_bEnabled":{"type":"bool","value":true},"m_eidParent":{"type":"SEntityTemplateReference","value":"cfd605ff2b5fc8ef","postInit":true}}},"3f7e6e9f856333c4":{"parent":"b06081b7af366ca0","name":"FX_Hitman_Wet_Logic_Character","factory":"0067CFB703A80787","blueprint":"00AA88C960CD2080","properties":{"HeadMaterialToOverride":{"type":"ZRuntimeResourceID","value":{"resource":"009F7978C601815A","flag":"5F"}},"HeadMaterialOverride":{"type":"TArray<SEntityTemplateReference>","value":["b06081b7af366ca0"],"postInit":true}},"events":{"HitmanWetness":{"T":["b1e6347e56b9e5ce","c309b000897e77cd","f10501993a1c6714"]}}},"517f982ed20c5231":{"parent":"cfd605ff2b5fc8ef","name":"C_Pelvis_R","factory":"[assembly:/templates/aspectdummy.aspect]([modules:/zclothsphere.class].entitytype,[modules:/zboneattachaspect.class].entitytype).pc_entitytype","blueprint":"[assembly:/templates/aspectdummy.aspect]([modules:/zclothsphere.class].entitytype,[modules:/zboneattachaspect.class].entitytype).pc_entityblueprint","properties":{"m_fRadius":{"type":"float32","value":0.12200000137090684},"m_BoneName":{"type":"ZString","value":"Pelvis"},"m_linkedEntity":{"type":"SEntityTemplateReference","value":null},"m_mTransform":{"type":"SMatrix43","value":{"rotation":{"x":0,"y":0,"z":0},"position":{"x":0.059262000024318695,"y":0.020129000768065453,"z":-0.05662799999117851}}},"m_bEnabled":{"type":"bool","value":true},"m_eidParent":{"type":"SEntityTemplateReference","value":"cfd605ff2b5fc8ef","postInit":true}}},"813143becfc89224":{"parent":"cfd605ff2b5fc8ef","name":"C_TighTop_L","factory":"[assembly:/templates/aspectdummy.aspect]([modules:/zclothsphere.class].entitytype,[modules:/zboneattachaspect.class].entitytype).pc_entitytype","blueprint":"[assembly:/templates/aspectdummy.aspect]([modules:/zclothsphere.class].entitytype,[modules:/zboneattachaspect.class].entitytype).pc_entityblueprint","properties":{"m_fRadius":{"type":"float32","value":0.13199999928474426},"m_BoneName":{"type":"ZString","value":"LThighTwist"},"m_linkedEntity":{"type":"SEntityTemplateReference","value":null},"m_mTransform":{"type":"SMatrix43","value":{"rotation":{"x":0,"y":0.024236112833023068,"z":0},"position":{"x":0.015584999695420265,"y":0.013086999766528606,"z":0.03926499933004379}}},"m_eidParent":{"type":"SEntityTemplateReference","value":"cfd605ff2b5fc8ef","postInit":true}}},"c309b000897e77cd":{"parent":"b06081b7af366ca0","name":"DaseDiff","factory":"[modules:/zmathlerp.class].pc_entitytype","blueprint":"[modules:/zmathlerp.class].pc_entityblueprint","properties":{"m_B":{"type":"float32","value":0.20000000298023224},"m_fT":{"type":"float32","value":0},"m_A":{"type":"float32","value":0.5}},"events":{"Lerp":{"ConstantVector1D_01_Value":["f9ab66bea5421721"]}}},"e91fbe3c6ccf0784":{"parent":"cfd605ff2b5fc8ef","name":"C_Shoulder_R","factory":"[assembly:/templates/aspectdummy.aspect]([modules:/zclothsphere.class].entitytype,[modules:/zboneattachaspect.class].entitytype).pc_entitytype","blueprint":"[assembly:/templates/aspectdummy.aspect]([modules:/zclothsphere.class].entitytype,[modules:/zboneattachaspect.class].entitytype).pc_entityblueprint","properties":{"m_fRadius":{"type":"float32","value":0.07000000029802322},"m_BoneName":{"type":"ZString","value":"R_UpperArm"},"m_linkedEntity":{"type":"SEntityTemplateReference","value":null},"m_eidParent":{"type":"SEntityTemplateReference","value":"cfd605ff2b5fc8ef","postInit":true}}},"f98445e805f0b0fd":{"parent":"cfd605ff2b5fc8ef","name":"C_Calf_L","factory":"[assembly:/templates/aspectdummy.aspect]([modules:/zclothsphere.class].entitytype,[modules:/zboneattachaspect.class].entitytype).pc_entitytype","blueprint":"[assembly:/templates/aspectdummy.aspect]([modules:/zclothsphere.class].entitytype,[modules:/zboneattachaspect.class].entitytype).pc_entityblueprint","properties":{"m_fRadius":{"type":"float32","value":0.09000000357627869},"m_BoneName":{"type":"ZString","value":"L_Calf"},"m_linkedEntity":{"type":"SEntityTemplateReference","value":null},"m_mTransform":{"type":"SMatrix43","value":{"rotation":{"x":0,"y":0,"z":0},"position":{"x":0.4564630091190338,"y":9.999999974752427e-7,"z":0.000019999999494757503}}},"m_eidParent":{"type":"SEntityTemplateReference","value":"cfd605ff2b5fc8ef","postInit":true}}},"83bfd4b22096c5ff":{"parent":"cfd605ff2b5fc8ef","name":"C_Shoulder_L","factory":"[assembly:/templates/aspectdummy.aspect]([modules:/zclothsphere.class].entitytype,[modules:/zboneattachaspect.class].entitytype).pc_entitytype","blueprint":"[assembly:/templates/aspectdummy.aspect]([modules:/zclothsphere.class].entitytype,[modules:/zboneattachaspect.class].entitytype).pc_entityblueprint","properties":{"m_fRadius":{"type":"float32","value":0.07000000029802322},"m_BoneName":{"type":"ZString","value":"L_UpperArm"},"m_linkedEntity":{"type":"SEntityTemplateReference","value":null},"m_eidParent":{"type":"SEntityTemplateReference","value":"cfd605ff2b5fc8ef","postInit":true}}},"c24ab05edc8a9c1d":{"parent":"cfd605ff2b5fc8ef","name":"C_Elbow_R","factory":"[assembly:/templates/aspectdummy.aspect]([modules:/zclothsphere.class].entitytype,[modules:/zboneattachaspect.class].entitytype).pc_entitytype","blueprint":"[assembly:/templates/aspectdummy.aspect]([modules:/zclothsphere.class].entitytype,[modules:/zboneattachaspect.class].entitytype).pc_entityblueprint","properties":{"m_fRadius":{"type":"float32","value":0.05999999865889549},"m_BoneName":{"type":"ZString","value":"R_Forearm"},"m_linkedEntity":{"type":"SEntityTemplateReference","value":null},"m_eidParent":{"type":"SEntityTemplateReference","value":"cfd605ff2b5fc8ef","postInit":true}}},"575bb52ffda7d776":{"parent":"cfd605ff2b5fc8ef","name":"CChain_Spine_L","factory":"[modules:/zclothspherechain.class].pc_entitytype","blueprint":"[modules:/zclothspherechain.class].pc_entityblueprint","properties":{"m_Spheres":{"type":"TArray<SEntityTemplateReference>","value":["18137e4ee67ab418","7496de7f301d281c","e6e923b48916332"]},"m_mTransform":{"type":"SMatrix43","value":{"rotation":{"x":0,"y":0,"z":0},"position":{"x":0,"y":0,"z":0}}},"m_eidParent":{"type":"SEntityTemplateReference","value":"cfd605ff2b5fc8ef","postInit":true}}},"a51d312ef52524cd":{"parent":"cfd605ff2b5fc8ef","name":"C_Palm_L","factory":"[assembly:/templates/aspectdummy.aspect]([modules:/zclothsphere.class].entitytype,[modules:/zboneattachaspect.class].entitytype).pc_entitytype","blueprint":"[assembly:/templates/aspectdummy.aspect]([modules:/zclothsphere.class].entitytype,[modules:/zboneattachaspect.class].entitytype).pc_entityblueprint","properties":{"m_fRadius":{"type":"float32","value":0.07000000029802322},"m_BoneName":{"type":"ZString","value":"L_Hand"},"m_linkedEntity":{"type":"SEntityTemplateReference","value":null},"m_mTransform":{"type":"SMatrix43","value":{"rotation":{"x":0,"y":0,"z":0},"position":{"x":0.07999999821186066,"y":0,"z":0}}},"m_eidParent":{"type":"SEntityTemplateReference","value":"cfd605ff2b5fc8ef","postInit":true}}},"b06081b7af366ca0":{"parent":null,"name":"OUTFIT_Agent47_HuntingSuit_HeroA_V0","factory":"00C0753FBF784C66","blueprint":"007294473357329E","properties":{"m_aBodyParts":{"type":"TArray<SEntityTemplateReference>","value":["2280a77df8970e1","1005a6498bb4ff64","e21e79aba91c203b","f9ab66bea5421721","8be2ffc808c3fe73"]},"m_LocalColliders":{"type":"TArray<SEntityTemplateReference>","value":[]},"m_mTransform":{"type":"SMatrix43","value":{"rotation":{"x":0,"y":0,"z":0},"position":{"x":38.229209899902344,"y":33.928768157958984,"z":-0.008592000231146812}}},"m_fDamping":{"type":"float32","value":0.20000000298023224},"m_pBonesAndCollisionResource":{"type":"ZRuntimeResourceID","value":{"resource":"0017416135CF879C","flag":"5F"}}}},"b50d92ac13652e4f":{"parent":"cfd605ff2b5fc8ef","name":"CChain_Spine_R","factory":"[modules:/zclothspherechain.class].pc_entitytype","blueprint":"[modules:/zclothspherechain.class].pc_entityblueprint","properties":{"m_Spheres":{"type":"TArray<SEntityTemplateReference>","value":["7e4a2be5c08ae8ed","163abc23f7cd2be9","93c5e3bd850ef3b5"]},"m_mTransform":{"type":"SMatrix43","value":{"rotation":{"x":0,"y":0,"z":0},"position":{"x":0,"y":0,"z":0}}},"m_eidParent":{"type":"SEntityTemplateReference","value":"cfd605ff2b5fc8ef","postInit":true}}},"6727d291903ea1f8":{"parent":"cfd605ff2b5fc8ef","name":"ColliderGroup","factory":"[modules:/zclothcollidergroup.class].pc_entitytype","blueprint":"[modules:/zclothcollidergroup.class].pc_entityblueprint","properties":{"m_ClothColliders":{"type":"TArray<SEntityTemplateReference>","value":["b5a86540ef89ee36","b50d92ac13652e4f","575bb52ffda7d776"]},"m_eidParent":{"type":"SEntityTemplateReference","value":"cfd605ff2b5fc8ef","postInit":true}}},"cfd605ff2b5fc8ef":{"parent":"f9ab66bea5421721","name":"Agent47_HuntingSuit_Jacket_Collider","factory":"[modules:/zcompositeentity.class].pc_entitytype","blueprint":"[modules:/zcompositeentity.class].pc_entityblueprint","properties":{"m_mTransform":{"type":"SMatrix43","value":{"rotation":{"x":0,"y":0,"z":0},"position":{"x":0,"y":0,"z":0}}},"m_eidParent":{"type":"SEntityTemplateReference","value":"f9ab66bea5421721"}},"propertyAliases":{"m_linkedEntity":[{"originalProperty":"m_linkedEntity","originalEntity":"6bfa01e0637a82ff"},{"originalProperty":"m_linkedEntity","originalEntity":"18145b90e5512233"},{"originalProperty":"m_linkedEntity","originalEntity":"9f80b897f813148c"},{"originalProperty":"m_linkedEntity","originalEntity":"ef8ef32e503328d7"},{"originalProperty":"m_linkedEntity","originalEntity":"4d2b4361273bc191"},{"originalProperty":"m_linkedEntity","originalEntity":"813143becfc89224"},{"originalProperty":"m_linkedEntity","originalEntity":"3598c28b949fb34e"},{"originalProperty":"m_linkedEntity","originalEntity":"93c5e3bd850ef3b5"},{"originalProperty":"m_linkedEntity","originalEntity":"163abc23f7cd2be9"},{"originalProperty":"m_linkedEntity","originalEntity":"7e4a2be5c08ae8ed"},{"originalProperty":"m_linkedEntity","originalEntity":"18137e4ee67ab418"},{"originalProperty":"m_linkedEntity","originalEntity":"7496de7f301d281c"},{"originalProperty":"m_linkedEntity","originalEntity":"e6e923b48916332"},{"originalProperty":"m_linkedEntity","originalEntity":"c24ab05edc8a9c1d"},{"originalProperty":"m_linkedEntity","originalEntity":"538acca341b47541"},{"originalProperty":"m_linkedEntity","originalEntity":"c1283ecb7603dbe"},{"originalProperty":"m_linkedEntity","originalEntity":"1fb97ac305e6ba4f"},{"originalProperty":"m_linkedEntity","originalEntity":"83bfd4b22096c5ff"},{"originalProperty":"m_linkedEntity","originalEntity":"e91fbe3c6ccf0784"},{"originalProperty":"m_linkedEntity","originalEntity":"3af5d101c64bc48d"},{"originalProperty":"m_linkedEntity","originalEntity":"c03d822be94c6748"},{"originalProperty":"m_linkedEntity","originalEntity":"a51d312ef52524cd"},{"originalProperty":"m_linkedEntity","originalEntity":"f98445e805f0b0fd"},{"originalProperty":"m_linkedEntity","originalEntity":"3a0454f6a3d63ce1"},{"originalProperty":"m_linkedEntity","originalEntity":"517f982ed20c5231"}]},"exposedInterfaces":{"ZClothCollider":"6727d291903ea1f8","ZClothColliderGroup":"6727d291903ea1f8"}},"7deff9998cc6bfe9":{"parent":"b06081b7af366ca0","name":"Mesh_Jacket","factory":"[modules:/zbodypartentity.class].pc_entitytype","blueprint":"[modules:/zbodypartentity.class].pc_entityblueprint","properties":{"m_pMeshResource":{"type":"ZRuntimeResourceID","value":{"resource":"00437A2504DF55A1","flag":"5F"}}}}},"propertyOverrides":[],"overrideDeletes":[],"pinConnectionOverrides":[],"pinConnectionOverrideDeletes":[],"externalScenes":[],"subType":"template","quickEntityVersion":3.1,"extraFactoryDependencies":[],"extraBlueprintDependencies":[],"comments":[]}