{"tempHash":"00AC062ACAED4FA6","tbluHash":"009E7DBA175CFD16","rootEntity":"a3bb0591172df3dc","entities":{"3efaea0b96cdbe2":{"parent":"a3bb0591172df3dc","name":"Mesh_Hat","factory":"[modules:/zbodypartentity.class].pc_entitytype","blueprint":"[modules:/zbodypartentity.class].pc_entityblueprint","properties":{"m_pMeshResource":{"type":"ZRuntimeResourceID","value":{"resource":"0045ECE566B1343A","flag":"5F"}},"m_IsHiddenInVR":{"type":"bool","value":true}}},"b17a2896f6045c16":{"parent":"a3bb0591172df3dc","name":"agent47_eye","factory":"[assembly:/_pro/characters/assets/hero/agent47/materials/agent47_eye.mi].pc_entitytype","blueprint":"[assembly:/_pro/characters/assets/hero/agent47/materials/agent47_eye.mi].pc_entityblueprint","properties":{"1405740434":{"type":"IRenderMaterialEntity.EModifierOperation","value":"eReplace"},"2298771567":{"type":"IRenderMaterialEntity.EModifierOperation","value":"eReplace"},"EyeShader_01_ScleraSpecularIntensity":{"type":"float32","value":0.007000000216066837},"EyeShader_01_CorneaSpecularIntensity":{"type":"float32","value":0.007000000216066837},"Clients":{"type":"TArray<SEntityTemplateReference>","value":["a3bb0591172df3dc"],"postInit":true},"m_eidParent":{"type":"SEntityTemplateReference","value":"a3bb0591172df3dc","postInit":true}}},"7f73ad926031f45e":{"parent":"a3bb0591172df3dc","name":"FullBody","factory":"0012C9E3ED80E8C9","blueprint":"0026079BF5D4C4EB","properties":{"Spine_Low_RadiusZ":{"type":"float32","value":0.18000000715255737},"m_mTransform":{"type":"SMatrix43","value":{"rotation":{"x":0,"y":0,"z":0},"position":{"x":0,"y":0,"z":0}}},"Hand_L_Enabled":{"type":"bool","value":false},"Hand_R_Enabled":{"type":"bool","value":false},"Elbow_R_Enabled":{"type":"bool","value":false},"Elbow_L_Enabled":{"type":"bool","value":false},"Head_Low_Radius":{"type":"float32","value":0.09000000357627869},"m_linkedEntity":{"type":"SEntityTemplateReference","value":"a3bb0591172df3dc","postInit":true},"m_eidParent":{"type":"SEntityTemplateReference","value":"a3bb0591172df3dc","postInit":true}}},"b6251e52e7ab3fc6":{"parent":"a3bb0591172df3dc","name":"Mesh_Head","factory":"[modules:/zbodypartentity.class].pc_entitytype","blueprint":"[modules:/zbodypartentity.class].pc_entityblueprint","properties":{"m_pMeshResource":{"type":"ZRuntimeResourceID","value":{"resource":"00B56DB95950BD5E","flag":"5F"}},"m_IsHiddenInVR":{"type":"bool","value":true}}},"4f989aaa585211b8":{"parent":"a3bb0591172df3dc","name":"Lerp","factory":"[modules:/zmathlerp.class].pc_entitytype","blueprint":"[modules:/zmathlerp.class].pc_entityblueprint","properties":{"m_fT":{"type":"float32","value":0},"m_B":{"type":"float32","value":0.30000001192092896}},"events":{"Lerp":{"ConstantVector1D_04_Value":["3b9da865344af548","f3240e39adc5ea38","8c3aa773e3156f67","300d31c5a849c089","b1a46d204f8c11a5","f73a5e21a5bfa1"],"ConstantVector1D_14_Value":["c164ba9a00e373d5"]}}},"5b575631458fad63":{"parent":"a3bb0591172df3dc","name":"Mesh_Pants","factory":"[modules:/zbodypartentity.class].pc_entitytype","blueprint":"[modules:/zbodypartentity.class].pc_entityblueprint","properties":{"m_pMeshResource":{"type":"ZRuntimeResourceID","value":{"resource":"[assembly:/_pro/characters/assets/hero/agent47/geometry/male_reg_agent47_colorado.wl2?/pants.weightedprim](bodypart).pc_weightedprim","flag":"5F"}}}},"83b1ba4ff5faa317":{"parent":"a3bb0591172df3dc","name":"Mesh_Jacket","factory":"[modules:/zbodypartentity.class].pc_entitytype","blueprint":"[modules:/zbodypartentity.class].pc_entityblueprint","properties":{"m_pMeshResource":{"type":"ZRuntimeResourceID","value":{"resource":"[assembly:/_pro/characters/assets/hero/agent47/geometry/male_reg_agent47_colorado.wl2?/jacket.weightedprim](bodypart).pc_weightedprim","flag":"5F"}}}},"8c3aa773e3156f67":{"parent":"a3bb0591172df3dc","name":"agent47_gloves_white","factory":"[assembly:/_pro/characters/assets/hero/agent47/materials/agent47_gloves_white.mi].pc_entitytype","blueprint":"[assembly:/_pro/characters/assets/hero/agent47/materials/agent47_gloves_white.mi].pc_entityblueprint","properties":{"2287298018":{"type":"IRenderMaterialEntity.EModifierOperation","value":"eReplace"},"ConstantVector1D_01_Value_op":{"type":"IRenderMaterialEntity.EModifierOperation","value":"eReplace"},"ConstantVector1D_01_Value":{"type":"float32","value":0.05000000074505806},"Clients":{"type":"TArray<SEntityTemplateReference>","value":["a3bb0591172df3dc"],"postInit":true},"m_eidParent":{"type":"SEntityTemplateReference","value":"a3bb0591172df3dc","postInit":true}}},"f3240e39adc5ea38":{"parent":"a3bb0591172df3dc","name":"male_reg_agent47_colorado_hat_01","factory":"[assembly:/_pro/characters/assets/hero/agent47/materials/male_reg_agent47_colorado_hat_01.mi].pc_entitytype","blueprint":"[assembly:/_pro/characters/assets/hero/agent47/materials/male_reg_agent47_colorado_hat_01.mi].pc_entityblueprint","properties":{"2287298018":{"type":"IRenderMaterialEntity.EModifierOperation","value":"eReplace"},"2359342559":{"type":"IRenderMaterialEntity.EModifierOperation","value":"eReplace"},"ConstantVector1D_01_Value_op":{"type":"IRenderMaterialEntity.EModifierOperation","value":"eLeave"},"ConstantVector1D_01_Value":{"type":"float32","value":0.5},"Clients":{"type":"TArray<SEntityTemplateReference>","value":["a3bb0591172df3dc"],"postInit":true},"m_eidParent":{"type":"SEntityTemplateReference","value":"a3bb0591172df3dc","postInit":true}}},"3b9da865344af548":{"parent":"a3bb0591172df3dc","name":"agent47_head_02","factory":"[assembly:/_pro/characters/assets/hero/agent47/materials/agent47_head_02.mi].pc_entitytype","blueprint":"[assembly:/_pro/characters/assets/hero/agent47/materials/agent47_head_02.mi].pc_entityblueprint","properties":{"2287298018":{"type":"IRenderMaterialEntity.EModifierOperation","value":"eReplace"},"m_mTransform":{"type":"SMatrix43","value":{"rotation":{"x":0,"y":0,"z":0.7383338212966921},"position":{"x":-6.541452884674072,"y":6.290288925170898,"z":4.101524829864502}}},"Active":{"type":"bool","value":false},"Clients":{"type":"TArray<SEntityTemplateReference>","value":["a3bb0591172df3dc"],"postInit":true},"m_eidParent":{"type":"SEntityTemplateReference","value":"a3bb0591172df3dc","postInit":true}}},"ecf69c006e8931a3":{"parent":"a3bb0591172df3dc","name":"Lerp 1","factory":"[modules:/zmathlerp.class].pc_entitytype","blueprint":"[modules:/zmathlerp.class].pc_entityblueprint","properties":{"m_A":{"type":"float32","value":1},"m_B":{"type":"float32","value":2},"m_fT":{"type":"float32","value":0}},"events":{"Lerp":{"ConstantVector1D_06_Value":["f3240e39adc5ea38","300d31c5a849c089"]}}},"c164ba9a00e373d5":{"parent":"a3bb0591172df3dc","name":"male_undercovercops_01_jacket_01","factory":"[assembly:/_pro/characters/assets/guards/undercovercops_01/materials/male_undercovercops_01_jacket_01.mi].pc_entitytype","blueprint":"[assembly:/_pro/characters/assets/guards/undercovercops_01/materials/male_undercovercops_01_jacket_01.mi].pc_entityblueprint","properties":{"1239136802":{"type":"IRenderMaterialEntity.EModifierOperation","value":"eReplace"},"1787395739":{"type":"IRenderMaterialEntity.EModifierOperation","value":"eReplace"},"ConstantVector1D_03_Value":{"type":"float32","value":1.25},"Clients":{"type":"TArray<SEntityTemplateReference>","value":["a3bb0591172df3dc"],"postInit":true},"m_eidParent":{"type":"SEntityTemplateReference","value":"a3bb0591172df3dc","postInit":true}}},"f73a5e21a5bfa1":{"parent":"a3bb0591172df3dc","name":"male_reg_agent47_tutorial_shirt_01","factory":"[assembly:/_pro/characters/assets/hero/agent47/materials/male_reg_agent47_tutorial_shirt_01.mi].pc_entitytype","blueprint":"[assembly:/_pro/characters/assets/hero/agent47/materials/male_reg_agent47_tutorial_shirt_01.mi].pc_entityblueprint","properties":{"2287298018":{"type":"IRenderMaterialEntity.EModifierOperation","value":"eReplace"},"m_mTransform":{"type":"SMatrix43","value":{"rotation":{"x":0,"y":0,"z":0.7383338212966921},"position":{"x":3.7475969791412354,"y":8.649311065673828,"z":2.4271039962768555}}},"Active":{"type":"bool","value":false},"Clients":{"type":"TArray<SEntityTemplateReference>","value":["a3bb0591172df3dc"],"postInit":true},"m_eidParent":{"type":"SEntityTemplateReference","value":"a3bb0591172df3dc","postInit":true}}},"b1a46d204f8c11a5":{"parent":"a3bb0591172df3dc","name":"male_reg_agent47_tutorial_shoes_01","factory":"[assembly:/_pro/characters/assets/hero/agent47/materials/male_reg_agent47_tutorial_shoes_01.mi].pc_entitytype","blueprint":"[assembly:/_pro/characters/assets/hero/agent47/materials/male_reg_agent47_tutorial_shoes_01.mi].pc_entityblueprint","properties":{"2287298018":{"type":"IRenderMaterialEntity.EModifierOperation","value":"eReplace"},"m_mTransform":{"type":"SMatrix43","value":{"rotation":{"x":0,"y":0,"z":0.7383338212966921},"position":{"x":-5.0409440994262695,"y":6.589204788208008,"z":-2.499803066253662}}},"Active":{"type":"bool","value":false},"Clients":{"type":"TArray<SEntityTemplateReference>","value":["a3bb0591172df3dc"],"postInit":true},"m_eidParent":{"type":"SEntityTemplateReference","value":"a3bb0591172df3dc","postInit":true}}},"300d31c5a849c089":{"parent":"a3bb0591172df3dc","name":"male_reg_agent47_tutorial_pants_01","factory":"[assembly:/_pro/characters/assets/hero/agent47/materials/male_reg_agent47_tutorial_pants_01.mi].pc_entitytype","blueprint":"[assembly:/_pro/characters/assets/hero/agent47/materials/male_reg_agent47_tutorial_pants_01.mi].pc_entityblueprint","properties":{"2287298018":{"type":"IRenderMaterialEntity.EModifierOperation","value":"eReplace"},"2359342559":{"type":"IRenderMaterialEntity.EModifierOperation","value":"eReplace"},"m_mTransform":{"type":"SMatrix43","value":{"rotation":{"x":0,"y":0,"z":0.7383338212966921},"position":{"x":-3.672574996948242,"y":7.553859233856201,"z":-2.2503020763397217}}},"Active":{"type":"bool","value":false},"Clients":{"type":"TArray<SEntityTemplateReference>","value":["a3bb0591172df3dc"],"postInit":true},"m_eidParent":{"type":"SEntityTemplateReference","value":"a3bb0591172df3dc","postInit":true}}},"643ca113669f3baa":{"parent":"a3bb0591172df3dc","name":"Mesh_Shoes","factory":"[modules:/zbodypartentity.class].pc_entitytype","blueprint":"[modules:/zbodypartentity.class].pc_entityblueprint","properties":{"m_pMeshResource":{"type":"ZRuntimeResourceID","value":{"resource":"[assembly:/_pro/characters/assets/hero/agent47/geometry/male_reg_agent47_colorado.wl2?/shoes.weightedprim](bodypart).pc_weightedprim","flag":"5F"}}}},"7d931e42cd96704":{"parent":"a3bb0591172df3dc","name":"ChildNetwork","factory":"[modules:/zchildnetworkentity.class].pc_entitytype","blueprint":"[modules:/zchildnetworkentity.class].pc_entityblueprint","properties":{"m_RuntimeNetworkResourceID":{"type":"ZRuntimeResourceID","value":{"resource":"[assembly:/animationnetworks/hitman01/idles/suitidle.aln].pc_rtn","flag":"9F"}}}},"a3bb0591172df3dc":{"parent":null,"name":"OUTFIT_Agent47_ColoradoSuit_Hat_HeroA_V0","factory":"00EC23CD5ED3321D","blueprint":"00F08545F4143973","properties":{"m_ResourceID":{"type":"ZRuntimeResourceID","value":null},"m_fLODScale":{"type":"float32","value":1},"m_mTransform":{"type":"SMatrix43","value":{"rotation":{"x":0,"y":0,"z":-0.7383338212966921},"position":{"x":16.074920654296875,"y":8.484787940979004,"z":0}}},"m_pBonesAndCollisionResource":{"type":"ZRuntimeResourceID","value":{"resource":"004E2C4FC114F487","flag":"5F"}},"m_bUsePerVertexStiffness":{"type":"bool","value":false},"m_LocalColliders":{"type":"TArray<SEntityTemplateReference>","value":["7f73ad926031f45e"]},"m_bGlobalCollidersEnabled":{"type":"bool","value":false},"m_bUsePerVertexDamping":{"type":"bool","value":false},"m_bUseSkinningPosNormalConstrains":{"type":"bool","value":true},"m_bUseSkinningNegNormalConstrains":{"type":"bool","value":true},"m_fLODOffset":{"type":"float32","value":100},"m_bLimitTranslation":{"type":"bool","value":false},"m_fDamping":{"type":"float32","value":0.12999999523162842},"m_fWindConstant":{"type":"float32","value":0.10000000149011612},"m_eRootBone":{"type":"BoneId.Enum","value":"PELVIS"},"m_bEnableAngularVelocityScale":{"type":"bool","value":true},"m_eBendConstrainType":{"type":"EClothBendConstrainType","value":"eClothBendConstrainType_Stick"},"m_fBendStiffness":{"type":"float32","value":0.699999988079071},"m_fShearStiffness":{"type":"float32","value":0.5},"m_fFrequency":{"type":"float32","value":60},"m_nIterations":{"type":"uint32","value":2},"m_eStretchConstrainType":{"type":"EClothStretchConstrainType","value":"eClothBendConstrainType_Anchor"},"m_vBodypartBoundingMarginMin":{"type":"SVector3","value":{"x":0,"y":0,"z":0}},"Pistol_Holster_Attacher_Transform":{"type":"SMatrix43","value":{"rotation":{"x":0,"y":0,"z":0},"position":{"x":0,"y":0,"z":0}}},"Back1_Attacher_Transform":{"type":"SMatrix43","value":{"rotation":{"x":0,"y":0,"z":0},"position":{"x":0,"y":0.05000000074505806,"z":0}}},"Rifle_Holster_Attacher_Transform":{"type":"SMatrix43","value":{"rotation":{"x":0,"y":0,"z":0},"position":{"x":0,"y":0,"z":0}}},"m_bCreateSleeveConstrains":{"type":"bool","value":false},"m_aBodyParts":{"type":"TArray<SEntityTemplateReference>","value":["e0d533ad25146e0e","3efaea0b96cdbe2","b6251e52e7ab3fc6","83b1ba4ff5faa317","5b575631458fad63","cca216c6381851f1","643ca113669f3baa"],"postInit":true}}},"cca216c6381851f1":{"parent":"a3bb0591172df3dc","name":"Mesh_Shirt","factory":"[modules:/zbodypartentity.class].pc_entitytype","blueprint":"[modules:/zbodypartentity.class].pc_entityblueprint","properties":{"m_pMeshResource":{"type":"ZRuntimeResourceID","value":{"resource":"[assembly:/_pro/characters/assets/hero/agent47/geometry/male_reg_agent47_colorado.wl2?/shirt.weightedprim](bodypart).pc_weightedprim","flag":"5F"}}}},"832f0f00b64ebb3d":{"parent":"a3bb0591172df3dc","name":"FX_Hitman_Wet_Logic_Character","factory":"0067CFB703A80787","blueprint":"00AA88C960CD2080","properties":{"HeadMaterialToOverride":{"type":"ZRuntimeResourceID","value":{"resource":"009F7978C601815A","flag":"5F"}}},"events":{"HitmanWetness":{"T":["4f989aaa585211b8","ecf69c006e8931a3"]},"ChangedDisguiseTrigger":{"Activate":["3b9da865344af548","300d31c5a849c089","b1a46d204f8c11a5","f73a5e21a5bfa1"]}}},"e0d533ad25146e0e":{"parent":"a3bb0591172df3dc","name":"Mesh_Hands","factory":"[modules:/zbodypartentity.class].pc_entitytype","blueprint":"[modules:/zbodypartentity.class].pc_entityblueprint","properties":{"m_pMeshResource":{"type":"ZRuntimeResourceID","value":{"resource":"000C965D59EE8E19","flag":"5F"}}}}},"propertyOverrides":[],"overrideDeletes":[],"pinConnectionOverrides":[],"pinConnectionOverrideDeletes":[],"externalScenes":[],"subType":"template","quickEntityVersion":3.1,"extraFactoryDependencies":[],"extraBlueprintDependencies":[],"comments":[]}