{"tempHash":"00E41486308B3E90","tbluHash":"00CE994AF26EEFFB","patch":[{"SubEntityOperation":["ba85725bfd531eb7",{"RemovePropertyByName":"Texture2D_01_enab"}]},{"SubEntityOperation":["ba85725bfd531eb7",{"RemovePropertyByName":"Texture2D_03"}]},{"SubEntityOperation":["ba85725bfd531eb7",{"RemovePropertyByName":"Texture2D_03_enab"}]},{"SubEntityOperation":["ba85725bfd531eb7",{"RemovePropertyByName":"Texture2D_01"}]},{"SubEntityOperation":["d636b78c9f59ee6e",{"RemovePropertyByName":"Texture2D_01_enab"}]},{"SubEntityOperation":["d636b78c9f59ee6e",{"RemovePropertyByName":"Texture2D_01"}]},{"SubEntityOperation":["d636b78c9f59ee6e",{"RemovePropertyByName":"Texture2D_03_enab"}]},{"SubEntityOperation":["d636b78c9f59ee6e",{"RemovePropertyByName":"Texture2D_03"}]},{"SubEntityOperation":["8610adee140ea6e",{"RemovePropertyByName":"Texture2D_01"}]},{"SubEntityOperation":["8610adee140ea6e",{"RemovePropertyByName":"Texture2D_01_enab"}]},{"SubEntityOperation":["8610adee140ea6e",{"RemovePropertyByName":"Texture2D_03_enab"}]},{"SubEntityOperation":["8610adee140ea6e",{"RemovePropertyByName":"Texture2D_03"}]},{"SubEntityOperation":["8610adee140ea6e",{"RemovePropertyByName":"Texture2DNormal_01_enab"}]},{"SubEntityOperation":["8610adee140ea6e",{"RemovePropertyByName":"Texture2DNormal_01"}]}],"patchVersion":6}