{"tempHash":"001CFB78C1E0B4DA","tbluHash":"00C034DF3C29218A","rootEntity":"26a0368bd9eb44ca","entities":{"7b00224c246d600c":{"parent":"eb302bb9b175308e","name":"C_Head","factory":"[assembly:/templates/aspectdummy.aspect]([modules:/zclothsphere.class].entitytype,[modules:/zboneattachaspect.class].entitytype).pc_entitytype","blueprint":"[assembly:/templates/aspectdummy.aspect]([modules:/zclothsphere.class].entitytype,[modules:/zboneattachaspect.class].entitytype).pc_entityblueprint","properties":{"m_BoneName":{"type":"ZString","value":"Head"},"m_linkedEntity":{"type":"SEntityTemplateReference","value":null},"m_fRadius":{"type":"float32","value":0.10499999672174454},"m_mTransform":{"type":"SMatrix43","value":{"rotation":{"x":0,"y":-0.034262866698659196,"z":0},"position":{"x":0.07092700153589249,"y":0.010377000086009502,"z":-0.000004999999873689376}}},"m_bEnabled":{"type":"bool","value":true},"m_eidParent":{"type":"SEntityTemplateReference","value":"eb302bb9b175308e","postInit":true}}},"d12d8a09b8ec883a":{"parent":"26a0368bd9eb44ca","name":"Mesh_ChineseSuit_Arms","factory":"[modules:/zbodypartentity.class].pc_entitytype","blueprint":"[modules:/zbodypartentity.class].pc_entityblueprint","properties":{"m_pMeshResource":{"type":"ZRuntimeResourceID","value":{"resource":"002E55AFD8BC8D8D","flag":"5F"}}}},"da36067c67260013":{"parent":"eb302bb9b175308e","name":"CChain_Neck_Head","factory":"[modules:/zclothspherechain.class].pc_entitytype","blueprint":"[modules:/zclothspherechain.class].pc_entityblueprint","properties":{"m_mTransform":{"type":"SMatrix43","value":{"rotation":{"x":0.0000003462549529520185,"y":-0.0000006315862537584161,"z":0.0000005004550884630445},"position":{"x":-0.00000005008154957408806,"y":0.000000016014109149864453,"z":-0.000000016104669597893917}}},"m_bCollisionGroup0":{"type":"bool","value":true},"m_bEnabled":{"type":"bool","value":true},"m_Spheres":{"type":"TArray<SEntityTemplateReference>","value":["cafd94d446324a34","7b00224c246d600c"],"postInit":true},"m_eidParent":{"type":"SEntityTemplateReference","value":"eb302bb9b175308e","postInit":true}}},"4a90766bdfa94690":{"parent":"26a0368bd9eb44ca","name":"agent47_chinesesuit_pants","factory":"003B8BED28353A3D","blueprint":"00FE1DB40B80D197","properties":{"m_mTransform":{"type":"SMatrix43","value":{"rotation":{"x":0.00040820966173372774,"y":-0.11361776331852975,"z":0.43699998629257764},"position":{"x":-6.454423904418945,"y":3.6066999435424805,"z":1.3973360061645508}}},"ConstantVector1D_04_Value_op":{"type":"IRenderMaterialEntity.EModifierOperation","value":"eReplace"},"ConstantVector1D_05_Value_op":{"type":"IRenderMaterialEntity.EModifierOperation","value":"eReplace"},"ConstantVector1D_06_Value_op":{"type":"IRenderMaterialEntity.EModifierOperation","value":"eReplace"},"Clients":{"type":"TArray<SEntityTemplateReference>","value":["26a0368bd9eb44ca"],"postInit":true},"m_eidParent":{"type":"SEntityTemplateReference","value":"26a0368bd9eb44ca","postInit":true}}},"63d9ccc38919b6b8":{"parent":"eb302bb9b175308e","name":"C_TighMid_L","factory":"[assembly:/templates/aspectdummy.aspect]([modules:/zclothsphere.class].entitytype,[modules:/zboneattachaspect.class].entitytype).pc_entitytype","blueprint":"[assembly:/templates/aspectdummy.aspect]([modules:/zclothsphere.class].entitytype,[modules:/zboneattachaspect.class].entitytype).pc_entityblueprint","properties":{"m_fRadius":{"type":"float32","value":0.14499999582767487},"m_BoneName":{"type":"ZString","value":"LThighTwist1"},"m_linkedEntity":{"type":"SEntityTemplateReference","value":null},"m_mTransform":{"type":"SMatrix43","value":{"rotation":{"x":0,"y":0,"z":0},"position":{"x":0.054496001452207565,"y":0.0004830000107176602,"z":0.012148999609053135}}},"m_bCollisionGroup0":{"type":"bool","value":true},"m_eidParent":{"type":"SEntityTemplateReference","value":"eb302bb9b175308e","postInit":true}}},"5c666fb706310135":{"parent":"26a0368bd9eb44ca","name":"Lerp 8","factory":"[modules:/zmathlerp.class].pc_entitytype","blueprint":"[modules:/zmathlerp.class].pc_entityblueprint","properties":{"m_A":{"type":"float32","value":0.12999999523162842},"m_fT":{"type":"float32","value":0},"m_B":{"type":"float32","value":0.4000000059604645}},"events":{"Lerp":{"ConstantVector1D_04_Value":["fd772538c4c3cd48"]}}},"985baea2a4560b8e":{"parent":"eb302bb9b175308e","name":"C_Clavicle_R","factory":"[assembly:/templates/aspectdummy.aspect]([modules:/zclothsphere.class].entitytype,[modules:/zboneattachaspect.class].entitytype).pc_entitytype","blueprint":"[assembly:/templates/aspectdummy.aspect]([modules:/zclothsphere.class].entitytype,[modules:/zboneattachaspect.class].entitytype).pc_entityblueprint","properties":{"m_BoneName":{"type":"ZString","value":"R_Clavicle"},"m_linkedEntity":{"type":"SEntityTemplateReference","value":null},"m_fRadius":{"type":"float32","value":0.08500000089406967},"m_mTransform":{"type":"SMatrix43","value":{"rotation":{"x":0,"y":0,"z":0},"position":{"x":0,"y":0,"z":0}}},"m_bEnabled":{"type":"bool","value":true},"m_eidParent":{"type":"SEntityTemplateReference","value":"eb302bb9b175308e","postInit":true}}},"fbf11317cf29a346":{"parent":"1e9f1d71861e7ed9","name":"Mesh","factory":"[assembly:/templates/aspectdummy.aspect]([modules:/zbodypartentity.class].entitytype,[modules:/zclothcollidergroupaspect.class].entitytype).pc_entitytype","blueprint":"[assembly:/templates/aspectdummy.aspect]([modules:/zbodypartentity.class].entitytype,[modules:/zclothcollidergroupaspect.class].entitytype).pc_entityblueprint","properties":{"m_pMeshResource":{"type":"ZRuntimeResourceID","value":{"resource":"00C0235E4A1720F5","flag":"5F"}},"m_ClothColliders":{"type":"TArray<SEntityTemplateReference>","value":["eb302bb9b175308e"],"postInit":true}}},"74e7cdf5d5337e50":{"parent":"eb302bb9b175308e","name":"C_TighTop_R","factory":"[assembly:/templates/aspectdummy.aspect]([modules:/zclothsphere.class].entitytype,[modules:/zboneattachaspect.class].entitytype).pc_entitytype","blueprint":"[assembly:/templates/aspectdummy.aspect]([modules:/zclothsphere.class].entitytype,[modules:/zboneattachaspect.class].entitytype).pc_entityblueprint","properties":{"m_fRadius":{"type":"float32","value":0.13099999725818634},"m_BoneName":{"type":"ZString","value":"RThighTwist"},"m_linkedEntity":{"type":"SEntityTemplateReference","value":null},"m_mTransform":{"type":"SMatrix43","value":{"rotation":{"x":0.19222777253886894,"y":-0.04234159389908174,"z":-0.20832783919018955},"position":{"x":0.00016199999663513154,"y":0.016290999948978424,"z":-0.031143000349402428}}},"m_eidParent":{"type":"SEntityTemplateReference","value":"eb302bb9b175308e","postInit":true}}},"76deb6bbd98dc794":{"parent":"eb302bb9b175308e","name":"C_Knee_R","factory":"[assembly:/templates/aspectdummy.aspect]([modules:/zclothsphere.class].entitytype,[modules:/zboneattachaspect.class].entitytype).pc_entitytype","blueprint":"[assembly:/templates/aspectdummy.aspect]([modules:/zclothsphere.class].entitytype,[modules:/zboneattachaspect.class].entitytype).pc_entityblueprint","properties":{"m_fRadius":{"type":"float32","value":0.15000000596046448},"m_BoneName":{"type":"ZString","value":"RThighTwist2"},"m_linkedEntity":{"type":"SEntityTemplateReference","value":null},"m_mTransform":{"type":"SMatrix43","value":{"rotation":{"x":0.01976704358638215,"y":0,"z":0},"position":{"x":0.12606200575828552,"y":-0.011234999634325504,"z":-0.0020119999535381794}}},"m_eidParent":{"type":"SEntityTemplateReference","value":"eb302bb9b175308e","postInit":true}}},"1e9f1d71861e7ed9":{"parent":"26a0368bd9eb44ca","name":"Mesh_ChineseSuit_Jacket","factory":"[modules:/zcompositeentity.class].pc_entitytype","blueprint":"[modules:/zcompositeentity.class].pc_entityblueprint","properties":{"m_eidParent":{"type":"SEntityTemplateReference","value":"26a0368bd9eb44ca","postInit":true}},"exposedInterfaces":{"ZClothColliderGroupAspect":"fbf11317cf29a346","ZBodyPartEntity":"fbf11317cf29a346"}},"27c82e41f29a61e3":{"parent":"fd772538c4c3cd48","name":"handyman_pants_01","factory":"[assembly:/_pro/characters/assets/workers/hokkaido/handyman/materials/handyman_pants_01.mi].pc_entitytype","blueprint":"[assembly:/_pro/characters/assets/workers/hokkaido/handyman/materials/handyman_pants_01.mi].pc_entityblueprint","properties":{"m_mTransform":{"type":"SMatrix43","value":{"rotation":{"x":0,"y":0,"z":0},"position":{"x":0,"y":0,"z":0}}},"ConstantVector1D_01_Value_op":{"type":"IRenderMaterialEntity.EModifierOperation","value":"eReplace"},"ConstantVector1D_01_Value":{"type":"float32","value":0.5},"ConstantVector1D_04_Value_op":{"type":"IRenderMaterialEntity.EModifierOperation","value":"eReplace"},"ConstantVector1D_05_Value_op":{"type":"IRenderMaterialEntity.EModifierOperation","value":"eReplace"},"ConstantVector1D_04_Value":{"type":"float32","value":0.12999999523162842},"ConstantVector1D_03_Value":{"type":"float32","value":1.2000000476837158},"ConstantVector1D_03_Value_op":{"type":"IRenderMaterialEntity.EModifierOperation","value":"eReplace"},"Texture2DNormal_01_enab":{"type":"bool","value":true},"Texture2DNormal_01":{"type":"ZRuntimeResourceID","value":{"resource":"00413C5104E063F4","flag":"5F"}},"Texture2D_01_enab":{"type":"bool","value":true},"Texture2D_01":{"type":"ZRuntimeResourceID","value":{"resource":"0047E64C13DC4937","flag":"5F"}},"Diffuse_Color_01_Value_op":{"type":"IRenderMaterialEntity.EModifierOperation","value":"eReplace"},"Diffuse_Color_01_Value":{"type":"SColorRGB","value":"#bababa"},"ConstantVector1D_06_Value_op":{"type":"IRenderMaterialEntity.EModifierOperation","value":"eReplace"},"Clients":{"type":"TArray<SEntityTemplateReference>","value":["fd772538c4c3cd48"],"postInit":true},"m_eidParent":{"type":"SEntityTemplateReference","value":"26a0368bd9eb44ca","postInit":true}}},"421563c63ad9596a":{"parent":"eb302bb9b175308e","name":"C_TighMid_R","factory":"[assembly:/templates/aspectdummy.aspect]([modules:/zclothsphere.class].entitytype,[modules:/zboneattachaspect.class].entitytype).pc_entitytype","blueprint":"[assembly:/templates/aspectdummy.aspect]([modules:/zclothsphere.class].entitytype,[modules:/zboneattachaspect.class].entitytype).pc_entityblueprint","properties":{"m_fRadius":{"type":"float32","value":0.14499999582767487},"m_BoneName":{"type":"ZString","value":"RThighTwist1"},"m_linkedEntity":{"type":"SEntityTemplateReference","value":null},"m_mTransform":{"type":"SMatrix43","value":{"rotation":{"x":0.0641140167578193,"y":-0.0000572958237380245,"z":-0.07133319448551644},"position":{"x":0.054009001702070236,"y":-0.006496999878436327,"z":-0.01396500039845705}}},"m_eidParent":{"type":"SEntityTemplateReference","value":"eb302bb9b175308e","postInit":true}}},"aa41ee85e13ef3a0":{"parent":"26a0368bd9eb44ca","name":"Mesh_ChineseSuit_Shirt","factory":"[modules:/zbodypartentity.class].pc_entitytype","blueprint":"[modules:/zbodypartentity.class].pc_entityblueprint","properties":{"m_pMeshResource":{"type":"ZRuntimeResourceID","value":{"resource":"00EBCF7E1F2B7E5B","flag":"5F"}}}},"dbb1c198c5415e45":{"parent":"eb302bb9b175308e","name":"CChain_Neck_Arms","factory":"[modules:/zclothspherechain.class].pc_entitytype","blueprint":"[modules:/zclothspherechain.class].pc_entityblueprint","properties":{"m_mTransform":{"type":"SMatrix43","value":{"rotation":{"x":0,"y":0,"z":0},"position":{"x":-0.00000011920930376163597,"y":0,"z":0}}},"m_bCollisionGroup0":{"type":"bool","value":true},"m_bEnabled":{"type":"bool","value":true},"m_Spheres":{"type":"TArray<SEntityTemplateReference>","value":["44c4f4ce1d2d74f8","300ef3cd70f8a3be","b755c8888b3c4b76","e22e257db1f2cc79","f70680a213b463ed","985baea2a4560b8e","778bdf2604abe491","97f2ae18a6bc832e","e41b155bce769f75","e146c370a1ae74be"],"postInit":true},"m_eidParent":{"type":"SEntityTemplateReference","value":"eb302bb9b175308e","postInit":true}}},"f3700652b66db6f5":{"parent":"26a0368bd9eb44ca","name":"Lerp 2","factory":"[modules:/zmathlerp.class].pc_entitytype","blueprint":"[modules:/zmathlerp.class].pc_entityblueprint","properties":{"m_B":{"type":"float32","value":0.30000001192092896},"m_fT":{"type":"float32","value":0},"m_A":{"type":"float32","value":0.5}},"events":{"Lerp":{"ConstantVector1D_01_Value":["d101fdf6c1609e06"]}}},"fd772538c4c3cd48":{"parent":"26a0368bd9eb44ca","name":"Mesh_ChineseSuit_Boots","factory":"[modules:/zbodypartentity.class].pc_entitytype","blueprint":"[modules:/zbodypartentity.class].pc_entityblueprint","properties":{"m_pMeshResource":{"type":"ZRuntimeResourceID","value":{"resource":"0030170F91656D63","flag":"5F"}}},"inputCopying":{"ConstantVector1D_04_Value":{"ConstantVector1D_04_Value":["27c82e41f29a61e3"]},"ConstantVector1D_06_Value":{"ConstantVector1D_06_Value":["27c82e41f29a61e3"]}}},"78bc99067a0a1fdc":{"parent":"26a0368bd9eb44ca","name":"Lerp 6","factory":"[modules:/zmathlerp.class].pc_entitytype","blueprint":"[modules:/zmathlerp.class].pc_entityblueprint","properties":{"m_A":{"type":"float32","value":0.20000000298023224},"m_fT":{"type":"float32","value":0},"m_B":{"type":"float32","value":0.4000000059604645}}},"cafd94d446324a34":{"parent":"eb302bb9b175308e","name":"C_Neck","factory":"[assembly:/templates/aspectdummy.aspect]([modules:/zclothsphere.class].entitytype,[modules:/zboneattachaspect.class].entitytype).pc_entitytype","blueprint":"[assembly:/templates/aspectdummy.aspect]([modules:/zclothsphere.class].entitytype,[modules:/zboneattachaspect.class].entitytype).pc_entityblueprint","properties":{"m_BoneName":{"type":"ZString","value":"Neck"},"m_linkedEntity":{"type":"SEntityTemplateReference","value":null},"m_fRadius":{"type":"float32","value":0.07500000298023224},"m_mTransform":{"type":"SMatrix43","value":{"rotation":{"x":0,"y":0,"z":0},"position":{"x":0.00010699999984353781,"y":0.022412000223994255,"z":0.008923999965190887}}},"m_bEnabled":{"type":"bool","value":true},"m_eidParent":{"type":"SEntityTemplateReference","value":"eb302bb9b175308e","postInit":true}}},"f70680a213b463ed":{"parent":"eb302bb9b175308e","name":"C_Clavicle_L","factory":"[assembly:/templates/aspectdummy.aspect]([modules:/zclothsphere.class].entitytype,[modules:/zboneattachaspect.class].entitytype).pc_entitytype","blueprint":"[assembly:/templates/aspectdummy.aspect]([modules:/zclothsphere.class].entitytype,[modules:/zboneattachaspect.class].entitytype).pc_entityblueprint","properties":{"m_BoneName":{"type":"ZString","value":"L_Clavicle"},"m_linkedEntity":{"type":"SEntityTemplateReference","value":null},"m_fRadius":{"type":"float32","value":0.08500000089406967},"m_mTransform":{"type":"SMatrix43","value":{"rotation":{"x":0,"y":0,"z":0},"position":{"x":0,"y":0,"z":0}}},"m_bEnabled":{"type":"bool","value":true},"m_eidParent":{"type":"SEntityTemplateReference","value":"eb302bb9b175308e","postInit":true}}},"be1e66f78a260de7":{"parent":"26a0368bd9eb44ca","name":"Mesh_ChineseSuit_Pants","factory":"[modules:/zbodypartentity.class].pc_entitytype","blueprint":"[modules:/zbodypartentity.class].pc_entityblueprint","properties":{"m_pMeshResource":{"type":"ZRuntimeResourceID","value":{"resource":"0002E08A0A013664","flag":"5F"}}}},"fdd57d122d28421":{"parent":"eb302bb9b175308e","name":"CChain_Legs","factory":"[modules:/zclothspherechain.class].pc_entitytype","blueprint":"[modules:/zclothspherechain.class].pc_entityblueprint","properties":{"m_mTransform":{"type":"SMatrix43","value":{"rotation":{"x":0,"y":0,"z":0},"position":{"x":-0.0000001290655973207322,"y":0.000000002171457902377938,"z":0}}},"m_bCollisionGroup0":{"type":"bool","value":true},"m_bEnabled":{"type":"bool","value":true},"m_Spheres":{"type":"TArray<SEntityTemplateReference>","value":["76deb6bbd98dc794","421563c63ad9596a","74e7cdf5d5337e50","f42e7f9671744339","216ad031a3df0af3","a35bae8009ce0f2c","63d9ccc38919b6b8","e5a1cf16f80464fd"],"postInit":true},"m_eidParent":{"type":"SEntityTemplateReference","value":"eb302bb9b175308e","postInit":true}}},"5f7c8a916e9e10e":{"parent":"26a0368bd9eb44ca","name":"Nrom","factory":"[modules:/zmathlerp.class].pc_entitytype","blueprint":"[modules:/zmathlerp.class].pc_entityblueprint","properties":{"m_A":{"type":"float32","value":1},"m_B":{"type":"float32","value":1.5},"m_fT":{"type":"float32","value":0}},"events":{"Lerp":{"ConstantVector1D_06_Value":["4a90766bdfa94690","d101fdf6c1609e06"]}}},"f42e7f9671744339":{"parent":"eb302bb9b175308e","name":"C_Pelvis_R","factory":"[assembly:/templates/aspectdummy.aspect]([modules:/zclothsphere.class].entitytype,[modules:/zboneattachaspect.class].entitytype).pc_entitytype","blueprint":"[assembly:/templates/aspectdummy.aspect]([modules:/zclothsphere.class].entitytype,[modules:/zboneattachaspect.class].entitytype).pc_entityblueprint","properties":{"m_fRadius":{"type":"float32","value":0.14000000059604645},"m_BoneName":{"type":"ZString","value":"Pelvis"},"m_linkedEntity":{"type":"SEntityTemplateReference","value":null},"m_mTransform":{"type":"SMatrix43","value":{"rotation":{"x":-0.013980183819784078,"y":0.06995819656825222,"z":0},"position":{"x":0.036472998559474945,"y":0.010397999547421932,"z":-0.05474599823355675}}},"m_bEnabled":{"type":"bool","value":true},"m_eidParent":{"type":"SEntityTemplateReference","value":"eb302bb9b175308e","postInit":true}}},"6338bbc8fcb0e105":{"parent":"eb302bb9b175308e","name":"C_Spine_L","factory":"[assembly:/templates/aspectdummy.aspect]([modules:/zclothsphere.class].entitytype,[modules:/zboneattachaspect.class].entitytype).pc_entitytype","blueprint":"[assembly:/templates/aspectdummy.aspect]([modules:/zclothsphere.class].entitytype,[modules:/zboneattachaspect.class].entitytype).pc_entityblueprint","properties":{"m_BoneName":{"type":"ZString","value":"Spine"},"m_linkedEntity":{"type":"SEntityTemplateReference","value":null},"m_fRadius":{"type":"float32","value":0.14000000059604645},"m_mTransform":{"type":"SMatrix43","value":{"rotation":{"x":0,"y":0,"z":0},"position":{"x":-0.000015999999959603883,"y":0.023053999990224838,"z":0.047947000712156296}}},"m_bEnabled":{"type":"bool","value":true},"m_bCollisionGroup0":{"type":"bool","value":true},"m_eidParent":{"type":"SEntityTemplateReference","value":"eb302bb9b175308e","postInit":true}}},"44c4f4ce1d2d74f8":{"parent":"eb302bb9b175308e","name":"C_Palm_L","factory":"[assembly:/templates/aspectdummy.aspect]([modules:/zclothsphere.class].entitytype,[modules:/zboneattachaspect.class].entitytype).pc_entitytype","blueprint":"[assembly:/templates/aspectdummy.aspect]([modules:/zclothsphere.class].entitytype,[modules:/zboneattachaspect.class].entitytype).pc_entityblueprint","properties":{"m_BoneName":{"type":"ZString","value":"L_Hand"},"m_linkedEntity":{"type":"SEntityTemplateReference","value":null},"m_fRadius":{"type":"float32","value":0.07000000029802322},"m_mTransform":{"type":"SMatrix43","value":{"rotation":{"x":0,"y":0,"z":0},"position":{"x":0.10000000149011612,"y":0,"z":0}}},"m_bEnabled":{"type":"bool","value":true},"m_eidParent":{"type":"SEntityTemplateReference","value":"eb302bb9b175308e","postInit":true}}},"73338d8d9cbd254":{"parent":"eb302bb9b175308e","name":"C_Spine1_L","factory":"[assembly:/templates/aspectdummy.aspect]([modules:/zclothsphere.class].entitytype,[modules:/zboneattachaspect.class].entitytype).pc_entitytype","blueprint":"[assembly:/templates/aspectdummy.aspect]([modules:/zclothsphere.class].entitytype,[modules:/zboneattachaspect.class].entitytype).pc_entityblueprint","properties":{"m_BoneName":{"type":"ZString","value":"Spine1"},"m_linkedEntity":{"type":"SEntityTemplateReference","value":null},"m_fRadius":{"type":"float32","value":0.1469999998807907},"m_mTransform":{"type":"SMatrix43","value":{"rotation":{"x":0,"y":0,"z":0},"position":{"x":-0.023392999544739723,"y":0.01359499990940094,"z":0.03484899923205376}}},"m_bEnabled":{"type":"bool","value":true},"m_eidParent":{"type":"SEntityTemplateReference","value":"eb302bb9b175308e","postInit":true}}},"ca202f21f2950290":{"parent":"eb302bb9b175308e","name":"C_Spine_R","factory":"[assembly:/templates/aspectdummy.aspect]([modules:/zclothsphere.class].entitytype,[modules:/zboneattachaspect.class].entitytype).pc_entitytype","blueprint":"[assembly:/templates/aspectdummy.aspect]([modules:/zclothsphere.class].entitytype,[modules:/zboneattachaspect.class].entitytype).pc_entityblueprint","properties":{"m_BoneName":{"type":"ZString","value":"Spine"},"m_linkedEntity":{"type":"SEntityTemplateReference","value":null},"m_fRadius":{"type":"float32","value":0.14000000059604645},"m_mTransform":{"type":"SMatrix43","value":{"rotation":{"x":0,"y":0,"z":0},"position":{"x":0.000012000000424450263,"y":0.021623000502586365,"z":-0.05077100172638893}}},"m_bEnabled":{"type":"bool","value":true},"m_bCollisionGroup0":{"type":"bool","value":true},"m_eidParent":{"type":"SEntityTemplateReference","value":"eb302bb9b175308e","postInit":true}}},"e146c370a1ae74be":{"parent":"eb302bb9b175308e","name":"C_Palm_R","factory":"[assembly:/templates/aspectdummy.aspect]([modules:/zclothsphere.class].entitytype,[modules:/zboneattachaspect.class].entitytype).pc_entitytype","blueprint":"[assembly:/templates/aspectdummy.aspect]([modules:/zclothsphere.class].entitytype,[modules:/zboneattachaspect.class].entitytype).pc_entityblueprint","properties":{"m_BoneName":{"type":"ZString","value":"R_Hand"},"m_linkedEntity":{"type":"SEntityTemplateReference","value":null},"m_fRadius":{"type":"float32","value":0.07000000029802322},"m_mTransform":{"type":"SMatrix43","value":{"rotation":{"x":0,"y":0,"z":0},"position":{"x":0.10000000149011612,"y":0,"z":0}}},"m_bEnabled":{"type":"bool","value":true},"m_eidParent":{"type":"SEntityTemplateReference","value":"eb302bb9b175308e","postInit":true}}},"97f2ae18a6bc832e":{"parent":"eb302bb9b175308e","name":"C_Forearm_R","factory":"[assembly:/templates/aspectdummy.aspect]([modules:/zclothsphere.class].entitytype,[modules:/zboneattachaspect.class].entitytype).pc_entitytype","blueprint":"[assembly:/templates/aspectdummy.aspect]([modules:/zclothsphere.class].entitytype,[modules:/zboneattachaspect.class].entitytype).pc_entityblueprint","properties":{"m_BoneName":{"type":"ZString","value":"R_Forearm"},"m_linkedEntity":{"type":"SEntityTemplateReference","value":null},"m_fRadius":{"type":"float32","value":0.07000000029802322},"m_mTransform":{"type":"SMatrix43","value":{"rotation":{"x":0,"y":0,"z":0},"position":{"x":0,"y":0,"z":0}}},"m_bEnabled":{"type":"bool","value":true},"m_eidParent":{"type":"SEntityTemplateReference","value":"eb302bb9b175308e","postInit":true}}},"157bb3798c5287eb":{"parent":"26a0368bd9eb44ca","name":"Lerp 4","factory":"[modules:/zmathlerp.class].pc_entitytype","blueprint":"[modules:/zmathlerp.class].pc_entityblueprint","properties":{"m_A":{"type":"float32","value":1},"m_B":{"type":"float32","value":2},"m_fT":{"type":"float32","value":0}},"events":{"Lerp":{"ConstantVector1D_06_Value":["fd772538c4c3cd48"]}}},"1a78b8b448469432":{"parent":"aa41ee85e13ef3a0","name":"base_male_shirt_regular_tucked","factory":"00F9AA81A0F00BC0","blueprint":"00FB8BE8FC4B945B","properties":{"m_mTransform":{"type":"SMatrix43","value":{"rotation":{"x":0,"y":0,"z":0},"position":{"x":0,"y":0,"z":0}}},"Clients":{"type":"TArray<SEntityTemplateReference>","value":["aa41ee85e13ef3a0"]},"Diffuse_Color_01_Value_op":{"type":"IRenderMaterialEntity.EModifierOperation","value":"eReplace"},"Diffuse_Color_01_Value":{"type":"SColorRGB","value":"#454545"},"ConstantVector1D_03_Value_op":{"type":"IRenderMaterialEntity.EModifierOperation","value":"eReplace"},"ConstantVector1D_03_Value":{"type":"float32","value":0.25999999046325684},"ConstantVector1D_05_Value_op":{"type":"IRenderMaterialEntity.EModifierOperation","value":"eLeave"},"ConstantVector1D_14_Value_op":{"type":"IRenderMaterialEntity.EModifierOperation","value":"eReplace"},"ConstantVector1D_14_Value":{"type":"float32","value":0.33000001311302185},"m_eidParent":{"type":"SEntityTemplateReference","value":"26a0368bd9eb44ca","postInit":true}}},"bf2c890a9842e4e5":{"parent":"26a0368bd9eb44ca","name":"Lerp 1","factory":"[modules:/zmathlerp.class].pc_entitytype","blueprint":"[modules:/zmathlerp.class].pc_entityblueprint","properties":{"m_A":{"type":"float32","value":1},"m_B":{"type":"float32","value":0.6000000238418579},"m_fT":{"type":"float32","value":0}},"events":{"Lerp":{"ConstantVector1D_05_Value":["d101fdf6c1609e06","4a90766bdfa94690"]}}},"4f594293191d507c":{"parent":"eb302bb9b175308e","name":"ColliderGroup","factory":"[modules:/zclothcollidergroup.class].pc_entitytype","blueprint":"[modules:/zclothcollidergroup.class].pc_entityblueprint","properties":{"m_ClothColliders":{"type":"TArray<SEntityTemplateReference>","value":["fdd57d122d28421","2066447b46b2f399","be5644d99a7465bc","dbb1c198c5415e45","da36067c67260013"],"postInit":true},"m_eidParent":{"type":"SEntityTemplateReference","value":"eb302bb9b175308e","postInit":true}}},"d101fdf6c1609e06":{"parent":"26a0368bd9eb44ca","name":"agent47_chinesesuit_jacket","factory":"000CD221F564D7AB","blueprint":"0080BD66ACFA11E3","properties":{"m_mTransform":{"type":"SMatrix43","value":{"rotation":{"x":0.00040820966173372774,"y":-0.11361776331852975,"z":0.43699998629257764},"position":{"x":-6.454423904418945,"y":3.6066999435424805,"z":1.3973360061645508}}},"ConstantVector1D_06_Value_op":{"type":"IRenderMaterialEntity.EModifierOperation","value":"eReplace"},"ConstantVector1D_04_Value_op":{"type":"IRenderMaterialEntity.EModifierOperation","value":"eReplace"},"ConstantVector1D_01_Value_op":{"type":"IRenderMaterialEntity.EModifierOperation","value":"eReplace"},"ConstantVector1D_09_Value_op":{"type":"IRenderMaterialEntity.EModifierOperation","value":"eReplace"},"ConstantVector1D_05_Value_op":{"type":"IRenderMaterialEntity.EModifierOperation","value":"eReplace"},"Clients":{"type":"TArray<SEntityTemplateReference>","value":["26a0368bd9eb44ca"],"postInit":true},"m_eidParent":{"type":"SEntityTemplateReference","value":"26a0368bd9eb44ca","postInit":true}}},"b755c8888b3c4b76":{"parent":"eb302bb9b175308e","name":"C_Forearm_L","factory":"[assembly:/templates/aspectdummy.aspect]([modules:/zclothsphere.class].entitytype,[modules:/zboneattachaspect.class].entitytype).pc_entitytype","blueprint":"[assembly:/templates/aspectdummy.aspect]([modules:/zclothsphere.class].entitytype,[modules:/zboneattachaspect.class].entitytype).pc_entityblueprint","properties":{"m_BoneName":{"type":"ZString","value":"L_Forearm"},"m_linkedEntity":{"type":"SEntityTemplateReference","value":null},"m_fRadius":{"type":"float32","value":0.07000000029802322},"m_mTransform":{"type":"SMatrix43","value":{"rotation":{"x":0,"y":0,"z":0},"position":{"x":0,"y":0,"z":0}}},"m_bEnabled":{"type":"bool","value":true},"m_eidParent":{"type":"SEntityTemplateReference","value":"eb302bb9b175308e","postInit":true}}},"107245cb5fe11570":{"parent":"26a0368bd9eb44ca","name":"FX_Hitman_Wet_Logic_Character","factory":"0067CFB703A80787","blueprint":"00AA88C960CD2080","properties":{"HeadMaterialToOverride":{"type":"ZRuntimeResourceID","value":{"resource":"009F7978C601815A","flag":"5F"}},"HeadMaterialOverride":{"type":"TArray<SEntityTemplateReference>","value":["26a0368bd9eb44ca"],"postInit":true}},"events":{"HitmanWetness":{"T":["2b2d711e37da01bf","f3700652b66db6f5","bf2c890a9842e4e5","5c666fb706310135","157bb3798c5287eb","5f7c8a916e9e10e","78bc99067a0a1fdc"]}}},"2066447b46b2f399":{"parent":"eb302bb9b175308e","name":"CChain_Spine_R","factory":"[modules:/zclothspherechain.class].pc_entitytype","blueprint":"[modules:/zclothspherechain.class].pc_entityblueprint","properties":{"m_mTransform":{"type":"SMatrix43","value":{"rotation":{"x":0,"y":0,"z":0},"position":{"x":-0.0000001290655973207322,"y":0.000000002171457902377938,"z":0}}},"m_Spheres":{"type":"TArray<SEntityTemplateReference>","value":["ca202f21f2950290","6e650b0940feb985","3b511c2f1a56baf0","ae09d0cc25613adf"],"postInit":true},"m_eidParent":{"type":"SEntityTemplateReference","value":"eb302bb9b175308e","postInit":true}}},"be5644d99a7465bc":{"parent":"eb302bb9b175308e","name":"CChain_Spine_L","factory":"[modules:/zclothspherechain.class].pc_entitytype","blueprint":"[modules:/zclothspherechain.class].pc_entityblueprint","properties":{"m_Spheres":{"type":"TArray<SEntityTemplateReference>","value":["6338bbc8fcb0e105","73338d8d9cbd254"]},"m_mTransform":{"type":"SMatrix43","value":{"rotation":{"x":0,"y":0,"z":0},"position":{"x":-0.0000001290655973207322,"y":0.000000002171457902377938,"z":0}}},"m_eidParent":{"type":"SEntityTemplateReference","value":"eb302bb9b175308e","postInit":true}}},"e22e257db1f2cc79":{"parent":"eb302bb9b175308e","name":"C_UpperArm_L","factory":"[assembly:/templates/aspectdummy.aspect]([modules:/zclothsphere.class].entitytype,[modules:/zboneattachaspect.class].entitytype).pc_entitytype","blueprint":"[assembly:/templates/aspectdummy.aspect]([modules:/zclothsphere.class].entitytype,[modules:/zboneattachaspect.class].entitytype).pc_entityblueprint","properties":{"m_BoneName":{"type":"ZString","value":"L_UpperArm"},"m_linkedEntity":{"type":"SEntityTemplateReference","value":null},"m_fRadius":{"type":"float32","value":0.07999999821186066},"m_mTransform":{"type":"SMatrix43","value":{"rotation":{"x":0,"y":0,"z":0},"position":{"x":0,"y":0,"z":0}}},"m_bEnabled":{"type":"bool","value":true},"m_eidParent":{"type":"SEntityTemplateReference","value":"eb302bb9b175308e","postInit":true}}},"26a0368bd9eb44ca":{"parent":null,"name":"OUTFIT_Agent47_Global_ChineseSuit_HeroA_V0","factory":"00C0753FBF784C66","blueprint":"007294473357329E","properties":{"m_fFrustumFarDistanceProperty":{"type":"float32","value":20},"m_mTransform":{"type":"SMatrix43","value":{"rotation":{"x":-0.007505761906931632,"y":0.11510729448639655,"z":7.4575899064017355},"position":{"x":39.70293045043945,"y":33.95138931274414,"z":0.005233000032603741}}},"m_bSimulationEnabled":{"type":"bool","value":true},"m_pBonesAndCollisionResource":{"type":"ZRuntimeResourceID","value":{"resource":"0017416135CF879C","flag":"5F"}},"m_nBodypartLODCutOff":{"type":"uint32","value":8},"m_aBodyParts":{"type":"TArray<SEntityTemplateReference>","value":["476177bf0aa2cdda","be1e66f78a260de7","7bd3c51db1335b68","fd772538c4c3cd48","1e9f1d71861e7ed9","aa41ee85e13ef3a0","d12d8a09b8ec883a"],"postInit":true}}},"7bd3c51db1335b68":{"parent":"26a0368bd9eb44ca","name":"Hands","factory":"009A6D9F7927FB89","blueprint":"00F49463DEA8D412"},"e41b155bce769f75":{"parent":"eb302bb9b175308e","name":"C_Hand_R","factory":"[assembly:/templates/aspectdummy.aspect]([modules:/zclothsphere.class].entitytype,[modules:/zboneattachaspect.class].entitytype).pc_entitytype","blueprint":"[assembly:/templates/aspectdummy.aspect]([modules:/zclothsphere.class].entitytype,[modules:/zboneattachaspect.class].entitytype).pc_entityblueprint","properties":{"m_BoneName":{"type":"ZString","value":"R_Hand"},"m_linkedEntity":{"type":"SEntityTemplateReference","value":null},"m_fRadius":{"type":"float32","value":0.07000000029802322},"m_mTransform":{"type":"SMatrix43","value":{"rotation":{"x":0,"y":0,"z":0},"position":{"x":0,"y":0,"z":0}}},"m_bEnabled":{"type":"bool","value":true},"m_eidParent":{"type":"SEntityTemplateReference","value":"eb302bb9b175308e","postInit":true}}},"2b2d711e37da01bf":{"parent":"26a0368bd9eb44ca","name":"baseRough","factory":"[modules:/zmathlerp.class].pc_entitytype","blueprint":"[modules:/zmathlerp.class].pc_entityblueprint","properties":{"m_B":{"type":"float32","value":0.5},"m_fT":{"type":"float32","value":0}},"events":{"Lerp":{"ConstantVector1D_04_Value":["d101fdf6c1609e06","4a90766bdfa94690","476177bf0aa2cdda"],"SpecularRoughnessMin":["7bd3c51db1335b68"]}}},"a35bae8009ce0f2c":{"parent":"eb302bb9b175308e","name":"C_TighTop_L","factory":"[assembly:/templates/aspectdummy.aspect]([modules:/zclothsphere.class].entitytype,[modules:/zboneattachaspect.class].entitytype).pc_entitytype","blueprint":"[assembly:/templates/aspectdummy.aspect]([modules:/zclothsphere.class].entitytype,[modules:/zboneattachaspect.class].entitytype).pc_entityblueprint","properties":{"m_fRadius":{"type":"float32","value":0.13099999725818634},"m_BoneName":{"type":"ZString","value":"LThighTwist"},"m_linkedEntity":{"type":"SEntityTemplateReference","value":null},"m_mTransform":{"type":"SMatrix43","value":{"rotation":{"x":0,"y":0,"z":0},"position":{"x":0.000014000000192027073,"y":0.016327999532222748,"z":0.04039900004863739}}},"m_eidParent":{"type":"SEntityTemplateReference","value":"eb302bb9b175308e","postInit":true}}},"778bdf2604abe491":{"parent":"eb302bb9b175308e","name":"C_UpperArm_R","factory":"[assembly:/templates/aspectdummy.aspect]([modules:/zclothsphere.class].entitytype,[modules:/zboneattachaspect.class].entitytype).pc_entitytype","blueprint":"[assembly:/templates/aspectdummy.aspect]([modules:/zclothsphere.class].entitytype,[modules:/zboneattachaspect.class].entitytype).pc_entityblueprint","properties":{"m_BoneName":{"type":"ZString","value":"R_UpperArm"},"m_linkedEntity":{"type":"SEntityTemplateReference","value":null},"m_fRadius":{"type":"float32","value":0.07999999821186066},"m_mTransform":{"type":"SMatrix43","value":{"rotation":{"x":0,"y":0,"z":0},"position":{"x":0,"y":0,"z":0}}},"m_bEnabled":{"type":"bool","value":true},"m_eidParent":{"type":"SEntityTemplateReference","value":"eb302bb9b175308e","postInit":true}}},"216ad031a3df0af3":{"parent":"eb302bb9b175308e","name":"C_Pelvis_L","factory":"[assembly:/templates/aspectdummy.aspect]([modules:/zclothsphere.class].entitytype,[modules:/zboneattachaspect.class].entitytype).pc_entitytype","blueprint":"[assembly:/templates/aspectdummy.aspect]([modules:/zclothsphere.class].entitytype,[modules:/zboneattachaspect.class].entitytype).pc_entityblueprint","properties":{"m_fRadius":{"type":"float32","value":0.14000000059604645},"m_BoneName":{"type":"ZString","value":"Pelvis"},"m_linkedEntity":{"type":"SEntityTemplateReference","value":null},"m_mTransform":{"type":"SMatrix43","value":{"rotation":{"x":0,"y":0,"z":0},"position":{"x":0.036465998739004135,"y":0.010395999997854233,"z":0.0465719997882843}}},"m_bEnabled":{"type":"bool","value":true},"m_eidParent":{"type":"SEntityTemplateReference","value":"eb302bb9b175308e","postInit":true}}},"476177bf0aa2cdda":{"parent":"26a0368bd9eb44ca","name":"Head_47","factory":"00537D16B5CE7286","blueprint":"00F2E4A932ECAA63"},"300ef3cd70f8a3be":{"parent":"eb302bb9b175308e","name":"C_Hand_L","factory":"[assembly:/templates/aspectdummy.aspect]([modules:/zclothsphere.class].entitytype,[modules:/zboneattachaspect.class].entitytype).pc_entitytype","blueprint":"[assembly:/templates/aspectdummy.aspect]([modules:/zclothsphere.class].entitytype,[modules:/zboneattachaspect.class].entitytype).pc_entityblueprint","properties":{"m_BoneName":{"type":"ZString","value":"L_Hand"},"m_linkedEntity":{"type":"SEntityTemplateReference","value":null},"m_fRadius":{"type":"float32","value":0.07000000029802322},"m_mTransform":{"type":"SMatrix43","value":{"rotation":{"x":0,"y":0,"z":0},"position":{"x":0,"y":0,"z":0}}},"m_bEnabled":{"type":"bool","value":true},"m_eidParent":{"type":"SEntityTemplateReference","value":"eb302bb9b175308e","postInit":true}}},"3b511c2f1a56baf0":{"parent":"eb302bb9b175308e","name":"C_Spine2_R","factory":"[assembly:/templates/aspectdummy.aspect]([modules:/zclothsphere.class].entitytype,[modules:/zboneattachaspect.class].entitytype).pc_entitytype","blueprint":"[assembly:/templates/aspectdummy.aspect]([modules:/zclothsphere.class].entitytype,[modules:/zboneattachaspect.class].entitytype).pc_entityblueprint","properties":{"m_BoneName":{"type":"ZString","value":"Spine2"},"m_linkedEntity":{"type":"SEntityTemplateReference","value":null},"m_fRadius":{"type":"float32","value":0.14000000059604645},"m_mTransform":{"type":"SMatrix43","value":{"rotation":{"x":0,"y":0,"z":7.611188954148673},"position":{"x":-0.03278600051999092,"y":0.03986300155520439,"z":-0.04621899873018265}}},"m_bEnabled":{"type":"bool","value":true},"m_eidParent":{"type":"SEntityTemplateReference","value":"eb302bb9b175308e","postInit":true}}},"ae09d0cc25613adf":{"parent":"eb302bb9b175308e","name":"C_Spine2_L","factory":"[assembly:/templates/aspectdummy.aspect]([modules:/zclothsphere.class].entitytype,[modules:/zboneattachaspect.class].entitytype).pc_entitytype","blueprint":"[assembly:/templates/aspectdummy.aspect]([modules:/zclothsphere.class].entitytype,[modules:/zboneattachaspect.class].entitytype).pc_entityblueprint","properties":{"m_BoneName":{"type":"ZString","value":"Spine2"},"m_linkedEntity":{"type":"SEntityTemplateReference","value":null},"m_fRadius":{"type":"float32","value":0.14000000059604645},"m_mTransform":{"type":"SMatrix43","value":{"rotation":{"x":0.001317802957810268,"y":-0.019709746200777936,"z":7.654606786075663},"position":{"x":-0.03164000064134598,"y":0.048705000430345535,"z":0.04914800077676773}}},"m_bEnabled":{"type":"bool","value":true},"m_eidParent":{"type":"SEntityTemplateReference","value":"eb302bb9b175308e","postInit":true}}},"9dc88363f2dde7f4":{"parent":"1e9f1d71861e7ed9","name":"buttons_01","factory":"[assembly:/_pro/characters/assets/_apparel/accessories/buttons/materials/buttons_01.mi].pc_entitytype","blueprint":"[assembly:/_pro/characters/assets/_apparel/accessories/buttons/materials/buttons_01.mi].pc_entityblueprint","properties":{"m_mTransform":{"type":"SMatrix43","value":{"rotation":{"x":0,"y":0,"z":-16.901776954238162},"position":{"x":4.113232135772705,"y":-8.824055671691895,"z":-0.443340003490448}}},"Clients":{"type":"TArray<SEntityTemplateReference>","value":["1e9f1d71861e7ed9"]},"Diffuse_Color_01_Value_op":{"type":"IRenderMaterialEntity.EModifierOperation","value":"eReplace"},"Diffuse_Color_01_Value":{"type":"SColorRGB","value":"#292929"},"m_eidParent":{"type":"SEntityTemplateReference","value":"1e9f1d71861e7ed9"}}},"6e650b0940feb985":{"parent":"eb302bb9b175308e","name":"C_Spine1_R","factory":"[assembly:/templates/aspectdummy.aspect]([modules:/zclothsphere.class].entitytype,[modules:/zboneattachaspect.class].entitytype).pc_entitytype","blueprint":"[assembly:/templates/aspectdummy.aspect]([modules:/zclothsphere.class].entitytype,[modules:/zboneattachaspect.class].entitytype).pc_entityblueprint","properties":{"m_BoneName":{"type":"ZString","value":"Spine1"},"m_linkedEntity":{"type":"SEntityTemplateReference","value":null},"m_fRadius":{"type":"float32","value":0.1469999998807907},"m_mTransform":{"type":"SMatrix43","value":{"rotation":{"x":0,"y":0,"z":0},"position":{"x":-0.022545000538229942,"y":0.017625000327825546,"z":-0.03532300144433975}}},"m_bEnabled":{"type":"bool","value":true},"m_eidParent":{"type":"SEntityTemplateReference","value":"eb302bb9b175308e","postInit":true}}},"e5a1cf16f80464fd":{"parent":"eb302bb9b175308e","name":"C_Knee_L","factory":"[assembly:/templates/aspectdummy.aspect]([modules:/zclothsphere.class].entitytype,[modules:/zboneattachaspect.class].entitytype).pc_entitytype","blueprint":"[assembly:/templates/aspectdummy.aspect]([modules:/zclothsphere.class].entitytype,[modules:/zboneattachaspect.class].entitytype).pc_entityblueprint","properties":{"m_fRadius":{"type":"float32","value":0.15000000596046448},"m_BoneName":{"type":"ZString","value":"LThighTwist2"},"m_linkedEntity":{"type":"SEntityTemplateReference","value":null},"m_mTransform":{"type":"SMatrix43","value":{"rotation":{"x":0,"y":0.019767042409995977,"z":0},"position":{"x":0.12600800395011902,"y":-0.011082000099122524,"z":-0.008000999689102173}}},"m_eidParent":{"type":"SEntityTemplateReference","value":"eb302bb9b175308e","postInit":true}}},"eb302bb9b175308e":{"parent":"1e9f1d71861e7ed9","name":"Collider","factory":"[modules:/zcompositeentity.class].pc_entitytype","blueprint":"[modules:/zcompositeentity.class].pc_entityblueprint","properties":{"m_mTransform":{"type":"SMatrix43","value":{"rotation":{"x":0,"y":0,"z":0},"position":{"x":0,"y":0,"z":0}}},"m_linkedEntity":{"type":"SEntityTemplateReference","value":null},"m_eidParent":{"type":"SEntityTemplateReference","value":"1e9f1d71861e7ed9"}},"propertyAliases":{"m_linkedEntity":[{"originalProperty":"m_linkedEntity","originalEntity":"3b511c2f1a56baf0"},{"originalProperty":"m_linkedEntity","originalEntity":"6e650b0940feb985"},{"originalProperty":"m_linkedEntity","originalEntity":"ca202f21f2950290"},{"originalProperty":"m_linkedEntity","originalEntity":"6338bbc8fcb0e105"},{"originalProperty":"m_linkedEntity","originalEntity":"73338d8d9cbd254"},{"originalProperty":"m_linkedEntity","originalEntity":"ae09d0cc25613adf"},{"originalProperty":"m_linkedEntity","originalEntity":"cafd94d446324a34"},{"originalProperty":"m_linkedEntity","originalEntity":"7b00224c246d600c"},{"originalProperty":"m_linkedEntity","originalEntity":"985baea2a4560b8e"},{"originalProperty":"m_linkedEntity","originalEntity":"f70680a213b463ed"},{"originalProperty":"m_linkedEntity","originalEntity":"778bdf2604abe491"},{"originalProperty":"m_linkedEntity","originalEntity":"e22e257db1f2cc79"},{"originalProperty":"m_linkedEntity","originalEntity":"b755c8888b3c4b76"},{"originalProperty":"m_linkedEntity","originalEntity":"97f2ae18a6bc832e"},{"originalProperty":"m_linkedEntity","originalEntity":"e41b155bce769f75"},{"originalProperty":"m_linkedEntity","originalEntity":"300ef3cd70f8a3be"},{"originalProperty":"m_linkedEntity","originalEntity":"44c4f4ce1d2d74f8"},{"originalProperty":"m_linkedEntity","originalEntity":"e146c370a1ae74be"},{"originalProperty":"m_linkedEntity","originalEntity":"f42e7f9671744339"},{"originalProperty":"m_linkedEntity","originalEntity":"216ad031a3df0af3"},{"originalProperty":"m_linkedEntity","originalEntity":"421563c63ad9596a"},{"originalProperty":"m_linkedEntity","originalEntity":"63d9ccc38919b6b8"},{"originalProperty":"m_linkedEntity","originalEntity":"e5a1cf16f80464fd"},{"originalProperty":"m_linkedEntity","originalEntity":"76deb6bbd98dc794"},{"originalProperty":"m_linkedEntity","originalEntity":"a35bae8009ce0f2c"},{"originalProperty":"m_linkedEntity","originalEntity":"74e7cdf5d5337e50"}]},"exposedInterfaces":{"ZClothCollider":"4f594293191d507c","ZClothColliderGroup":"4f594293191d507c"}}},"propertyOverrides":[],"overrideDeletes":[],"pinConnectionOverrides":[],"pinConnectionOverrideDeletes":[],"externalScenes":[],"subType":"template","quickEntityVersion":3.1,"extraFactoryDependencies":[{"resource":"[assembly:/_pro/characters/assets/hero/agent47/textures/agent47_gloves.texture?/normal_a.tex](asnormalmap).pc_tex","flag":"5F"},{"resource":"[assembly:/_pro/characters/assets/hero/agent47/textures/agent47_gloves.texture?/diffuse_a.tex](ascolormap).pc_tex","flag":"5F"},{"resource":"001C437FF0448691","flag":"5F"},{"resource":"[assembly:/_pro/characters/assets/workers/hokkaido/handyman/textures/male_reg_handyman_pants.texture?/specular_a.tex](ascolormap).pc_tex","flag":"5F"},{"resource":"[assembly:/_pro/characters/assets/_apparel/accessories/buttons/textures/buttons_01.texture?/normal_a.tex](asnormalmap).pc_tex","flag":"5F"},{"resource":"[assembly:/_pro/characters/assets/_apparel/accessories/buttons/textures/buttons_01.texture?/specular_a.tex](ascolormap).pc_tex","flag":"5F"},{"resource":"[assembly:/_pro/characters/assets/_apparel/accessories/buttons/textures/buttons_01.texture?/diffuse_a.tex](ascolormap).pc_tex","flag":"5F"},{"resource":"0076B72F204BB036","flag":"5F"},{"resource":"003268165F545A77","flag":"5F"},{"resource":"00C10E4450216056","flag":"5F"},{"resource":"007D850436B0A092","flag":"5F"},{"resource":"00D247582859CA87","flag":"5F"},{"resource":"00D20CA72E352D16","flag":"5F"},{"resource":"009EE670DF7428DF","flag":"5F"},{"resource":"00FDD3F04B95316F","flag":"5F"},{"resource":"00C3E39AE1574CF7","flag":"5F"},{"resource":"00581ED26B48BB64","flag":"5F"},{"resource":"00D3BB5B70D55D57","flag":"5F"},{"resource":"0017913DFD27FDC3","flag":"5F"}],"extraBlueprintDependencies":[],"comments":[]}