{"tempHash":"00B2741A27743D8D","tbluHash":"00E1082884E1CF99","rootEntity":"c3c9a53073fbca82","entities":{"5a3b9e78d5477d69":{"parent":"c3c9a53073fbca82","name":"Part_Chest","factory":"[modules:/zbodypartentity.class].pc_entitytype","blueprint":"[modules:/zbodypartentity.class].pc_entityblueprint","properties":{"m_pMeshResource":{"type":"ZRuntimeResourceID","value":{"resource":"00A63E0FE4B6D665","flag":"5F"}}}},"383c00bfba5afc48":{"parent":"c3c9a53073fbca82","name":"C_Hand_L","factory":"[assembly:/templates/aspectdummy.aspect]([modules:/zclothsphere.class].entitytype,[modules:/zboneattachaspect.class].entitytype).pc_entitytype","blueprint":"[assembly:/templates/aspectdummy.aspect]([modules:/zclothsphere.class].entitytype,[modules:/zboneattachaspect.class].entitytype).pc_entityblueprint","properties":{"m_fRadius":{"type":"float32","value":0.019999999552965164},"m_BoneName":{"type":"ZString","value":"L_Hand"},"m_mTransform":{"type":"SMatrix43","value":{"rotation":{"x":0,"y":0,"z":0},"position":{"x":0.11234000325202942,"y":0.024795999750494957,"z":0.003324999939650297}}},"m_linkedEntity":{"type":"SEntityTemplateReference","value":"c3c9a53073fbca82","postInit":true},"m_eidParent":{"type":"SEntityTemplateReference","value":"c3c9a53073fbca82","postInit":true}}},"fdb3723f6913590d":{"parent":"c3c9a53073fbca82","name":"FX_Hitman_Wet_Logic_Character","factory":"0067CFB703A80787","blueprint":"00AA88C960CD2080","properties":{"HeadMaterialToOverride":{"type":"ZRuntimeResourceID","value":{"resource":"009F7978C601815A","flag":"5F"}},"HeadMaterialOverride":{"type":"TArray<SEntityTemplateReference>","value":["c3c9a53073fbca82"],"postInit":true}},"events":{"HitmanWetness":{"T":["bc1365d34e5d9ba9","13cdf0044153968","d19b16ec00ab726c","63aeeb8b618c48fb","5bc463a8bf294ea0"]}}},"4e3149c3287ff946":{"parent":"c3c9a53073fbca82","name":"C_ShoulderL","factory":"[assembly:/templates/aspectdummy.aspect]([modules:/zclothsphere.class].entitytype,[modules:/zboneattachaspect.class].entitytype).pc_entitytype","blueprint":"[assembly:/templates/aspectdummy.aspect]([modules:/zclothsphere.class].entitytype,[modules:/zboneattachaspect.class].entitytype).pc_entityblueprint","properties":{"m_fRadius":{"type":"float32","value":0.07999999821186066},"m_BoneName":{"type":"ZString","value":"L_Clavicle"},"m_mTransform":{"type":"SMatrix43","value":{"rotation":{"x":0,"y":0,"z":0},"position":{"x":0.139615997672081,"y":-0.0041680000722408295,"z":0.0017300000181421638}}},"m_linkedEntity":{"type":"SEntityTemplateReference","value":"c3c9a53073fbca82","postInit":true},"m_eidParent":{"type":"SEntityTemplateReference","value":"c3c9a53073fbca82","postInit":true}}},"6777a8a5cc9d7339":{"parent":"c3c9a53073fbca82","name":"Part_Head","factory":"[modules:/zbodypartentity.class].pc_entitytype","blueprint":"[modules:/zbodypartentity.class].pc_entityblueprint","properties":{"m_pMeshResource":{"type":"ZRuntimeResourceID","value":{"resource":"[assembly:/_pro/characters/assets/hero/agent47/geometry/regmale_agent47.wl2?/agent47_head.weightedprim](bodypart).pc_weightedprim","flag":"5F"}},"m_IsHiddenInVR":{"type":"bool","value":true}}},"e435d212f1b9b75d":{"parent":"c3c9a53073fbca82","name":"C_Knee_L","factory":"[assembly:/templates/aspectdummy.aspect]([modules:/zclothsphere.class].entitytype,[modules:/zboneattachaspect.class].entitytype).pc_entitytype","blueprint":"[assembly:/templates/aspectdummy.aspect]([modules:/zclothsphere.class].entitytype,[modules:/zboneattachaspect.class].entitytype).pc_entityblueprint","properties":{"m_fRadius":{"type":"float32","value":0.07000000029802322},"m_BoneName":{"type":"ZString","value":"L_Calf"},"m_mTransform":{"type":"SMatrix43","value":{"rotation":{"x":0,"y":0,"z":0},"position":{"x":0.0012860000133514404,"y":-0.009987999685108662,"z":-0.007672999985516071}}},"m_linkedEntity":{"type":"SEntityTemplateReference","value":"c3c9a53073fbca82","postInit":true},"m_eidParent":{"type":"SEntityTemplateReference","value":"c3c9a53073fbca82","postInit":true}}},"7c46c6e5e3afb7aa":{"parent":"c3c9a53073fbca82","name":"Part_Belt","factory":"[modules:/zbodypartentity.class].pc_entitytype","blueprint":"[modules:/zbodypartentity.class].pc_entityblueprint","properties":{"m_pMeshResource":{"type":"ZRuntimeResourceID","value":{"resource":"[assembly:/_pro/characters/assets/hero/agent47/geometry/male_reg_agent47_bangkok.wl2?/belt.weightedprim](bodypart).pc_weightedprim","flag":"5F"}}}},"5d09ba9b3fd2d3a9":{"parent":"c3c9a53073fbca82","name":"C_Elbow_R","factory":"[assembly:/templates/aspectdummy.aspect]([modules:/zclothsphere.class].entitytype,[modules:/zboneattachaspect.class].entitytype).pc_entitytype","blueprint":"[assembly:/templates/aspectdummy.aspect]([modules:/zclothsphere.class].entitytype,[modules:/zboneattachaspect.class].entitytype).pc_entityblueprint","properties":{"m_fRadius":{"type":"float32","value":0.05000000074505806},"m_BoneName":{"type":"ZString","value":"R_ForeTwist"},"m_mTransform":{"type":"SMatrix43","value":{"rotation":{"x":0,"y":0,"z":0},"position":{"x":0.00609100004658103,"y":-0.012175999581813812,"z":0.008012999780476093}}},"m_linkedEntity":{"type":"SEntityTemplateReference","value":"c3c9a53073fbca82","postInit":true},"m_eidParent":{"type":"SEntityTemplateReference","value":"c3c9a53073fbca82","postInit":true}}},"a4b5d8013ce72e36":{"parent":"c3c9a53073fbca82","name":"base_male_body","factory":"[assembly:/_pro/characters/assets/_base/pro_male_regular/materials/base_male_body.mi].pc_entitytype","blueprint":"[assembly:/_pro/characters/assets/_base/pro_male_regular/materials/base_male_body.mi].pc_entityblueprint","properties":{"1787395739":{"type":"IRenderMaterialEntity.EModifierOperation","value":"eReplace"},"2287298018":{"type":"IRenderMaterialEntity.EModifierOperation","value":"eLeave"},"ConstantColorRGB_01_Value":{"type":"SColorRGB","value":"#ab8989"},"ConstantColorRGB_01_Value_op":{"type":"IRenderMaterialEntity.EModifierOperation","value":"eReplace"},"ConstantVector1D_03_Value":{"type":"float32","value":0.7300000190734863},"Clients":{"type":"TArray<SEntityTemplateReference>","value":["c3c9a53073fbca82"],"postInit":true},"m_eidParent":{"type":"SEntityTemplateReference","value":"c3c9a53073fbca82","postInit":true}}},"247f84a78437547b":{"parent":"c3c9a53073fbca82","name":"Part_Shirt","factory":"[modules:/zbodypartentity.class].pc_entitytype","blueprint":"[modules:/zbodypartentity.class].pc_entityblueprint","properties":{"m_pMeshResource":{"type":"ZRuntimeResourceID","value":{"resource":"[assembly:/_pro/characters/assets/hero/agent47/geometry/male_reg_agent47_bangkok.wl2?/shirt.weightedprim](bodypart).pc_weightedprim","flag":"5F"}}}},"13cdf0044153968":{"parent":"c3c9a53073fbca82","name":"Lerp 1","factory":"[modules:/zmathlerp.class].pc_entitytype","blueprint":"[modules:/zmathlerp.class].pc_entityblueprint","properties":{"m_A":{"type":"float32","value":0.25},"m_B":{"type":"float32","value":0.10000000149011612},"m_fT":{"type":"float32","value":0}},"events":{"Lerp":{"ConstantVector1D_01_Value":["ba616f87588a0163"]}}},"6f5fb763a685ca4a":{"parent":"c3c9a53073fbca82","name":"C_Elbow_L","factory":"[assembly:/templates/aspectdummy.aspect]([modules:/zclothsphere.class].entitytype,[modules:/zboneattachaspect.class].entitytype).pc_entitytype","blueprint":"[assembly:/templates/aspectdummy.aspect]([modules:/zclothsphere.class].entitytype,[modules:/zboneattachaspect.class].entitytype).pc_entityblueprint","properties":{"m_fRadius":{"type":"float32","value":0.05000000074505806},"m_BoneName":{"type":"ZString","value":"L_ForeTwist"},"m_mTransform":{"type":"SMatrix43","value":{"rotation":{"x":0,"y":0,"z":0},"position":{"x":0.004360000137239695,"y":-0.006684999912977219,"z":-0.007890000008046627}}},"m_linkedEntity":{"type":"SEntityTemplateReference","value":"c3c9a53073fbca82","postInit":true},"m_eidParent":{"type":"SEntityTemplateReference","value":"c3c9a53073fbca82","postInit":true}}},"d051347cfde51040":{"parent":"c3c9a53073fbca82","name":"C_Wrist_R","factory":"[assembly:/templates/aspectdummy.aspect]([modules:/zclothsphere.class].entitytype,[modules:/zboneattachaspect.class].entitytype).pc_entitytype","blueprint":"[assembly:/templates/aspectdummy.aspect]([modules:/zclothsphere.class].entitytype,[modules:/zboneattachaspect.class].entitytype).pc_entityblueprint","properties":{"m_fRadius":{"type":"float32","value":0.03999999910593033},"m_BoneName":{"type":"ZString","value":"R_Hand"},"m_mTransform":{"type":"SMatrix43","value":{"rotation":{"x":0,"y":0,"z":0},"position":{"x":0.014449000358581543,"y":0.0031220000237226486,"z":0.00808900035917759}}},"m_linkedEntity":{"type":"SEntityTemplateReference","value":"c3c9a53073fbca82","postInit":true},"m_eidParent":{"type":"SEntityTemplateReference","value":"c3c9a53073fbca82","postInit":true}}},"5bc463a8bf294ea0":{"parent":"c3c9a53073fbca82","name":"Lerp 4","factory":"[modules:/zmathlerp.class].pc_entitytype","blueprint":"[modules:/zmathlerp.class].pc_entityblueprint","properties":{"m_A":{"type":"float32","value":0.15000000596046448},"m_B":{"type":"float32","value":0.6000000238418579},"m_fT":{"type":"float32","value":0}}},"63aeeb8b618c48fb":{"parent":"c3c9a53073fbca82","name":"Lerp 3","factory":"[modules:/zmathlerp.class].pc_entitytype","blueprint":"[modules:/zmathlerp.class].pc_entityblueprint","properties":{"m_A":{"type":"float32","value":0.20999999344348907},"m_B":{"type":"float32","value":0.10000000149011612},"m_fT":{"type":"float32","value":0}},"events":{"Lerp":{"ConstantVector1D_01_Value":["1be1f0c6605c87e3"]}}},"90ea6d544afb4b48":{"parent":"c3c9a53073fbca82","name":"Part_Pants","factory":"[modules:/zbodypartentity.class].pc_entitytype","blueprint":"[modules:/zbodypartentity.class].pc_entityblueprint","properties":{"m_pMeshResource":{"type":"ZRuntimeResourceID","value":{"resource":"[assembly:/_pro/characters/assets/hero/agent47/geometry/male_reg_agent47_bangkok.wl2?/pants.weightedprim](bodypart).pc_weightedprim","flag":"5F"}}}},"ee89387f774548eb":{"parent":"c3c9a53073fbca82","name":"C_TighMid_L","factory":"[assembly:/templates/aspectdummy.aspect]([modules:/zclothsphere.class].entitytype,[modules:/zboneattachaspect.class].entitytype).pc_entitytype","blueprint":"[assembly:/templates/aspectdummy.aspect]([modules:/zclothsphere.class].entitytype,[modules:/zboneattachaspect.class].entitytype).pc_entityblueprint","properties":{"m_fRadius":{"type":"float32","value":0.10000000149011612},"m_BoneName":{"type":"ZString","value":"LThighTwist1"},"m_mTransform":{"type":"SMatrix43","value":{"rotation":{"x":0,"y":0,"z":0},"position":{"x":0.04662799835205078,"y":0.017441000789403915,"z":0.00471000000834465}}},"m_linkedEntity":{"type":"SEntityTemplateReference","value":"c3c9a53073fbca82","postInit":true},"m_eidParent":{"type":"SEntityTemplateReference","value":"c3c9a53073fbca82","postInit":true}}},"26e34b7480405755":{"parent":"c3c9a53073fbca82","name":"C_TighTop_R","factory":"[assembly:/templates/aspectdummy.aspect]([modules:/zclothsphere.class].entitytype,[modules:/zboneattachaspect.class].entitytype).pc_entitytype","blueprint":"[assembly:/templates/aspectdummy.aspect]([modules:/zclothsphere.class].entitytype,[modules:/zboneattachaspect.class].entitytype).pc_entityblueprint","properties":{"m_fRadius":{"type":"float32","value":0.11999999731779099},"m_BoneName":{"type":"ZString","value":"RThighTwist"},"m_mTransform":{"type":"SMatrix43","value":{"rotation":{"x":0,"y":0,"z":0},"position":{"x":0.030698999762535095,"y":-0.003622000105679035,"z":-0.01569399982690811}}},"m_linkedEntity":{"type":"SEntityTemplateReference","value":"c3c9a53073fbca82","postInit":true},"m_eidParent":{"type":"SEntityTemplateReference","value":"c3c9a53073fbca82","postInit":true}}},"b364eca873380e62":{"parent":"c3c9a53073fbca82","name":"Part_Shoes","factory":"[modules:/zbodypartentity.class].pc_entitytype","blueprint":"[modules:/zbodypartentity.class].pc_entityblueprint","properties":{"m_pMeshResource":{"type":"ZRuntimeResourceID","value":{"resource":"[assembly:/_pro/characters/assets/hero/agent47/geometry/male_reg_agent47_bangkok.wl2?/shoes.weightedprim](bodypart).pc_weightedprim","flag":"5F"}}}},"55e8dc3c1b41d57d":{"parent":"c3c9a53073fbca82","name":"agent47_shirt_02","factory":"[assembly:/_pro/characters/assets/hero/agent47/materials/agent47_shirt_02.mi].pc_entitytype","blueprint":"[assembly:/_pro/characters/assets/hero/agent47/materials/agent47_shirt_02.mi].pc_entityblueprint","properties":{"1787395739":{"type":"IRenderMaterialEntity.EModifierOperation","value":"eReplace"},"m_mTransform":{"type":"SMatrix43","value":{"rotation":{"x":0,"y":0,"z":0},"position":{"x":0,"y":0,"z":0}}},"ConstantVector1D_01_Value_op":{"type":"IRenderMaterialEntity.EModifierOperation","value":"eReplace"},"ConstantVector1D_01_Value":{"type":"float32","value":0.009999999776482582},"ConstantVector1D_03_Value":{"type":"float32","value":0.10999999940395355},"Clients":{"type":"TArray<SEntityTemplateReference>","value":["c3c9a53073fbca82"],"postInit":true},"m_eidParent":{"type":"SEntityTemplateReference","value":"c3c9a53073fbca82","postInit":true}}},"ffb88b3ca219732f":{"parent":"c3c9a53073fbca82","name":"CChain_Arms","factory":"[modules:/zclothspherechain.class].pc_entitytype","blueprint":"[modules:/zclothspherechain.class].pc_entityblueprint","properties":{"m_mTransform":{"type":"SMatrix43","value":{"rotation":{"x":0,"y":0,"z":0},"position":{"x":0,"y":0,"z":0}}},"m_Spheres":{"type":"TArray<SEntityTemplateReference>","value":["383c00bfba5afc48","fe0b34f10d1681c1","6f5fb763a685ca4a","4e3149c3287ff946","373248a0f7bf6f0e","5d09ba9b3fd2d3a9","d051347cfde51040","c407be760851e30c"],"postInit":true},"m_eidParent":{"type":"SEntityTemplateReference","value":"c3c9a53073fbca82","postInit":true}}},"1be1f0c6605c87e3":{"parent":"c3c9a53073fbca82","name":"male_reg_agent47_bangkok_shirt","factory":"[assembly:/_pro/characters/assets/hero/agent47/materials/male_reg_agent47_bangkok_shirt.mi].pc_entitytype","blueprint":"[assembly:/_pro/characters/assets/hero/agent47/materials/male_reg_agent47_bangkok_shirt.mi].pc_entityblueprint","properties":{"1737952988":{"type":"IRenderMaterialEntity.EModifierOperation","value":"eReplace"},"2287298018":{"type":"IRenderMaterialEntity.EModifierOperation","value":"eReplace"},"2359342559":{"type":"IRenderMaterialEntity.EModifierOperation","value":"eReplace"},"m_mTransform":{"type":"SMatrix43","value":{"rotation":{"x":0,"y":0,"z":0},"position":{"x":0,"y":0,"z":0}}},"ConstantVector1D_01_Value_op":{"type":"IRenderMaterialEntity.EModifierOperation","value":"eReplace"},"ConstantVector1D_01_Value":{"type":"float32","value":0.20999999344348907},"ConstantVector1D_05_Value":{"type":"float32","value":0.4699999988079071},"Clients":{"type":"TArray<SEntityTemplateReference>","value":["c3c9a53073fbca82"],"postInit":true},"m_eidParent":{"type":"SEntityTemplateReference","value":"c3c9a53073fbca82","postInit":true}}},"419e9093dc3518c0":{"parent":"c3c9a53073fbca82","name":"base_male_arms","factory":"[assembly:/_pro/characters/assets/_base/pro_male_regular/materials/base_male_arms.mi].pc_entitytype","blueprint":"[assembly:/_pro/characters/assets/_base/pro_male_regular/materials/base_male_arms.mi].pc_entityblueprint","properties":{"m_mTransform":{"type":"SMatrix43","value":{"rotation":{"x":0,"y":0,"z":0},"position":{"x":0,"y":0,"z":0}}},"Clients":{"type":"TArray<SEntityTemplateReference>","value":["c3c9a53073fbca82"]},"ConstantColorRGB_01_Value":{"type":"SColorRGB","value":"#ede2d8"},"ConstantColorRGB_01_Value_op":{"type":"IRenderMaterialEntity.EModifierOperation","value":"eReplace"},"ConstantVector1D_01_Value_op":{"type":"IRenderMaterialEntity.EModifierOperation","value":"eReplace"},"ConstantVector1D_01_Value":{"type":"float32","value":0.7699999809265136},"Texture2D_01":{"type":"ZRuntimeResourceID","value":{"resource":"0040C1B23EBD6DB2","flag":"5F"}},"Texture2D_01_enab":{"type":"bool","value":true},"m_eidParent":{"type":"SEntityTemplateReference","value":"c3c9a53073fbca82"}}},"9200619c5e4a8f30":{"parent":"c3c9a53073fbca82","name":"C_Pelvis","factory":"[assembly:/templates/aspectdummy.aspect]([modules:/zclothsphere.class].entitytype,[modules:/zboneattachaspect.class].entitytype).pc_entitytype","blueprint":"[assembly:/templates/aspectdummy.aspect]([modules:/zclothsphere.class].entitytype,[modules:/zboneattachaspect.class].entitytype).pc_entityblueprint","properties":{"m_fRadius":{"type":"float32","value":0.14000000059604645},"m_BoneName":{"type":"ZString","value":"Pelvis"},"m_mTransform":{"type":"SMatrix43","value":{"rotation":{"x":0,"y":0,"z":0},"position":{"x":-0.013776999898254871,"y":0.012130999937653542,"z":0.005022000055760145}}},"m_linkedEntity":{"type":"SEntityTemplateReference","value":"c3c9a53073fbca82","postInit":true},"m_eidParent":{"type":"SEntityTemplateReference","value":"c3c9a53073fbca82","postInit":true}}},"373248a0f7bf6f0e":{"parent":"c3c9a53073fbca82","name":"C_ShoulderR","factory":"[assembly:/templates/aspectdummy.aspect]([modules:/zclothsphere.class].entitytype,[modules:/zboneattachaspect.class].entitytype).pc_entitytype","blueprint":"[assembly:/templates/aspectdummy.aspect]([modules:/zclothsphere.class].entitytype,[modules:/zboneattachaspect.class].entitytype).pc_entityblueprint","properties":{"m_fRadius":{"type":"float32","value":0.07999999821186066},"m_BoneName":{"type":"ZString","value":"R_Clavicle"},"m_mTransform":{"type":"SMatrix43","value":{"rotation":{"x":0,"y":0,"z":0},"position":{"x":0.1413470059633255,"y":-0.004412999842315912,"z":-0.001829999964684248}}},"m_linkedEntity":{"type":"SEntityTemplateReference","value":"c3c9a53073fbca82","postInit":true},"m_eidParent":{"type":"SEntityTemplateReference","value":"c3c9a53073fbca82","postInit":true}}},"ba616f87588a0163":{"parent":"c3c9a53073fbca82","name":"male_reg_agent47_bangkok_pants","factory":"[assembly:/_pro/characters/assets/hero/agent47/materials/male_reg_agent47_bangkok_pants.mi].pc_entitytype","blueprint":"[assembly:/_pro/characters/assets/hero/agent47/materials/male_reg_agent47_bangkok_pants.mi].pc_entityblueprint","properties":{"2287298018":{"type":"IRenderMaterialEntity.EModifierOperation","value":"eReplace"},"2359342559":{"type":"IRenderMaterialEntity.EModifierOperation","value":"eReplace"},"m_mTransform":{"type":"SMatrix43","value":{"rotation":{"x":0,"y":0,"z":0},"position":{"x":0,"y":0,"z":0}}},"ConstantVector1D_01_Value_op":{"type":"IRenderMaterialEntity.EModifierOperation","value":"eReplace"},"ConstantVector1D_01_Value":{"type":"float32","value":0.25},"Clients":{"type":"TArray<SEntityTemplateReference>","value":["c3c9a53073fbca82"],"postInit":true},"m_eidParent":{"type":"SEntityTemplateReference","value":"c3c9a53073fbca82","postInit":true}}},"20a7b0f4256d8758":{"parent":"c3c9a53073fbca82","name":"shoes_suit","factory":"[assembly:/_pro/characters/assets/hero/agent47/materials/shoes_suit.mi].pc_entitytype","blueprint":"[assembly:/_pro/characters/assets/hero/agent47/materials/shoes_suit.mi].pc_entityblueprint","properties":{"2287298018":{"type":"IRenderMaterialEntity.EModifierOperation","value":"eReplace"},"3516673141":{"type":"IRenderMaterialEntity.EModifierOperation","value":"eReplace"},"m_mTransform":{"type":"SMatrix43","value":{"rotation":{"x":0,"y":0,"z":0},"position":{"x":0,"y":0,"z":0}}},"Texture2D_01":{"type":"ZRuntimeResourceID","value":{"resource":"[assembly:/_pro/characters/assets/hero/agent47/textures/male_reg_agent47_bangkok_shoes.texture?/diffuse_a.tex](ascolormap).pc_tex","flag":"5F"}},"Texture2D_01_enab":{"type":"bool","value":true},"Diffuse_Color_01_Value":{"type":"SColorRGB","value":"#b8b8b8"},"Clients":{"type":"TArray<SEntityTemplateReference>","value":["c3c9a53073fbca82"],"postInit":true},"m_eidParent":{"type":"SEntityTemplateReference","value":"c3c9a53073fbca82","postInit":true}}},"90be876aa112c4e0":{"parent":"c3c9a53073fbca82","name":"CChain_Legs","factory":"[modules:/zclothspherechain.class].pc_entitytype","blueprint":"[modules:/zclothspherechain.class].pc_entityblueprint","properties":{"m_mTransform":{"type":"SMatrix43","value":{"rotation":{"x":0,"y":0,"z":0},"position":{"x":0,"y":0,"z":0}}},"m_Spheres":{"type":"TArray<SEntityTemplateReference>","value":["7abd440e8b7af54a","c0b1634e5d25cf78","26e34b7480405755","9200619c5e4a8f30","7a9fab97a876a0bd","ee89387f774548eb","e435d212f1b9b75d"],"postInit":true},"m_eidParent":{"type":"SEntityTemplateReference","value":"c3c9a53073fbca82","postInit":true}}},"c0b1634e5d25cf78":{"parent":"c3c9a53073fbca82","name":"C_TighMid_R","factory":"[assembly:/templates/aspectdummy.aspect]([modules:/zclothsphere.class].entitytype,[modules:/zboneattachaspect.class].entitytype).pc_entitytype","blueprint":"[assembly:/templates/aspectdummy.aspect]([modules:/zclothsphere.class].entitytype,[modules:/zboneattachaspect.class].entitytype).pc_entityblueprint","properties":{"m_fRadius":{"type":"float32","value":0.10000000149011612},"m_BoneName":{"type":"ZString","value":"RThighTwist1"},"m_mTransform":{"type":"SMatrix43","value":{"rotation":{"x":0,"y":0,"z":0},"position":{"x":0.04614900052547455,"y":0.010458000004291534,"z":-0.007970999926328659}}},"m_linkedEntity":{"type":"SEntityTemplateReference","value":"c3c9a53073fbca82","postInit":true},"m_eidParent":{"type":"SEntityTemplateReference","value":"c3c9a53073fbca82","postInit":true}}},"7abd440e8b7af54a":{"parent":"c3c9a53073fbca82","name":"C_Knee_R","factory":"[assembly:/templates/aspectdummy.aspect]([modules:/zclothsphere.class].entitytype,[modules:/zboneattachaspect.class].entitytype).pc_entitytype","blueprint":"[assembly:/templates/aspectdummy.aspect]([modules:/zclothsphere.class].entitytype,[modules:/zboneattachaspect.class].entitytype).pc_entityblueprint","properties":{"m_fRadius":{"type":"float32","value":0.07000000029802322},"m_BoneName":{"type":"ZString","value":"R_Calf"},"m_mTransform":{"type":"SMatrix43","value":{"rotation":{"x":0,"y":0,"z":0},"position":{"x":0.0013310000067576766,"y":-0.010141000151634216,"z":-0.0023399998899549246}}},"m_linkedEntity":{"type":"SEntityTemplateReference","value":"c3c9a53073fbca82","postInit":true},"m_eidParent":{"type":"SEntityTemplateReference","value":"c3c9a53073fbca82","postInit":true}}},"d19b16ec00ab726c":{"parent":"c3c9a53073fbca82","name":"Lerp 2","factory":"[modules:/zmathlerp.class].pc_entitytype","blueprint":"[modules:/zmathlerp.class].pc_entityblueprint","properties":{"m_A":{"type":"float32","value":1},"m_B":{"type":"float32","value":2},"m_fT":{"type":"float32","value":0}},"events":{"Lerp":{"ConstantVector1D_06_Value":["ba616f87588a0163","1be1f0c6605c87e3"]}}},"7a9fab97a876a0bd":{"parent":"c3c9a53073fbca82","name":"C_TighTop_L","factory":"[assembly:/templates/aspectdummy.aspect]([modules:/zclothsphere.class].entitytype,[modules:/zboneattachaspect.class].entitytype).pc_entitytype","blueprint":"[assembly:/templates/aspectdummy.aspect]([modules:/zclothsphere.class].entitytype,[modules:/zboneattachaspect.class].entitytype).pc_entityblueprint","properties":{"m_fRadius":{"type":"float32","value":0.11999999731779099},"m_BoneName":{"type":"ZString","value":"LThighTwist"},"m_mTransform":{"type":"SMatrix43","value":{"rotation":{"x":0,"y":0,"z":0},"position":{"x":0.030811000615358353,"y":0.0002859999949578196,"z":0.017257999628782272}}},"m_linkedEntity":{"type":"SEntityTemplateReference","value":"c3c9a53073fbca82","postInit":true},"m_eidParent":{"type":"SEntityTemplateReference","value":"c3c9a53073fbca82","postInit":true}}},"d02fb9544e8ab60":{"parent":"c3c9a53073fbca82","name":"agent47_pants_02","factory":"[assembly:/_pro/characters/assets/hero/agent47/materials/agent47_pants_02.mi].pc_entitytype","blueprint":"[assembly:/_pro/characters/assets/hero/agent47/materials/agent47_pants_02.mi].pc_entityblueprint","properties":{"1955327607":{"type":"IRenderMaterialEntity.EModifierOperation","value":"eReplace"},"2287298018":{"type":"IRenderMaterialEntity.EModifierOperation","value":"eReplace"},"3516673141":{"type":"IRenderMaterialEntity.EModifierOperation","value":"eLeave"},"m_mTransform":{"type":"SMatrix43","value":{"rotation":{"x":0,"y":0,"z":0},"position":{"x":0,"y":0,"z":0}}},"Texture2D_01_enab":{"type":"bool","value":true},"Texture2D_01":{"type":"ZRuntimeResourceID","value":{"resource":"00500B4A393956C3","flag":"5F"}},"Diffuse_Hue_Shift_01_Value":{"type":"float32","value":0},"ConstantVector1D_01_Value_op":{"type":"IRenderMaterialEntity.EModifierOperation","value":"eReplace"},"ConstantVector1D_01_Value":{"type":"float32","value":0.7300000190734863},"Clients":{"type":"TArray<SEntityTemplateReference>","value":["c3c9a53073fbca82"],"postInit":true},"m_eidParent":{"type":"SEntityTemplateReference","value":"c3c9a53073fbca82","postInit":true}}},"fe0b34f10d1681c1":{"parent":"c3c9a53073fbca82","name":"C_Wrist_L","factory":"[assembly:/templates/aspectdummy.aspect]([modules:/zclothsphere.class].entitytype,[modules:/zboneattachaspect.class].entitytype).pc_entitytype","blueprint":"[assembly:/templates/aspectdummy.aspect]([modules:/zclothsphere.class].entitytype,[modules:/zboneattachaspect.class].entitytype).pc_entityblueprint","properties":{"m_fRadius":{"type":"float32","value":0.03999999910593033},"m_BoneName":{"type":"ZString","value":"L_Hand"},"m_mTransform":{"type":"SMatrix43","value":{"rotation":{"x":0,"y":0,"z":0},"position":{"x":0.007474999874830246,"y":0.003017999930307269,"z":-0.010599000379443169}}},"m_linkedEntity":{"type":"SEntityTemplateReference","value":"c3c9a53073fbca82","postInit":true},"m_eidParent":{"type":"SEntityTemplateReference","value":"c3c9a53073fbca82","postInit":true}}},"bc1365d34e5d9ba9":{"parent":"c3c9a53073fbca82","name":"Lerp","factory":"[modules:/zmathlerp.class].pc_entitytype","blueprint":"[modules:/zmathlerp.class].pc_entityblueprint","properties":{"m_fT":{"type":"float32","value":0},"m_B":{"type":"float32","value":0.30000001192092896}},"events":{"Lerp":{"ConstantVector1D_04_Value":["ba616f87588a0163","1be1f0c6605c87e3","20a7b0f4256d8758","419e9093dc3518c0","d02fb9544e8ab60"]}}},"c407be760851e30c":{"parent":"c3c9a53073fbca82","name":"C_Hand_R","factory":"[assembly:/templates/aspectdummy.aspect]([modules:/zclothsphere.class].entitytype,[modules:/zboneattachaspect.class].entitytype).pc_entitytype","blueprint":"[assembly:/templates/aspectdummy.aspect]([modules:/zclothsphere.class].entitytype,[modules:/zboneattachaspect.class].entitytype).pc_entityblueprint","properties":{"m_fRadius":{"type":"float32","value":0.019999999552965164},"m_BoneName":{"type":"ZString","value":"R_Hand"},"m_mTransform":{"type":"SMatrix43","value":{"rotation":{"x":0,"y":0,"z":0},"position":{"x":0.11234000325202942,"y":0.024795999750494957,"z":0.003324999939650297}}},"m_linkedEntity":{"type":"SEntityTemplateReference","value":"c3c9a53073fbca82","postInit":true},"m_eidParent":{"type":"SEntityTemplateReference","value":"c3c9a53073fbca82","postInit":true}}},"5a07b589c0a0743d":{"parent":"c3c9a53073fbca82","name":"Part_Elbows","factory":"[modules:/zbodypartentity.class].pc_entitytype","blueprint":"[modules:/zbodypartentity.class].pc_entityblueprint","properties":{"m_pMeshResource":{"type":"ZRuntimeResourceID","value":{"resource":"0045924C7B9C8D59","flag":"5F"}}}},"b2bab1cb826c158a":{"parent":"c3c9a53073fbca82","name":"ChildNetwork","factory":"[modules:/zchildnetworkentity.class].pc_entitytype","blueprint":"[modules:/zchildnetworkentity.class].pc_entityblueprint","properties":{"m_RuntimeNetworkResourceID":{"type":"ZRuntimeResourceID","value":{"resource":"[assembly:/animationnetworks/hitman01/idles/suitidle.aln].pc_rtn","flag":"9F"}}}},"c3c9a53073fbca82":{"parent":null,"name":"OUTFIT_Agent47_Bangkok_Gloves_HeroA_V0","factory":"[assembly:/templates/aspectdummy.aspect]([modules:/zlinkedproxyentity.class].entitytype,[modules:/zclothcharacterentity.class].entitytype,[modules:/zheroidlenetworkaspect.class].entitytype).pc_entitytype","blueprint":"[assembly:/templates/aspectdummy.aspect]([modules:/zlinkedproxyentity.class].entitytype,[modules:/zclothcharacterentity.class].entitytype,[modules:/zheroidlenetworkaspect.class].entitytype).pc_entityblueprint","properties":{"m_ResourceID":{"type":"ZRuntimeResourceID","value":null},"m_fLODScale":{"type":"float32","value":1},"m_mTransform":{"type":"SMatrix43","value":{"rotation":{"x":0,"y":0,"z":-1.717010426755565},"position":{"x":14.58296012878418,"y":8.42929458618164,"z":0.00002700000004551839}}},"m_pBonesAndCollisionResource":{"type":"ZRuntimeResourceID","value":{"resource":"004E2C4FC114F487","flag":"5F"}},"m_aBodyParts":{"type":"TArray<SEntityTemplateReference>","value":["247f84a78437547b","7c46c6e5e3afb7aa","6777a8a5cc9d7339","b364eca873380e62","90ea6d544afb4b48","5a07b589c0a0743d","5a3b9e78d5477d69"]},"m_fWindConstant":{"type":"float32","value":0},"m_bUsePerVertexStiffness":{"type":"bool","value":false},"m_LocalColliders":{"type":"TArray<SEntityTemplateReference>","value":["ffb88b3ca219732f","90be876aa112c4e0"]},"m_bGlobalCollidersEnabled":{"type":"bool","value":false},"m_fDamping":{"type":"float32","value":0.15000000596046448},"m_fBendStiffness":{"type":"float32","value":1},"m_bUsePerVertexDamping":{"type":"bool","value":false},"m_fShearStiffness":{"type":"float32","value":1},"m_bUseSkinningPosNormalConstrains":{"type":"bool","value":true},"m_bUseSkinningNegNormalConstrains":{"type":"bool","value":true},"m_nIterations":{"type":"uint32","value":6},"m_fFrequency":{"type":"float32","value":60},"m_vTranslationScale":{"type":"SVector3","value":{"x":0.10000000149011612,"y":0.10000000149011612,"z":0.10000000149011612}},"m_vGravity":{"type":"SVector3","value":{"x":0,"y":0,"z":-10}},"m_fLODOffset":{"type":"float32","value":100},"m_fDragConstant":{"type":"float32","value":1},"m_eStretchConstrainType":{"type":"EClothStretchConstrainType","value":"eClothBendConstrainType_None"},"m_fAngularVelocityThreshold":{"type":"float32","value":60},"m_eRootBone":{"type":"BoneId.Enum","value":"NECK"},"m_bEnableAngularVelocityScale":{"type":"bool","value":true},"m_eBendConstrainType":{"type":"EClothBendConstrainType","value":"eClothBendConstrainType_Triangle"},"m_pIdleAnimNetworkEntity":{"type":"SEntityTemplateReference","value":"b2bab1cb826c158a"},"m_bRandomStartState":{"type":"bool","value":true}}}},"propertyOverrides":[],"overrideDeletes":[],"pinConnectionOverrides":[],"pinConnectionOverrideDeletes":[],"externalScenes":[],"subType":"template","quickEntityVersion":3.1,"extraFactoryDependencies":[],"extraBlueprintDependencies":[],"comments":[]}