{"tempHash":"00367FC38B49F714","tbluHash":"00171FEF35B1DDAF","patch":[{"SubEntityOperation":["84da695b0ec70c30",{"PatchArrayPropertyValue":["m_aBodyParts",[{"AddItemAfter":["171c828792d82d50","abcda20dab166de9"]}]]}]},{"SubEntityOperation":["171c828792d82d50",{"AddProperty":["m_pMeshResource",{"type":"ZRuntimeResourceID","value":{"resource":"007657990F18DB6B","flag":"5F"}}]}]},{"AddEntity":["abcda20dab166de9",{"parent":"84da695b0ec70c30","name":"Gloves_Leather","factory":"00BEE701448762C1","blueprint":"005D2B1CBD509E61","properties":{"m_pMeshResource":{"type":"ZRuntimeResourceID","value":{"resource":"00BE7FFA175B2C88","flag":"5F"}},"Diffuse_Color_01_Value":{"type":"SColorRGB","value":"#2e2e2e"}}}]}],"patchVersion":6}