{"tempHash":"0011168FBF971877","tbluHash":"0038BFF8D6D78FEC","rootEntity":"e3c2575031374eb6","entities":{"3941f46d652222ae":{"parent":"e3c2575031374eb6","name":"Part_Apron","factory":"[modules:/zbodypartentity.class].pc_entitytype","blueprint":"[modules:/zbodypartentity.class].pc_entityblueprint","properties":{"m_pMeshResource":{"type":"ZRuntimeResourceID","value":{"resource":"[assembly:/_pro/characters/assets/individuals/santa/geometry/male_reg_santa.wl2?/cloth_down.weightedprim](bodypart).pc_weightedprim","flag":"5F"}}}},"3801b7b52f2dd7a6":{"parent":"e3c2575031374eb6","name":"Lerp 2","factory":"[modules:/zmathlerp.class].pc_entitytype","blueprint":"[modules:/zmathlerp.class].pc_entityblueprint","properties":{"m_A":{"type":"float32","value":2.5},"m_fT":{"type":"float32","value":0},"m_B":{"type":"float32","value":0.5}},"events":{"Lerp":{"ConstantVector1D_42_Value":["6bebc90ada326c1b","19b875b6c9fdc151","744b47d414ab1f36"]}}},"c3f63d4a328962bf":{"parent":"e3c2575031374eb6","name":"Part_Beard","factory":"[modules:/zbodypartentity.class].pc_entitytype","blueprint":"[modules:/zbodypartentity.class].pc_entityblueprint","properties":{"m_pMeshResource":{"type":"ZRuntimeResourceID","value":{"resource":"[assembly:/_pro/characters/assets/individuals/santa/geometry/male_reg_santa.wl2?/beard.weightedprim](bodypart).pc_weightedprim","flag":"5F"}},"m_IsHiddenInVR":{"type":"bool","value":true}}},"eb060698d82edffe":{"parent":"e3c2575031374eb6","name":"Lerp 10","factory":"[modules:/zmathlerp.class].pc_entitytype","blueprint":"[modules:/zmathlerp.class].pc_entityblueprint","properties":{"m_A":{"type":"float32","value":0.5},"m_fT":{"type":"float32","value":0},"m_B":{"type":"float32","value":0.20000000298023224}},"events":{"Lerp":{"ConstantVector1D_01_Value":["e20398cbbd66c228"]}}},"c6ea458d10750cab":{"parent":"e3c2575031374eb6","name":"Lerp 8","factory":"[modules:/zmathlerp.class].pc_entitytype","blueprint":"[modules:/zmathlerp.class].pc_entityblueprint","properties":{"m_A":{"type":"float32","value":0},"m_fT":{"type":"float32","value":0},"m_B":{"type":"float32","value":0.5}},"events":{"Lerp":{"ConstantVector1D_04_Value":["e9f3fe63dafd7de7"]}}},"e9f3fe63dafd7de7":{"parent":"e3c2575031374eb6","name":"male_reg_santa_boots","factory":"[assembly:/_pro/characters/assets/individuals/santa/materials/male_reg_santa_boots.mi].pc_entitytype","blueprint":"[assembly:/_pro/characters/assets/individuals/santa/materials/male_reg_santa_boots.mi].pc_entityblueprint","properties":{"m_mTransform":{"type":"SMatrix43","value":{"rotation":{"x":0,"y":0,"z":0},"position":{"x":-3.005711078643799,"y":8.540345191955566,"z":-2.9581849575042725}}},"Active":{"type":"bool","value":false},"ConstantVector1D_04_Value_op":{"type":"IRenderMaterialEntity.EModifierOperation","value":"eReplace"},"Clients":{"type":"TArray<SEntityTemplateReference>","value":["e3c2575031374eb6"],"postInit":true},"m_eidParent":{"type":"SEntityTemplateReference","value":"e3c2575031374eb6","postInit":true}}},"519b3437a62aa649":{"parent":"e3c2575031374eb6","name":"Santa_Collider","factory":"00B1FA8F7C809191","blueprint":"00FAF3030B1623C5","properties":{"m_linkedEntity":{"type":"SEntityTemplateReference","value":"e3c2575031374eb6","postInit":true},"m_eidParent":{"type":"SEntityTemplateReference","value":"e3c2575031374eb6","postInit":true}}},"e20398cbbd66c228":{"parent":"e3c2575031374eb6","name":"male_reg_santa_trousers","factory":"[assembly:/_pro/characters/assets/individuals/santa/materials/male_reg_santa_trousers.mi].pc_entitytype","blueprint":"[assembly:/_pro/characters/assets/individuals/santa/materials/male_reg_santa_trousers.mi].pc_entityblueprint","properties":{"m_mTransform":{"type":"SMatrix43","value":{"rotation":{"x":0,"y":0,"z":0},"position":{"x":1.8584439754486084,"y":9.175583839416504,"z":1.6295520067214966}}},"ConstantVector1D_04_Value_op":{"type":"IRenderMaterialEntity.EModifierOperation","value":"eReplace"},"ConstantVector1D_01_Value_op":{"type":"IRenderMaterialEntity.EModifierOperation","value":"eReplace"},"Active":{"type":"bool","value":false},"Clients":{"type":"TArray<SEntityTemplateReference>","value":["e3c2575031374eb6"],"postInit":true},"m_eidParent":{"type":"SEntityTemplateReference","value":"e3c2575031374eb6","postInit":true}}},"6bebc90ada326c1b":{"parent":"e3c2575031374eb6","name":"male_reg_santa_cloth_up","factory":"[assembly:/_pro/characters/assets/individuals/santa/materials/male_reg_santa_cloth_up.mi].pc_entitytype","blueprint":"[assembly:/_pro/characters/assets/individuals/santa/materials/male_reg_santa_cloth_up.mi].pc_entityblueprint","properties":{"m_mTransform":{"type":"SMatrix43","value":{"rotation":{"x":0,"y":0,"z":0},"position":{"x":0,"y":0,"z":0}}},"LightModelSelector_01_PrimarySpecularShift_op":{"type":"IRenderMaterialEntity.EModifierOperation","value":"eReplace"},"LightModelSelector_01_SecondarySpecularShift_op":{"type":"IRenderMaterialEntity.EModifierOperation","value":"eReplace"},"ConstantVector1D_19_Value_op":{"type":"IRenderMaterialEntity.EModifierOperation","value":"eReplace"},"LightModelSelector_01_PrimarySpecularShift":{"type":"float32","value":0.2150000035762787},"ConstantVector1D_02_Value_op":{"type":"IRenderMaterialEntity.EModifierOperation","value":"eReplace"},"ConstantVector1D_02_Value":{"type":"float32","value":0.03999999910593033},"ConstantVector1D_03_Value_op":{"type":"IRenderMaterialEntity.EModifierOperation","value":"eReplace"},"ConstantVector1D_03_Value":{"type":"float32","value":0.25999999046325684},"LightModelSelector_01_SecondarySpecularShift":{"type":"float32","value":0.20999999344348907},"Pow_01_y_op":{"type":"IRenderMaterialEntity.EModifierOperation","value":"eLeave"},"Pow_01_y":{"type":"float32","value":2},"Sampler2DParallaxLayers_01_StepDirection_op":{"type":"IRenderMaterialEntity.EModifierOperation","value":"eReplace"},"Sampler2DParallaxLayers_01_StepDirection":{"type":"float32","value":-0.6399999856948853},"ConstantVector1D_10_Value_op":{"type":"IRenderMaterialEntity.EModifierOperation","value":"eReplace"},"ConstantVector1D_10_Value":{"type":"float32","value":-0.4099999964237213},"ConstantColorRGB_01_Value":{"type":"SColorRGB","value":"#c2c2c2"},"ConstantVector1D_14_Value_op":{"type":"IRenderMaterialEntity.EModifierOperation","value":"eReplace"},"ConstantVector1D_14_Value":{"type":"float32","value":-0.1599999964237213},"ConstantColorRGB_01_Value_op":{"type":"IRenderMaterialEntity.EModifierOperation","value":"eReplace"},"ConstantVector1D_01_Value_op":{"type":"IRenderMaterialEntity.EModifierOperation","value":"eReplace"},"ConstantVector1D_01_Value":{"type":"float32","value":1},"ConstantVector1D_07_Value_op":{"type":"IRenderMaterialEntity.EModifierOperation","value":"eReplace"},"ConstantVector1D_07_Value":{"type":"float32","value":-0.11999999731779099},"Sampler2DParallaxLayers_01_BumpScale_op":{"type":"IRenderMaterialEntity.EModifierOperation","value":"eReplace"},"Sampler2DParallaxLayers_01_BumpScale":{"type":"float32","value":1},"ConstantVector1D_42_Value_op":{"type":"IRenderMaterialEntity.EModifierOperation","value":"eReplace"},"Clients":{"type":"TArray<SEntityTemplateReference>","value":["e3c2575031374eb6"],"postInit":true},"m_eidParent":{"type":"SEntityTemplateReference","value":"e3c2575031374eb6","postInit":true}}},"7f4e965d36b11d10":{"parent":"e3c2575031374eb6","name":"Lerp 6","factory":"[modules:/zmathlerp.class].pc_entitytype","blueprint":"[modules:/zmathlerp.class].pc_entityblueprint","properties":{"m_A":{"type":"float32","value":1.8799999952316284},"m_fT":{"type":"float32","value":0},"m_B":{"type":"float32","value":0.20000000298023224}},"events":{"Lerp":{"ConstantVector1D_09_Value":["48771a6336d0c124"]}}},"48771a6336d0c124":{"parent":"e3c2575031374eb6","name":"male_reg_santa_hair","factory":"[assembly:/_pro/characters/assets/individuals/santa/materials/male_reg_santa_hair.mi].pc_entitytype","blueprint":"[assembly:/_pro/characters/assets/individuals/santa/materials/male_reg_santa_hair.mi].pc_entityblueprint","properties":{"m_mTransform":{"type":"SMatrix43","value":{"rotation":{"x":0,"y":0,"z":0},"position":{"x":-0.747894287109375,"y":9.159165382385254,"z":0.3984020948410034}}},"Active":{"type":"bool","value":false},"ConstantVector1D_01_Value_op":{"type":"IRenderMaterialEntity.EModifierOperation","value":"eReplace"},"ConstantVector1D_04_Value_op":{"type":"IRenderMaterialEntity.EModifierOperation","value":"eReplace"},"ConstantVector1D_09_Value_op":{"type":"IRenderMaterialEntity.EModifierOperation","value":"eReplace"},"Clients":{"type":"TArray<SEntityTemplateReference>","value":["e3c2575031374eb6"],"postInit":true},"m_eidParent":{"type":"SEntityTemplateReference","value":"e3c2575031374eb6","postInit":true}}},"4b88ecc873dad254":{"parent":"e3c2575031374eb6","name":"Lerp 5","factory":"[modules:/zmathlerp.class].pc_entitytype","blueprint":"[modules:/zmathlerp.class].pc_entityblueprint","properties":{"m_A":{"type":"float32","value":0.44999998807907104},"m_fT":{"type":"float32","value":0},"m_B":{"type":"float32","value":0.25}},"events":{"Lerp":{"ConstantVector1D_01_Value":["48771a6336d0c124"]}}},"f4d2b905f35c5eac":{"parent":"e3c2575031374eb6","name":"FX_Hitman_Wet_Logic_Character","factory":"0067CFB703A80787","blueprint":"00AA88C960CD2080","properties":{"HeadMaterialToOverride":{"type":"ZRuntimeResourceID","value":{"resource":"009F7978C601815A","flag":"5F"}}},"events":{"ChangedDisguiseTrigger":{"Activate":["19b875b6c9fdc151","744b47d414ab1f36","48771a6336d0c124","f45b610589fab117","e9f3fe63dafd7de7","e20398cbbd66c228"]},"HitmanWetness":{"T":["3801b7b52f2dd7a6","c377852869dd9985","d60ae53504618bce","d58f5885b765cb9","4b88ecc873dad254","7f4e965d36b11d10","1060e2711ad12fa2","c6ea458d10750cab","3f5993831509ba54","eb060698d82edffe","bf389cbd38c33a96"]}}},"ee2e7bffd4d7d5cc":{"parent":"6ac2466339d6fb81","name":"male_reg_eyelashes","factory":"00AF6FD15BFAC222","blueprint":"00926F11E3C00813","properties":{"ConstantVector1D_03_Value":{"type":"float32","value":1.5},"ConstantVector1D_03_Value_op":{"type":"IRenderMaterialEntity.EModifierOperation","value":"eReplace"},"Active":{"type":"bool","value":true},"ConstantVector1D_16_Value_op":{"type":"IRenderMaterialEntity.EModifierOperation","value":"eReplace"},"ConstantVector1D_16_Value":{"type":"float32","value":2},"Clients":{"type":"TArray<SEntityTemplateReference>","value":["6ac2466339d6fb81"],"postInit":true},"m_eidParent":{"type":"SEntityTemplateReference","value":"e3c2575031374eb6","postInit":true}}},"e3c2575031374eb6":{"parent":null,"name":"OUTFIT_Santa_M_HeroA_v0","factory":"00EC23CD5ED3321D","blueprint":"00F08545F4143973","properties":{"m_ResourceID":{"type":"ZRuntimeResourceID","value":null},"m_fLODScale":{"type":"float32","value":1},"m_mTransform":{"type":"SMatrix43","value":{"rotation":{"x":0,"y":0,"z":0},"position":{"x":51.427249908447266,"y":0.3330000042915344,"z":0}}},"m_pBonesAndCollisionResource":{"type":"ZRuntimeResourceID","value":{"resource":"0017416135CF879C","flag":"5F"}},"m_bUsePerVertexStiffness":{"type":"bool","value":false},"m_LocalColliders":{"type":"TArray<SEntityTemplateReference>","value":["519b3437a62aa649"]},"m_bGlobalCollidersEnabled":{"type":"bool","value":false},"m_bUsePerVertexDamping":{"type":"bool","value":false},"m_bUseSkinningPosNormalConstrains":{"type":"bool","value":false},"m_bUseSkinningNegNormalConstrains":{"type":"bool","value":false},"m_fLODOffset":{"type":"float32","value":100},"m_bLimitTranslation":{"type":"bool","value":false},"m_fDamping":{"type":"float32","value":0.5},"m_fWindConstant":{"type":"float32","value":0.10000000149011612},"m_eRootBone":{"type":"BoneId.Enum","value":"PELVIS"},"m_bEnableAngularVelocityScale":{"type":"bool","value":true},"m_eBendConstrainType":{"type":"EClothBendConstrainType","value":"eClothBendConstrainType_Stick"},"m_fBendStiffness":{"type":"float32","value":0.5},"m_fShearStiffness":{"type":"float32","value":0.5},"m_fFrequency":{"type":"float32","value":60},"m_nIterations":{"type":"uint32","value":2},"m_eStretchConstrainType":{"type":"EClothStretchConstrainType","value":"eClothBendConstrainType_None"},"Back1_Attacher_Transform":{"type":"SMatrix43","value":{"rotation":{"x":0,"y":0,"z":0},"position":{"x":0.009999999776482582,"y":0,"z":0}}},"Rifle_Holster_Attacher_Transform":{"type":"SMatrix43","value":{"rotation":{"x":0,"y":0,"z":0},"position":{"x":0.07999999821186066,"y":0,"z":0}}},"m_aBodyParts":{"type":"TArray<SEntityTemplateReference>","value":["3941f46d652222ae","103feda4bdbe530b","1f46a4a3c9c7a426","6ccfc7cea131fd9a","8511a86f128dc02c","8bd1c89635889e64","6d3eff6b9f57e921","c3f63d4a328962bf","479e38340a5fbbae","a333d7a945f197fe","6ac2466339d6fb81"],"postInit":true}}},"75e1496f3c0cc704":{"parent":"6ac2466339d6fb81","name":"Mesh","factory":"[assembly:/templates/aspectdummy.aspect]([modules:/zbodypartentity.class].entitytype,[modules:/zclothcollidergroupaspect.class].entitytype).pc_entitytype","blueprint":"[assembly:/templates/aspectdummy.aspect]([modules:/zbodypartentity.class].entitytype,[modules:/zclothcollidergroupaspect.class].entitytype).pc_entityblueprint","properties":{"m_pMeshResource":{"type":"ZRuntimeResourceID","value":{"resource":"006AA90A54C589B9","flag":"5F"}},"m_ClothColliders":{"type":"TArray<SEntityTemplateReference>","value":[]},"m_IsHiddenInVR":{"type":"bool","value":true}}},"19b875b6c9fdc151":{"parent":"e3c2575031374eb6","name":"male_reg_santa_cloth_up_01","factory":"[assembly:/_pro/characters/assets/individuals/santa/materials/male_reg_santa_cloth_down.mi].pc_entitytype","blueprint":"[assembly:/_pro/characters/assets/individuals/santa/materials/male_reg_santa_cloth_down.mi].pc_entityblueprint","properties":{"m_mTransform":{"type":"SMatrix43","value":{"rotation":{"x":0,"y":0,"z":0},"position":{"x":0,"y":0,"z":0}}},"Clients":{"type":"TArray<SEntityTemplateReference>","value":["e3c2575031374eb6"]},"LightModelSelector_01_PrimarySpecularShift_op":{"type":"IRenderMaterialEntity.EModifierOperation","value":"eReplace"},"LightModelSelector_01_SecondarySpecularShift_op":{"type":"IRenderMaterialEntity.EModifierOperation","value":"eReplace"},"ConstantVector1D_19_Value_op":{"type":"IRenderMaterialEntity.EModifierOperation","value":"eReplace"},"LightModelSelector_01_PrimarySpecularShift":{"type":"float32","value":0.2150000035762787},"ConstantVector1D_02_Value_op":{"type":"IRenderMaterialEntity.EModifierOperation","value":"eReplace"},"ConstantVector1D_02_Value":{"type":"float32","value":0.03999999910593033},"ConstantVector1D_03_Value_op":{"type":"IRenderMaterialEntity.EModifierOperation","value":"eReplace"},"ConstantVector1D_03_Value":{"type":"float32","value":0.25999999046325684},"LightModelSelector_01_SecondarySpecularShift":{"type":"float32","value":0.20999999344348907},"Pow_01_y_op":{"type":"IRenderMaterialEntity.EModifierOperation","value":"eLeave"},"Pow_01_y":{"type":"float32","value":2},"Sampler2DParallaxLayers_01_StepDirection_op":{"type":"IRenderMaterialEntity.EModifierOperation","value":"eReplace"},"Sampler2DParallaxLayers_01_StepDirection":{"type":"float32","value":-0.6399999856948853},"ConstantVector1D_10_Value_op":{"type":"IRenderMaterialEntity.EModifierOperation","value":"eReplace"},"ConstantVector1D_10_Value":{"type":"float32","value":-0.4099999964237213},"ConstantColorRGB_01_Value":{"type":"SColorRGB","value":"#c2c2c2"},"ConstantVector1D_14_Value_op":{"type":"IRenderMaterialEntity.EModifierOperation","value":"eReplace"},"ConstantVector1D_14_Value":{"type":"float32","value":-0.1599999964237213},"ConstantColorRGB_01_Value_op":{"type":"IRenderMaterialEntity.EModifierOperation","value":"eReplace"},"ConstantVector1D_01_Value_op":{"type":"IRenderMaterialEntity.EModifierOperation","value":"eReplace"},"ConstantVector1D_01_Value":{"type":"float32","value":1},"ConstantVector1D_07_Value_op":{"type":"IRenderMaterialEntity.EModifierOperation","value":"eReplace"},"ConstantVector1D_07_Value":{"type":"float32","value":-0.11999999731779099},"Sampler2DParallaxLayers_01_BumpScale_op":{"type":"IRenderMaterialEntity.EModifierOperation","value":"eReplace"},"Sampler2DParallaxLayers_01_BumpScale":{"type":"float32","value":1},"ConstantVector1D_42_Value_op":{"type":"IRenderMaterialEntity.EModifierOperation","value":"eReplace"},"Active":{"type":"bool","value":false},"m_eidParent":{"type":"SEntityTemplateReference","value":"e3c2575031374eb6"}}},"f45b610589fab117":{"parent":"e3c2575031374eb6","name":"male_reg_santa_belt","factory":"[assembly:/_pro/characters/assets/individuals/santa/materials/male_reg_santa_belt.mi].pc_entitytype","blueprint":"[assembly:/_pro/characters/assets/individuals/santa/materials/male_reg_santa_belt.mi].pc_entityblueprint","properties":{"m_mTransform":{"type":"SMatrix43","value":{"rotation":{"x":0,"y":0,"z":0},"position":{"x":6.1517791748046875,"y":7.112088203430176,"z":1.5957210063934326}}},"Clients":{"type":"TArray<SEntityTemplateReference>","value":["e3c2575031374eb6"]},"ConstantVector1D_04_Value_op":{"type":"IRenderMaterialEntity.EModifierOperation","value":"eReplace"},"Active":{"type":"bool","value":false},"m_eidParent":{"type":"SEntityTemplateReference","value":"e3c2575031374eb6"}}},"c377852869dd9985":{"parent":"e3c2575031374eb6","name":"Lerp","factory":"[modules:/zmathlerp.class].pc_entitytype","blueprint":"[modules:/zmathlerp.class].pc_entityblueprint","properties":{"m_A":{"type":"float32","value":0.25999999046325684},"m_fT":{"type":"float32","value":0},"m_B":{"type":"float32","value":0.5}},"events":{"Lerp":{"ConstantVector1D_03_Value":["6bebc90ada326c1b","19b875b6c9fdc151","744b47d414ab1f36"]}}},"9a46e295c099fc59":{"parent":"6ac2466339d6fb81","name":"male_reg_body","factory":"003DCA5E22F37B5F","blueprint":"0041C89DFA9D7801","properties":{"ConstantColorRGB_01_Value_op":{"type":"IRenderMaterialEntity.EModifierOperation","value":"eReplace"},"Texture2DNormal_01_enab":{"type":"bool","value":true},"Texture2D_01_enab":{"type":"bool","value":true},"Active":{"type":"bool","value":true},"Texture2D_03_enab":{"type":"bool","value":true},"ConstantVector1D_01_Value_op":{"type":"IRenderMaterialEntity.EModifierOperation","value":"eReplace"},"ConstantVector1D_01_Value":{"type":"float32","value":0.550000011920929},"Texture2D_01":{"type":"ZRuntimeResourceID","value":{"resource":"0050DDCE91E6C6A3","flag":"5F"}},"Texture2D_03":{"type":"ZRuntimeResourceID","value":{"resource":"00A07AE8903D816A","flag":"5F"}},"Texture2DNormal_01":{"type":"ZRuntimeResourceID","value":{"resource":"002A91695E748772","flag":"5F"}},"ConstantVector1D_04_Value_op":{"type":"IRenderMaterialEntity.EModifierOperation","value":"eReplace"},"ConstantColorRGB_01_Value":{"type":"SColorRGB","value":"#ffffff"},"m_eidParent":{"type":"SEntityTemplateReference","value":"e3c2575031374eb6"},"Clients":{"type":"TArray<SEntityTemplateReference>","value":["6ac2466339d6fb81"],"postInit":true}}},"479e38340a5fbbae":{"parent":"e3c2575031374eb6","name":"Part_Glasses","factory":"[modules:/zbodypartentity.class].pc_entitytype","blueprint":"[modules:/zbodypartentity.class].pc_entityblueprint","properties":{"m_pMeshResource":{"type":"ZRuntimeResourceID","value":{"resource":"[assembly:/_pro/characters/assets/individuals/santa/geometry/male_reg_santa.wl2?/glasses.weightedprim](bodypart).pc_weightedprim","flag":"5F"}},"m_IsHiddenInVR":{"type":"bool","value":true}}},"6ccfc7cea131fd9a":{"parent":"e3c2575031374eb6","name":"Part_Belt","factory":"[modules:/zbodypartentity.class].pc_entitytype","blueprint":"[modules:/zbodypartentity.class].pc_entityblueprint","properties":{"m_pMeshResource":{"type":"ZRuntimeResourceID","value":{"resource":"[assembly:/_pro/characters/assets/individuals/santa/geometry/male_reg_santa.wl2?/belt.weightedprim](bodypart).pc_weightedprim","flag":"5F"}}}},"8511a86f128dc02c":{"parent":"e3c2575031374eb6","name":"Part_Pants","factory":"[modules:/zbodypartentity.class].pc_entitytype","blueprint":"[modules:/zbodypartentity.class].pc_entityblueprint","properties":{"m_pMeshResource":{"type":"ZRuntimeResourceID","value":{"resource":"[assembly:/_pro/characters/assets/individuals/santa/geometry/male_reg_santa.wl2?/trousers.weightedprim](bodypart).pc_weightedprim","flag":"5F"}}}},"1f46a4a3c9c7a426":{"parent":"e3c2575031374eb6","name":"Part_Hat","factory":"[modules:/zbodypartentity.class].pc_entitytype","blueprint":"[modules:/zbodypartentity.class].pc_entityblueprint","properties":{"m_pMeshResource":{"type":"ZRuntimeResourceID","value":{"resource":"[assembly:/_pro/characters/assets/individuals/santa/geometry/male_reg_santa.wl2?/hat.weightedprim](bodypart).pc_weightedprim","flag":"5F"}},"m_IsHiddenInVR":{"type":"bool","value":true}}},"d58f5885b765cb9":{"parent":"e3c2575031374eb6","name":"Lerp 4","factory":"[modules:/zmathlerp.class].pc_entitytype","blueprint":"[modules:/zmathlerp.class].pc_entityblueprint","properties":{"m_A":{"type":"float32","value":0},"m_fT":{"type":"float32","value":0},"m_B":{"type":"float32","value":0.699999988079071}},"events":{"Lerp":{"ConstantVector1D_04_Value":["48771a6336d0c124"]}}},"1060e2711ad12fa2":{"parent":"e3c2575031374eb6","name":"Lerp 7","factory":"[modules:/zmathlerp.class].pc_entitytype","blueprint":"[modules:/zmathlerp.class].pc_entityblueprint","properties":{"m_A":{"type":"float32","value":0},"m_fT":{"type":"float32","value":0},"m_B":{"type":"float32","value":0.699999988079071}},"events":{"Lerp":{"ConstantVector1D_04_Value":["f45b610589fab117"]}}},"b8a09d9aca6204d2":{"parent":"6ac2466339d6fb81","name":"male_reg_head_47_s3","factory":"00DC32666D040183","blueprint":"006CBC65369AB8B7","properties":{"m_mTransform":{"type":"SMatrix43","value":{"rotation":{"x":0,"y":0,"z":0},"position":{"x":0,"y":0,"z":0}}},"ConstantColorRGB_01_Value_op":{"type":"IRenderMaterialEntity.EModifierOperation","value":"eReplace"},"ConstantColorRGB_01_Value":{"type":"SColorRGB","value":"#d9d4d2"},"m_eidParent":{"type":"SEntityTemplateReference","value":"e3c2575031374eb6"},"Clients":{"type":"TArray<SEntityTemplateReference>","value":["6ac2466339d6fb81"],"postInit":true}}},"6ac2466339d6fb81":{"parent":"e3c2575031374eb6","name":"Head_47","factory":"[modules:/zentity.class].pc_entitytype","blueprint":"[modules:/zentity.class].pc_entityblueprint","properties":{"ConstantColorRGB_01_Value_2":{"type":"SColorRGB","value":"#d9d4d2"}},"inputCopying":{"ConstantVector1D_04_Value":{"ConstantVector1D_04_Value":["9a46e295c099fc59"]}},"propertyAliases":{"ConstantColorRGB_01_Value_2":[{"originalProperty":"ConstantColorRGB_01_Value","originalEntity":"b8a09d9aca6204d2"}]},"exposedInterfaces":{"ZClothColliderGroupAspect":"75e1496f3c0cc704","ZBodyPartEntity":"75e1496f3c0cc704"}},"401d5662be684567":{"parent":"6ac2466339d6fb81","name":"base_eye","factory":"00FDEC17A5A2BF5F","blueprint":"00C4E4179AE75353","properties":{"Clients":{"type":"TArray<SEntityTemplateReference>","value":["6ac2466339d6fb81"]},"Texture2D_01_enab":{"type":"bool","value":true},"Texture2D_01":{"type":"ZRuntimeResourceID","value":{"resource":"00956964149E802F","flag":"5F"}},"EyeShader_01_Albedo_op":{"type":"IRenderMaterialEntity.EModifierOperation","value":"eLeave"},"EyeShader_01_IrisBrightness_op":{"type":"IRenderMaterialEntity.EModifierOperation","value":"eReplace"},"EyeShader_01_IrisBrightness":{"type":"float32","value":2},"EyeShader_01_PupilSize_op":{"type":"IRenderMaterialEntity.EModifierOperation","value":"eReplace"},"EyeShader_01_PupilSize":{"type":"float32","value":0.1899999976158142},"EyeShader_01_ScleraSpecularPower_op":{"type":"IRenderMaterialEntity.EModifierOperation","value":"eLeave"},"EyeShader_01_ScleraSpecularPower":{"type":"float32","value":2},"EyeShader_01_ScleraSpecularIntensity_op":{"type":"IRenderMaterialEntity.EModifierOperation","value":"eReplace"},"EyeShader_01_ScleraSpecularIntensity":{"type":"float32","value":0.029999999329447746},"m_eidParent":{"type":"SEntityTemplateReference","value":"e3c2575031374eb6"}}},"e46e208a9fdbc145":{"parent":"6ac2466339d6fb81","name":"fem_reg_diana_season2_cinematic_brows","factory":"[assembly:/_pro/characters/assets/individuals/diana_burnwood/materials/fem_reg_diana_season2_cinematic_brows.mi].pc_entitytype","blueprint":"[assembly:/_pro/characters/assets/individuals/diana_burnwood/materials/fem_reg_diana_season2_cinematic_brows.mi].pc_entityblueprint","properties":{"Clients":{"type":"TArray<SEntityTemplateReference>","value":["6ac2466339d6fb81"]},"ConstantVector1D_01_Value_op":{"type":"IRenderMaterialEntity.EModifierOperation","value":"eReplace"},"ConstantVector1D_01_Value":{"type":"float32","value":1},"Texture2D_01_enab":{"type":"bool","value":true},"Texture2D_01":{"type":"ZRuntimeResourceID","value":{"resource":"00EA455CAE6342E8","flag":"5F"}},"ConstantVector1D_03_Value_op":{"type":"IRenderMaterialEntity.EModifierOperation","value":"eReplace"},"ConstantVector1D_03_Value":{"type":"float32","value":0},"ConstantVector1D_05_Value_op":{"type":"IRenderMaterialEntity.EModifierOperation","value":"eReplace"},"ConstantVector1D_05_Value":{"type":"float32","value":0},"m_eidParent":{"type":"SEntityTemplateReference","value":"e3c2575031374eb6"}}},"6d3eff6b9f57e921":{"parent":"e3c2575031374eb6","name":"Part_Shoes","factory":"[modules:/zbodypartentity.class].pc_entitytype","blueprint":"[modules:/zbodypartentity.class].pc_entityblueprint","properties":{"m_pMeshResource":{"type":"ZRuntimeResourceID","value":{"resource":"[assembly:/_pro/characters/assets/individuals/santa/geometry/male_reg_santa.wl2?/boots.weightedprim](bodypart).pc_weightedprim","flag":"5F"}}}},"103feda4bdbe530b":{"parent":"e3c2575031374eb6","name":"Hands","factory":"009A6D9F7927FB89","blueprint":"00F49463DEA8D412"},"8bd1c89635889e64":{"parent":"e3c2575031374eb6","name":"Part_Shirt","factory":"[modules:/zbodypartentity.class].pc_entitytype","blueprint":"[modules:/zbodypartentity.class].pc_entityblueprint","properties":{"m_pMeshResource":{"type":"ZRuntimeResourceID","value":{"resource":"[assembly:/_pro/characters/assets/individuals/santa/geometry/male_reg_santa.wl2?/cloth_up.weightedprim](bodypart).pc_weightedprim","flag":"5F"}}}},"744b47d414ab1f36":{"parent":"e3c2575031374eb6","name":"male_reg_santa_cloth_up_02","factory":"[assembly:/_pro/characters/assets/individuals/santa/materials/male_reg_santa_hat.mi].pc_entitytype","blueprint":"[assembly:/_pro/characters/assets/individuals/santa/materials/male_reg_santa_hat.mi].pc_entityblueprint","properties":{"m_mTransform":{"type":"SMatrix43","value":{"rotation":{"x":0,"y":0,"z":0},"position":{"x":0,"y":0,"z":0}}},"Clients":{"type":"TArray<SEntityTemplateReference>","value":["e3c2575031374eb6"]},"LightModelSelector_01_PrimarySpecularShift_op":{"type":"IRenderMaterialEntity.EModifierOperation","value":"eReplace"},"LightModelSelector_01_SecondarySpecularShift_op":{"type":"IRenderMaterialEntity.EModifierOperation","value":"eReplace"},"ConstantVector1D_19_Value_op":{"type":"IRenderMaterialEntity.EModifierOperation","value":"eReplace"},"LightModelSelector_01_PrimarySpecularShift":{"type":"float32","value":0.2150000035762787},"ConstantVector1D_02_Value_op":{"type":"IRenderMaterialEntity.EModifierOperation","value":"eReplace"},"ConstantVector1D_02_Value":{"type":"float32","value":0.03999999910593033},"ConstantVector1D_03_Value_op":{"type":"IRenderMaterialEntity.EModifierOperation","value":"eReplace"},"ConstantVector1D_03_Value":{"type":"float32","value":0.25999999046325684},"LightModelSelector_01_SecondarySpecularShift":{"type":"float32","value":0.20999999344348907},"Pow_01_y_op":{"type":"IRenderMaterialEntity.EModifierOperation","value":"eLeave"},"Pow_01_y":{"type":"float32","value":2},"Sampler2DParallaxLayers_01_StepDirection_op":{"type":"IRenderMaterialEntity.EModifierOperation","value":"eReplace"},"Sampler2DParallaxLayers_01_StepDirection":{"type":"float32","value":-0.6399999856948853},"ConstantVector1D_10_Value_op":{"type":"IRenderMaterialEntity.EModifierOperation","value":"eReplace"},"ConstantVector1D_10_Value":{"type":"float32","value":-0.4099999964237213},"ConstantColorRGB_01_Value":{"type":"SColorRGB","value":"#c2c2c2"},"ConstantVector1D_14_Value_op":{"type":"IRenderMaterialEntity.EModifierOperation","value":"eReplace"},"ConstantVector1D_14_Value":{"type":"float32","value":-0.1599999964237213},"ConstantColorRGB_01_Value_op":{"type":"IRenderMaterialEntity.EModifierOperation","value":"eReplace"},"ConstantVector1D_01_Value_op":{"type":"IRenderMaterialEntity.EModifierOperation","value":"eReplace"},"ConstantVector1D_01_Value":{"type":"float32","value":1},"ConstantVector1D_07_Value_op":{"type":"IRenderMaterialEntity.EModifierOperation","value":"eReplace"},"ConstantVector1D_07_Value":{"type":"float32","value":-0.11999999731779099},"Sampler2DParallaxLayers_01_BumpScale_op":{"type":"IRenderMaterialEntity.EModifierOperation","value":"eReplace"},"Sampler2DParallaxLayers_01_BumpScale":{"type":"float32","value":1},"ConstantVector1D_42_Value_op":{"type":"IRenderMaterialEntity.EModifierOperation","value":"eReplace"},"ConstantVector1D_42_Value":{"type":"float32","value":2.5},"Active":{"type":"bool","value":false},"m_eidParent":{"type":"SEntityTemplateReference","value":"e3c2575031374eb6"}}},"a333d7a945f197fe":{"parent":"e3c2575031374eb6","name":"Part_Lenses","factory":"[modules:/zbodypartentity.class].pc_entitytype","blueprint":"[modules:/zbodypartentity.class].pc_entityblueprint","properties":{"m_pMeshResource":{"type":"ZRuntimeResourceID","value":{"resource":"[assembly:/_pro/characters/assets/individuals/santa/geometry/male_reg_santa.wl2?/glasses_01.weightedprim](bodypart).pc_weightedprim","flag":"5F"}},"m_IsHiddenInVR":{"type":"bool","value":true}}},"d60ae53504618bce":{"parent":"e3c2575031374eb6","name":"Lerp 3","factory":"[modules:/zmathlerp.class].pc_entitytype","blueprint":"[modules:/zmathlerp.class].pc_entityblueprint","properties":{"m_A":{"type":"float32","value":1},"m_fT":{"type":"float32","value":0},"m_B":{"type":"float32","value":0.5}},"events":{"Lerp":{"ConstantVector1D_01_Value":["6bebc90ada326c1b","19b875b6c9fdc151","744b47d414ab1f36"]}}},"3f5993831509ba54":{"parent":"e3c2575031374eb6","name":"Lerp 9","factory":"[modules:/zmathlerp.class].pc_entitytype","blueprint":"[modules:/zmathlerp.class].pc_entityblueprint","properties":{"m_A":{"type":"float32","value":0},"m_fT":{"type":"float32","value":0},"m_B":{"type":"float32","value":0.5}},"events":{"Lerp":{"ConstantVector1D_04_Value":["e20398cbbd66c228"]}}},"bf389cbd38c33a96":{"parent":"e3c2575031374eb6","name":"Lerp_SColorRGB_","factory":"[modules:/zmathlerp_scolorrgb.class].pc_entitytype","blueprint":"[modules:/zmathlerp_scolorrgb.class].pc_entityblueprint","properties":{"m_A":{"type":"SColorRGB","value":"#c2c2c2"},"m_B":{"type":"SColorRGB","value":"#999999"},"m_fT":{"type":"float32","value":0}},"events":{"Lerp":{"ConstantColorRGB_01_Value":["6bebc90ada326c1b","19b875b6c9fdc151","744b47d414ab1f36"]}}}},"propertyOverrides":[],"overrideDeletes":[],"pinConnectionOverrides":[],"pinConnectionOverrideDeletes":[],"externalScenes":[],"subType":"template","quickEntityVersion":3.1,"extraFactoryDependencies":[{"resource":"[assembly:/_pro/characters/assets/individuals/santa/textures/male_reg_santa_cloth_up.texture?/diffuse_a.tex](ascolormap).pc_tex","flag":"5F"},{"resource":"[assembly:/_pro/characters/assets/individuals/santa/textures/male_reg_santa_cloth_up.texture?/normal_a.tex](asnormalmap).pc_tex","flag":"5F"},{"resource":"[assembly:/_pro/characters/assets/individuals/santa/textures/male_reg_santa_cloth_up.texture?/mask_a.tex](ascolormap).pc_tex","flag":"5F"},{"resource":"007D850436B0A092","flag":"5F"},{"resource":"00D247582859CA87","flag":"5F"},{"resource":"00D20CA72E352D16","flag":"5F"},{"resource":"[assembly:/_pro/characters/assets/individuals/santa/textures/male_reg_santa_cloth_down.texture?/diffuse_a.tex](ascolormap).pc_tex","flag":"5F"},{"resource":"[assembly:/_pro/characters/assets/individuals/santa/textures/male_reg_santa_cloth_down.texture?/normal_a.tex](asnormalmap).pc_tex","flag":"5F"},{"resource":"[assembly:/_pro/characters/assets/individuals/santa/textures/male_reg_santa_cloth_down.texture?/mask_a.tex](ascolormap).pc_tex","flag":"5F"},{"resource":"[assembly:/_pro/characters/assets/individuals/santa/textures/male_reg_santa_hat.texture?/diffuse_a.tex](ascolormap).pc_tex","flag":"5F"},{"resource":"[assembly:/_pro/characters/assets/individuals/santa/textures/male_reg_santa_hat.texture?/normal_a.tex](asnormalmap).pc_tex","flag":"5F"},{"resource":"[assembly:/_pro/characters/assets/individuals/santa/textures/male_reg_santa_hat.texture?/mask_a.tex](ascolormap).pc_tex","flag":"5F"},{"resource":"[assembly:/_pro/characters/assets/individuals/santa/textures/male_reg_santa_hair.texture?/normal_a.tex](asnormalmap).pc_tex","flag":"5F"},{"resource":"[assembly:/_pro/characters/assets/individuals/santa/textures/male_reg_santa_hair.texture?/specular_a.tex](ascolormap).pc_tex","flag":"5F"},{"resource":"[assembly:/_pro/characters/assets/individuals/santa/textures/male_reg_santa_hair.texture?/diffuse_a.tex](ascolormap).pc_tex","flag":"5F"},{"resource":"[assembly:/_pro/characters/assets/individuals/santa/textures/male_reg_santa_belt.texture?/normal_a.tex](asnormalmap).pc_tex","flag":"5F"},{"resource":"[assembly:/_pro/characters/assets/individuals/santa/textures/male_reg_santa_belt.texture?/specular_a.tex](ascolormap).pc_tex","flag":"5F"},{"resource":"[assembly:/_pro/characters/assets/individuals/santa/textures/male_reg_santa_belt.texture?/diffuse_a.tex](ascolormap).pc_tex","flag":"5F"},{"resource":"[assembly:/_pro/characters/assets/individuals/santa/textures/male_reg_santa_boots.texture?/normal_a.tex](asnormalmap).pc_tex","flag":"5F"},{"resource":"[assembly:/_pro/characters/assets/individuals/santa/textures/male_reg_santa_boots.texture?/specular_a.tex](ascolormap).pc_tex","flag":"5F"},{"resource":"[assembly:/_pro/characters/assets/individuals/santa/textures/male_reg_santa_boots.texture?/diffuse_a.tex](ascolormap).pc_tex","flag":"5F"},{"resource":"[assembly:/_pro/characters/assets/individuals/santa/textures/male_reg_santa_trousers.texture?/normal_a.tex](asnormalmap).pc_tex","flag":"5F"},{"resource":"[assembly:/_pro/characters/assets/individuals/santa/textures/male_reg_santa_trousers.texture?/specular_a.tex](ascolormap).pc_tex","flag":"5F"},{"resource":"[assembly:/_pro/characters/assets/individuals/santa/textures/male_reg_santa_trousers.texture?/diffuse_a.tex](ascolormap).pc_tex","flag":"5F"},{"resource":"[assembly:/_pro/characters/assets/_base/pro_fem_regular/textures/female_reg_eyelashes.texture?/normal_a.tex](asnormalmap).pc_tex","flag":"5F"},{"resource":"[assembly:/_pro/characters/assets/_base/pro_fem_regular/textures/female_reg_eyelashes.texture?/specular_a.tex](ascolormap).pc_tex","flag":"5F"},{"resource":"[assembly:/_pro/environment/textures/detailmaps/default.texture?/detail_a.tex](ascompoundnormal).pc_tex","flag":"5F"},{"resource":"[assembly:/_pro/characters/assets/_base/pro_fem_regular/textures/female_reg_eyelashes.texture?/normal_a.tex](ascolormap).pc_tex","flag":"5F"},{"resource":"[assembly:/_pro/characters/assets/_base/pro_fem_regular/textures/female_reg_eyelashes.texture?/diffuse_a.tex](ascolormap).pc_tex","flag":"5F"},{"resource":"00F3654BB38A68EC","flag":"5F"},{"resource":"007BC73A9E575B1B","flag":"5F"},{"resource":"00BC38B1FBD65A9A","flag":"5F"},{"resource":"00818BA637895231","flag":"5F"},{"resource":"[assembly:/_pro/characters/assets/_genericparts/skin/textures/skin_detail.texture?/normal_a.tex](asnormalmap).pc_tex","flag":"5F"},{"resource":"[assembly:/_pro/characters/assets/_genericparts/skin/textures/skin_detail.texture?/variance_a.tex](asheightmap).pc_tex","flag":"5F"},{"resource":"008E0FCF89ED862E","flag":"5F"},{"resource":"002C7E7EE46D0CD2","flag":"5F"},{"resource":"00416AEE98A04929","flag":"5F"}],"extraBlueprintDependencies":[],"comments":[]}