{"tempHash":"009CE7C67C84BD81","tbluHash":"006A207A538E37E9","patch":[{"RemoveEntityByID":"6343b07916d2297"},{"SubEntityOperation":["c8fca00ba6fe34ef",{"PatchArrayPropertyValue":["m_aBodyParts",[{"RemoveItemByValue":"6343b07916d2297"},{"AddItemAfter":["18aece3233d130a4","feed92beeaa7bd1c"]}]]}]},{"AddEntity":["feed92beeaa7bd1c",{"parent":"c8fca00ba6fe34ef","name":"Mesh_Hoodie","factory":"[modules:/zbodypartentity.class].pc_entitytype","blueprint":"[modules:/zbodypartentity.class].pc_entityblueprint","properties":{"m_pMeshResource":{"type":"ZRuntimeResourceID","value":{"resource":"00296A8EAC013121","flag":"5F"}}},"inputCopying":{"ConstantVector1D_04_Value":{"ConstantVector1D_04_Value":["feedab4b4833e538"]},"ConstantVector1D_01_Value":{"ConstantVector1D_01_Value":["feedab4b4833e538"]},"ConstantVector1D_06_Value":{"ConstantVector1D_06_Value":["feedab4b4833e538"]}}}]},{"AddEntity":["feedab4b4833e538",{"parent":"feed92beeaa7bd1c","name":"shandy_hoodie_01","factory":"00A150A12EEA78AE","blueprint":"0045A5CA72218549","properties":{"1737952988":{"type":"IRenderMaterialEntity.EModifierOperation","value":"eReplace"},"2287298018":{"type":"IRenderMaterialEntity.EModifierOperation","value":"eReplace"},"2359342559":{"type":"IRenderMaterialEntity.EModifierOperation","value":"eReplace"},"3516673141":{"type":"IRenderMaterialEntity.EModifierOperation","value":"eReplace"},"m_mTransform":{"type":"SMatrix43","value":{"rotation":{"x":0,"y":0,"z":0},"position":{"x":0,"y":0,"z":0}}},"Diffuse_Color_01_Value":{"type":"SColorRGB","value":"#292929"},"Texture2D_01_enab":{"type":"bool","value":true},"Texture2D_01":{"type":"ZRuntimeResourceID","value":{"resource":"00CDC1BA78CC711D","flag":"5F"}},"ConstantVector1D_05_Value":{"type":"float32","value":0.5},"ConstantVector1D_01_Value_op":{"type":"IRenderMaterialEntity.EModifierOperation","value":"eReplace"},"Clients":{"type":"TArray<SEntityTemplateReference>","value":["feed92beeaa7bd1c"],"postInit":true},"m_eidParent":{"type":"SEntityTemplateReference","value":"feed92beeaa7bd1c","postInit":true}}}]}],"patchVersion":6}