{"tempHash":"00060559B297D8AE","tbluHash":"00A6CDF3B0878A69","rootEntity":"70ed899a4eb0b88d","entities":{"bd28ed6ee044e40c":{"parent":"70ed899a4eb0b88d","name":"Head_47","factory":"00537D16B5CE7286","blueprint":"00F2E4A932ECAA63"},"95f1afcc016d2db":{"parent":"70ed899a4eb0b88d","name":"Hands","factory":"009A6D9F7927FB89","blueprint":"00F49463DEA8D412"},"c0f995ae17fec845":{"parent":"70ed899a4eb0b88d","name":"Shoes_Derby_CapToe_SquareTip","factory":"0033E9BBFCA7B067","blueprint":"0002D822B863CAA8","properties":{"m_pMeshResource":{"type":"ZRuntimeResourceID","value":{"resource":"00A5D2872A17DF34","flag":"5F"}},"Diffuse_Color_01_Value":{"type":"SColorRGB","value":"#2e2e2e"},"ConstantVector1D_04_Value":{"type":"float32","value":0.4399999976158142}}},"c401137aa25af900":{"parent":"70ed899a4eb0b88d","name":"Shirt_Dress_BtnUp_Tkd_Cut_Jacket","factory":"0011644483049F85","blueprint":"000083C995DF8DF6","properties":{"ConstantVector1D_02_Value":{"type":"float32","value":0.5},"m_pMeshResource":{"type":"ZRuntimeResourceID","value":{"resource":"007B2E0B51B63F9C","flag":"5F"}},"Texture2D_01":{"type":"ZRuntimeResourceID","value":{"resource":"0092C79FC321CA42","flag":"5F"}},"ConstantVector1D_01_Value":{"type":"float32","value":0.3199999928474426}}},"7779c69dd51475ca":{"parent":"9d4b3542b9a1b5c0","name":"C_Spine1_L","factory":"[assembly:/templates/aspectdummy.aspect]([modules:/zclothsphere.class].entitytype,[modules:/zboneattachaspect.class].entitytype).pc_entitytype","blueprint":"[assembly:/templates/aspectdummy.aspect]([modules:/zclothsphere.class].entitytype,[modules:/zboneattachaspect.class].entitytype).pc_entityblueprint","properties":{"m_BoneName":{"type":"ZString","value":"Spine1"},"m_linkedEntity":{"type":"SEntityTemplateReference","value":null},"m_fRadius":{"type":"float32","value":0.10499999672174454},"m_mTransform":{"type":"SMatrix43","value":{"rotation":{"x":0,"y":0,"z":0},"position":{"x":0.015894999727606773,"y":0.03658000007271767,"z":0.03956599906086922}}},"m_bEnabled":{"type":"bool","value":true},"m_eidParent":{"type":"SEntityTemplateReference","value":"9d4b3542b9a1b5c0","postInit":true}}},"4871141e23ea25dc":{"parent":"9d4b3542b9a1b5c0","name":"C_Spine2_R","factory":"[assembly:/templates/aspectdummy.aspect]([modules:/zclothsphere.class].entitytype,[modules:/zboneattachaspect.class].entitytype).pc_entitytype","blueprint":"[assembly:/templates/aspectdummy.aspect]([modules:/zclothsphere.class].entitytype,[modules:/zboneattachaspect.class].entitytype).pc_entityblueprint","properties":{"m_BoneName":{"type":"ZString","value":"Spine2"},"m_linkedEntity":{"type":"SEntityTemplateReference","value":null},"m_fRadius":{"type":"float32","value":0.15000000596046448},"m_mTransform":{"type":"SMatrix43","value":{"rotation":{"x":0.6075190242261482,"y":0.04131026166972855,"z":7.77816857904588},"position":{"x":-0.034866999834775925,"y":0.024687999859452248,"z":-0.04030299931764603}}},"m_bEnabled":{"type":"bool","value":false},"m_eidParent":{"type":"SEntityTemplateReference","value":"9d4b3542b9a1b5c0","postInit":true}}},"16a12dca8f73d133":{"parent":"4f0366c6ab8d7129","name":"Mesh","factory":"[assembly:/templates/aspectdummy.aspect]([modules:/zbodypartentity.class].entitytype,[modules:/zclothcollidergroupaspect.class].entitytype).pc_entitytype","blueprint":"[assembly:/templates/aspectdummy.aspect]([modules:/zbodypartentity.class].entitytype,[modules:/zclothcollidergroupaspect.class].entitytype).pc_entityblueprint","properties":{"m_pMeshResource":{"type":"ZRuntimeResourceID","value":{"resource":"00F88D120A6440F1","flag":"5F"}},"m_ClothColliders":{"type":"TArray<SEntityTemplateReference>","value":["9d4b3542b9a1b5c0"],"postInit":true}}},"71569224e7774b92":{"parent":"9d4b3542b9a1b5c0","name":"C_TighTop_L","factory":"[assembly:/templates/aspectdummy.aspect]([modules:/zclothsphere.class].entitytype,[modules:/zboneattachaspect.class].entitytype).pc_entitytype","blueprint":"[assembly:/templates/aspectdummy.aspect]([modules:/zclothsphere.class].entitytype,[modules:/zboneattachaspect.class].entitytype).pc_entityblueprint","properties":{"m_fRadius":{"type":"float32","value":0.14000000059604645},"m_BoneName":{"type":"ZString","value":"LThighTwist"},"m_linkedEntity":{"type":"SEntityTemplateReference","value":null},"m_mTransform":{"type":"SMatrix43","value":{"rotation":{"x":0,"y":0.027960340972563835,"z":0},"position":{"x":0.026486000046133995,"y":0.016471000388264656,"z":0.040410999208688736}}},"m_bEnabled":{"type":"bool","value":true},"m_eidParent":{"type":"SEntityTemplateReference","value":"9d4b3542b9a1b5c0","postInit":true}}},"b0a5dffea01233e5":{"parent":"9d4b3542b9a1b5c0","name":"CChain_Spine_R","factory":"[modules:/zclothspherechain.class].pc_entitytype","blueprint":"[modules:/zclothspherechain.class].pc_entityblueprint","properties":{"m_mTransform":{"type":"SMatrix43","value":{"rotation":{"x":0,"y":0,"z":0},"position":{"x":-0.0000001290655973207322,"y":0.000000002171457902377938,"z":0}}},"m_Spheres":{"type":"TArray<SEntityTemplateReference>","value":["5377cf8222792da4","8ac06b4d6a51b646","4871141e23ea25dc"],"postInit":true},"m_eidParent":{"type":"SEntityTemplateReference","value":"9d4b3542b9a1b5c0","postInit":true}}},"4a7fac7ac2dff899":{"parent":"9d4b3542b9a1b5c0","name":"ColliderGroup","factory":"[modules:/zclothcollidergroup.class].pc_entitytype","blueprint":"[modules:/zclothcollidergroup.class].pc_entityblueprint","properties":{"m_ClothColliders":{"type":"TArray<SEntityTemplateReference>","value":["df90a035c5d5ea9a","b0a5dffea01233e5","b2580048c891dfcc"],"postInit":true},"m_eidParent":{"type":"SEntityTemplateReference","value":"9d4b3542b9a1b5c0","postInit":true}}},"5377cf8222792da4":{"parent":"9d4b3542b9a1b5c0","name":"C_Spine_R","factory":"[assembly:/templates/aspectdummy.aspect]([modules:/zclothsphere.class].entitytype,[modules:/zboneattachaspect.class].entitytype).pc_entitytype","blueprint":"[assembly:/templates/aspectdummy.aspect]([modules:/zclothsphere.class].entitytype,[modules:/zboneattachaspect.class].entitytype).pc_entityblueprint","properties":{"m_BoneName":{"type":"ZString","value":"Spine"},"m_linkedEntity":{"type":"SEntityTemplateReference","value":null},"m_fRadius":{"type":"float32","value":0.13500000536441803},"m_mTransform":{"type":"SMatrix43","value":{"rotation":{"x":0,"y":0,"z":0},"position":{"x":-0.0000009999999974752427,"y":0.03349699825048447,"z":-0.03516700118780136}}},"m_bEnabled":{"type":"bool","value":true},"m_bCollisionGroup0":{"type":"bool","value":true},"m_eidParent":{"type":"SEntityTemplateReference","value":"9d4b3542b9a1b5c0","postInit":true}}},"275ed54d74efa369":{"parent":"70ed899a4eb0b88d","name":"Bowtie_Butterfly_Double_01","factory":"00AAED9734FFE5BF","blueprint":"00E86A4C0466F168","properties":{"ConstantColorRGB_02_Value":{"type":"SColorRGB","value":"#ffffff"},"ConstantColorRGB_05_Value":{"type":"SColorRGB","value":"#858585"},"Texture2D_01":{"type":"ZRuntimeResourceID","value":{"resource":"00A5C4BD3B4D6FE9","flag":"5F"}},"Texture2D_03":{"type":"ZRuntimeResourceID","value":{"resource":"002E8C9B42DC2FAB","flag":"5F"}},"Texture2DNormal_01":{"type":"ZRuntimeResourceID","value":{"resource":"00F7C37FE59962B0","flag":"5F"}},"m_pMeshResource":{"type":"ZRuntimeResourceID","value":{"resource":"[assembly:/_pro/characters/assets/individuals/llama/donyates/geometry/male_reg_donyates.wl2?/bowtie_butterfly_double.weightedprim](bodypart).pc_weightedprim","flag":"5F"}}}},"8ac06b4d6a51b646":{"parent":"9d4b3542b9a1b5c0","name":"C_Spine1_R","factory":"[assembly:/templates/aspectdummy.aspect]([modules:/zclothsphere.class].entitytype,[modules:/zboneattachaspect.class].entitytype).pc_entitytype","blueprint":"[assembly:/templates/aspectdummy.aspect]([modules:/zclothsphere.class].entitytype,[modules:/zboneattachaspect.class].entitytype).pc_entityblueprint","properties":{"m_BoneName":{"type":"ZString","value":"Spine1"},"m_linkedEntity":{"type":"SEntityTemplateReference","value":null},"m_fRadius":{"type":"float32","value":0.10499999672174454},"m_mTransform":{"type":"SMatrix43","value":{"rotation":{"x":0,"y":0,"z":0},"position":{"x":0.016713999211788177,"y":0.03529899939894676,"z":-0.04758499935269356}}},"m_bEnabled":{"type":"bool","value":true},"m_eidParent":{"type":"SEntityTemplateReference","value":"9d4b3542b9a1b5c0","postInit":true}}},"ed2aba6fc3483517":{"parent":"70ed899a4eb0b88d","name":"Mesh_Cummerbund","factory":"[modules:/zbodypartentity.class].pc_entitytype","blueprint":"[modules:/zbodypartentity.class].pc_entityblueprint","properties":{"m_pMeshResource":{"type":"ZRuntimeResourceID","value":{"resource":"000F2A9700B7A82A","flag":"5F"}}}},"6eff8b9be8447e48":{"parent":"9d4b3542b9a1b5c0","name":"C_TighMid_L","factory":"[assembly:/templates/aspectdummy.aspect]([modules:/zclothsphere.class].entitytype,[modules:/zboneattachaspect.class].entitytype).pc_entitytype","blueprint":"[assembly:/templates/aspectdummy.aspect]([modules:/zclothsphere.class].entitytype,[modules:/zboneattachaspect.class].entitytype).pc_entityblueprint","properties":{"m_fRadius":{"type":"float32","value":0.10999999940395355},"m_BoneName":{"type":"ZString","value":"LThighTwist1"},"m_linkedEntity":{"type":"SEntityTemplateReference","value":null},"m_mTransform":{"type":"SMatrix43","value":{"rotation":{"x":0,"y":0.019767044762768395,"z":0},"position":{"x":0.1122799962759018,"y":0.012562000192701817,"z":0.011997000314295292}}},"m_bCollisionGroup0":{"type":"bool","value":true},"m_eidParent":{"type":"SEntityTemplateReference","value":"9d4b3542b9a1b5c0","postInit":true}}},"53b1e5d5a5f09390":{"parent":"70ed899a4eb0b88d","name":"Socks_Ankle_Cut_Shoe","factory":"00C50F4D59B78463","blueprint":"0060BDFBAAFA9324","properties":{"m_pMeshResource":{"type":"ZRuntimeResourceID","value":{"resource":"00FEA2D2B4650552","flag":"5F"}},"Diffuse_Color_01_Value":{"type":"SColorRGB","value":"#2e2e2e"},"ConstantVector1D_04_Value":{"type":"float32","value":0.4399999976158142}}},"98c903b861ee88cb":{"parent":"9d4b3542b9a1b5c0","name":"C_TighTop_R","factory":"[assembly:/templates/aspectdummy.aspect]([modules:/zclothsphere.class].entitytype,[modules:/zboneattachaspect.class].entitytype).pc_entitytype","blueprint":"[assembly:/templates/aspectdummy.aspect]([modules:/zclothsphere.class].entitytype,[modules:/zboneattachaspect.class].entitytype).pc_entityblueprint","properties":{"m_fRadius":{"type":"float32","value":0.14000000059604645},"m_BoneName":{"type":"ZString","value":"RThighTwist"},"m_linkedEntity":{"type":"SEntityTemplateReference","value":null},"m_mTransform":{"type":"SMatrix43","value":{"rotation":{"x":0,"y":0,"z":0},"position":{"x":0.02664100006222725,"y":0.018386999145150185,"z":-0.0476749986410141}}},"m_bEnabled":{"type":"bool","value":true},"m_eidParent":{"type":"SEntityTemplateReference","value":"9d4b3542b9a1b5c0","postInit":true}}},"70ed899a4eb0b88d":{"parent":null,"name":"OUTFIT_Agent47_Reward_ElusiveLlama_HeroA_v0","factory":"00C0753FBF784C66","blueprint":"007294473357329E","properties":{"m_LocalColliders":{"type":"TArray<SEntityTemplateReference>","value":[]},"m_mTransform":{"type":"SMatrix43","value":{"rotation":{"x":0,"y":0,"z":0},"position":{"x":41.80900955200195,"y":31.57353973388672,"z":0}}},"m_pBonesAndCollisionResource":{"type":"ZRuntimeResourceID","value":{"resource":"0017416135CF879C","flag":"5F"}},"m_bSimulationEnabled":{"type":"bool","value":true},"m_aBodyParts":{"type":"TArray<SEntityTemplateReference>","value":["bd28ed6ee044e40c","c401137aa25af900","c0f995ae17fec845","275ed54d74efa369","cb11930b20f8b6c0","6325ff0273fe55de","53b1e5d5a5f09390","ed2aba6fc3483517","4f0366c6ab8d7129","95f1afcc016d2db"],"postInit":true}}},"cb11930b20f8b6c0":{"parent":"70ed899a4eb0b88d","name":"Pocket_Square_SinglePeak_ClosedSuit","factory":"0047AA7A4BBFD031","blueprint":"0030DEB2F76EDA31","properties":{"m_pMeshResource":{"type":"ZRuntimeResourceID","value":{"resource":"00C7D86AAC4D0BF0","flag":"5F"}},"ConstantVector1D_01_Value":{"type":"float32","value":0.6200000047683716},"ConstantColorRGB_02_Value":{"type":"SColorRGB","value":"#f71414"},"ConstantColorRGB_05_Value":{"type":"SColorRGB","value":"#e39f9f"}}},"dda377dc97c91adc":{"parent":"4f0366c6ab8d7129","name":"jacket_tuxedo","factory":"[assembly:/_pro/characters/assets/individuals/llama/donyates/materials/jacket_tuxedo.mi].pc_entitytype","blueprint":"[assembly:/_pro/characters/assets/individuals/llama/donyates/materials/jacket_tuxedo.mi].pc_entityblueprint","properties":{"1737952988":{"type":"IRenderMaterialEntity.EModifierOperation","value":"eReplace"},"1787395739":{"type":"IRenderMaterialEntity.EModifierOperation","value":"eReplace"},"1943374626":{"type":"bool","value":true},"2359342559":{"type":"IRenderMaterialEntity.EModifierOperation","value":"eReplace"},"2869403995":{"type":"IRenderMaterialEntity.EModifierOperation","value":"eReplace"},"m_mTransform":{"type":"SMatrix43","value":{"rotation":{"x":0,"y":0,"z":0},"position":{"x":0,"y":0,"z":0}}},"Clients":{"type":"TArray<SEntityTemplateReference>","value":["16a12dca8f73d133"]},"ConstantColorRGB_01_Value_op":{"type":"IRenderMaterialEntity.EModifierOperation","value":"eReplace"},"ConstantColorRGB_01_Value":{"type":"SColorRGB","value":"#fff6e3"},"ConstantVector1D_13_Value":{"type":"float32","value":0},"Texture2D_05":{"type":"ZRuntimeResourceID","value":{"resource":"0009E0A08FE2BA2D","flag":"5F"}},"Texture2D_01_enab":{"type":"bool","value":true},"Texture2D_01":{"type":"ZRuntimeResourceID","value":{"resource":"00A68E3A90787433","flag":"5F"}},"ConstantVector1D_05_Value":{"type":"float32","value":0.800000011920929},"Texture2D_03_enab":{"type":"bool","value":true},"Texture2D_03":{"type":"ZRuntimeResourceID","value":{"resource":"00BEDEE6C511CB66","flag":"5F"}},"ConstantVector1D_03_Value":{"type":"float32","value":1.1699999570846558},"m_eidParent":{"type":"SEntityTemplateReference","value":"4f0366c6ab8d7129","postInit":true}}},"5e08bb30aba9b51d":{"parent":"9d4b3542b9a1b5c0","name":"C_Pelvis_R","factory":"[assembly:/templates/aspectdummy.aspect]([modules:/zclothsphere.class].entitytype,[modules:/zboneattachaspect.class].entitytype).pc_entitytype","blueprint":"[assembly:/templates/aspectdummy.aspect]([modules:/zclothsphere.class].entitytype,[modules:/zboneattachaspect.class].entitytype).pc_entityblueprint","properties":{"m_fRadius":{"type":"float32","value":0.14499999582767487},"m_BoneName":{"type":"ZString","value":"Pelvis"},"m_mTransform":{"type":"SMatrix43","value":{"rotation":{"x":0,"y":-0.013980170070120179,"z":0},"position":{"x":0.03649400174617767,"y":0.02453099936246872,"z":-0.038679998368024826}}},"m_bEnabled":{"type":"bool","value":true},"m_eidParent":{"type":"SEntityTemplateReference","value":"9d4b3542b9a1b5c0","postInit":true}}},"7ac4b9e6d2dc2f52":{"parent":"4f0366c6ab8d7129","name":"WaveformGenerator","factory":"[modules:/zwaveformgeneratorentity.class].pc_entitytype","blueprint":"[modules:/zwaveformgeneratorentity.class].pc_entityblueprint","properties":{"m_nLoopCount":{"type":"uint32","value":1},"m_eCurveType":{"type":"ZWaveformGeneratorEntity.ECurveType","value":"CURVE_TYPE_SAWTOOTH"},"m_bInitiallyActive":{"type":"bool","value":false},"m_fFrequency":{"type":"float32","value":0.23000000417232513},"m_fScale":{"type":"float32","value":1}},"events":{"Value":{"ConstantVector1D_13_Value":["dda377dc97c91adc"]}}},"4f0366c6ab8d7129":{"parent":"70ed899a4eb0b88d","name":"Jacket_Tuxedo","factory":"[modules:/zcompositeentity.class].pc_entitytype","blueprint":"[modules:/zcompositeentity.class].pc_entityblueprint","properties":{"m_mTransform":{"type":"SMatrix43","value":{"rotation":{"x":0,"y":0,"z":0},"position":{"x":-33.809730529785156,"y":-10.050169944763184,"z":0}}},"m_eidParent":{"type":"SEntityTemplateReference","value":"70ed899a4eb0b88d"}},"inputCopying":{"StartBlood":{"Start":["7ac4b9e6d2dc2f52"]}},"exposedInterfaces":{"ZClothColliderGroupAspect":"16a12dca8f73d133","ZBodyPartEntity":"16a12dca8f73d133"}},"7a0b3ea2119004cd":{"parent":"9d4b3542b9a1b5c0","name":"C_Spine2_L","factory":"[assembly:/templates/aspectdummy.aspect]([modules:/zclothsphere.class].entitytype,[modules:/zboneattachaspect.class].entitytype).pc_entitytype","blueprint":"[assembly:/templates/aspectdummy.aspect]([modules:/zclothsphere.class].entitytype,[modules:/zboneattachaspect.class].entitytype).pc_entityblueprint","properties":{"m_BoneName":{"type":"ZString","value":"Spine2"},"m_linkedEntity":{"type":"SEntityTemplateReference","value":null},"m_fRadius":{"type":"float32","value":0.15000000596046448},"m_mTransform":{"type":"SMatrix43","value":{"rotation":{"x":0.7218317539587317,"y":0.04915978565467649,"z":7.7893839530248785},"position":{"x":-0.0348690003156662,"y":0.02468400076031685,"z":0.040442001074552536}}},"m_bEnabled":{"type":"bool","value":false},"m_eidParent":{"type":"SEntityTemplateReference","value":"9d4b3542b9a1b5c0","postInit":true}}},"df90a035c5d5ea9a":{"parent":"9d4b3542b9a1b5c0","name":"CChain_Legs","factory":"[modules:/zclothspherechain.class].pc_entitytype","blueprint":"[modules:/zclothspherechain.class].pc_entityblueprint","properties":{"m_mTransform":{"type":"SMatrix43","value":{"rotation":{"x":0,"y":0,"z":0},"position":{"x":-0.0000001290655973207322,"y":0.000000002171457902377938,"z":0}}},"m_bCollisionGroup0":{"type":"bool","value":true},"m_bEnabled":{"type":"bool","value":true},"m_Spheres":{"type":"TArray<SEntityTemplateReference>","value":["ceda26ad94d85009","98c903b861ee88cb","5e08bb30aba9b51d","5fcb3756bf8a13c6","71569224e7774b92","6eff8b9be8447e48"],"postInit":true},"m_eidParent":{"type":"SEntityTemplateReference","value":"9d4b3542b9a1b5c0","postInit":true}}},"5601e41ed6d874cd":{"parent":"4f0366c6ab8d7129","name":"agent47_llama_tuxedo","factory":"001ED3930AF3201F","blueprint":"00433B60DEAA9991","properties":{"1737952988":{"type":"IRenderMaterialEntity.EModifierOperation","value":"eReplace"},"m_mTransform":{"type":"SMatrix43","value":{"rotation":{"x":0,"y":0,"z":0},"position":{"x":0,"y":0,"z":0}}},"Clients":{"type":"TArray<SEntityTemplateReference>","value":["4f0366c6ab8d7129"]},"Texture2D_01_enab":{"type":"bool","value":true},"Texture2D_01":{"type":"ZRuntimeResourceID","value":{"resource":"00A68E3A90787433","flag":"5F"}},"ConstantVector1D_05_Value":{"type":"float32","value":0.800000011920929},"Texture2D_03_enab":{"type":"bool","value":true},"Texture2D_03":{"type":"ZRuntimeResourceID","value":{"resource":"00BEDEE6C511CB66","flag":"5F"}},"ConstantColorRGB_02_Value_op":{"type":"IRenderMaterialEntity.EModifierOperation","value":"eReplace"},"ConstantColorRGB_02_Value":{"type":"SColorRGB","value":"#fff6e3"},"m_eidParent":{"type":"SEntityTemplateReference","value":"4f0366c6ab8d7129"}}},"b2580048c891dfcc":{"parent":"9d4b3542b9a1b5c0","name":"CChain_Spine_L","factory":"[modules:/zclothspherechain.class].pc_entitytype","blueprint":"[modules:/zclothspherechain.class].pc_entityblueprint","properties":{"m_mTransform":{"type":"SMatrix43","value":{"rotation":{"x":0,"y":0,"z":0},"position":{"x":-0.0000001290655973207322,"y":0.000000002171457902377938,"z":0}}},"m_Spheres":{"type":"TArray<SEntityTemplateReference>","value":["4fa293aa48f82611","7779c69dd51475ca","7a0b3ea2119004cd"],"postInit":true},"m_eidParent":{"type":"SEntityTemplateReference","value":"9d4b3542b9a1b5c0","postInit":true}}},"4fa293aa48f82611":{"parent":"9d4b3542b9a1b5c0","name":"C_Spine_L","factory":"[assembly:/templates/aspectdummy.aspect]([modules:/zclothsphere.class].entitytype,[modules:/zboneattachaspect.class].entitytype).pc_entitytype","blueprint":"[assembly:/templates/aspectdummy.aspect]([modules:/zclothsphere.class].entitytype,[modules:/zboneattachaspect.class].entitytype).pc_entityblueprint","properties":{"m_BoneName":{"type":"ZString","value":"Spine"},"m_linkedEntity":{"type":"SEntityTemplateReference","value":null},"m_fRadius":{"type":"float32","value":0.13500000536441803},"m_mTransform":{"type":"SMatrix43","value":{"rotation":{"x":0,"y":-0.027960340972563835,"z":0},"position":{"x":0.000003000000106112566,"y":0.03933100029826164,"z":0.029890000820159912}}},"m_bEnabled":{"type":"bool","value":true},"m_bCollisionGroup0":{"type":"bool","value":true},"m_eidParent":{"type":"SEntityTemplateReference","value":"9d4b3542b9a1b5c0","postInit":true}}},"5fcb3756bf8a13c6":{"parent":"9d4b3542b9a1b5c0","name":"C_Pelvis_L","factory":"[assembly:/templates/aspectdummy.aspect]([modules:/zclothsphere.class].entitytype,[modules:/zboneattachaspect.class].entitytype).pc_entitytype","blueprint":"[assembly:/templates/aspectdummy.aspect]([modules:/zclothsphere.class].entitytype,[modules:/zboneattachaspect.class].entitytype).pc_entityblueprint","properties":{"m_fRadius":{"type":"float32","value":0.14499999582767487},"m_BoneName":{"type":"ZString","value":"Pelvis"},"m_linkedEntity":{"type":"SEntityTemplateReference","value":null},"m_mTransform":{"type":"SMatrix43","value":{"rotation":{"x":0.04194050230329098,"y":0,"z":0.03959137865569399},"position":{"x":0.03649500012397766,"y":0.024526000022888184,"z":0.048245999962091446}}},"m_bEnabled":{"type":"bool","value":true},"m_eidParent":{"type":"SEntityTemplateReference","value":"9d4b3542b9a1b5c0","postInit":true}}},"ceda26ad94d85009":{"parent":"9d4b3542b9a1b5c0","name":"C_TighMid_R","factory":"[assembly:/templates/aspectdummy.aspect]([modules:/zclothsphere.class].entitytype,[modules:/zboneattachaspect.class].entitytype).pc_entitytype","blueprint":"[assembly:/templates/aspectdummy.aspect]([modules:/zclothsphere.class].entitytype,[modules:/zboneattachaspect.class].entitytype).pc_entityblueprint","properties":{"m_fRadius":{"type":"float32","value":0.10999999940395355},"m_BoneName":{"type":"ZString","value":"RThighTwist1"},"m_linkedEntity":{"type":"SEntityTemplateReference","value":null},"m_mTransform":{"type":"SMatrix43","value":{"rotation":{"x":0.019767043586382146,"y":0,"z":0},"position":{"x":0.11180400103330612,"y":0.00558099988847971,"z":-0.013811999931931496}}},"m_eidParent":{"type":"SEntityTemplateReference","value":"9d4b3542b9a1b5c0","postInit":true}}},"9d4b3542b9a1b5c0":{"parent":"4f0366c6ab8d7129","name":"Collider","factory":"[modules:/zcompositeentity.class].pc_entitytype","blueprint":"[modules:/zcompositeentity.class].pc_entityblueprint","properties":{"m_mTransform":{"type":"SMatrix43","value":{"rotation":{"x":0,"y":0,"z":0},"position":{"x":0,"y":0,"z":0}}},"m_linkedEntity":{"type":"SEntityTemplateReference","value":null},"m_eidParent":{"type":"SEntityTemplateReference","value":"4f0366c6ab8d7129"}},"propertyAliases":{"m_linkedEntity":[{"originalProperty":"m_linkedEntity","originalEntity":"6eff8b9be8447e48"},{"originalProperty":"m_linkedEntity","originalEntity":"ceda26ad94d85009"},{"originalProperty":"m_linkedEntity","originalEntity":"98c903b861ee88cb"},{"originalProperty":"m_linkedEntity","originalEntity":"71569224e7774b92"},{"originalProperty":"m_linkedEntity","originalEntity":"5fcb3756bf8a13c6"},{"originalProperty":"m_linkedEntity","originalEntity":"4871141e23ea25dc"},{"originalProperty":"m_linkedEntity","originalEntity":"8ac06b4d6a51b646"},{"originalProperty":"m_linkedEntity","originalEntity":"5377cf8222792da4"},{"originalProperty":"m_linkedEntity","originalEntity":"4fa293aa48f82611"},{"originalProperty":"m_linkedEntity","originalEntity":"7779c69dd51475ca"},{"originalProperty":"m_linkedEntity","originalEntity":"7a0b3ea2119004cd"}]},"exposedInterfaces":{"ZClothCollider":"4a7fac7ac2dff899","ZClothColliderGroup":"4a7fac7ac2dff899"}},"6325ff0273fe55de":{"parent":"70ed899a4eb0b88d","name":"Mesh_Pants","factory":"[modules:/zbodypartentity.class].pc_entitytype","blueprint":"[modules:/zbodypartentity.class].pc_entityblueprint","properties":{"m_pMeshResource":{"type":"ZRuntimeResourceID","value":{"resource":"00217DD2A40AC022","flag":"5F"}}}}},"propertyOverrides":[],"overrideDeletes":[],"pinConnectionOverrides":[],"pinConnectionOverrideDeletes":[],"externalScenes":[],"subType":"template","quickEntityVersion":3.1,"extraFactoryDependencies":[],"extraBlueprintDependencies":[],"comments":[]}