{"tempHash":"001ABBA7DDC62FCA","tbluHash":"00448C68B388CB00","rootEntity":"84025e59da35b29d","entities":{"599d6b2b1cec8b6a":{"parent":"3c6c8d1378634abc","name":"CChainHead_Neck","factory":"[modules:/zclothspherechain.class].pc_entitytype","blueprint":"[modules:/zclothspherechain.class].pc_entityblueprint","properties":{"m_Spheres":{"type":"TArray<SEntityTemplateReference>","value":["abc9a48386e40cb1","45893644fb096158","33254f2775ad9b4e"],"postInit":true},"m_eidParent":{"type":"SEntityTemplateReference","value":"3c6c8d1378634abc","postInit":true}}},"abc9a48386e40cb1":{"parent":"3c6c8d1378634abc","name":"C_Head_Top","factory":"[assembly:/templates/aspectdummy.aspect]([modules:/zclothsphere.class].entitytype,[modules:/zboneattachaspect.class].entitytype).pc_entitytype","blueprint":"[assembly:/templates/aspectdummy.aspect]([modules:/zclothsphere.class].entitytype,[modules:/zboneattachaspect.class].entitytype).pc_entityblueprint","properties":{"m_fRadius":{"type":"float32","value":0.10499999672174454},"m_BoneName":{"type":"ZString","value":"Head"},"m_mTransform":{"type":"SMatrix43","value":{"rotation":{"x":0,"y":0,"z":0},"position":{"x":0.08580199629068375,"y":0.02185400016605854,"z":0}}},"m_linkedEntity":{"type":"SEntityTemplateReference","value":null},"m_bEnabled":{"type":"bool","value":false},"m_eidParent":{"type":"SEntityTemplateReference","value":"3c6c8d1378634abc","postInit":true}}},"718687782e53d389":{"parent":"84ee0dd3b2a1b5","name":"stone_boots","factory":"001C9A54381CC825","blueprint":"00AAFFD3B7D78380","properties":{"m_mTransform":{"type":"SMatrix43","value":{"rotation":{"x":0,"y":0,"z":0},"position":{"x":0,"y":0,"z":0}}},"ConstantVector1D_01_Value_op":{"type":"IRenderMaterialEntity.EModifierOperation","value":"eReplace"},"ConstantVector1D_01_Value":{"type":"float32","value":0.18000000715255737},"Diffuse_Color_01_Value_op":{"type":"IRenderMaterialEntity.EModifierOperation","value":"eReplace"},"ConstantVector1D_04_Value_op":{"type":"IRenderMaterialEntity.EModifierOperation","value":"eReplace"},"Clients":{"type":"TArray<SEntityTemplateReference>","value":["84ee0dd3b2a1b5"],"postInit":true},"m_eidParent":{"type":"SEntityTemplateReference","value":"84025e59da35b29d","postInit":true}}},"45893644fb096158":{"parent":"3c6c8d1378634abc","name":"C_Head_Lower","factory":"[assembly:/templates/aspectdummy.aspect]([modules:/zclothsphere.class].entitytype,[modules:/zboneattachaspect.class].entitytype).pc_entitytype","blueprint":"[assembly:/templates/aspectdummy.aspect]([modules:/zclothsphere.class].entitytype,[modules:/zboneattachaspect.class].entitytype).pc_entityblueprint","properties":{"m_fRadius":{"type":"float32","value":0.10000000149011612},"m_BoneName":{"type":"ZString","value":"Head"},"m_mTransform":{"type":"SMatrix43","value":{"rotation":{"x":0,"y":0,"z":0},"position":{"x":0.018286999315023422,"y":0.03781700134277344,"z":-0.0000009999999974752427}}},"m_linkedEntity":{"type":"SEntityTemplateReference","value":null},"m_bEnabled":{"type":"bool","value":false},"m_eidParent":{"type":"SEntityTemplateReference","value":"3c6c8d1378634abc","postInit":true}}},"6f356a84aa157ff7":{"parent":"3c6c8d1378634abc","name":"ColliderGroup","factory":"[modules:/zclothcollidergroup.class].pc_entitytype","blueprint":"[modules:/zclothcollidergroup.class].pc_entityblueprint","properties":{"m_ClothColliders":{"type":"TArray<SEntityTemplateReference>","value":["53ae44e481f951df","803cb58005ca6bd3","5cfb7b32bf0645b7","a58e0bf35d36636a","a7a085f0e89a8789","599d6b2b1cec8b6a","33254f2775ad9b4e","94bd4c13565979cb"],"postInit":true},"m_eidParent":{"type":"SEntityTemplateReference","value":"3c6c8d1378634abc","postInit":true}}},"eb46815c9f7907be":{"parent":"84025e59da35b29d","name":"FX_Hitman_Wet_Logic_Character","factory":"0067CFB703A80787","blueprint":"00AA88C960CD2080","properties":{"HeadMaterialToOverride":{"type":"ZRuntimeResourceID","value":{"resource":"009F7978C601815A","flag":"5F"}},"HeadMaterialOverride":{"type":"TArray<SEntityTemplateReference>","value":["84025e59da35b29d"],"postInit":true}},"events":{"HitmanWetness":{"T":["dd1e55ce8a35234c","e2cb34570c782ebe","865d1b53dc3f9039","8f3879d6ef382eb2"]}}},"8f3879d6ef382eb2":{"parent":"84025e59da35b29d","name":"Lerp 8","factory":"[modules:/zmathlerp.class].pc_entitytype","blueprint":"[modules:/zmathlerp.class].pc_entityblueprint","properties":{"m_A":{"type":"float32","value":0.5},"m_fT":{"type":"float32","value":0},"m_B":{"type":"float32","value":0.30000001192092896}},"events":{"Lerp":{"ConstantVector1D_01_Value":["53e5cc5fb17ec491"]}}},"b638f70d6f67ca1c":{"parent":"bc048d6b275d386e","name":"Mesh","factory":"[assembly:/templates/aspectdummy.aspect]([modules:/zbodypartentity.class].entitytype,[modules:/zclothcollidergroupaspect.class].entitytype).pc_entitytype","blueprint":"[assembly:/templates/aspectdummy.aspect]([modules:/zbodypartentity.class].entitytype,[modules:/zclothcollidergroupaspect.class].entitytype).pc_entityblueprint","properties":{"m_pMeshResource":{"type":"ZRuntimeResourceID","value":{"resource":"0084E2DB2F02D438","flag":"5F"}},"m_ClothColliders":{"type":"TArray<SEntityTemplateReference>","value":["3c6c8d1378634abc"],"postInit":true}}},"489456a31cd91575":{"parent":"84025e59da35b29d","name":"Head_47","factory":"00537D16B5CE7286","blueprint":"00F2E4A932ECAA63"},"b76e88d8f7be0492":{"parent":"84025e59da35b29d","name":"ChildNetwork","factory":"[modules:/zchildnetworkentity.class].pc_entitytype","blueprint":"[modules:/zchildnetworkentity.class].pc_entityblueprint","properties":{"m_RuntimeNetworkResourceID":{"type":"ZRuntimeResourceID","value":{"resource":"[assembly:/animationnetworks/hitman01/idles/suitidle.aln].pc_rtn","flag":"9F"}}}},"33d1ff333675fae5":{"parent":"3c6c8d1378634abc","name":"C_TighMid_L","factory":"[assembly:/templates/aspectdummy.aspect]([modules:/zclothsphere.class].entitytype,[modules:/zboneattachaspect.class].entitytype).pc_entitytype","blueprint":"[assembly:/templates/aspectdummy.aspect]([modules:/zclothsphere.class].entitytype,[modules:/zboneattachaspect.class].entitytype).pc_entityblueprint","properties":{"m_fRadius":{"type":"float32","value":0.10999999940395355},"m_BoneName":{"type":"ZString","value":"LThighTwist1"},"m_linkedEntity":{"type":"SEntityTemplateReference","value":null},"m_mTransform":{"type":"SMatrix43","value":{"rotation":{"x":0,"y":0.027960334313977715,"z":0},"position":{"x":-0.0000009999999974752427,"y":0.009548000060021877,"z":0.009343000128865242}}},"m_bEnabled":{"type":"bool","value":true},"m_eidParent":{"type":"SEntityTemplateReference","value":"3c6c8d1378634abc","postInit":true}}},"9c932cbfa9369a21":{"parent":"3c6c8d1378634abc","name":"C_TighMid_R","factory":"[assembly:/templates/aspectdummy.aspect]([modules:/zclothsphere.class].entitytype,[modules:/zboneattachaspect.class].entitytype).pc_entitytype","blueprint":"[assembly:/templates/aspectdummy.aspect]([modules:/zclothsphere.class].entitytype,[modules:/zboneattachaspect.class].entitytype).pc_entityblueprint","properties":{"m_fRadius":{"type":"float32","value":0.10999999940395355},"m_BoneName":{"type":"ZString","value":"RThighTwist1"},"m_linkedEntity":{"type":"SEntityTemplateReference","value":null},"m_mTransform":{"type":"SMatrix43","value":{"rotation":{"x":0,"y":0,"z":0},"position":{"x":-0.000003999999989900971,"y":0.01255400013178587,"z":-0.008325000293552876}}},"m_bEnabled":{"type":"bool","value":true},"m_eidParent":{"type":"SEntityTemplateReference","value":"3c6c8d1378634abc","postInit":true}}},"fa6cb7ae4e40236a":{"parent":"3c6c8d1378634abc","name":"C_Hand_L","factory":"[assembly:/templates/aspectdummy.aspect]([modules:/zclothsphere.class].entitytype,[modules:/zboneattachaspect.class].entitytype).pc_entitytype","blueprint":"[assembly:/templates/aspectdummy.aspect]([modules:/zclothsphere.class].entitytype,[modules:/zboneattachaspect.class].entitytype).pc_entityblueprint","properties":{"m_fRadius":{"type":"float32","value":0.07000000029802322},"m_BoneName":{"type":"ZString","value":"L_Hand"},"m_linkedEntity":{"type":"SEntityTemplateReference","value":null},"m_mTransform":{"type":"SMatrix43","value":{"rotation":{"x":0,"y":0,"z":0},"position":{"x":0.1120000034570694,"y":0.02500000037252903,"z":0.003000000026077032}}},"m_bEnabled":{"type":"bool","value":false},"m_eidParent":{"type":"SEntityTemplateReference","value":"3c6c8d1378634abc","postInit":true}}},"68eb92f1982ee9":{"parent":"3c6c8d1378634abc","name":"C_Knee_L","factory":"[assembly:/templates/aspectdummy.aspect]([modules:/zclothsphere.class].entitytype,[modules:/zboneattachaspect.class].entitytype).pc_entitytype","blueprint":"[assembly:/templates/aspectdummy.aspect]([modules:/zclothsphere.class].entitytype,[modules:/zboneattachaspect.class].entitytype).pc_entityblueprint","properties":{"m_fRadius":{"type":"float32","value":0.10000000149011612},"m_BoneName":{"type":"ZString","value":"L_Calf"},"m_linkedEntity":{"type":"SEntityTemplateReference","value":null},"m_bEnabled":{"type":"bool","value":true},"m_eidParent":{"type":"SEntityTemplateReference","value":"3c6c8d1378634abc","postInit":true}}},"1c0043224f078e18":{"parent":"bc048d6b275d386e","name":"agent_47_wintercoat","factory":"[assembly:/_pro/characters/assets/hero/agent47/materials/agent_47_wintercoat.mi].pc_entitytype","blueprint":"[assembly:/_pro/characters/assets/hero/agent47/materials/agent_47_wintercoat.mi].pc_entityblueprint","properties":{"m_mTransform":{"type":"SMatrix43","value":{"rotation":{"x":0,"y":0,"z":0},"position":{"x":0,"y":0,"z":0}}},"Texture2DNormal_01_enab":{"type":"bool","value":true},"Texture2D_03_enab":{"type":"bool","value":true},"Texture2D_01_enab":{"type":"bool","value":true},"Diffuse_Color_01_Value_op":{"type":"IRenderMaterialEntity.EModifierOperation","value":"eReplace"},"ConstantVector1D_01_Value_op":{"type":"IRenderMaterialEntity.EModifierOperation","value":"eReplace"},"Diffuse_Saturation_01_Value_op":{"type":"IRenderMaterialEntity.EModifierOperation","value":"eReplace"},"Diffuse_Hue_Shift_01_Value_op":{"type":"IRenderMaterialEntity.EModifierOperation","value":"eReplace"},"ConstantVector1D_14_Value_op":{"type":"IRenderMaterialEntity.EModifierOperation","value":"eReplace"},"ConstantVector1D_06_Value_op":{"type":"IRenderMaterialEntity.EModifierOperation","value":"eReplace"},"ConstantVector1D_16_Value_op":{"type":"IRenderMaterialEntity.EModifierOperation","value":"eReplace"},"ConstantVector1D_16_Value":{"type":"float32","value":0},"ConstantVector1D_13_Value_op":{"type":"IRenderMaterialEntity.EModifierOperation","value":"eReplace"},"ConstantVector1D_13_Value":{"type":"float32","value":0},"Texture2D_01":{"type":"ZRuntimeResourceID","value":{"resource":"001415CEA61DCAEB","flag":"5F"}},"Texture2DNormal_01":{"type":"ZRuntimeResourceID","value":{"resource":"00446373FEEF4BBF","flag":"5F"}},"Texture2D_03":{"type":"ZRuntimeResourceID","value":{"resource":"002548E849DAFA54","flag":"5F"}},"ConstantVector1D_01_Value":{"type":"float32","value":12},"Diffuse_Color_01_Value":{"type":"SColorRGB","value":"#696553"},"Diffuse_Saturation_01_Value":{"type":"float32","value":1},"Diffuse_Hue_Shift_01_Value":{"type":"float32","value":0},"Clients":{"type":"TArray<SEntityTemplateReference>","value":["bc048d6b275d386e"],"postInit":true},"m_eidParent":{"type":"SEntityTemplateReference","value":"bc048d6b275d386e","postInit":true}}},"bc048d6b275d386e":{"parent":"84025e59da35b29d","name":"Coat_Winter_Open","factory":"[modules:/zcompositeentity.class].pc_entitytype","blueprint":"[modules:/zcompositeentity.class].pc_entityblueprint","properties":{"ConstantVector1D_01_Value":{"type":"float32","value":12},"Diffuse_Color_01_Value":{"type":"SColorRGB","value":"#696553"},"Texture2D_01":{"type":"ZRuntimeResourceID","value":{"resource":"001415CEA61DCAEB","flag":"5F"}},"m_pMeshResource":{"type":"ZRuntimeResourceID","value":{"resource":"0084E2DB2F02D438","flag":"5F"}},"Texture2DNormal_01":{"type":"ZRuntimeResourceID","value":{"resource":"00446373FEEF4BBF","flag":"5F"}},"Texture2D_03":{"type":"ZRuntimeResourceID","value":{"resource":"002548E849DAFA54","flag":"5F"}},"m_eidParent":{"type":"SEntityTemplateReference","value":"84025e59da35b29d","postInit":true}},"inputCopying":{"ConstantVector1D_14_Value":{"ConstantVector1D_14_Value":["1c0043224f078e18"]},"ConstantVector1D_01_Value":{"ConstantVector1D_01_Value":["1c0043224f078e18"]},"ConstantVector1D_06_Value":{"ConstantVector1D_06_Value":["1c0043224f078e18"]}},"propertyAliases":{"Texture2D_01":[{"originalProperty":"Texture2D_01","originalEntity":"1c0043224f078e18"}],"Texture2DNormal_01":[{"originalProperty":"Texture2DNormal_01","originalEntity":"1c0043224f078e18"}],"Texture2D_03":[{"originalProperty":"Texture2D_03","originalEntity":"1c0043224f078e18"}],"ConstantVector1D_01_Value":[{"originalProperty":"ConstantVector1D_01_Value","originalEntity":"1c0043224f078e18"}],"Diffuse_Color_01_Value":[{"originalProperty":"Diffuse_Color_01_Value","originalEntity":"1c0043224f078e18"}],"Diffuse_Saturation_01_Value":[{"originalProperty":"Diffuse_Saturation_01_Value","originalEntity":"1c0043224f078e18"}],"Diffuse_Hue_Shift_01_Value":[{"originalProperty":"Diffuse_Hue_Shift_01_Value","originalEntity":"1c0043224f078e18"}],"m_pMeshResource":[{"originalProperty":"m_pMeshResource","originalEntity":"b638f70d6f67ca1c"}]},"exposedInterfaces":{"ZBodyPartEntity":"b638f70d6f67ca1c","ZClothColliderGroupAspect":"b638f70d6f67ca1c"}},"803cb58005ca6bd3":{"parent":"3c6c8d1378634abc","name":"CChain_RightArm","factory":"[modules:/zclothspherechain.class].pc_entitytype","blueprint":"[modules:/zclothspherechain.class].pc_entityblueprint","properties":{"m_mTransform":{"type":"SMatrix43","value":{"rotation":{"x":0,"y":0,"z":0},"position":{"x":-0.0000001290655973207322,"y":0.000000002171457902377938,"z":0}}},"m_bCollisionGroup0":{"type":"bool","value":false},"m_bCollisionGroup1":{"type":"bool","value":true},"m_Spheres":{"type":"TArray<SEntityTemplateReference>","value":["33254f2775ad9b4e","d1c8fc637462925d","8c9ad197576e88f1","764450e1fa2899d0"],"postInit":true},"m_eidParent":{"type":"SEntityTemplateReference","value":"3c6c8d1378634abc","postInit":true}}},"764450e1fa2899d0":{"parent":"3c6c8d1378634abc","name":"C_Hand_R","factory":"[assembly:/templates/aspectdummy.aspect]([modules:/zclothsphere.class].entitytype,[modules:/zboneattachaspect.class].entitytype).pc_entitytype","blueprint":"[assembly:/templates/aspectdummy.aspect]([modules:/zclothsphere.class].entitytype,[modules:/zboneattachaspect.class].entitytype).pc_entityblueprint","properties":{"m_fRadius":{"type":"float32","value":0.05000000074505806},"m_BoneName":{"type":"ZString","value":"R_Hand"},"m_linkedEntity":{"type":"SEntityTemplateReference","value":null},"m_mTransform":{"type":"SMatrix43","value":{"rotation":{"x":0,"y":0,"z":0},"position":{"x":0.1123398020863533,"y":0.024796010926365852,"z":0.003324999939650297}}},"m_bEnabled":{"type":"bool","value":false},"m_eidParent":{"type":"SEntityTemplateReference","value":"3c6c8d1378634abc","postInit":true}}},"d796e44fdbde9746":{"parent":"3c6c8d1378634abc","name":"C_Knee_R","factory":"[assembly:/templates/aspectdummy.aspect]([modules:/zclothsphere.class].entitytype,[modules:/zboneattachaspect.class].entitytype).pc_entitytype","blueprint":"[assembly:/templates/aspectdummy.aspect]([modules:/zclothsphere.class].entitytype,[modules:/zboneattachaspect.class].entitytype).pc_entityblueprint","properties":{"m_fRadius":{"type":"float32","value":0.10000000149011612},"m_BoneName":{"type":"ZString","value":"R_Calf"},"m_linkedEntity":{"type":"SEntityTemplateReference","value":null},"m_bEnabled":{"type":"bool","value":true},"m_eidParent":{"type":"SEntityTemplateReference","value":"3c6c8d1378634abc","postInit":true}}},"a7a085f0e89a8789":{"parent":"3c6c8d1378634abc","name":"C_Spine","factory":"[assembly:/templates/aspectdummy.aspect]([modules:/zclothcapsule.class].entitytype,[modules:/zboneattachaspect.class].entitytype).pc_entitytype","blueprint":"[assembly:/templates/aspectdummy.aspect]([modules:/zclothcapsule.class].entitytype,[modules:/zboneattachaspect.class].entitytype).pc_entityblueprint","properties":{"m_BoneName":{"type":"ZString","value":"Spine"},"m_linkedEntity":{"type":"SEntityTemplateReference","value":null},"m_fRadiusX":{"type":"float32","value":0.20999999344348907},"m_fRadiusY":{"type":"float32","value":0.12999999523162842},"m_fTop":{"type":"float32","value":0.009999999776482582},"m_fBottom":{"type":"float32","value":0},"m_fRadiusZ":{"type":"float32","value":0.16500000655651093},"m_bEnableBottomRadii":{"type":"bool","value":false},"m_fRadiusXBottom":{"type":"float32","value":1},"m_fRadiusYBottom":{"type":"float32","value":1},"m_fRadiusZBottom":{"type":"float32","value":1},"m_mTransform":{"type":"SMatrix43","value":{"rotation":{"x":-0.5721652557372422,"y":0.013980173346491284,"z":0.00005729579961848114},"position":{"x":-0.00003300000025774352,"y":0.02824999950826168,"z":-0.005659000016748905}}},"m_bEnabled":{"type":"bool","value":true},"m_eidParent":{"type":"SEntityTemplateReference","value":"3c6c8d1378634abc","postInit":true}}},"1ebde090b14f06e5":{"parent":"3c6c8d1378634abc","name":"C_ShoulderL","factory":"[assembly:/templates/aspectdummy.aspect]([modules:/zclothsphere.class].entitytype,[modules:/zboneattachaspect.class].entitytype).pc_entitytype","blueprint":"[assembly:/templates/aspectdummy.aspect]([modules:/zclothsphere.class].entitytype,[modules:/zboneattachaspect.class].entitytype).pc_entityblueprint","properties":{"m_fRadius":{"type":"float32","value":0.10000000149011612},"m_BoneName":{"type":"ZString","value":"L_Clavicle"},"m_linkedEntity":{"type":"SEntityTemplateReference","value":null},"m_mTransform":{"type":"SMatrix43","value":{"rotation":{"x":0,"y":0,"z":0},"position":{"x":0.1420000046491623,"y":0.012000000104308128,"z":0.0020000000949949026}}},"m_bEnabled":{"type":"bool","value":false},"m_eidParent":{"type":"SEntityTemplateReference","value":"3c6c8d1378634abc","postInit":true}}},"84ee0dd3b2a1b5":{"parent":"84025e59da35b29d","name":"Mesh_Boots","factory":"[modules:/zbodypartentity.class].pc_entitytype","blueprint":"[modules:/zbodypartentity.class].pc_entityblueprint","properties":{"m_pMeshResource":{"type":"ZRuntimeResourceID","value":{"resource":"001DBC790CED0982","flag":"5F"}}},"inputCopying":{"ConstantVector1D_04_Value":{"ConstantVector1D_04_Value":["718687782e53d389"]}}},"8c9ad197576e88f1":{"parent":"3c6c8d1378634abc","name":"C_Elbow_R","factory":"[assembly:/templates/aspectdummy.aspect]([modules:/zclothsphere.class].entitytype,[modules:/zboneattachaspect.class].entitytype).pc_entitytype","blueprint":"[assembly:/templates/aspectdummy.aspect]([modules:/zclothsphere.class].entitytype,[modules:/zboneattachaspect.class].entitytype).pc_entityblueprint","properties":{"m_fRadius":{"type":"float32","value":0.05000000074505806},"m_BoneName":{"type":"ZString","value":"R_ForeTwist"},"m_linkedEntity":{"type":"SEntityTemplateReference","value":null},"m_mTransform":{"type":"SMatrix43","value":{"rotation":{"x":0,"y":0,"z":0},"position":{"x":-0.004000000189989805,"y":-0.009999999776482582,"z":0.00800000037997961}}},"m_bEnabled":{"type":"bool","value":false},"m_eidParent":{"type":"SEntityTemplateReference","value":"3c6c8d1378634abc","postInit":true}}},"5cfb7b32bf0645b7":{"parent":"3c6c8d1378634abc","name":"C_Spine2","factory":"[assembly:/templates/aspectdummy.aspect]([modules:/zclothcapsule.class].entitytype,[modules:/zboneattachaspect.class].entitytype).pc_entitytype","blueprint":"[assembly:/templates/aspectdummy.aspect]([modules:/zclothcapsule.class].entitytype,[modules:/zboneattachaspect.class].entitytype).pc_entityblueprint","properties":{"m_BoneName":{"type":"ZString","value":"Spine2"},"m_linkedEntity":{"type":"SEntityTemplateReference","value":null},"m_fRadiusX":{"type":"float32","value":0.23999999463558197},"m_fRadiusY":{"type":"float32","value":0.11999999731779099},"m_fTop":{"type":"float32","value":0.009999999776482582},"m_fBottom":{"type":"float32","value":0},"m_fRadiusZ":{"type":"float32","value":0.17000000178813934},"m_bEnableBottomRadii":{"type":"bool","value":false},"m_fRadiusXBottom":{"type":"float32","value":1},"m_fRadiusYBottom":{"type":"float32","value":1},"m_fRadiusZBottom":{"type":"float32","value":1},"m_mTransform":{"type":"SMatrix43","value":{"rotation":{"x":0,"y":0,"z":0},"position":{"x":-0.06903800368309021,"y":0.04768199846148491,"z":-0.0067369998432695866}}},"m_bEnabled":{"type":"bool","value":true},"m_eidParent":{"type":"SEntityTemplateReference","value":"3c6c8d1378634abc","postInit":true}}},"8aeef6c0f0d67833":{"parent":"84025e59da35b29d","name":"Hands","factory":"009A6D9F7927FB89","blueprint":"00F49463DEA8D412"},"e2cb34570c782ebe":{"parent":"84025e59da35b29d","name":"baseRough","factory":"[modules:/zmathlerp.class].pc_entitytype","blueprint":"[modules:/zmathlerp.class].pc_entityblueprint","properties":{"m_B":{"type":"float32","value":0.30000001192092896},"m_fT":{"type":"float32","value":0}},"events":{"Lerp":{"ConstantVector1D_04_Value":["8aeef6c0f0d67833","84ee0dd3b2a1b5"],"ConstantVector1D_14_Value":["37ea34f0c38a157","bc048d6b275d386e","53e5cc5fb17ec491"]}}},"33254f2775ad9b4e":{"parent":"3c6c8d1378634abc","name":"C_Neck","factory":"[assembly:/templates/aspectdummy.aspect]([modules:/zclothsphere.class].entitytype,[modules:/zboneattachaspect.class].entitytype).pc_entitytype","blueprint":"[assembly:/templates/aspectdummy.aspect]([modules:/zclothsphere.class].entitytype,[modules:/zboneattachaspect.class].entitytype).pc_entityblueprint","properties":{"m_fRadius":{"type":"float32","value":0.10000000149011612},"m_BoneName":{"type":"ZString","value":"Neck"},"m_mTransform":{"type":"SMatrix43","value":{"rotation":{"x":0,"y":0,"z":0},"position":{"x":-0.007079999893903732,"y":-0.010920999571681023,"z":0}}},"m_linkedEntity":{"type":"SEntityTemplateReference","value":null},"m_bEnabled":{"type":"bool","value":false},"m_eidParent":{"type":"SEntityTemplateReference","value":"3c6c8d1378634abc","postInit":true}}},"84025e59da35b29d":{"parent":null,"name":"OUTFIT_Agent47_Bulldog_Gloves_HeroA_V0","factory":"[assembly:/templates/aspectdummy.aspect]([modules:/zlinkedproxyentity.class].entitytype,[modules:/zclothcharacterentity.class].entitytype,[modules:/zheroidlenetworkaspect.class].entitytype).pc_entitytype","blueprint":"[assembly:/templates/aspectdummy.aspect]([modules:/zlinkedproxyentity.class].entitytype,[modules:/zclothcharacterentity.class].entitytype,[modules:/zheroidlenetworkaspect.class].entitytype).pc_entityblueprint","properties":{"m_ResourceID":{"type":"ZRuntimeResourceID","value":null},"m_fLODScale":{"type":"float32","value":1},"m_mTransform":{"type":"SMatrix43","value":{"rotation":{"x":0,"y":0,"z":0},"position":{"x":36.858489990234375,"y":31.583209991455078,"z":0}}},"m_pBonesAndCollisionResource":{"type":"ZRuntimeResourceID","value":{"resource":"0017416135CF879C","flag":"5F"}},"m_bUsePerVertexStiffness":{"type":"bool","value":true},"m_LocalColliders":{"type":"TArray<SEntityTemplateReference>","value":[]},"m_bGlobalCollidersEnabled":{"type":"bool","value":false},"m_fDamping":{"type":"float32","value":1},"m_fBendStiffness":{"type":"float32","value":1},"m_bUsePerVertexDamping":{"type":"bool","value":true},"m_fShearStiffness":{"type":"float32","value":1},"m_bUseSkinningPosNormalConstrains":{"type":"bool","value":true},"m_bUseSkinningNegNormalConstrains":{"type":"bool","value":true},"m_nIterations":{"type":"uint32","value":2},"m_fFrequency":{"type":"float32","value":90},"m_vTranslationScale":{"type":"SVector3","value":{"x":0.10000000149011612,"y":0.10000000149011612,"z":0.10000000149011612}},"m_vGravity":{"type":"SVector3","value":{"x":0,"y":0,"z":-13}},"m_fLODOffset":{"type":"float32","value":100},"m_fDragConstant":{"type":"float32","value":1},"m_eStretchConstrainType":{"type":"EClothStretchConstrainType","value":"eClothBendConstrainType_LRA"},"m_fAngularVelocityThreshold":{"type":"float32","value":60},"m_eRootBone":{"type":"BoneId.Enum","value":"PELVIS"},"m_bEnableAngularVelocityScale":{"type":"bool","value":true},"m_eBendConstrainType":{"type":"EClothBendConstrainType","value":"eClothBendConstrainType_Triangle"},"m_pIdleAnimNetworkEntity":{"type":"SEntityTemplateReference","value":"b76e88d8f7be0492"},"m_bRandomStartState":{"type":"bool","value":true},"m_fWindConstant":{"type":"float32","value":0.10000000149011612},"m_eRoomBehaviour":{"type":"ZSpatialEntity.ERoomBehaviour","value":"ROOM_DYNAMIC"},"m_aBodyParts":{"type":"TArray<SEntityTemplateReference>","value":["53e5cc5fb17ec491","bc048d6b275d386e","37ea34f0c38a157","84ee0dd3b2a1b5","489456a31cd91575","8aeef6c0f0d67833"],"postInit":true}}},"6153ff510ab09b4e":{"parent":"3c6c8d1378634abc","name":"C_Foot_R","factory":"[assembly:/templates/aspectdummy.aspect]([modules:/zclothsphere.class].entitytype,[modules:/zboneattachaspect.class].entitytype).pc_entitytype","blueprint":"[assembly:/templates/aspectdummy.aspect]([modules:/zclothsphere.class].entitytype,[modules:/zboneattachaspect.class].entitytype).pc_entityblueprint","properties":{"m_fRadius":{"type":"float32","value":0.07000000029802322},"m_BoneName":{"type":"ZString","value":"R_Foot"},"m_linkedEntity":{"type":"SEntityTemplateReference","value":null},"m_mTransform":{"type":"SMatrix43","value":{"rotation":{"x":0,"y":0,"z":0},"position":{"x":0.07999999821186066,"y":0.000000002171457902377938,"z":0}}},"m_bEnabled":{"type":"bool","value":true},"m_eidParent":{"type":"SEntityTemplateReference","value":"3c6c8d1378634abc","postInit":true}}},"865d1b53dc3f9039":{"parent":"84025e59da35b29d","name":"Lerp 4","factory":"[modules:/zmathlerp.class].pc_entitytype","blueprint":"[modules:/zmathlerp.class].pc_entityblueprint","properties":{"m_A":{"type":"float32","value":12},"m_B":{"type":"float32","value":7},"m_fT":{"type":"float32","value":0}},"events":{"Lerp":{"ConstantVector1D_01_Value":["bc048d6b275d386e"]}}},"94bd4c13565979cb":{"parent":"3c6c8d1378634abc","name":"CChain_LeftArm","factory":"[modules:/zclothspherechain.class].pc_entitytype","blueprint":"[modules:/zclothspherechain.class].pc_entityblueprint","properties":{"m_mTransform":{"type":"SMatrix43","value":{"rotation":{"x":0,"y":0,"z":0},"position":{"x":-0.00000016075250641733874,"y":0.0000000035905429740523687,"z":0}}},"m_bCollisionGroup1":{"type":"bool","value":true},"m_bCollisionGroup0":{"type":"bool","value":false},"m_Spheres":{"type":"TArray<SEntityTemplateReference>","value":["fa6cb7ae4e40236a","6e72aa08d1088eb3","1ebde090b14f06e5","33254f2775ad9b4e"],"postInit":true},"m_eidParent":{"type":"SEntityTemplateReference","value":"3c6c8d1378634abc","postInit":true}}},"93e5ee4f378349ee":{"parent":"3c6c8d1378634abc","name":"C_Foot_L","factory":"[assembly:/templates/aspectdummy.aspect]([modules:/zclothsphere.class].entitytype,[modules:/zboneattachaspect.class].entitytype).pc_entitytype","blueprint":"[assembly:/templates/aspectdummy.aspect]([modules:/zclothsphere.class].entitytype,[modules:/zboneattachaspect.class].entitytype).pc_entityblueprint","properties":{"m_fRadius":{"type":"float32","value":0.07000000029802322},"m_BoneName":{"type":"ZString","value":"L_Foot"},"m_linkedEntity":{"type":"SEntityTemplateReference","value":null},"m_mTransform":{"type":"SMatrix43","value":{"rotation":{"x":0,"y":0,"z":0},"position":{"x":0.07999987155199051,"y":0.000000002171457902377938,"z":0}}},"m_bEnabled":{"type":"bool","value":true},"m_eidParent":{"type":"SEntityTemplateReference","value":"3c6c8d1378634abc","postInit":true}}},"a58e0bf35d36636a":{"parent":"3c6c8d1378634abc","name":"C_Spine1","factory":"[assembly:/templates/aspectdummy.aspect]([modules:/zclothcapsule.class].entitytype,[modules:/zboneattachaspect.class].entitytype).pc_entitytype","blueprint":"[assembly:/templates/aspectdummy.aspect]([modules:/zclothcapsule.class].entitytype,[modules:/zboneattachaspect.class].entitytype).pc_entityblueprint","properties":{"m_BoneName":{"type":"ZString","value":"Spine1"},"m_linkedEntity":{"type":"SEntityTemplateReference","value":null},"m_fRadiusX":{"type":"float32","value":0.28999999165534973},"m_fRadiusY":{"type":"float32","value":0.11999999731779099},"m_fTop":{"type":"float32","value":0.009999999776482582},"m_fBottom":{"type":"float32","value":0},"m_fRadiusZ":{"type":"float32","value":0.1599999964237213},"m_bEnableBottomRadii":{"type":"bool","value":false},"m_fRadiusXBottom":{"type":"float32","value":1},"m_fRadiusYBottom":{"type":"float32","value":1},"m_fRadiusZBottom":{"type":"float32","value":1},"m_mTransform":{"type":"SMatrix43","value":{"rotation":{"x":0,"y":0,"z":0},"position":{"x":-0.00002499999936844688,"y":0.030104000121355057,"z":-0.002848000032827258}}},"m_bEnabled":{"type":"bool","value":true},"m_eidParent":{"type":"SEntityTemplateReference","value":"3c6c8d1378634abc","postInit":true}}},"9d46bd1c1b3125e4":{"parent":"37ea34f0c38a157","name":"stone_turtleneck","factory":"00D1DD9F0434EFB1","blueprint":"00A529C67B81C523","properties":{"m_mTransform":{"type":"SMatrix43","value":{"rotation":{"x":0,"y":0,"z":0},"position":{"x":0,"y":0,"z":0}}},"ConstantVector1D_15_Value_op":{"type":"IRenderMaterialEntity.EModifierOperation","value":"eReplace"},"ConstantVector1D_15_Value":{"type":"float32","value":0.33000001311302185},"ConstantVector1D_01_Value_op":{"type":"IRenderMaterialEntity.EModifierOperation","value":"eReplace"},"ConstantVector1D_01_Value":{"type":"float32","value":0.550000011920929},"Diffuse_Saturation_01_Value_op":{"type":"IRenderMaterialEntity.EModifierOperation","value":"eReplace"},"Diffuse_Saturation_01_Value":{"type":"float32","value":0.5},"ConstantVector1D_16_Value_op":{"type":"IRenderMaterialEntity.EModifierOperation","value":"eReplace"},"ConstantVector1D_16_Value":{"type":"float32","value":0.20000000298023224},"ConstantVector1D_13_Value_op":{"type":"IRenderMaterialEntity.EModifierOperation","value":"eReplace"},"ConstantVector1D_13_Value":{"type":"float32","value":0.05000000074505806},"ConstantVector1D_06_Value_op":{"type":"IRenderMaterialEntity.EModifierOperation","value":"eReplace"},"ConstantVector1D_14_Value_op":{"type":"IRenderMaterialEntity.EModifierOperation","value":"eReplace"},"m_eidParent":{"type":"SEntityTemplateReference","value":"84025e59da35b29d"},"Clients":{"type":"TArray<SEntityTemplateReference>","value":["37ea34f0c38a157"],"postInit":true}}},"37ea34f0c38a157":{"parent":"84025e59da35b29d","name":"Mesh_Turtleneck","factory":"[modules:/zbodypartentity.class].pc_entitytype","blueprint":"[modules:/zbodypartentity.class].pc_entityblueprint","properties":{"m_pMeshResource":{"type":"ZRuntimeResourceID","value":{"resource":"00242B28C3917A2F","flag":"5F"}}},"inputCopying":{"ConstantVector1D_14_Value":{"ConstantVector1D_14_Value":["9d46bd1c1b3125e4"]},"ConstantVector1D_06_Value":{"ConstantVector1D_06_Value":["9d46bd1c1b3125e4"]},"ConstantVector1D_01_Value":{"ConstantVector1D_01_Value":["9d46bd1c1b3125e4"]}}},"a8ad2d5f1ca63c21":{"parent":"53e5cc5fb17ec491","name":"male_reg_suit_pants_01","factory":"0074A1B094FC4120","blueprint":"0007754D66EDCF32","properties":{"m_mTransform":{"type":"SMatrix43","value":{"rotation":{"x":0,"y":0,"z":0},"position":{"x":9.988899230957031,"y":-8.244298934936523,"z":0}}},"ConstantVector1D_01_Value_op":{"type":"IRenderMaterialEntity.EModifierOperation","value":"eReplace"},"ConstantVector1D_01_Value":{"type":"float32","value":0.5},"Active":{"type":"bool","value":true},"ConstantVector1D_16_Value_op":{"type":"IRenderMaterialEntity.EModifierOperation","value":"eReplace"},"ConstantVector1D_16_Value":{"type":"float32","value":0},"ConstantVector1D_03_Value_op":{"type":"IRenderMaterialEntity.EModifierOperation","value":"eReplace"},"ConstantVector1D_03_Value":{"type":"float32","value":1.2000000476837158},"ConstantVector1D_14_Value_op":{"type":"IRenderMaterialEntity.EModifierOperation","value":"eReplace"},"ConstantVector1D_14_Value":{"type":"float32","value":0.03999999910593033},"Texture2D_01_enab":{"type":"bool","value":true},"Texture2D_01":{"type":"ZRuntimeResourceID","value":{"resource":"00AF802D36A4241A","flag":"5F"}},"Diffuse_Color_01_Value_op":{"type":"IRenderMaterialEntity.EModifierOperation","value":"eReplace"},"Diffuse_Color_01_Value":{"type":"SColorRGB","value":"#494c52"},"ConstantVector1D_13_Value_op":{"type":"IRenderMaterialEntity.EModifierOperation","value":"eReplace"},"ConstantVector1D_13_Value":{"type":"float32","value":0},"Texture2D_03_enab":{"type":"bool","value":true},"ConstantVector1D_15_Value_op":{"type":"IRenderMaterialEntity.EModifierOperation","value":"eReplace"},"ConstantVector1D_15_Value":{"type":"float32","value":3},"Diffuse_Saturation_01_Value_op":{"type":"IRenderMaterialEntity.EModifierOperation","value":"eReplace"},"Diffuse_Saturation_01_Value":{"type":"float32","value":0},"ConstantVector1D_06_Value_op":{"type":"IRenderMaterialEntity.EModifierOperation","value":"eReplace"},"m_eidParent":{"type":"SEntityTemplateReference","value":"84025e59da35b29d"},"Clients":{"type":"TArray<SEntityTemplateReference>","value":["53e5cc5fb17ec491"],"postInit":true}}},"6e72aa08d1088eb3":{"parent":"3c6c8d1378634abc","name":"C_Elbow_L","factory":"[assembly:/templates/aspectdummy.aspect]([modules:/zclothsphere.class].entitytype,[modules:/zboneattachaspect.class].entitytype).pc_entitytype","blueprint":"[assembly:/templates/aspectdummy.aspect]([modules:/zclothsphere.class].entitytype,[modules:/zboneattachaspect.class].entitytype).pc_entityblueprint","properties":{"m_fRadius":{"type":"float32","value":0.05000000074505806},"m_BoneName":{"type":"ZString","value":"L_ForeTwist"},"m_linkedEntity":{"type":"SEntityTemplateReference","value":null},"m_mTransform":{"type":"SMatrix43","value":{"rotation":{"x":0,"y":0,"z":0},"position":{"x":-0.008999999612569809,"y":-0.010999999940395355,"z":-0.014000000432133675}}},"m_bEnabled":{"type":"bool","value":false},"m_eidParent":{"type":"SEntityTemplateReference","value":"3c6c8d1378634abc","postInit":true}}},"d1c8fc637462925d":{"parent":"3c6c8d1378634abc","name":"C_ShoulderR","factory":"[assembly:/templates/aspectdummy.aspect]([modules:/zclothsphere.class].entitytype,[modules:/zboneattachaspect.class].entitytype).pc_entitytype","blueprint":"[assembly:/templates/aspectdummy.aspect]([modules:/zclothsphere.class].entitytype,[modules:/zboneattachaspect.class].entitytype).pc_entityblueprint","properties":{"m_fRadius":{"type":"float32","value":0.10000000149011612},"m_BoneName":{"type":"ZString","value":"R_Clavicle"},"m_linkedEntity":{"type":"SEntityTemplateReference","value":null},"m_mTransform":{"type":"SMatrix43","value":{"rotation":{"x":0,"y":0,"z":0},"position":{"x":0.14300000667572021,"y":0.012000000104308128,"z":-0.0020000000949949026}}},"m_bEnabled":{"type":"bool","value":false},"m_eidParent":{"type":"SEntityTemplateReference","value":"3c6c8d1378634abc","postInit":true}}},"53e5cc5fb17ec491":{"parent":"84025e59da35b29d","name":"Mesh_Pant","factory":"[modules:/zbodypartentity.class].pc_entitytype","blueprint":"[modules:/zbodypartentity.class].pc_entityblueprint","properties":{"m_pMeshResource":{"type":"ZRuntimeResourceID","value":{"resource":"0091EDC93A5DEDF3","flag":"5F"}}},"inputCopying":{"ConstantVector1D_14_Value":{"ConstantVector1D_14_Value":["a8ad2d5f1ca63c21"]},"ConstantVector1D_01_Value":{"ConstantVector1D_01_Value":["a8ad2d5f1ca63c21"]},"ConstantVector1D_06_Value":{"ConstantVector1D_06_Value":["a8ad2d5f1ca63c21"]}}},"dd1e55ce8a35234c":{"parent":"84025e59da35b29d","name":"Nrom","factory":"[modules:/zmathlerp.class].pc_entitytype","blueprint":"[modules:/zmathlerp.class].pc_entityblueprint","properties":{"m_A":{"type":"float32","value":1},"m_B":{"type":"float32","value":1.5},"m_fT":{"type":"float32","value":0}},"events":{"Lerp":{"ConstantVector1D_06_Value":["37ea34f0c38a157","53e5cc5fb17ec491"]}}},"b0caeb6a23bb4e3d":{"parent":"3c6c8d1378634abc","name":"C_TighTop_R","factory":"[assembly:/templates/aspectdummy.aspect]([modules:/zclothsphere.class].entitytype,[modules:/zboneattachaspect.class].entitytype).pc_entitytype","blueprint":"[assembly:/templates/aspectdummy.aspect]([modules:/zclothsphere.class].entitytype,[modules:/zboneattachaspect.class].entitytype).pc_entityblueprint","properties":{"m_fRadius":{"type":"float32","value":0.12999999523162842},"m_BoneName":{"type":"ZString","value":"RThighTwist"},"m_linkedEntity":{"type":"SEntityTemplateReference","value":null},"m_mTransform":{"type":"SMatrix43","value":{"rotation":{"x":0,"y":0,"z":0},"position":{"x":-0.013195999898016453,"y":0.011187000200152397,"z":-0.043699998408555984}}},"m_bEnabled":{"type":"bool","value":true},"m_eidParent":{"type":"SEntityTemplateReference","value":"3c6c8d1378634abc","postInit":true}}},"53ae44e481f951df":{"parent":"3c6c8d1378634abc","name":"CChain_Legs","factory":"[modules:/zclothspherechain.class].pc_entitytype","blueprint":"[modules:/zclothspherechain.class].pc_entityblueprint","properties":{"m_mTransform":{"type":"SMatrix43","value":{"rotation":{"x":0,"y":0,"z":0},"position":{"x":-0.0000001290655973207322,"y":0.000000002171457902377938,"z":0}}},"m_Spheres":{"type":"TArray<SEntityTemplateReference>","value":["6153ff510ab09b4e","d796e44fdbde9746","9c932cbfa9369a21","b0caeb6a23bb4e3d","6c549f17fe6e5f90","e0ccd618b12b35b8","33d1ff333675fae5","68eb92f1982ee9","93e5ee4f378349ee"],"postInit":true},"m_eidParent":{"type":"SEntityTemplateReference","value":"3c6c8d1378634abc","postInit":true}}},"e0ccd618b12b35b8":{"parent":"3c6c8d1378634abc","name":"C_TighTop_L","factory":"[assembly:/templates/aspectdummy.aspect]([modules:/zclothsphere.class].entitytype,[modules:/zboneattachaspect.class].entitytype).pc_entitytype","blueprint":"[assembly:/templates/aspectdummy.aspect]([modules:/zclothsphere.class].entitytype,[modules:/zboneattachaspect.class].entitytype).pc_entityblueprint","properties":{"m_fRadius":{"type":"float32","value":0.12999999523162842},"m_BoneName":{"type":"ZString","value":"LThighTwist"},"m_linkedEntity":{"type":"SEntityTemplateReference","value":null},"m_mTransform":{"type":"SMatrix43","value":{"rotation":{"x":0,"y":0.027960334313977715,"z":0},"position":{"x":-0.01322100032120943,"y":0.012880000285804272,"z":0.04208200052380562}}},"m_bEnabled":{"type":"bool","value":true},"m_eidParent":{"type":"SEntityTemplateReference","value":"3c6c8d1378634abc","postInit":true}}},"6c549f17fe6e5f90":{"parent":"3c6c8d1378634abc","name":"C_Pelvis","factory":"[assembly:/templates/aspectdummy.aspect]([modules:/zclothsphere.class].entitytype,[modules:/zboneattachaspect.class].entitytype).pc_entitytype","blueprint":"[assembly:/templates/aspectdummy.aspect]([modules:/zclothsphere.class].entitytype,[modules:/zboneattachaspect.class].entitytype).pc_entityblueprint","properties":{"m_fRadius":{"type":"float32","value":0.12999999523162842},"m_BoneName":{"type":"ZString","value":"Pelvis"},"m_linkedEntity":{"type":"SEntityTemplateReference","value":null},"m_mTransform":{"type":"SMatrix43","value":{"rotation":{"x":0,"y":0,"z":0},"position":{"x":0.04032700136303902,"y":0.01782899908721447,"z":0.0000009999999974752427}}},"m_bEnabled":{"type":"bool","value":true},"m_eidParent":{"type":"SEntityTemplateReference","value":"3c6c8d1378634abc","postInit":true}}},"3c6c8d1378634abc":{"parent":"bc048d6b275d386e","name":"Collider_Coat_Winter_Open","factory":"[modules:/zcompositeentity.class].pc_entitytype","blueprint":"[modules:/zcompositeentity.class].pc_entityblueprint","properties":{"m_mTransform":{"type":"SMatrix43","value":{"rotation":{"x":0,"y":0,"z":0},"position":{"x":0,"y":0,"z":0}}},"Head_Top_Enabled":{"type":"bool","value":false},"Head_Low_Enabled":{"type":"bool","value":false},"Neck_Enabled":{"type":"bool","value":false},"Shoulder_L_Enabled":{"type":"bool","value":false},"Shoulder_R_Enabled":{"type":"bool","value":false},"Elbow_L_Enabled":{"type":"bool","value":false},"Elbow_R_Enabled":{"type":"bool","value":false},"Hand_L_Enabled":{"type":"bool","value":false},"Hand_R_Enabled":{"type":"bool","value":false},"Spine_Top_Enabled":{"type":"bool","value":true},"m_linkedEntity":{"type":"SEntityTemplateReference","value":null},"m_eidParent":{"type":"SEntityTemplateReference","value":"bc048d6b275d386e"}},"propertyAliases":{"m_linkedEntity":[{"originalProperty":"m_linkedEntity","originalEntity":"fa6cb7ae4e40236a"},{"originalProperty":"m_linkedEntity","originalEntity":"6e72aa08d1088eb3"},{"originalProperty":"m_linkedEntity","originalEntity":"8c9ad197576e88f1"},{"originalProperty":"m_linkedEntity","originalEntity":"93e5ee4f378349ee"},{"originalProperty":"m_linkedEntity","originalEntity":"6153ff510ab09b4e"},{"originalProperty":"m_linkedEntity","originalEntity":"d1c8fc637462925d"},{"originalProperty":"m_linkedEntity","originalEntity":"764450e1fa2899d0"},{"originalProperty":"m_linkedEntity","originalEntity":"a7a085f0e89a8789"},{"originalProperty":"m_linkedEntity","originalEntity":"68eb92f1982ee9"},{"originalProperty":"m_linkedEntity","originalEntity":"a58e0bf35d36636a"},{"originalProperty":"m_linkedEntity","originalEntity":"d796e44fdbde9746"},{"originalProperty":"m_linkedEntity","originalEntity":"5cfb7b32bf0645b7"},{"originalProperty":"m_linkedEntity","originalEntity":"6c549f17fe6e5f90"},{"originalProperty":"m_linkedEntity","originalEntity":"1ebde090b14f06e5"},{"originalProperty":"m_linkedEntity","originalEntity":"33d1ff333675fae5"},{"originalProperty":"m_linkedEntity","originalEntity":"b0caeb6a23bb4e3d"},{"originalProperty":"m_linkedEntity","originalEntity":"e0ccd618b12b35b8"},{"originalProperty":"m_linkedEntity","originalEntity":"abc9a48386e40cb1"},{"originalProperty":"m_linkedEntity","originalEntity":"45893644fb096158"},{"originalProperty":"m_linkedEntity","originalEntity":"33254f2775ad9b4e"},{"originalProperty":"m_linkedEntity","originalEntity":"9c932cbfa9369a21"}],"Head_Top_Enabled":[{"originalProperty":"m_bEnabled","originalEntity":"abc9a48386e40cb1"}],"Head_Low_Enabled":[{"originalProperty":"m_bEnabled","originalEntity":"45893644fb096158"}],"Neck_Enabled":[{"originalProperty":"m_bEnabled","originalEntity":"33254f2775ad9b4e"}],"Shoulder_L_Enabled":[{"originalProperty":"m_bEnabled","originalEntity":"1ebde090b14f06e5"}],"Shoulder_R_Enabled":[{"originalProperty":"m_bEnabled","originalEntity":"d1c8fc637462925d"}],"Elbow_L_Enabled":[{"originalProperty":"m_bEnabled","originalEntity":"6e72aa08d1088eb3"}],"Elbow_R_Enabled":[{"originalProperty":"m_bEnabled","originalEntity":"8c9ad197576e88f1"}],"Spine_Top_Enabled":[{"originalProperty":"m_bEnabled","originalEntity":"5cfb7b32bf0645b7"}],"Hand_R_Enabled":[{"originalProperty":"m_bEnabled","originalEntity":"764450e1fa2899d0"}],"Hand_L_Enabled":[{"originalProperty":"m_bEnabled","originalEntity":"fa6cb7ae4e40236a"}],"Spine_Mid_Enabled":[{"originalProperty":"m_bEnabled","originalEntity":"a58e0bf35d36636a"}],"Spine_Low_Enabled":[{"originalProperty":"m_bEnabled","originalEntity":"a7a085f0e89a8789"}],"Pelvis_Enabled":[{"originalProperty":"m_bEnabled","originalEntity":"6c549f17fe6e5f90"}],"Thigh_Top_L_Enabled":[{"originalProperty":"m_bEnabled","originalEntity":"e0ccd618b12b35b8"}],"Thigh_Top_R_Enabled":[{"originalProperty":"m_bEnabled","originalEntity":"b0caeb6a23bb4e3d"}],"Thigh_Mid_L_Enabled":[{"originalProperty":"m_bEnabled","originalEntity":"33d1ff333675fae5"}],"Thigh_Mid_R_Enabled":[{"originalProperty":"m_bEnabled","originalEntity":"9c932cbfa9369a21"}],"Knee_L_Enabled":[{"originalProperty":"m_bEnabled","originalEntity":"68eb92f1982ee9"}],"Knee_R_Enabled":[{"originalProperty":"m_bEnabled","originalEntity":"d796e44fdbde9746"}],"Foot_L_Enabled":[{"originalProperty":"m_bEnabled","originalEntity":"93e5ee4f378349ee"}],"Foot_R_Enabled":[{"originalProperty":"m_bEnabled","originalEntity":"6153ff510ab09b4e"}]},"exposedInterfaces":{"ZClothCollider":"6f356a84aa157ff7","ZClothColliderGroup":"6f356a84aa157ff7"}}},"propertyOverrides":[],"overrideDeletes":[],"pinConnectionOverrides":[],"pinConnectionOverrideDeletes":[],"externalScenes":[],"subType":"template","quickEntityVersion":3.1,"extraFactoryDependencies":[{"resource":"007D850436B0A092","flag":"5F"},{"resource":"00D247582859CA87","flag":"5F"},{"resource":"00D20CA72E352D16","flag":"5F"},{"resource":"001EE759F57B6DCE","flag":"5F"},{"resource":"0051A1136DC9485E","flag":"5F"},{"resource":"00F1A95FE67D0F15","flag":"5F"},{"resource":"00D92DB98D5F465B","flag":"5F"},{"resource":"0006B97644013053","flag":"5F"},{"resource":"003C4F6F6C002BBC","flag":"5F"},{"resource":"00442B0FA7C8BBD6","flag":"5F"},{"resource":"00B0E5406BF0C1D6","flag":"5F"},{"resource":"[assembly:/_pro/characters/assets/hero/agent47/textures/agent47_gloves_white.texture?/normal_a.tex](asnormalmap).pc_tex","flag":"5F"},{"resource":"[assembly:/_pro/characters/assets/hero/agent47/textures/agent47_gloves_white.texture?/specular_a.tex](ascolormap).pc_tex","flag":"5F"},{"resource":"[assembly:/_pro/characters/assets/hero/agent47/textures/agent47_gloves_white.texture?/diffuse_a.tex](ascolormap).pc_tex","flag":"5F"},{"resource":"00011DE6E784E34C","flag":"5F"}],"extraBlueprintDependencies":[],"comments":[]}