{"tempHash":"006A499FF1BC236B","tbluHash":"00E451877A0BF476","rootEntity":"4d182db323fae311","entities":{"7f51bdfed02be537":{"parent":"4d182db323fae311","name":"Lerp 6","factory":"[modules:/zmathlerp.class].pc_entitytype","blueprint":"[modules:/zmathlerp.class].pc_entityblueprint","properties":{"m_A":{"type":"float32","value":1},"m_fT":{"type":"float32","value":0},"m_B":{"type":"float32","value":2}},"events":{"Lerp":{"ConstantVector1D_06_Value":["1ca8cb3e725b9753","cd46ccc9f9370b9a"]}}},"76bbc2b2831601c8":{"parent":"4d182db323fae311","name":"mascot_flamingo_body","factory":"006E7D1EBF3D2CAD","blueprint":"002FECF50D259C52","properties":{"1787395739":{"type":"IRenderMaterialEntity.EModifierOperation","value":"eReplace"},"m_mTransform":{"type":"SMatrix43","value":{"rotation":{"x":0,"y":0,"z":0},"position":{"x":0,"y":0,"z":0}}},"Texture2D_01":{"type":"ZRuntimeResourceID","value":{"resource":"00A123C2A8F1F84A","flag":"5F"}},"Texture2D_01_enab":{"type":"bool","value":true},"ConstantColorRGB_01_Value_op":{"type":"IRenderMaterialEntity.EModifierOperation","value":"eReplace"},"ConstantVector1D_01_Value_op":{"type":"IRenderMaterialEntity.EModifierOperation","value":"eReplace"},"Clients":{"type":"TArray<SEntityTemplateReference>","value":["4d182db323fae311"]},"m_eidParent":{"type":"SEntityTemplateReference","value":"4d182db323fae311"}}},"bcb379cd6697d98c":{"parent":"4d182db323fae311","name":"Mascot_Flamingo_Head_01","factory":"000013897C013D0A","blueprint":"0076B89DD3471A17"},"289b3029d6d97675":{"parent":"4d182db323fae311","name":"Lerp 7","factory":"[modules:/zmathlerp.class].pc_entitytype","blueprint":"[modules:/zmathlerp.class].pc_entityblueprint","properties":{"m_A":{"type":"float32","value":0.5},"m_B":{"type":"float32","value":0.20000000298023224}},"events":{"Lerp":{"ConstantVector1D_01_Value":["76bbc2b2831601c8","22ea990139dcd54a"]}}},"19d9deb28db2faf6":{"parent":"4d182db323fae311","name":"Lerp 1","factory":"[modules:/zmathlerp.class].pc_entitytype","blueprint":"[modules:/zmathlerp.class].pc_entityblueprint","properties":{"m_fT":{"type":"float32","value":0},"m_B":{"type":"float32","value":0.4000000059604645}},"events":{"Lerp":{"ConstantVector1D_15_Value":["bcb379cd6697d98c","b00877f9de683b24"]}}},"112a473bad8c94f7":{"parent":"4d182db323fae311","name":"Lerp_SColorRGB_","factory":"[modules:/zmathlerp_scolorrgb.class].pc_entitytype","blueprint":"[modules:/zmathlerp_scolorrgb.class].pc_entityblueprint","properties":{"m_A":{"type":"SColorRGB","value":"#ffffff"},"m_B":{"type":"SColorRGB","value":"#000000"},"m_fT":{"type":"float32","value":0}},"events":{"Lerp":{"ConstantColorRGB_01_Value":["22ea990139dcd54a","76bbc2b2831601c8"]}}},"22ea990139dcd54a":{"parent":"4d182db323fae311","name":"mascot_flamingo_head","factory":"006C9E10B26D12AA","blueprint":"00EE8A8D66FB52CC","properties":{"1787395739":{"type":"IRenderMaterialEntity.EModifierOperation","value":"eReplace"},"2236290469":{"type":"IRenderMaterialEntity.EModifierOperation","value":"eReplace"},"m_mTransform":{"type":"SMatrix43","value":{"rotation":{"x":0,"y":0,"z":0},"position":{"x":0,"y":0,"z":0}}},"Texture2D_01":{"type":"ZRuntimeResourceID","value":{"resource":"00689B744E643DD1","flag":"5F"}},"Texture2D_01_enab":{"type":"bool","value":true},"ConstantColorRGB_01_Value_op":{"type":"IRenderMaterialEntity.EModifierOperation","value":"eReplace"},"ConstantVector1D_01_Value_op":{"type":"IRenderMaterialEntity.EModifierOperation","value":"eReplace"},"Clients":{"type":"TArray<SEntityTemplateReference>","value":["4d182db323fae311"]},"m_eidParent":{"type":"SEntityTemplateReference","value":"4d182db323fae311"}}},"a9d545e1fc297347":{"parent":"4d182db323fae311","name":"Lerp 3","factory":"[modules:/zmathlerp.class].pc_entitytype","blueprint":"[modules:/zmathlerp.class].pc_entityblueprint","properties":{"m_fT":{"type":"float32","value":0},"m_B":{"type":"float32","value":0.15000000596046448},"m_A":{"type":"float32","value":0.5}},"events":{"Lerp":{"ConstantVector1D_01_Value":["bcb379cd6697d98c","b00877f9de683b24"]}}},"cca9c54ac40d6209":{"parent":"4d182db323fae311","name":"Lerp 5","factory":"[modules:/zmathlerp.class].pc_entitytype","blueprint":"[modules:/zmathlerp.class].pc_entityblueprint","properties":{"m_A":{"type":"float32","value":1},"m_fT":{"type":"float32","value":0},"m_B":{"type":"float32","value":0.800000011920929}},"events":{"Lerp":{"ConstantVector1D_01_Value":["1ca8cb3e725b9753","cd46ccc9f9370b9a"]}}},"b00877f9de683b24":{"parent":"4d182db323fae311","name":"Mascot_Flamingo_Body_02","factory":"0068211F653F7ED0","blueprint":"001B732F3604CF7D","properties":{"Diffuse_Color_01_Value":{"type":"SColorRGB","value":"#ffffff"},"Texture2D_01":{"type":"ZRuntimeResourceID","value":{"resource":"008512F768E443A1","flag":"5F"}},"Texture2DNormal_01":{"type":"ZRuntimeResourceID","value":{"resource":"00B038A6C3E1F638","flag":"5F"}},"Texture2D_03":{"type":"ZRuntimeResourceID","value":{"resource":"00FE02A36AB77549","flag":"5F"}}}},"cd46ccc9f9370b9a":{"parent":"4d182db323fae311","name":"mascot_flamingo_slippers","factory":"005912F00BEB423F","blueprint":"00A06CF6F1678E60","properties":{"1239136802":{"type":"IRenderMaterialEntity.EModifierOperation","value":"eReplace"},"2359342559":{"type":"IRenderMaterialEntity.EModifierOperation","value":"eReplace"},"m_mTransform":{"type":"SMatrix43","value":{"rotation":{"x":0,"y":0,"z":0},"position":{"x":-4.296302795410156,"y":6.952836990356445,"z":-3.7337050437927246}}},"ConstantVector1D_01_Value_op":{"type":"IRenderMaterialEntity.EModifierOperation","value":"eReplace"},"ConstantVector1D_06_Value":{"type":"float32","value":1},"Active":{"type":"bool","value":false},"Clients":{"type":"TArray<SEntityTemplateReference>","value":["4d182db323fae311"]},"m_eidParent":{"type":"SEntityTemplateReference","value":"4d182db323fae311"}}},"46f19091d45fa10b":{"parent":"4d182db323fae311","name":"Lerp 4","factory":"[modules:/zmathlerp.class].pc_entitytype","blueprint":"[modules:/zmathlerp.class].pc_entityblueprint","properties":{"m_fT":{"type":"float32","value":0},"m_B":{"type":"float32","value":0.6000000238418579}},"events":{"Lerp":{"ConstantVector1D_04_Value":["16b428513c704d1b"]}}},"ef8bde7521491ccf":{"parent":"4d182db323fae311","name":"FX_Hitman_Wet_Logic_Character","factory":"0067CFB703A80787","blueprint":"00AA88C960CD2080","properties":{"HeadMaterialToOverride":{"type":"ZRuntimeResourceID","value":{"resource":"009F7978C601815A","flag":"5F"}}},"events":{"HitmanWetness":{"T":["c06a8035cd6186b1","4cb76ac837d4327d","112a473bad8c94f7","19d9deb28db2faf6","a9d545e1fc297347","46f19091d45fa10b","cca9c54ac40d6209","7f51bdfed02be537","289b3029d6d97675"]},"ChangedDisguiseTrigger":{"Activate":["1ca8cb3e725b9753","cd46ccc9f9370b9a"]}}},"1ca8cb3e725b9753":{"parent":"4d182db323fae311","name":"mascot_flamingo_legs","factory":"000E1507EB5721C5","blueprint":"0078D53B192E50CE","properties":{"1239136802":{"type":"IRenderMaterialEntity.EModifierOperation","value":"eReplace"},"2359342559":{"type":"IRenderMaterialEntity.EModifierOperation","value":"eReplace"},"m_mTransform":{"type":"SMatrix43","value":{"rotation":{"x":0,"y":0,"z":0},"position":{"x":-3.483715057373047,"y":8.177932739257813,"z":-2.3853108882904053}}},"ConstantVector1D_01_Value_op":{"type":"IRenderMaterialEntity.EModifierOperation","value":"eReplace"},"Active":{"type":"bool","value":false},"ConstantVector1D_06_Value":{"type":"float32","value":1},"Clients":{"type":"TArray<SEntityTemplateReference>","value":["4d182db323fae311"]},"m_eidParent":{"type":"SEntityTemplateReference","value":"4d182db323fae311"}}},"4cb76ac837d4327d":{"parent":"4d182db323fae311","name":"Lerp 2","factory":"[modules:/zmathlerp.class].pc_entitytype","blueprint":"[modules:/zmathlerp.class].pc_entityblueprint","properties":{"m_A":{"type":"float32","value":0},"m_fT":{"type":"float32","value":0},"m_B":{"type":"float32","value":0.6000000238418579}},"events":{"Lerp":{"ConstantVector1D_14_Value":["1ca8cb3e725b9753","cd46ccc9f9370b9a"]}}},"16b428513c704d1b":{"parent":"4d182db323fae311","name":"Head_47","factory":"00537D16B5CE7286","blueprint":"00F2E4A932ECAA63"},"3a1bab3482b7e069":{"parent":"4d182db323fae311","name":"Gloves_Leather","factory":"00BEE701448762C1","blueprint":"005D2B1CBD509E61","properties":{"Diffuse_Color_01_Value":{"type":"SColorRGB","value":"#b9c2eb"}}},"c06a8035cd6186b1":{"parent":"4d182db323fae311","name":"Lerp","factory":"[modules:/zmathlerp.class].pc_entitytype","blueprint":"[modules:/zmathlerp.class].pc_entityblueprint","properties":{"m_A":{"type":"float32","value":0.05000000074505806},"m_fT":{"type":"float32","value":0},"m_B":{"type":"float32","value":0.6000000238418579}},"events":{"Lerp":{"ConstantVector1D_03_Value":["22ea990139dcd54a","76bbc2b2831601c8"]}}},"4d182db323fae311":{"parent":null,"name":"OUTFIT_Agent47_SpringBreak_HeroA_v0","factory":"00028BAEA86DD2FD","blueprint":"002045A6D2A25237","properties":{"m_mTransform":{"type":"SMatrix43","value":{"rotation":{"x":0,"y":0,"z":0},"position":{"x":53.4682502746582,"y":0.4817799925804138,"z":0}}},"m_aBodyParts":{"type":"TArray<SEntityTemplateReference>","value":["3a1bab3482b7e069","16b428513c704d1b","b00877f9de683b24","bcb379cd6697d98c"]},"m_pBonesAndCollisionResource":{"type":"ZRuntimeResourceID","value":{"resource":"0017416135CF879C","flag":"5F"}},"Back1_Attacher_Transform":{"type":"SMatrix43","value":{"rotation":{"x":0,"y":0,"z":0},"position":{"x":0,"y":0,"z":0}}},"Rifle_Holster_Attacher_Transform":{"type":"SMatrix43","value":{"rotation":{"x":0,"y":0,"z":0},"position":{"x":0.05999999865889549,"y":0,"z":0}}},"m_eRoomBehaviour":{"type":"ZSpatialEntity.ERoomBehaviour","value":"ROOM_DYNAMIC"}}}},"propertyOverrides":[],"overrideDeletes":[],"pinConnectionOverrides":[],"pinConnectionOverrideDeletes":[],"externalScenes":[],"subType":"template","quickEntityVersion":3.1,"extraFactoryDependencies":[],"extraBlueprintDependencies":[],"comments":[]}