{"tempHash":"000D892A1E22F53C","tbluHash":"003C1C9339B7A764","rootEntity":"2105f00aa0b188da","entities":{"4027b03955875063":{"parent":"a17ccdd3af3c7b53","name":"C_Neck","factory":"[assembly:/templates/aspectdummy.aspect]([modules:/zclothsphere.class].entitytype,[modules:/zboneattachaspect.class].entitytype).pc_entitytype","blueprint":"[assembly:/templates/aspectdummy.aspect]([modules:/zclothsphere.class].entitytype,[modules:/zboneattachaspect.class].entitytype).pc_entityblueprint","properties":{"m_BoneName":{"type":"ZString","value":"Neck"},"m_linkedEntity":{"type":"SEntityTemplateReference","value":null},"m_fRadius":{"type":"float32","value":0.08500000089406966},"m_mTransform":{"type":"SMatrix43","value":{"rotation":{"x":0,"y":0,"z":0},"position":{"x":0,"y":0,"z":0}}},"m_bEnabled":{"type":"bool","value":true},"m_eidParent":{"type":"SEntityTemplateReference","value":"a17ccdd3af3c7b53","postInit":true}}},"330660891e09397f":{"parent":"a17ccdd3af3c7b53","name":"C_Clavicle_R","factory":"[assembly:/templates/aspectdummy.aspect]([modules:/zclothsphere.class].entitytype,[modules:/zboneattachaspect.class].entitytype).pc_entitytype","blueprint":"[assembly:/templates/aspectdummy.aspect]([modules:/zclothsphere.class].entitytype,[modules:/zboneattachaspect.class].entitytype).pc_entityblueprint","properties":{"m_BoneName":{"type":"ZString","value":"R_Clavicle"},"m_linkedEntity":{"type":"SEntityTemplateReference","value":null},"m_fRadius":{"type":"float32","value":0.08500000089406966},"m_mTransform":{"type":"SMatrix43","value":{"rotation":{"x":0,"y":0,"z":0},"position":{"x":0,"y":0,"z":0}}},"m_bEnabled":{"type":"bool","value":true},"m_eidParent":{"type":"SEntityTemplateReference","value":"a17ccdd3af3c7b53","postInit":true}}},"a3268d049fe74608":{"parent":"2105f00aa0b188da","name":"Lerp 6","factory":"[modules:/zmathlerp.class].pc_entitytype","blueprint":"[modules:/zmathlerp.class].pc_entityblueprint","properties":{"m_A":{"type":"float32","value":0.20000000298023224},"m_fT":{"type":"float32","value":0},"m_B":{"type":"float32","value":0.4000000059604645}},"events":{"Lerp":{"TieRoughnessMin":["9ae47e926a4efbe0"]}}},"a654002a9cc9b70c":{"parent":"a17ccdd3af3c7b53","name":"C_Pelvis_L","factory":"[assembly:/templates/aspectdummy.aspect]([modules:/zclothsphere.class].entitytype,[modules:/zboneattachaspect.class].entitytype).pc_entitytype","blueprint":"[assembly:/templates/aspectdummy.aspect]([modules:/zclothsphere.class].entitytype,[modules:/zboneattachaspect.class].entitytype).pc_entityblueprint","properties":{"m_fRadius":{"type":"float32","value":0.12999999523162842},"m_BoneName":{"type":"ZString","value":"Pelvis"},"m_linkedEntity":{"type":"SEntityTemplateReference","value":null},"m_mTransform":{"type":"SMatrix43","value":{"rotation":{"x":-0.027960335835814476,"y":-0.04423234239220619,"z":0.03953412175178528},"position":{"x":0.03649799898266792,"y":0.016245000064373016,"z":0.06355500221252441}}},"m_bEnabled":{"type":"bool","value":true},"m_eidParent":{"type":"SEntityTemplateReference","value":"a17ccdd3af3c7b53","postInit":true}}},"f38b3850750e8f76":{"parent":"a17ccdd3af3c7b53","name":"C_TighTop_L","factory":"[assembly:/templates/aspectdummy.aspect]([modules:/zclothsphere.class].entitytype,[modules:/zboneattachaspect.class].entitytype).pc_entitytype","blueprint":"[assembly:/templates/aspectdummy.aspect]([modules:/zclothsphere.class].entitytype,[modules:/zboneattachaspect.class].entitytype).pc_entityblueprint","properties":{"m_fRadius":{"type":"float32","value":0.14100000262260437},"m_BoneName":{"type":"ZString","value":"LThighTwist"},"m_linkedEntity":{"type":"SEntityTemplateReference","value":null},"m_mTransform":{"type":"SMatrix43","value":{"rotation":{"x":-0.027960335835814462,"y":0.01976704411208629,"z":0},"position":{"x":0.043779000639915466,"y":0.008338999934494495,"z":0.03589500114321709}}},"m_eidParent":{"type":"SEntityTemplateReference","value":"a17ccdd3af3c7b53","postInit":true}}},"737d094f82441e62":{"parent":"2105f00aa0b188da","name":"SmoothOperator","factory":"[modules:/zsmoothoperator.class].pc_entitytype","blueprint":"[modules:/zsmoothoperator.class].pc_entityblueprint","properties":{"m_fTransitionTime":{"type":"float32","value":0.20000000298023224},"m_bHasInitialValue":{"type":"bool","value":true}},"events":{"Output":{"isAiming":["5d33331d638d1f9"]}}},"6be22ee47be5a40d":{"parent":"a17ccdd3af3c7b53","name":"C_Palm_R","factory":"[assembly:/templates/aspectdummy.aspect]([modules:/zclothsphere.class].entitytype,[modules:/zboneattachaspect.class].entitytype).pc_entitytype","blueprint":"[assembly:/templates/aspectdummy.aspect]([modules:/zclothsphere.class].entitytype,[modules:/zboneattachaspect.class].entitytype).pc_entityblueprint","properties":{"m_BoneName":{"type":"ZString","value":"R_Hand"},"m_linkedEntity":{"type":"SEntityTemplateReference","value":null},"m_fRadius":{"type":"float32","value":0.07000000029802322},"m_mTransform":{"type":"SMatrix43","value":{"rotation":{"x":0,"y":0,"z":0},"position":{"x":0.10000000149011612,"y":0,"z":0}}},"m_bEnabled":{"type":"bool","value":true},"m_eidParent":{"type":"SEntityTemplateReference","value":"a17ccdd3af3c7b53","postInit":true}}},"6ff4741239803341":{"parent":"889f79d11544789d","name":"agent47_signaturesuit_pants","factory":"00BD5910B986366C","blueprint":"004A844538054EF2","properties":{"1239136802":{"type":"IRenderMaterialEntity.EModifierOperation","value":"eReplace"},"2359342559":{"type":"IRenderMaterialEntity.EModifierOperation","value":"eReplace"},"m_mTransform":{"type":"SMatrix43","value":{"rotation":{"x":0,"y":0,"z":0},"position":{"x":-5.7714080810546875,"y":6.7256340980529785,"z":-1.3433799743652344}}},"ConstantVector1D_01_Value_op":{"type":"IRenderMaterialEntity.EModifierOperation","value":"eReplace"},"Clients":{"type":"TArray<SEntityTemplateReference>","value":["889f79d11544789d"],"postInit":true},"m_eidParent":{"type":"SEntityTemplateReference","value":"2105f00aa0b188da","postInit":true}}},"513515b2e0ceb2a":{"parent":"2105f00aa0b188da","name":"Lerp 4","factory":"[modules:/zmathlerp.class].pc_entitytype","blueprint":"[modules:/zmathlerp.class].pc_entityblueprint","properties":{"m_A":{"type":"float32","value":0.5},"m_B":{"type":"float32","value":0.30000001192092896},"m_fT":{"type":"float32","value":0}},"events":{"Lerp":{"ConstantVector1D_01_Value":["889f79d11544789d"]}}},"ceef3959d8c8b9f6":{"parent":"a17ccdd3af3c7b53","name":"C_Pelvis_R","factory":"[assembly:/templates/aspectdummy.aspect]([modules:/zclothsphere.class].entitytype,[modules:/zboneattachaspect.class].entitytype).pc_entitytype","blueprint":"[assembly:/templates/aspectdummy.aspect]([modules:/zclothsphere.class].entitytype,[modules:/zboneattachaspect.class].entitytype).pc_entityblueprint","properties":{"m_fRadius":{"type":"float32","value":0.12999999523162842},"m_BoneName":{"type":"ZString","value":"Pelvis"},"m_mTransform":{"type":"SMatrix43","value":{"rotation":{"x":-0.03128349035978318,"y":0.0000000000000000000030332133116374176,"z":0.06560370326042174},"position":{"x":0.03649400174617767,"y":0.01624700054526329,"z":-0.06559299677610397}}},"m_bEnabled":{"type":"bool","value":true},"m_eidParent":{"type":"SEntityTemplateReference","value":"a17ccdd3af3c7b53","postInit":true}}},"5eaea53709df5e3b":{"parent":"a17ccdd3af3c7b53","name":"C_Hand_R","factory":"[assembly:/templates/aspectdummy.aspect]([modules:/zclothsphere.class].entitytype,[modules:/zboneattachaspect.class].entitytype).pc_entitytype","blueprint":"[assembly:/templates/aspectdummy.aspect]([modules:/zclothsphere.class].entitytype,[modules:/zboneattachaspect.class].entitytype).pc_entityblueprint","properties":{"m_BoneName":{"type":"ZString","value":"R_Hand"},"m_linkedEntity":{"type":"SEntityTemplateReference","value":null},"m_fRadius":{"type":"float32","value":0.07000000029802322},"m_mTransform":{"type":"SMatrix43","value":{"rotation":{"x":0,"y":0,"z":0},"position":{"x":0,"y":0,"z":0}}},"m_bEnabled":{"type":"bool","value":true},"m_eidParent":{"type":"SEntityTemplateReference","value":"a17ccdd3af3c7b53","postInit":true}}},"59a4fee766ad399b":{"parent":"2105f00aa0b188da","name":"FX_Hitman_Wet_Logic_Character","factory":"0067CFB703A80787","blueprint":"00AA88C960CD2080","properties":{"HeadMaterialToOverride":{"type":"ZRuntimeResourceID","value":{"resource":"009F7978C601815A","flag":"5F"}},"HeadMaterialOverride":{"type":"TArray<SEntityTemplateReference>","value":["2105f00aa0b188da"],"postInit":true}},"events":{"HitmanWetness":{"T":["f8f16aea0faecd16","56c6b9824a977583","5c2b29abdbeffdfb","1676ad6acd6d1807","513515b2e0ceb2a","af55a79ffb3f7633","a3268d049fe74608","ea0f91a1728ea8da"]},"DrippingBumpscale":{"ConstantVector1D_21_Value":["5d33331d638d1f9"]},"RainLookAway":{"ConstantVector1D_28_Value":["5d33331d638d1f9"]},"RainFadeAwayStatic":{"RainFadeAwayStatic":["5d33331d638d1f9"]},"RainTimeWaveform":{"ConstantVector1D_27_Value":["5d33331d638d1f9"]}}},"d588a90076f5fc70":{"parent":"a17ccdd3af3c7b53","name":"C_TighTop_R","factory":"[assembly:/templates/aspectdummy.aspect]([modules:/zclothsphere.class].entitytype,[modules:/zboneattachaspect.class].entitytype).pc_entitytype","blueprint":"[assembly:/templates/aspectdummy.aspect]([modules:/zclothsphere.class].entitytype,[modules:/zboneattachaspect.class].entitytype).pc_entityblueprint","properties":{"m_fRadius":{"type":"float32","value":0.14100000262260437},"m_BoneName":{"type":"ZString","value":"RThighTwist"},"m_linkedEntity":{"type":"SEntityTemplateReference","value":null},"m_mTransform":{"type":"SMatrix43","value":{"rotation":{"x":0,"y":0.027960339561104778,"z":0},"position":{"x":0.04392499849200249,"y":0.010266999714076519,"z":-0.03521699830889702}}},"m_eidParent":{"type":"SEntityTemplateReference","value":"a17ccdd3af3c7b53","postInit":true}}},"3ec590c8d432cb13":{"parent":"a17ccdd3af3c7b53","name":"C_Forearm_R","factory":"[assembly:/templates/aspectdummy.aspect]([modules:/zclothsphere.class].entitytype,[modules:/zboneattachaspect.class].entitytype).pc_entitytype","blueprint":"[assembly:/templates/aspectdummy.aspect]([modules:/zclothsphere.class].entitytype,[modules:/zboneattachaspect.class].entitytype).pc_entityblueprint","properties":{"m_BoneName":{"type":"ZString","value":"R_Forearm"},"m_linkedEntity":{"type":"SEntityTemplateReference","value":null},"m_fRadius":{"type":"float32","value":0.07000000029802322},"m_mTransform":{"type":"SMatrix43","value":{"rotation":{"x":0,"y":0,"z":0},"position":{"x":0,"y":0,"z":0}}},"m_bEnabled":{"type":"bool","value":true},"m_eidParent":{"type":"SEntityTemplateReference","value":"a17ccdd3af3c7b53","postInit":true}}},"fe070472be81cc0b":{"parent":"a17ccdd3af3c7b53","name":"C_TighMid_R","factory":"[assembly:/templates/aspectdummy.aspect]([modules:/zclothsphere.class].entitytype,[modules:/zboneattachaspect.class].entitytype).pc_entitytype","blueprint":"[assembly:/templates/aspectdummy.aspect]([modules:/zclothsphere.class].entitytype,[modules:/zboneattachaspect.class].entitytype).pc_entityblueprint","properties":{"m_fRadius":{"type":"float32","value":0.11500000208616255},"m_BoneName":{"type":"ZString","value":"RThighTwist1"},"m_linkedEntity":{"type":"SEntityTemplateReference","value":null},"m_mTransform":{"type":"SMatrix43","value":{"rotation":{"x":0.013980168849229813,"y":0,"z":0},"position":{"x":0.054016001522541046,"y":0.009703000076115131,"z":-0.01396500039845705}}},"m_eidParent":{"type":"SEntityTemplateReference","value":"a17ccdd3af3c7b53","postInit":true}}},"59712d868465e180":{"parent":"2105f00aa0b188da","name":"Hands","factory":"009A6D9F7927FB89","blueprint":"00F49463DEA8D412"},"889f79d11544789d":{"parent":"2105f00aa0b188da","name":"Mesh_Pant","factory":"[modules:/zbodypartentity.class].pc_entitytype","blueprint":"[modules:/zbodypartentity.class].pc_entityblueprint","properties":{"m_pMeshResource":{"type":"ZRuntimeResourceID","value":{"resource":"00BA5932458C87E6","flag":"5F"}}},"inputCopying":{"ConstantVector1D_06_Value":{"ConstantVector1D_06_Value":["6ff4741239803341"]},"ConstantVector1D_14_Value":{"ConstantVector1D_14_Value":["6ff4741239803341"]},"ConstantVector1D_01_Value":{"ConstantVector1D_01_Value":["6ff4741239803341"]}}},"e9212b419e2a9893":{"parent":"a17ccdd3af3c7b53","name":"C_TighMid_L","factory":"[assembly:/templates/aspectdummy.aspect]([modules:/zclothsphere.class].entitytype,[modules:/zboneattachaspect.class].entitytype).pc_entitytype","blueprint":"[assembly:/templates/aspectdummy.aspect]([modules:/zclothsphere.class].entitytype,[modules:/zboneattachaspect.class].entitytype).pc_entityblueprint","properties":{"m_fRadius":{"type":"float32","value":0.11500000208616255},"m_BoneName":{"type":"ZString","value":"LThighTwist1"},"m_linkedEntity":{"type":"SEntityTemplateReference","value":null},"m_mTransform":{"type":"SMatrix43","value":{"rotation":{"x":0,"y":0,"z":0},"position":{"x":0.05449200049042702,"y":0.016682999208569527,"z":0.012148999609053135}}},"m_bCollisionGroup0":{"type":"bool","value":true},"m_eidParent":{"type":"SEntityTemplateReference","value":"a17ccdd3af3c7b53","postInit":true}}},"b36de98198d9ba48":{"parent":"2105f00aa0b188da","name":"Socks_Ankle_Cut_Shoe","factory":"00C50F4D59B78463","blueprint":"0060BDFBAAFA9324","properties":{"Diffuse_Color_01_Value":{"type":"SColorRGB","value":"#3d3d3d"}}},"2edf3bf773773db9":{"parent":"a17ccdd3af3c7b53","name":"CChain_Legs","factory":"[modules:/zclothspherechain.class].pc_entitytype","blueprint":"[modules:/zclothspherechain.class].pc_entityblueprint","properties":{"m_mTransform":{"type":"SMatrix43","value":{"rotation":{"x":0,"y":0,"z":0},"position":{"x":-0.0000001290655973207322,"y":0.000000002171457902377938,"z":0}}},"m_bCollisionGroup0":{"type":"bool","value":true},"m_bEnabled":{"type":"bool","value":true},"m_Spheres":{"type":"TArray<SEntityTemplateReference>","value":["fcce92cd737b0f43","fe070472be81cc0b","d588a90076f5fc70","ceef3959d8c8b9f6","a654002a9cc9b70c","f38b3850750e8f76","e9212b419e2a9893","bac4bb1c5a7fa7c8"],"postInit":true},"m_eidParent":{"type":"SEntityTemplateReference","value":"a17ccdd3af3c7b53","postInit":true}}},"49fd1d516b46771d":{"parent":"a17ccdd3af3c7b53","name":"C_Head","factory":"[assembly:/templates/aspectdummy.aspect]([modules:/zclothsphere.class].entitytype,[modules:/zboneattachaspect.class].entitytype).pc_entitytype","blueprint":"[assembly:/templates/aspectdummy.aspect]([modules:/zclothsphere.class].entitytype,[modules:/zboneattachaspect.class].entitytype).pc_entityblueprint","properties":{"m_BoneName":{"type":"ZString","value":"Head"},"m_linkedEntity":{"type":"SEntityTemplateReference","value":null},"m_fRadius":{"type":"float32","value":0.125},"m_mTransform":{"type":"SMatrix43","value":{"rotation":{"x":0,"y":0,"z":0},"position":{"x":0.07091700285673141,"y":0.03724899888038635,"z":0}}},"m_bEnabled":{"type":"bool","value":true},"m_eidParent":{"type":"SEntityTemplateReference","value":"a17ccdd3af3c7b53","postInit":true}}},"ee09e5fd1f530684":{"parent":"2105f00aa0b188da","name":"EventChannelReceiver_bool","factory":"[assembly:/_pro/design/gamecore/events/eventchannel.template?/eventchannelreceiver_bool.entitytemplate].pc_entitytype","blueprint":"[assembly:/_pro/design/gamecore/events/eventchannel.template?/eventchannelreceiver_bool.entitytemplate].pc_entityblueprint","properties":{"m_rChannelToken":{"type":"SEntityTemplateReference","value":"b5df7c7d01f64f7f","postInit":true}},"events":{"OnFalse":{"Input":[{"ref":"737d094f82441e62","value":{"type":"float32","value":0}}]},"OnTrue":{"Input":[{"ref":"737d094f82441e62","value":{"type":"float32","value":1}}]}}},"5d33331d638d1f9":{"parent":"2105f00aa0b188da","name":"agent47_rat_coat_01","factory":"00ADF5366CB9B1B0","blueprint":"00C9540C0C430FE5","properties":{"907024231":{"type":"IRenderMaterialEntity.EModifierOperation","value":"eReplace"},"990799648":{"type":"IRenderMaterialEntity.EModifierOperation","value":"eReplace"},"1239136802":{"type":"IRenderMaterialEntity.EModifierOperation","value":"eReplace"},"2359342559":{"type":"IRenderMaterialEntity.EModifierOperation","value":"eReplace"},"2679726922":{"type":"float32","value":0},"2786709788":{"type":"IRenderMaterialEntity.EModifierOperation","value":"eReplace"},"2879491342":{"type":"IRenderMaterialEntity.EModifierOperation","value":"eReplace"},"3389340845":{"type":"IRenderMaterialEntity.EModifierOperation","value":"eReplace"},"3418657254":{"type":"IRenderMaterialEntity.EModifierOperation","value":"eReplace"},"3516673141":{"type":"IRenderMaterialEntity.EModifierOperation","value":"eReplace"},"m_mTransform":{"type":"SMatrix43","value":{"rotation":{"x":0,"y":0,"z":0},"position":{"x":-4.6971821784973145,"y":6.949670791625977,"z":-0.28459200263023376}}},"Diffuse_Color_01_Value":{"type":"SColorRGB","value":"#2f546e"},"ConstantVector1D_01_Value_op":{"type":"IRenderMaterialEntity.EModifierOperation","value":"eReplace"},"Active":{"type":"bool","value":true},"ConstantVector1D_28_Value":{"type":"float32","value":0},"ConstantVector1D_21_Value":{"type":"float32","value":0},"Clients":{"type":"TArray<SEntityTemplateReference>","value":["2105f00aa0b188da"],"postInit":true},"m_eidParent":{"type":"SEntityTemplateReference","value":"2105f00aa0b188da","postInit":true}}},"f8f16aea0faecd16":{"parent":"2105f00aa0b188da","name":"baseRough","factory":"[modules:/zmathlerp.class].pc_entitytype","blueprint":"[modules:/zmathlerp.class].pc_entityblueprint","properties":{"m_B":{"type":"float32","value":0.30000001192092896},"m_fT":{"type":"float32","value":0}},"events":{"Lerp":{"Shirt_RoughnessMin":["9ae47e926a4efbe0"],"ConstantVector1D_04_Value":["59712d868465e180","2829c4fa5294115","18f3d0d3929b071c"]}}},"a4a5e89597f8771d":{"parent":"a17ccdd3af3c7b53","name":"C_Clavicle_L","factory":"[assembly:/templates/aspectdummy.aspect]([modules:/zclothsphere.class].entitytype,[modules:/zboneattachaspect.class].entitytype).pc_entitytype","blueprint":"[assembly:/templates/aspectdummy.aspect]([modules:/zclothsphere.class].entitytype,[modules:/zboneattachaspect.class].entitytype).pc_entityblueprint","properties":{"m_BoneName":{"type":"ZString","value":"L_Clavicle"},"m_linkedEntity":{"type":"SEntityTemplateReference","value":null},"m_fRadius":{"type":"float32","value":0.08500000089406966},"m_mTransform":{"type":"SMatrix43","value":{"rotation":{"x":0,"y":0,"z":0},"position":{"x":0,"y":0,"z":0}}},"m_bEnabled":{"type":"bool","value":true},"m_eidParent":{"type":"SEntityTemplateReference","value":"a17ccdd3af3c7b53","postInit":true}}},"4d87848268873bf9":{"parent":"a17ccdd3af3c7b53","name":"C_Spine2_L","factory":"[assembly:/templates/aspectdummy.aspect]([modules:/zclothsphere.class].entitytype,[modules:/zboneattachaspect.class].entitytype).pc_entitytype","blueprint":"[assembly:/templates/aspectdummy.aspect]([modules:/zclothsphere.class].entitytype,[modules:/zboneattachaspect.class].entitytype).pc_entityblueprint","properties":{"m_BoneName":{"type":"ZString","value":"Spine2"},"m_linkedEntity":{"type":"SEntityTemplateReference","value":null},"m_fRadius":{"type":"float32","value":0.119999997317791},"m_mTransform":{"type":"SMatrix43","value":{"rotation":{"x":0.034205574542284026,"y":0.0022918309550732383,"z":7.746364593505861},"position":{"x":-0.03236699849367142,"y":0.043060000985860825,"z":0.040146999061107635}}},"m_bEnabled":{"type":"bool","value":true},"m_eidParent":{"type":"SEntityTemplateReference","value":"a17ccdd3af3c7b53","postInit":true}}},"b07e516e6d8591b":{"parent":"9ae47e926a4efbe0","name":"male_reg_philip_01_tie_01","factory":"[assembly:/_pro/characters/assets/individuals/paris/philip/materials/male_reg_philip_01_tie_01.mi].pc_entitytype","blueprint":"[assembly:/_pro/characters/assets/individuals/paris/philip/materials/male_reg_philip_01_tie_01.mi].pc_entityblueprint","properties":{"594659090":{"type":"bool","value":true},"1737952988":{"type":"IRenderMaterialEntity.EModifierOperation","value":"eReplace"},"1787395739":{"type":"IRenderMaterialEntity.EModifierOperation","value":"eReplace"},"2287298018":{"type":"IRenderMaterialEntity.EModifierOperation","value":"eReplace"},"2359342559":{"type":"IRenderMaterialEntity.EModifierOperation","value":"eReplace"},"2456388972":{"type":"IRenderMaterialEntity.EModifierOperation","value":"eReplace"},"Texture2D_03_enab":{"type":"bool","value":true},"Texture2D_03":{"type":"ZRuntimeResourceID","value":{"resource":"[assembly:/_pro/characters/assets/individuals/paris/philip/textures/male_reg_philip_01_tie_01.texture?/specular_f.tex](ascolormap).pc_tex","flag":"5F"}},"Texture2D_01_enab":{"type":"bool","value":true},"Texture2D_01":{"type":"ZRuntimeResourceID","value":{"resource":"[assembly:/_pro/characters/assets/individuals/paris/philip/textures/male_reg_philip_01_tie_01.texture?/diffuse_f.tex](ascolormap).pc_tex","flag":"5F"}},"ConstantColorRGB_05_Value_op":{"type":"IRenderMaterialEntity.EModifierOperation","value":"eReplace"},"ConstantColorRGB_05_Value":{"type":"SColorRGB","value":"#a83e47"},"ConstantVector1D_04_Value":{"type":"float32","value":0.10000000149011612},"ConstantVector1D_05_Value":{"type":"float32","value":1},"ConstantVector1D_09_Value_op":{"type":"IRenderMaterialEntity.EModifierOperation","value":"eReplace"},"ConstantVector1D_09_Value":{"type":"float32","value":0.10000000149011612},"ConstantVector1D_03_Value":{"type":"float32","value":30},"Texture2DCompoundNormal_01":{"type":"ZRuntimeResourceID","value":{"resource":"[assembly:/_pro/environment/textures/constants/directional_a.texture?/normal_a.tex](ascompoundnormal).pc_tex","flag":"5F"}},"ConstantVector1D_07_Value_op":{"type":"IRenderMaterialEntity.EModifierOperation","value":"eReplace"},"ConstantVector1D_07_Value":{"type":"float32","value":0},"ConstantVector1D_08_Value":{"type":"float32","value":0.25},"ConstantColorRGB_02_Value_op":{"type":"IRenderMaterialEntity.EModifierOperation","value":"eReplace"},"ConstantColorRGB_02_Value":{"type":"SColorRGB","value":"#ab1a2f"},"ConstantVector1D_01_Value_op":{"type":"IRenderMaterialEntity.EModifierOperation","value":"eReplace"},"ConstantVector1D_01_Value":{"type":"float32","value":2},"Texture2DNormal_01_enab":{"type":"bool","value":true},"Texture2DNormal_01":{"type":"ZRuntimeResourceID","value":{"resource":"[assembly:/_pro/characters/assets/individuals/paris/philip/textures/male_reg_philip_01_tie_01.texture?/normal_a.tex](asnormalmap).pc_tex","flag":"5F"}},"Clients":{"type":"TArray<SEntityTemplateReference>","value":["9ae47e926a4efbe0"],"postInit":true},"m_eidParent":{"type":"SEntityTemplateReference","value":"2105f00aa0b188da","postInit":true}}},"3411fc4909a353a9":{"parent":"a17ccdd3af3c7b53","name":"CChain_Spine_R","factory":"[modules:/zclothspherechain.class].pc_entitytype","blueprint":"[modules:/zclothspherechain.class].pc_entityblueprint","properties":{"m_mTransform":{"type":"SMatrix43","value":{"rotation":{"x":0,"y":0,"z":0},"position":{"x":-0.0000001290655973207322,"y":0.000000002171457902377938,"z":0}}},"m_Spheres":{"type":"TArray<SEntityTemplateReference>","value":["3da3b5017722af6d","ad03a190d3ac1473","b64696af3408d584"],"postInit":true},"m_eidParent":{"type":"SEntityTemplateReference","value":"a17ccdd3af3c7b53","postInit":true}}},"56ba5b9335ebd9de":{"parent":"a17ccdd3af3c7b53","name":"C_UpperArm_L","factory":"[assembly:/templates/aspectdummy.aspect]([modules:/zclothsphere.class].entitytype,[modules:/zboneattachaspect.class].entitytype).pc_entitytype","blueprint":"[assembly:/templates/aspectdummy.aspect]([modules:/zclothsphere.class].entitytype,[modules:/zboneattachaspect.class].entitytype).pc_entityblueprint","properties":{"m_BoneName":{"type":"ZString","value":"L_UpperArm"},"m_linkedEntity":{"type":"SEntityTemplateReference","value":null},"m_fRadius":{"type":"float32","value":0.07999999821186066},"m_mTransform":{"type":"SMatrix43","value":{"rotation":{"x":0,"y":0,"z":0},"position":{"x":0,"y":0,"z":0}}},"m_bEnabled":{"type":"bool","value":true},"m_eidParent":{"type":"SEntityTemplateReference","value":"a17ccdd3af3c7b53","postInit":true}}},"d123c6ef7d8d6f48":{"parent":"9ae47e926a4efbe0","name":"male_reg_suit_jacket_01_open","factory":"009762DAE23E62A4","blueprint":"00556A50017B3C2C","properties":{"1239136802":{"type":"IRenderMaterialEntity.EModifierOperation","value":"eReplace"},"1294887455":{"type":"IRenderMaterialEntity.EModifierOperation","value":"eReplace"},"1787395739":{"type":"IRenderMaterialEntity.EModifierOperation","value":"eReplace"},"2359342559":{"type":"IRenderMaterialEntity.EModifierOperation","value":"eReplace"},"2786709788":{"type":"IRenderMaterialEntity.EModifierOperation","value":"eReplace"},"2869403995":{"type":"IRenderMaterialEntity.EModifierOperation","value":"eReplace"},"3516673141":{"type":"IRenderMaterialEntity.EModifierOperation","value":"eReplace"},"ConstantVector1D_01_Value_op":{"type":"IRenderMaterialEntity.EModifierOperation","value":"eReplace"},"ConstantVector1D_01_Value":{"type":"float32","value":20},"Active":{"type":"bool","value":true},"ConstantVector1D_16_Value":{"type":"float32","value":0.5},"ConstantVector1D_03_Value":{"type":"float32","value":1.75},"ConstantVector1D_14_Value":{"type":"float32","value":-0.25},"Texture2D_01_enab":{"type":"bool","value":true},"Texture2D_01":{"type":"ZRuntimeResourceID","value":{"resource":"00357C8C30F5EDF2","flag":"5F"}},"Diffuse_Color_01_Value":{"type":"SColorRGB","value":"#474747"},"ConstantVector1D_15_Value":{"type":"float32","value":1.399999976158142},"ConstantVector1D_13_Value":{"type":"float32","value":0},"Texture2D_03_enab":{"type":"bool","value":true},"Texture2D_03":{"type":"ZRuntimeResourceID","value":{"resource":"002E38C4C7E4A025","flag":"5F"}},"Texture2DNormal_01_enab":{"type":"bool","value":true},"Texture2DNormal_01":{"type":"ZRuntimeResourceID","value":{"resource":"008352F84E1949F2","flag":"5F"}},"Clients":{"type":"TArray<SEntityTemplateReference>","value":["9ae47e926a4efbe0"],"postInit":true},"m_eidParent":{"type":"SEntityTemplateReference","value":"2105f00aa0b188da","postInit":true}}},"38bda2db10dffe":{"parent":"9ae47e926a4efbe0","name":"male_reg_dress_shirt_long_sleeve_01","factory":"008F3CBB410A44C6","blueprint":"00789AC05E51C0A9","properties":{"1239136802":{"type":"IRenderMaterialEntity.EModifierOperation","value":"eReplace"},"2359342559":{"type":"IRenderMaterialEntity.EModifierOperation","value":"eReplace"},"3516673141":{"type":"IRenderMaterialEntity.EModifierOperation","value":"eReplace"},"m_mTransform":{"type":"SMatrix43","value":{"rotation":{"x":0,"y":0,"z":0},"position":{"x":0,"y":0,"z":0}}},"ConstantVector1D_01_Value_op":{"type":"IRenderMaterialEntity.EModifierOperation","value":"eReplace"},"Diffuse_Color_01_Value":{"type":"SColorRGB","value":"#ffffff"},"ConstantVector1D_01_Value":{"type":"float32","value":0.4000000059604645},"Clients":{"type":"TArray<SEntityTemplateReference>","value":["9ae47e926a4efbe0"],"postInit":true},"m_eidParent":{"type":"SEntityTemplateReference","value":"2105f00aa0b188da","postInit":true}}},"1a121cae06fd7d07":{"parent":"18f3d0d3929b071c","name":"male_reg_bangkok_hotelsecurity_shoes","factory":"[assembly:/_pro/characters/assets/guards/bangkok/hotel_security/materials/male_reg_bangkok_hotelsecurity_shoes.mi].pc_entitytype","blueprint":"[assembly:/_pro/characters/assets/guards/bangkok/hotel_security/materials/male_reg_bangkok_hotelsecurity_shoes.mi].pc_entityblueprint","properties":{"1737952988":{"type":"IRenderMaterialEntity.EModifierOperation","value":"eReplace"},"2287298018":{"type":"IRenderMaterialEntity.EModifierOperation","value":"eReplace"},"m_mTransform":{"type":"SMatrix43","value":{"rotation":{"x":0,"y":0,"z":0},"position":{"x":0,"y":0,"z":0}}},"ConstantVector1D_05_Value":{"type":"float32","value":0.6200000047683716},"Texture2D_01_enab":{"type":"bool","value":true},"Texture2D_01":{"type":"ZRuntimeResourceID","value":{"resource":"0056D10B3D6AFAD8","flag":"5F"}},"Texture2DNormal_01_enab":{"type":"bool","value":true},"Texture2DNormal_01":{"type":"ZRuntimeResourceID","value":{"resource":"0012B1C58624FB9D","flag":"5F"}},"Texture2D_03_enab":{"type":"bool","value":true},"Texture2D_03":{"type":"ZRuntimeResourceID","value":{"resource":"0066A12C24F2E2F9","flag":"5F"}},"Clients":{"type":"TArray<SEntityTemplateReference>","value":["18f3d0d3929b071c"],"postInit":true},"m_eidParent":{"type":"SEntityTemplateReference","value":"2105f00aa0b188da","postInit":true}}},"18f3d0d3929b071c":{"parent":"2105f00aa0b188da","name":"Mesh_Shoes01","factory":"[modules:/zbodypartentity.class].pc_entitytype","blueprint":"[modules:/zbodypartentity.class].pc_entityblueprint","properties":{"m_pMeshResource":{"type":"ZRuntimeResourceID","value":{"resource":"00C536224D4F37E1","flag":"5F"}}},"inputCopying":{"ConstantVector1D_04_Value":{"ConstantVector1D_04_Value":["1a121cae06fd7d07"]}}},"fbadcf2744ee48ff":{"parent":"a17ccdd3af3c7b53","name":"C_UpperArm_R","factory":"[assembly:/templates/aspectdummy.aspect]([modules:/zclothsphere.class].entitytype,[modules:/zboneattachaspect.class].entitytype).pc_entitytype","blueprint":"[assembly:/templates/aspectdummy.aspect]([modules:/zclothsphere.class].entitytype,[modules:/zboneattachaspect.class].entitytype).pc_entityblueprint","properties":{"m_BoneName":{"type":"ZString","value":"R_UpperArm"},"m_linkedEntity":{"type":"SEntityTemplateReference","value":null},"m_fRadius":{"type":"float32","value":0.07999999821186066},"m_mTransform":{"type":"SMatrix43","value":{"rotation":{"x":0,"y":0,"z":0},"position":{"x":0,"y":0,"z":0}}},"m_bEnabled":{"type":"bool","value":true},"m_eidParent":{"type":"SEntityTemplateReference","value":"a17ccdd3af3c7b53","postInit":true}}},"56c6b9824a977583":{"parent":"2105f00aa0b188da","name":"Lerp 2","factory":"[modules:/zmathlerp.class].pc_entitytype","blueprint":"[modules:/zmathlerp.class].pc_entityblueprint","properties":{"m_B":{"type":"float32","value":0.4000000059604645},"m_fT":{"type":"float32","value":0},"m_A":{"type":"float32","value":0.5}},"events":{"Lerp":{"ConstantVector1D_01_Value":["5d33331d638d1f9"]}}},"bac4bb1c5a7fa7c8":{"parent":"a17ccdd3af3c7b53","name":"C_Knee_L","factory":"[assembly:/templates/aspectdummy.aspect]([modules:/zclothsphere.class].entitytype,[modules:/zboneattachaspect.class].entitytype).pc_entitytype","blueprint":"[assembly:/templates/aspectdummy.aspect]([modules:/zclothsphere.class].entitytype,[modules:/zboneattachaspect.class].entitytype).pc_entityblueprint","properties":{"m_fRadius":{"type":"float32","value":0.10000000149011612},"m_BoneName":{"type":"ZString","value":"LThighTwist2"},"m_linkedEntity":{"type":"SEntityTemplateReference","value":null},"m_mTransform":{"type":"SMatrix43","value":{"rotation":{"x":0,"y":0.019767044112086293,"z":0},"position":{"x":0.12600800395011902,"y":-0.011082000099122524,"z":-0.008000999689102173}}},"m_eidParent":{"type":"SEntityTemplateReference","value":"a17ccdd3af3c7b53","postInit":true}}},"425e2e74a91e983e":{"parent":"2105f00aa0b188da","name":"ChildNetwork","factory":"[modules:/zchildnetworkentity.class].pc_entitytype","blueprint":"[modules:/zchildnetworkentity.class].pc_entityblueprint","properties":{"m_RuntimeNetworkResourceID":{"type":"ZRuntimeResourceID","value":{"resource":"[assembly:/animationnetworks/hitman01/idles/suitidle.aln].pc_rtn","flag":"9F"}}}},"8649b8fa3d549f11":{"parent":"2829c4fa5294115","name":"male_reg_belt_01","factory":"0043725859FC505F","blueprint":"0023812E573A1012","properties":{"1565884279":{"type":"IRenderMaterialEntity.EModifierOperation","value":"eReplace"},"2287298018":{"type":"IRenderMaterialEntity.EModifierOperation","value":"eReplace"},"m_mTransform":{"type":"SMatrix43","value":{"rotation":{"x":0,"y":0,"z":0},"position":{"x":0,"y":0,"z":0}}},"Diffuse_Saturation_01_Value":{"type":"float32","value":0.10000000149011612},"ConstantVector1D_01_Value_op":{"type":"IRenderMaterialEntity.EModifierOperation","value":"eReplace"},"ConstantVector1D_01_Value":{"type":"float32","value":0.20000000298023224},"Clients":{"type":"TArray<SEntityTemplateReference>","value":["2829c4fa5294115"],"postInit":true},"m_eidParent":{"type":"SEntityTemplateReference","value":"2105f00aa0b188da","postInit":true}}},"2829c4fa5294115":{"parent":"2105f00aa0b188da","name":"Mesh_Belt","factory":"[modules:/zbodypartentity.class].pc_entitytype","blueprint":"[modules:/zbodypartentity.class].pc_entityblueprint","properties":{"m_pMeshResource":{"type":"ZRuntimeResourceID","value":{"resource":"00952E54D9CE47BA","flag":"5F"}}},"inputCopying":{"ConstantVector1D_04_Value":{"ConstantVector1D_04_Value":["8649b8fa3d549f11"]}}},"d1993eead002790e":{"parent":"9ae47e926a4efbe0","name":"buttons_03_shirt","factory":"[assembly:/_pro/characters/assets/_apparel/accessories/buttons/materials/buttons_03_shirt.mi].pc_entitytype","blueprint":"[assembly:/_pro/characters/assets/_apparel/accessories/buttons/materials/buttons_03_shirt.mi].pc_entityblueprint","properties":{"1565884279":{"type":"IRenderMaterialEntity.EModifierOperation","value":"eReplace"},"ConstantVector1D_01_Value_op":{"type":"IRenderMaterialEntity.EModifierOperation","value":"eReplace"},"ConstantVector1D_01_Value":{"type":"float32","value":0.5},"Diffuse_Saturation_01_Value":{"type":"float32","value":0},"Active":{"type":"bool","value":true},"Clients":{"type":"TArray<SEntityTemplateReference>","value":["9ae47e926a4efbe0"],"postInit":true},"m_eidParent":{"type":"SEntityTemplateReference","value":"2105f00aa0b188da","postInit":true}}},"ad03a190d3ac1473":{"parent":"a17ccdd3af3c7b53","name":"C_Spine1_R","factory":"[assembly:/templates/aspectdummy.aspect]([modules:/zclothsphere.class].entitytype,[modules:/zboneattachaspect.class].entitytype).pc_entitytype","blueprint":"[assembly:/templates/aspectdummy.aspect]([modules:/zclothsphere.class].entitytype,[modules:/zboneattachaspect.class].entitytype).pc_entityblueprint","properties":{"m_BoneName":{"type":"ZString","value":"Spine1"},"m_linkedEntity":{"type":"SEntityTemplateReference","value":null},"m_fRadius":{"type":"float32","value":0.1169999986886978},"m_mTransform":{"type":"SMatrix43","value":{"rotation":{"x":-0.041940499097108834,"y":0,"z":0.05597795173525809},"position":{"x":-0.030827999114990234,"y":0.03131699934601784,"z":-0.03530000150203705}}},"m_bEnabled":{"type":"bool","value":true},"m_eidParent":{"type":"SEntityTemplateReference","value":"a17ccdd3af3c7b53","postInit":true}}},"e36aae04f7e6a7af":{"parent":"2105f00aa0b188da","name":"Head_47","factory":"00537D16B5CE7286","blueprint":"00F2E4A932ECAA63"},"6e52bba0b9a2dafa":{"parent":"9ae47e926a4efbe0","name":"buttons_01","factory":"[assembly:/_pro/characters/assets/_apparel/accessories/buttons/materials/buttons_01.mi].pc_entitytype","blueprint":"[assembly:/_pro/characters/assets/_apparel/accessories/buttons/materials/buttons_01.mi].pc_entityblueprint","properties":{"ConstantVector1D_01_Value_op":{"type":"IRenderMaterialEntity.EModifierOperation","value":"eReplace"},"ConstantVector1D_01_Value":{"type":"float32","value":0},"Clients":{"type":"TArray<SEntityTemplateReference>","value":["9ae47e926a4efbe0"],"postInit":true},"m_eidParent":{"type":"SEntityTemplateReference","value":"2105f00aa0b188da","postInit":true}}},"8e1e3afee0ec4bd2":{"parent":"a17ccdd3af3c7b53","name":"C_Forearm_L","factory":"[assembly:/templates/aspectdummy.aspect]([modules:/zclothsphere.class].entitytype,[modules:/zboneattachaspect.class].entitytype).pc_entitytype","blueprint":"[assembly:/templates/aspectdummy.aspect]([modules:/zclothsphere.class].entitytype,[modules:/zboneattachaspect.class].entitytype).pc_entityblueprint","properties":{"m_BoneName":{"type":"ZString","value":"L_Forearm"},"m_linkedEntity":{"type":"SEntityTemplateReference","value":null},"m_fRadius":{"type":"float32","value":0.07000000029802322},"m_mTransform":{"type":"SMatrix43","value":{"rotation":{"x":0,"y":0,"z":0},"position":{"x":0,"y":0,"z":0}}},"m_bEnabled":{"type":"bool","value":true},"m_eidParent":{"type":"SEntityTemplateReference","value":"a17ccdd3af3c7b53","postInit":true}}},"b5df7c7d01f64f7f":{"parent":"2105f00aa0b188da","name":"NoWetSleave","factory":"[modules:/ztokenidentity.class].pc_entitytype","blueprint":"[modules:/ztokenidentity.class].pc_entityblueprint","properties":{"m_sName":{"type":"ZString","value":"NoWetSleave"}}},"e9259692692c48d1":{"parent":"a17ccdd3af3c7b53","name":"C_Hand_L","factory":"[assembly:/templates/aspectdummy.aspect]([modules:/zclothsphere.class].entitytype,[modules:/zboneattachaspect.class].entitytype).pc_entitytype","blueprint":"[assembly:/templates/aspectdummy.aspect]([modules:/zclothsphere.class].entitytype,[modules:/zboneattachaspect.class].entitytype).pc_entityblueprint","properties":{"m_BoneName":{"type":"ZString","value":"L_Hand"},"m_linkedEntity":{"type":"SEntityTemplateReference","value":null},"m_fRadius":{"type":"float32","value":0.07000000029802322},"m_mTransform":{"type":"SMatrix43","value":{"rotation":{"x":0,"y":0,"z":0},"position":{"x":0,"y":0,"z":0}}},"m_bEnabled":{"type":"bool","value":true},"m_eidParent":{"type":"SEntityTemplateReference","value":"a17ccdd3af3c7b53","postInit":true}}},"e4482e4c8d16a99a":{"parent":"a17ccdd3af3c7b53","name":"CChain_Neck_Arms","factory":"[modules:/zclothspherechain.class].pc_entitytype","blueprint":"[modules:/zclothspherechain.class].pc_entityblueprint","properties":{"m_mTransform":{"type":"SMatrix43","value":{"rotation":{"x":0,"y":0,"z":0},"position":{"x":-0.00000011920930376163597,"y":0,"z":0}}},"m_bCollisionGroup0":{"type":"bool","value":true},"m_bEnabled":{"type":"bool","value":true},"m_Spheres":{"type":"TArray<SEntityTemplateReference>","value":["a6fb669d8f96736f","e9259692692c48d1","8e1e3afee0ec4bd2","56ba5b9335ebd9de","a4a5e89597f8771d","49fd1d516b46771d","4027b03955875063","330660891e09397f","fbadcf2744ee48ff","3ec590c8d432cb13","5eaea53709df5e3b","6be22ee47be5a40d"],"postInit":true},"m_eidParent":{"type":"SEntityTemplateReference","value":"a17ccdd3af3c7b53","postInit":true}}},"3da3b5017722af6d":{"parent":"a17ccdd3af3c7b53","name":"C_Spine_R","factory":"[assembly:/templates/aspectdummy.aspect]([modules:/zclothsphere.class].entitytype,[modules:/zboneattachaspect.class].entitytype).pc_entitytype","blueprint":"[assembly:/templates/aspectdummy.aspect]([modules:/zclothsphere.class].entitytype,[modules:/zboneattachaspect.class].entitytype).pc_entityblueprint","properties":{"m_BoneName":{"type":"ZString","value":"Spine"},"m_linkedEntity":{"type":"SEntityTemplateReference","value":null},"m_fRadius":{"type":"float32","value":0.119999997317791},"m_mTransform":{"type":"SMatrix43","value":{"rotation":{"x":0,"y":-0.027960339561104778,"z":0},"position":{"x":0.000018000000636675395,"y":0.022804999724030495,"z":-0.05074699968099594}}},"m_bEnabled":{"type":"bool","value":true},"m_bCollisionGroup0":{"type":"bool","value":true},"m_eidParent":{"type":"SEntityTemplateReference","value":"a17ccdd3af3c7b53","postInit":true}}},"fcce92cd737b0f43":{"parent":"a17ccdd3af3c7b53","name":"C_Knee_R","factory":"[assembly:/templates/aspectdummy.aspect]([modules:/zclothsphere.class].entitytype,[modules:/zboneattachaspect.class].entitytype).pc_entitytype","blueprint":"[assembly:/templates/aspectdummy.aspect]([modules:/zclothsphere.class].entitytype,[modules:/zboneattachaspect.class].entitytype).pc_entityblueprint","properties":{"m_fRadius":{"type":"float32","value":0.10000000149011612},"m_BoneName":{"type":"ZString","value":"RThighTwist2"},"m_linkedEntity":{"type":"SEntityTemplateReference","value":null},"m_mTransform":{"type":"SMatrix43","value":{"rotation":{"x":0.019767044112086293,"y":0,"z":0},"position":{"x":0.12606200575828552,"y":-0.011234999634325504,"z":-0.0020119999535381794}}},"m_eidParent":{"type":"SEntityTemplateReference","value":"a17ccdd3af3c7b53","postInit":true}}},"2105f00aa0b188da":{"parent":null,"name":"OUTFIT_Agent47_Rat_Gloves_HeroA_v0","factory":"[assembly:/templates/aspectdummy.aspect]([modules:/zlinkedproxyentity.class].entitytype,[modules:/zclothcharacterentity.class].entitytype,[modules:/zheroidlenetworkaspect.class].entitytype).pc_entitytype","blueprint":"[assembly:/templates/aspectdummy.aspect]([modules:/zlinkedproxyentity.class].entitytype,[modules:/zclothcharacterentity.class].entitytype,[modules:/zheroidlenetworkaspect.class].entitytype).pc_entityblueprint","properties":{"m_ResourceID":{"type":"ZRuntimeResourceID","value":null},"m_fLODScale":{"type":"float32","value":1},"m_mTransform":{"type":"SMatrix43","value":{"rotation":{"x":0,"y":0,"z":0},"position":{"x":39.92449188232422,"y":31.797609329223633,"z":0.002294000005349517}}},"m_pBonesAndCollisionResource":{"type":"ZRuntimeResourceID","value":{"resource":"0017416135CF879C","flag":"5F"}},"m_pIdleAnimNetworkEntity":{"type":"SEntityTemplateReference","value":"425e2e74a91e983e"},"m_fLODOffset":{"type":"float32","value":100},"m_bSimulationEnabled":{"type":"bool","value":true},"m_bRandomStartState":{"type":"bool","value":true},"m_aBodyParts":{"type":"TArray<SEntityTemplateReference>","value":["889f79d11544789d","59712d868465e180","18f3d0d3929b071c","9ae47e926a4efbe0","e36aae04f7e6a7af","b36de98198d9ba48","2a2eb9f9991a2cbc"],"postInit":true}}},"af55a79ffb3f7633":{"parent":"2105f00aa0b188da","name":"Nrom","factory":"[modules:/zmathlerp.class].pc_entitytype","blueprint":"[modules:/zmathlerp.class].pc_entityblueprint","properties":{"m_A":{"type":"float32","value":1},"m_B":{"type":"float32","value":1.5},"m_fT":{"type":"float32","value":0}},"events":{"Lerp":{"ConstantVector1D_06_Value":["889f79d11544789d"]}}},"602fb531f9a22fcb":{"parent":"a17ccdd3af3c7b53","name":"ColliderGroup","factory":"[modules:/zclothcollidergroup.class].pc_entitytype","blueprint":"[modules:/zclothcollidergroup.class].pc_entityblueprint","properties":{"m_ClothColliders":{"type":"TArray<SEntityTemplateReference>","value":["2edf3bf773773db9","3411fc4909a353a9","203f712398e2eb8b","e4482e4c8d16a99a"],"postInit":true},"m_eidParent":{"type":"SEntityTemplateReference","value":"a17ccdd3af3c7b53","postInit":true}}},"b64696af3408d584":{"parent":"a17ccdd3af3c7b53","name":"C_Spine2_R","factory":"[assembly:/templates/aspectdummy.aspect]([modules:/zclothsphere.class].entitytype,[modules:/zboneattachaspect.class].entitytype).pc_entitytype","blueprint":"[assembly:/templates/aspectdummy.aspect]([modules:/zclothsphere.class].entitytype,[modules:/zboneattachaspect.class].entitytype).pc_entityblueprint","properties":{"m_BoneName":{"type":"ZString","value":"Spine2"},"m_linkedEntity":{"type":"SEntityTemplateReference","value":null},"m_fRadius":{"type":"float32","value":0.10999999940395357},"m_mTransform":{"type":"SMatrix43","value":{"rotation":{"x":-0.002291830955073238,"y":0.03420558199286461,"z":7.753129959106442},"position":{"x":-0.030070999637246132,"y":0.059817999601364136,"z":-0.04059600085020065}}},"m_bEnabled":{"type":"bool","value":true},"m_eidParent":{"type":"SEntityTemplateReference","value":"a17ccdd3af3c7b53","postInit":true}}},"ad4988eca1d33930":{"parent":"9ae47e926a4efbe0","name":"Agent47_S2_Suit_Mesh","factory":"[assembly:/templates/aspectdummy.aspect]([modules:/zbodypartentity.class].entitytype,[modules:/zclothcollidergroupaspect.class].entitytype).pc_entitytype","blueprint":"[assembly:/templates/aspectdummy.aspect]([modules:/zbodypartentity.class].entitytype,[modules:/zclothcollidergroupaspect.class].entitytype).pc_entityblueprint","properties":{"m_pMeshResource":{"type":"ZRuntimeResourceID","value":{"resource":"0041EFB6349E9A4B","flag":"5F"}},"m_ClothColliders":{"type":"TArray<SEntityTemplateReference>","value":["a17ccdd3af3c7b53"],"postInit":true}}},"ea0f91a1728ea8da":{"parent":"2105f00aa0b188da","name":"baseRough 2","factory":"[modules:/zmathlerp.class].pc_entitytype","blueprint":"[modules:/zmathlerp.class].pc_entityblueprint","properties":{"m_B":{"type":"float32","value":0.4000000059604645},"m_fT":{"type":"float32","value":0}},"events":{"Lerp":{"ConstantVector1D_14_Value":["5d33331d638d1f9"]}}},"eaec9e5f4b1ff1f7":{"parent":"a17ccdd3af3c7b53","name":"C_Spine1_L","factory":"[assembly:/templates/aspectdummy.aspect]([modules:/zclothsphere.class].entitytype,[modules:/zboneattachaspect.class].entitytype).pc_entitytype","blueprint":"[assembly:/templates/aspectdummy.aspect]([modules:/zclothsphere.class].entitytype,[modules:/zboneattachaspect.class].entitytype).pc_entityblueprint","properties":{"m_BoneName":{"type":"ZString","value":"Spine1"},"m_linkedEntity":{"type":"SEntityTemplateReference","value":null},"m_fRadius":{"type":"float32","value":0.1169999986886978},"m_mTransform":{"type":"SMatrix43","value":{"rotation":{"x":0,"y":0,"z":0},"position":{"x":-0.03165699914097786,"y":0.02728099934756756,"z":0.04916999861598015}}},"m_bEnabled":{"type":"bool","value":true},"m_eidParent":{"type":"SEntityTemplateReference","value":"a17ccdd3af3c7b53","postInit":true}}},"1676ad6acd6d1807":{"parent":"2105f00aa0b188da","name":"Lerp 8","factory":"[modules:/zmathlerp.class].pc_entitytype","blueprint":"[modules:/zmathlerp.class].pc_entityblueprint","properties":{"m_A":{"type":"float32","value":0.05000000074505806},"m_fT":{"type":"float32","value":0},"m_B":{"type":"float32","value":0.30000001192092896}},"events":{"Lerp":{"ConstantVector1D_14_Value":["889f79d11544789d"]}}},"203f712398e2eb8b":{"parent":"a17ccdd3af3c7b53","name":"CChain_Spine_L","factory":"[modules:/zclothspherechain.class].pc_entitytype","blueprint":"[modules:/zclothspherechain.class].pc_entityblueprint","properties":{"m_mTransform":{"type":"SMatrix43","value":{"rotation":{"x":0,"y":0,"z":0},"position":{"x":-0.0000001290655973207322,"y":0.000000002171457902377938,"z":0}}},"m_Spheres":{"type":"TArray<SEntityTemplateReference>","value":["23bea1ac7a58bbd0","eaec9e5f4b1ff1f7","4d87848268873bf9"],"postInit":true},"m_eidParent":{"type":"SEntityTemplateReference","value":"a17ccdd3af3c7b53","postInit":true}}},"2a2eb9f9991a2cbc":{"parent":"2105f00aa0b188da","name":"Agent47_Rat_Coat","factory":"00EA166455788A18","blueprint":"009378AD9C2EE6F5"},"23bea1ac7a58bbd0":{"parent":"a17ccdd3af3c7b53","name":"C_Spine_L","factory":"[assembly:/templates/aspectdummy.aspect]([modules:/zclothsphere.class].entitytype,[modules:/zboneattachaspect.class].entitytype).pc_entitytype","blueprint":"[assembly:/templates/aspectdummy.aspect]([modules:/zclothsphere.class].entitytype,[modules:/zboneattachaspect.class].entitytype).pc_entityblueprint","properties":{"m_BoneName":{"type":"ZString","value":"Spine"},"m_linkedEntity":{"type":"SEntityTemplateReference","value":null},"m_fRadius":{"type":"float32","value":0.119999997317791},"m_mTransform":{"type":"SMatrix43","value":{"rotation":{"x":0,"y":-0.027960339561104778,"z":0},"position":{"x":0.000003999999989900971,"y":0.024267999455332756,"z":0.047951001673936844}}},"m_bEnabled":{"type":"bool","value":true},"m_bCollisionGroup0":{"type":"bool","value":true},"m_eidParent":{"type":"SEntityTemplateReference","value":"a17ccdd3af3c7b53","postInit":true}}},"e8bade87f248159f":{"parent":"9ae47e926a4efbe0","name":"male_reg_dress_shirt_buttoned_up_01","factory":"00D3DD963A6AF70D","blueprint":"0076BDBA804A2941","properties":{"1239136802":{"type":"IRenderMaterialEntity.EModifierOperation","value":"eReplace"},"1294887455":{"type":"IRenderMaterialEntity.EModifierOperation","value":"eReplace"},"2359342559":{"type":"IRenderMaterialEntity.EModifierOperation","value":"eReplace"},"2869403995":{"type":"IRenderMaterialEntity.EModifierOperation","value":"eReplace"},"3516673141":{"type":"IRenderMaterialEntity.EModifierOperation","value":"eReplace"},"ConstantVector1D_01_Value_op":{"type":"IRenderMaterialEntity.EModifierOperation","value":"eReplace"},"ConstantVector1D_01_Value":{"type":"float32","value":0.4000000059604645},"Texture2D_01_enab":{"type":"bool","value":true},"Texture2D_03":{"type":"ZRuntimeResourceID","value":{"resource":"008AD9A4D6B794E3","flag":"5F"}},"Texture2D_03_enab":{"type":"bool","value":true},"Texture2D_01":{"type":"ZRuntimeResourceID","value":{"resource":"00324339E7353795","flag":"5F"}},"ConstantVector1D_13_Value":{"type":"float32","value":0},"ConstantVector1D_16_Value":{"type":"float32","value":1},"Diffuse_Color_01_Value":{"type":"SColorRGB","value":"#ffffff"},"m_eidParent":{"type":"SEntityTemplateReference","value":"2105f00aa0b188da"},"Clients":{"type":"TArray<SEntityTemplateReference>","value":["9ae47e926a4efbe0"],"postInit":true}}},"9ae47e926a4efbe0":{"parent":"2105f00aa0b188da","name":"Agent47_S3_Suit_01","factory":"[modules:/zentity.class].pc_entitytype","blueprint":"[modules:/zentity.class].pc_entityblueprint","properties":{"ConstantColorRGB_05_Value":{"type":"SColorRGB","value":"#a83e47"},"ConstantColorRGB_02_Value":{"type":"SColorRGB","value":"#ab1a2f"},"ConstantVector1D_03_Value":{"type":"float32","value":30},"Diffuse_Color_01_Value":{"type":"SColorRGB","value":"#474747"},"ConstantVector1D_01_Value_1":{"type":"float32","value":20},"ConstantVector1D_01_Value_4":{"type":"float32","value":0.4000000059604645},"Texture2D_01":{"type":"ZRuntimeResourceID","value":{"resource":"00357C8C30F5EDF2","flag":"5F"}}},"inputCopying":{"Jacket_RoughnessMin":{"ConstantVector1D_14_Value":["d123c6ef7d8d6f48"]},"Jacket_NormalBump":{"ConstantVector1D_06_Value":["d123c6ef7d8d6f48"]},"Jacket_DiffuseAlbedo":{"ConstantVector1D_01_Value":["d123c6ef7d8d6f48"]},"JacketSleave_RoughnessMin":{"ConstantVector1D_14_Value":["38bda2db10dffe"]},"JacketSleave_NormalBump":{"ConstantVector1D_06_Value":["38bda2db10dffe"]},"JacketSleave_DiffuseAlbedo":{"ConstantVector1D_01_Value":["38bda2db10dffe"]},"Shirt_RoughnessMin":{"ConstantVector1D_14_Value":["e8bade87f248159f"]},"Shirt_NormalBump":{"ConstantVector1D_06_Value":["e8bade87f248159f"]},"Shirt_DiffuseAlbedo":{"ConstantVector1D_01_Value":["e8bade87f248159f"]},"TieRoughnessMin":{"ConstantVector1D_04_Value":["b07e516e6d8591b"]}},"propertyAliases":{"ConstantVector1D_04_Value":[{"originalProperty":"ConstantVector1D_04_Value","originalEntity":"b07e516e6d8591b"}],"ConstantColorRGB_05_Value":[{"originalProperty":"ConstantColorRGB_05_Value","originalEntity":"b07e516e6d8591b"}],"ConstantColorRGB_02_Value":[{"originalProperty":"ConstantColorRGB_02_Value","originalEntity":"b07e516e6d8591b"}],"ConstantVector1D_01_Value":[{"originalProperty":"ConstantVector1D_01_Value","originalEntity":"b07e516e6d8591b"}],"ConstantVector1D_03_Value":[{"originalProperty":"ConstantVector1D_03_Value","originalEntity":"b07e516e6d8591b"}],"Texture2D_03":[{"originalProperty":"Texture2D_03","originalEntity":"b07e516e6d8591b"}],"Texture2DNormal_01":[{"originalProperty":"Texture2DNormal_01","originalEntity":"b07e516e6d8591b"}],"ConstantVector1D_14_Value":[{"originalProperty":"ConstantVector1D_14_Value","originalEntity":"d123c6ef7d8d6f48"}],"ConstantVector1D_15_Value":[{"originalProperty":"ConstantVector1D_15_Value","originalEntity":"d123c6ef7d8d6f48"}],"Diffuse_Color_01_Value":[{"originalProperty":"Diffuse_Color_01_Value","originalEntity":"d123c6ef7d8d6f48"}],"ConstantVector1D_01_Value_1":[{"originalProperty":"ConstantVector1D_01_Value","originalEntity":"d123c6ef7d8d6f48"}],"Texture2D_01":[{"originalProperty":"Texture2D_01","originalEntity":"d123c6ef7d8d6f48"}],"ConstantVector1D_01_Value_2":[{"originalProperty":"ConstantVector1D_01_Value","originalEntity":"6e52bba0b9a2dafa"}],"ConstantVector1D_01_Value_3":[{"originalProperty":"ConstantVector1D_01_Value","originalEntity":"e8bade87f248159f"}],"Diffuse_Color_01_Value_1":[{"originalProperty":"Diffuse_Color_01_Value","originalEntity":"e8bade87f248159f"}],"Diffuse_Color_01_Value_2":[{"originalProperty":"Diffuse_Color_01_Value","originalEntity":"38bda2db10dffe"}],"ConstantVector1D_01_Value_4":[{"originalProperty":"ConstantVector1D_01_Value","originalEntity":"38bda2db10dffe"}]},"exposedInterfaces":{"ZClothColliderGroupAspect":"ad4988eca1d33930","ZBodyPartEntity":"ad4988eca1d33930"}},"a6fb669d8f96736f":{"parent":"a17ccdd3af3c7b53","name":"C_Palm_L","factory":"[assembly:/templates/aspectdummy.aspect]([modules:/zclothsphere.class].entitytype,[modules:/zboneattachaspect.class].entitytype).pc_entitytype","blueprint":"[assembly:/templates/aspectdummy.aspect]([modules:/zclothsphere.class].entitytype,[modules:/zboneattachaspect.class].entitytype).pc_entityblueprint","properties":{"m_BoneName":{"type":"ZString","value":"L_Hand"},"m_linkedEntity":{"type":"SEntityTemplateReference","value":null},"m_fRadius":{"type":"float32","value":0.07000000029802322},"m_mTransform":{"type":"SMatrix43","value":{"rotation":{"x":0,"y":0,"z":0},"position":{"x":0.10000000149011612,"y":0,"z":0}}},"m_bEnabled":{"type":"bool","value":true},"m_eidParent":{"type":"SEntityTemplateReference","value":"a17ccdd3af3c7b53","postInit":true}}},"a17ccdd3af3c7b53":{"parent":"9ae47e926a4efbe0","name":"Agent47_S2_Suit_Collider","factory":"[modules:/zcompositeentity.class].pc_entitytype","blueprint":"[modules:/zcompositeentity.class].pc_entityblueprint","properties":{"m_mTransform":{"type":"SMatrix43","value":{"rotation":{"x":0,"y":0,"z":0},"position":{"x":0,"y":0,"z":0}}},"m_linkedEntity":{"type":"SEntityTemplateReference","value":null},"m_eidParent":{"type":"SEntityTemplateReference","value":"2105f00aa0b188da"}},"propertyAliases":{"m_linkedEntity":[{"originalProperty":"m_linkedEntity","originalEntity":"bac4bb1c5a7fa7c8"},{"originalProperty":"m_linkedEntity","originalEntity":"fcce92cd737b0f43"},{"originalProperty":"m_linkedEntity","originalEntity":"e9212b419e2a9893"},{"originalProperty":"m_linkedEntity","originalEntity":"fe070472be81cc0b"},{"originalProperty":"m_linkedEntity","originalEntity":"d588a90076f5fc70"},{"originalProperty":"m_linkedEntity","originalEntity":"f38b3850750e8f76"},{"originalProperty":"m_linkedEntity","originalEntity":"a654002a9cc9b70c"},{"originalProperty":"m_linkedEntity","originalEntity":"b64696af3408d584"},{"originalProperty":"m_linkedEntity","originalEntity":"ad03a190d3ac1473"},{"originalProperty":"m_linkedEntity","originalEntity":"3da3b5017722af6d"},{"originalProperty":"m_linkedEntity","originalEntity":"23bea1ac7a58bbd0"},{"originalProperty":"m_linkedEntity","originalEntity":"eaec9e5f4b1ff1f7"},{"originalProperty":"m_linkedEntity","originalEntity":"4d87848268873bf9"},{"originalProperty":"m_linkedEntity","originalEntity":"4027b03955875063"},{"originalProperty":"m_linkedEntity","originalEntity":"49fd1d516b46771d"},{"originalProperty":"m_linkedEntity","originalEntity":"330660891e09397f"},{"originalProperty":"m_linkedEntity","originalEntity":"a4a5e89597f8771d"},{"originalProperty":"m_linkedEntity","originalEntity":"fbadcf2744ee48ff"},{"originalProperty":"m_linkedEntity","originalEntity":"56ba5b9335ebd9de"},{"originalProperty":"m_linkedEntity","originalEntity":"8e1e3afee0ec4bd2"},{"originalProperty":"m_linkedEntity","originalEntity":"3ec590c8d432cb13"},{"originalProperty":"m_linkedEntity","originalEntity":"5eaea53709df5e3b"},{"originalProperty":"m_linkedEntity","originalEntity":"e9259692692c48d1"},{"originalProperty":"m_linkedEntity","originalEntity":"a6fb669d8f96736f"},{"originalProperty":"m_linkedEntity","originalEntity":"6be22ee47be5a40d"}]},"exposedInterfaces":{"ZClothCollider":"602fb531f9a22fcb","ZClothColliderGroup":"602fb531f9a22fcb"}},"5c2b29abdbeffdfb":{"parent":"2105f00aa0b188da","name":"Lerp 1","factory":"[modules:/zmathlerp.class].pc_entitytype","blueprint":"[modules:/zmathlerp.class].pc_entityblueprint","properties":{"m_A":{"type":"float32","value":0.4000000059604645},"m_B":{"type":"float32","value":0.25},"m_fT":{"type":"float32","value":0}},"events":{"Lerp":{"Shirt_DiffuseAlbedo":["9ae47e926a4efbe0"]}}}},"propertyOverrides":[],"overrideDeletes":[],"pinConnectionOverrides":[],"pinConnectionOverrideDeletes":[],"externalScenes":[],"subType":"template","quickEntityVersion":3.1,"extraFactoryDependencies":[],"extraBlueprintDependencies":[],"comments":[]}