{"tempHash":"005138417797A04E","tbluHash":"00945FFF47BBBDE3","rootEntity":"1e479b87e0c54b14","entities":{"e1bc28f69ddff7c1":{"parent":"111bf298a8a8abda","name":"C_Pelvis","factory":"[assembly:/templates/aspectdummy.aspect]([modules:/zclothsphere.class].entitytype,[modules:/zboneattachaspect.class].entitytype).pc_entitytype","blueprint":"[assembly:/templates/aspectdummy.aspect]([modules:/zclothsphere.class].entitytype,[modules:/zboneattachaspect.class].entitytype).pc_entityblueprint","properties":{"m_fRadius":{"type":"float32","value":0.1599999964237213},"m_BoneName":{"type":"ZString","value":"Pelvis"},"m_mTransform":{"type":"SMatrix43","value":{"rotation":{"x":0,"y":0,"z":0},"position":{"x":-0.014000000432133675,"y":0.012000000104308128,"z":0.004999999888241291}}},"m_bEnabled":{"type":"bool","value":true},"m_linkedEntity":{"type":"SEntityTemplateReference","value":"1e479b87e0c54b14","postInit":true},"m_eidParent":{"type":"SEntityTemplateReference","value":"111bf298a8a8abda","postInit":true}}},"ebcf273d095beebe":{"parent":"111bf298a8a8abda","name":"C_Elbow_R","factory":"[assembly:/templates/aspectdummy.aspect]([modules:/zclothsphere.class].entitytype,[modules:/zboneattachaspect.class].entitytype).pc_entitytype","blueprint":"[assembly:/templates/aspectdummy.aspect]([modules:/zclothsphere.class].entitytype,[modules:/zboneattachaspect.class].entitytype).pc_entityblueprint","properties":{"m_fRadius":{"type":"float32","value":0.05000000074505806},"m_BoneName":{"type":"ZString","value":"R_ForeTwist"},"m_mTransform":{"type":"SMatrix43","value":{"rotation":{"x":0,"y":0,"z":0},"position":{"x":-0.004000000189989805,"y":-0.009999999776482582,"z":0.00800000037997961}}},"m_bEnabled":{"type":"bool","value":true},"m_linkedEntity":{"type":"SEntityTemplateReference","value":"1e479b87e0c54b14","postInit":true},"m_eidParent":{"type":"SEntityTemplateReference","value":"111bf298a8a8abda","postInit":true}}},"f9b6deb7a51c9a9":{"parent":"1e479b87e0c54b14","name":"Torso_Neck","factory":"00D43167687E61AD","blueprint":"007E9340AD2C2425"},"cd67c804805e2cbd":{"parent":"1e479b87e0c54b14","name":"Pirate_Eyepatch","factory":"[modules:/zbodypartentity.class].pc_entitytype","blueprint":"[modules:/zbodypartentity.class].pc_entityblueprint","properties":{"m_pMeshResource":{"type":"ZRuntimeResourceID","value":{"resource":"00C818E16ADFBF1C","flag":"5F"}},"m_IsHiddenInVR":{"type":"bool","value":true}}},"3791f39a98e54c4d":{"parent":"111bf298a8a8abda","name":"C_Foot_R","factory":"[assembly:/templates/aspectdummy.aspect]([modules:/zclothsphere.class].entitytype,[modules:/zboneattachaspect.class].entitytype).pc_entitytype","blueprint":"[assembly:/templates/aspectdummy.aspect]([modules:/zclothsphere.class].entitytype,[modules:/zboneattachaspect.class].entitytype).pc_entityblueprint","properties":{"m_fRadius":{"type":"float32","value":0.07000000029802322},"m_BoneName":{"type":"ZString","value":"R_Foot"},"m_mTransform":{"type":"SMatrix43","value":{"rotation":{"x":0,"y":0,"z":0},"position":{"x":-0.0000001290655973207322,"y":0.000000002171457902377938,"z":0}}},"m_bEnabled":{"type":"bool","value":true},"m_linkedEntity":{"type":"SEntityTemplateReference","value":"1e479b87e0c54b14","postInit":true},"m_eidParent":{"type":"SEntityTemplateReference","value":"111bf298a8a8abda","postInit":true}}},"6888cdc0d273fbd4":{"parent":"1e479b87e0c54b14","name":"agent47_pirate_shirt","factory":"009DB232D08C9691","blueprint":"00EAEE5566F2F377","properties":{"1239136802":{"type":"IRenderMaterialEntity.EModifierOperation","value":"eReplace"},"2359342559":{"type":"IRenderMaterialEntity.EModifierOperation","value":"eReplace"},"m_mTransform":{"type":"SMatrix43","value":{"rotation":{"x":0,"y":0,"z":1.3867508172988892},"position":{"x":-3.244899034500122,"y":7.83479118347168,"z":1.1928260326385498},"scale":{"x":0.9999999999999999,"y":0.9999999999999999,"z":1}}},"Active":{"type":"bool","value":false},"ConstantVector1D_01_Value_op":{"type":"IRenderMaterialEntity.EModifierOperation","value":"eReplace"},"Clients":{"type":"TArray<SEntityTemplateReference>","value":["1e479b87e0c54b14"],"postInit":true},"m_eidParent":{"type":"SEntityTemplateReference","value":"1e479b87e0c54b14","postInit":true}}},"ad2dd7468995887c":{"parent":"1e479b87e0c54b14","name":"agent47_pirate_boots","factory":"005A5D66B2457713","blueprint":"00CCA71406523124","properties":{"2359342559":{"type":"IRenderMaterialEntity.EModifierOperation","value":"eReplace"},"2786709788":{"type":"IRenderMaterialEntity.EModifierOperation","value":"eReplace"},"m_mTransform":{"type":"SMatrix43","value":{"rotation":{"x":0,"y":0,"z":1.3867508172988892},"position":{"x":-3.244899034500122,"y":7.83479118347168,"z":1.1928260326385498},"scale":{"x":0.9999999999999999,"y":0.9999999999999999,"z":1}}},"Active":{"type":"bool","value":false},"ConstantVector1D_01_Value_op":{"type":"IRenderMaterialEntity.EModifierOperation","value":"eReplace"},"Clients":{"type":"TArray<SEntityTemplateReference>","value":["1e479b87e0c54b14"],"postInit":true},"m_eidParent":{"type":"SEntityTemplateReference","value":"1e479b87e0c54b14","postInit":true}}},"c7f5d893fc2d0e4c":{"parent":"111bf298a8a8abda","name":"C_TighTop_L","factory":"[assembly:/templates/aspectdummy.aspect]([modules:/zclothsphere.class].entitytype,[modules:/zboneattachaspect.class].entitytype).pc_entitytype","blueprint":"[assembly:/templates/aspectdummy.aspect]([modules:/zclothsphere.class].entitytype,[modules:/zboneattachaspect.class].entitytype).pc_entityblueprint","properties":{"m_fRadius":{"type":"float32","value":0.14000000059604645},"m_BoneName":{"type":"ZString","value":"LThighTwist"},"m_mTransform":{"type":"SMatrix43","value":{"rotation":{"x":0,"y":0,"z":0},"position":{"x":0.03099999949336052,"y":0,"z":0.017000000923871994}}},"m_bEnabled":{"type":"bool","value":true},"m_linkedEntity":{"type":"SEntityTemplateReference","value":"1e479b87e0c54b14","postInit":true},"m_eidParent":{"type":"SEntityTemplateReference","value":"111bf298a8a8abda","postInit":true}}},"6e6de1a6ccab2e03":{"parent":"1e479b87e0c54b14","name":"agent47_pirate_trousers","factory":"0076D3BAF0F13F4B","blueprint":"0098684D1EC8F9E2","properties":{"1239136802":{"type":"IRenderMaterialEntity.EModifierOperation","value":"eReplace"},"2359342559":{"type":"IRenderMaterialEntity.EModifierOperation","value":"eReplace"},"m_mTransform":{"type":"SMatrix43","value":{"rotation":{"x":0,"y":0,"z":1.3867508172988892},"position":{"x":-3.244899034500122,"y":7.83479118347168,"z":1.1928260326385498},"scale":{"x":0.9999999999999999,"y":0.9999999999999999,"z":1}}},"Active":{"type":"bool","value":false},"ConstantVector1D_01_Value_op":{"type":"IRenderMaterialEntity.EModifierOperation","value":"eReplace"},"Clients":{"type":"TArray<SEntityTemplateReference>","value":["1e479b87e0c54b14"],"postInit":true},"m_eidParent":{"type":"SEntityTemplateReference","value":"1e479b87e0c54b14","postInit":true}}},"94243b50e1b35fd5":{"parent":"111bf298a8a8abda","name":"C_Spine","factory":"[assembly:/templates/aspectdummy.aspect]([modules:/zclothcapsule.class].entitytype,[modules:/zboneattachaspect.class].entitytype).pc_entitytype","blueprint":"[assembly:/templates/aspectdummy.aspect]([modules:/zclothcapsule.class].entitytype,[modules:/zboneattachaspect.class].entitytype).pc_entityblueprint","properties":{"m_BoneName":{"type":"ZString","value":"Spine"},"m_fRadiusX":{"type":"float32","value":0.18000000715255737},"m_fRadiusY":{"type":"float32","value":0.1599999964237213},"m_fTop":{"type":"float32","value":0.009999999776482582},"m_fBottom":{"type":"float32","value":0},"m_fRadiusZ":{"type":"float32","value":0.1979999989271164},"m_bEnableBottomRadii":{"type":"bool","value":false},"m_fRadiusXBottom":{"type":"float32","value":1},"m_fRadiusYBottom":{"type":"float32","value":1},"m_fRadiusZBottom":{"type":"float32","value":1},"m_mTransform":{"type":"SMatrix43","value":{"rotation":{"x":-0.034262873232364655,"y":0,"z":-0.0559779517352581},"position":{"x":0,"y":0.019758999347686768,"z":-0.0010000000474974513},"scale":{"x":1,"y":0.9999999999999999,"z":1}}},"m_bEnabled":{"type":"bool","value":true},"m_linkedEntity":{"type":"SEntityTemplateReference","value":"1e479b87e0c54b14","postInit":true},"m_eidParent":{"type":"SEntityTemplateReference","value":"111bf298a8a8abda","postInit":true}}},"34ba49b2d120fd6f":{"parent":"111bf298a8a8abda","name":"CChain_Legs","factory":"[modules:/zclothspherechain.class].pc_entitytype","blueprint":"[modules:/zclothspherechain.class].pc_entityblueprint","properties":{"m_mTransform":{"type":"SMatrix43","value":{"rotation":{"x":0,"y":0,"z":0},"position":{"x":-0.0000001290655973207322,"y":0.000000002171457902377938,"z":0}}},"m_Spheres":{"type":"TArray<SEntityTemplateReference>","value":["3791f39a98e54c4d","2afb4c906bcabd01","12aeb42d5a3a6931","84ccc3a2aa18072c","e1bc28f69ddff7c1","c7f5d893fc2d0e4c","ca379637e681a455","45b41aa367861335","b0693be4e6c5bb8a"],"postInit":true},"m_eidParent":{"type":"SEntityTemplateReference","value":"111bf298a8a8abda","postInit":true}}},"599290090d26c06d":{"parent":"1e479b87e0c54b14","name":"agent47_pirate_hat","factory":"00DBB166544C9C66","blueprint":"003F8258C29E2D5B","properties":{"1239136802":{"type":"IRenderMaterialEntity.EModifierOperation","value":"eReplace"},"2359342559":{"type":"IRenderMaterialEntity.EModifierOperation","value":"eReplace"},"m_mTransform":{"type":"SMatrix43","value":{"rotation":{"x":0,"y":0,"z":1.3867508172988892},"position":{"x":-3.244899034500122,"y":7.83479118347168,"z":1.1928260326385498},"scale":{"x":0.9999999999999999,"y":0.9999999999999999,"z":1}}},"Active":{"type":"bool","value":false},"Clients":{"type":"TArray<SEntityTemplateReference>","value":["1e479b87e0c54b14"],"postInit":true},"m_eidParent":{"type":"SEntityTemplateReference","value":"1e479b87e0c54b14","postInit":true}}},"12aeb42d5a3a6931":{"parent":"111bf298a8a8abda","name":"C_TighMid_R","factory":"[assembly:/templates/aspectdummy.aspect]([modules:/zclothsphere.class].entitytype,[modules:/zboneattachaspect.class].entitytype).pc_entitytype","blueprint":"[assembly:/templates/aspectdummy.aspect]([modules:/zclothsphere.class].entitytype,[modules:/zboneattachaspect.class].entitytype).pc_entityblueprint","properties":{"m_fRadius":{"type":"float32","value":0.14000000059604645},"m_BoneName":{"type":"ZString","value":"RThighTwist1"},"m_mTransform":{"type":"SMatrix43","value":{"rotation":{"x":0,"y":0,"z":0},"position":{"x":0.061000000685453415,"y":-0.004000000189989805,"z":0}}},"m_bEnabled":{"type":"bool","value":true},"m_linkedEntity":{"type":"SEntityTemplateReference","value":"1e479b87e0c54b14","postInit":true},"m_eidParent":{"type":"SEntityTemplateReference","value":"111bf298a8a8abda","postInit":true}}},"87ce7f624dd617cc":{"parent":"1e479b87e0c54b14","name":"Pirate_Shirt","factory":"[modules:/zbodypartentity.class].pc_entitytype","blueprint":"[modules:/zbodypartentity.class].pc_entityblueprint","properties":{"m_pMeshResource":{"type":"ZRuntimeResourceID","value":{"resource":"0013DC4BABF21679","flag":"5F"}}}},"b0693be4e6c5bb8a":{"parent":"111bf298a8a8abda","name":"C_Foot_L","factory":"[assembly:/templates/aspectdummy.aspect]([modules:/zclothsphere.class].entitytype,[modules:/zboneattachaspect.class].entitytype).pc_entitytype","blueprint":"[assembly:/templates/aspectdummy.aspect]([modules:/zclothsphere.class].entitytype,[modules:/zboneattachaspect.class].entitytype).pc_entityblueprint","properties":{"m_fRadius":{"type":"float32","value":0.07000000029802322},"m_BoneName":{"type":"ZString","value":"L_Foot"},"m_mTransform":{"type":"SMatrix43","value":{"rotation":{"x":0,"y":0,"z":0},"position":{"x":-0.0000001290655973207322,"y":0.000000002171457902377938,"z":0}}},"m_bEnabled":{"type":"bool","value":true},"m_linkedEntity":{"type":"SEntityTemplateReference","value":"1e479b87e0c54b14","postInit":true},"m_eidParent":{"type":"SEntityTemplateReference","value":"111bf298a8a8abda","postInit":true}}},"abc1a902f705436":{"parent":"111bf298a8a8abda","name":"C_Head_Top","factory":"[assembly:/templates/aspectdummy.aspect]([modules:/zclothsphere.class].entitytype,[modules:/zboneattachaspect.class].entitytype).pc_entitytype","blueprint":"[assembly:/templates/aspectdummy.aspect]([modules:/zclothsphere.class].entitytype,[modules:/zboneattachaspect.class].entitytype).pc_entityblueprint","properties":{"m_fRadius":{"type":"float32","value":0.10499999672174454},"m_BoneName":{"type":"ZString","value":"Head"},"m_mTransform":{"type":"SMatrix43","value":{"rotation":{"x":0,"y":0,"z":0},"position":{"x":0.08580199629068375,"y":0.02185400016605854,"z":0}}},"m_bEnabled":{"type":"bool","value":true},"m_linkedEntity":{"type":"SEntityTemplateReference","value":"1e479b87e0c54b14","postInit":true},"m_eidParent":{"type":"SEntityTemplateReference","value":"111bf298a8a8abda","postInit":true}}},"4d61507af5955213":{"parent":"111bf298a8a8abda","name":"C_ShoulderL","factory":"[assembly:/templates/aspectdummy.aspect]([modules:/zclothsphere.class].entitytype,[modules:/zboneattachaspect.class].entitytype).pc_entitytype","blueprint":"[assembly:/templates/aspectdummy.aspect]([modules:/zclothsphere.class].entitytype,[modules:/zboneattachaspect.class].entitytype).pc_entityblueprint","properties":{"m_fRadius":{"type":"float32","value":0.10199999809265135},"m_BoneName":{"type":"ZString","value":"L_Clavicle"},"m_mTransform":{"type":"SMatrix43","value":{"rotation":{"x":0,"y":0,"z":0},"position":{"x":0.1420000046491623,"y":0.012000000104308128,"z":0.0020000000949949026}}},"m_bEnabled":{"type":"bool","value":true},"m_linkedEntity":{"type":"SEntityTemplateReference","value":"1e479b87e0c54b14","postInit":true},"m_eidParent":{"type":"SEntityTemplateReference","value":"111bf298a8a8abda","postInit":true}}},"f37bc0c47eb9eb21":{"parent":"111bf298a8a8abda","name":"ColliderGroup","factory":"[modules:/zclothcollidergroup.class].pc_entitytype","blueprint":"[modules:/zclothcollidergroup.class].pc_entityblueprint","properties":{"m_ClothColliders":{"type":"TArray<SEntityTemplateReference>","value":["34ba49b2d120fd6f","b63a13716ac0461a","1c74b2b830493b45","10b35c1bc298a947","94243b50e1b35fd5","ce29bdb896140482","fd9551571eea092c","2170895aaee95cbe"],"postInit":true},"m_eidParent":{"type":"SEntityTemplateReference","value":"111bf298a8a8abda","postInit":true}}},"415b15db4a791e60":{"parent":"111bf298a8a8abda","name":"C_Hand_R","factory":"[assembly:/templates/aspectdummy.aspect]([modules:/zclothsphere.class].entitytype,[modules:/zboneattachaspect.class].entitytype).pc_entitytype","blueprint":"[assembly:/templates/aspectdummy.aspect]([modules:/zclothsphere.class].entitytype,[modules:/zboneattachaspect.class].entitytype).pc_entityblueprint","properties":{"m_fRadius":{"type":"float32","value":0.05000000074505806},"m_BoneName":{"type":"ZString","value":"R_Hand"},"m_mTransform":{"type":"SMatrix43","value":{"rotation":{"x":0,"y":0,"z":0},"position":{"x":0.1123398020863533,"y":0.024796010926365852,"z":0.003324999939650297}}},"m_bEnabled":{"type":"bool","value":false},"m_linkedEntity":{"type":"SEntityTemplateReference","value":"1e479b87e0c54b14","postInit":true},"m_eidParent":{"type":"SEntityTemplateReference","value":"111bf298a8a8abda","postInit":true}}},"10b35c1bc298a947":{"parent":"111bf298a8a8abda","name":"C_Spine1","factory":"[assembly:/templates/aspectdummy.aspect]([modules:/zclothcapsule.class].entitytype,[modules:/zboneattachaspect.class].entitytype).pc_entitytype","blueprint":"[assembly:/templates/aspectdummy.aspect]([modules:/zclothcapsule.class].entitytype,[modules:/zboneattachaspect.class].entitytype).pc_entityblueprint","properties":{"m_BoneName":{"type":"ZString","value":"Spine1"},"m_fRadiusX":{"type":"float32","value":0.18000000715255737},"m_fRadiusY":{"type":"float32","value":0.1599999964237213},"m_fTop":{"type":"float32","value":0.009999999776482582},"m_fBottom":{"type":"float32","value":0},"m_fRadiusZ":{"type":"float32","value":0.1899999976158142},"m_bEnableBottomRadii":{"type":"bool","value":false},"m_fRadiusXBottom":{"type":"float32","value":1},"m_fRadiusYBottom":{"type":"float32","value":1},"m_fRadiusZBottom":{"type":"float32","value":1},"m_mTransform":{"type":"SMatrix43","value":{"rotation":{"x":0,"y":0,"z":0},"position":{"x":-0.003000000026077032,"y":0.027000000700354576,"z":-0.0010000000474974513}}},"m_bEnabled":{"type":"bool","value":true},"m_linkedEntity":{"type":"SEntityTemplateReference","value":"1e479b87e0c54b14","postInit":true},"m_eidParent":{"type":"SEntityTemplateReference","value":"111bf298a8a8abda","postInit":true}}},"20457a49ea677952":{"parent":"1e479b87e0c54b14","name":"FX_Hitman_Wet_Logic_Character","factory":"0067CFB703A80787","blueprint":"00AA88C960CD2080","properties":{"HeadMaterialToOverride":{"type":"ZRuntimeResourceID","value":{"resource":"009F7978C601815A","flag":"5F"}}},"events":{"ChangedDisguiseTrigger":{"Activate":["6e6de1a6ccab2e03","437a7af6439159d4","76715132ed386040","6888cdc0d273fbd4","ad2dd7468995887c","599290090d26c06d","e92135441e578c5","e239e277b63f1601","deb8d7a4aa3e0c66"]},"HitmanWetness":{"T":["40abbdf4a2ff770d","ab1f0e32698521e3","428a0579cc9c6903","36696155eb7df735"]}}},"d7d89d5baf9efb58":{"parent":"1e479b87e0c54b14","name":"Pirate_Jacket","factory":"[modules:/zbodypartentity.class].pc_entitytype","blueprint":"[modules:/zbodypartentity.class].pc_entityblueprint","properties":{"m_pMeshResource":{"type":"ZRuntimeResourceID","value":{"resource":"00EDCD2AE634A7C5","flag":"5F"}}}},"84ccc3a2aa18072c":{"parent":"111bf298a8a8abda","name":"C_TighTop_R","factory":"[assembly:/templates/aspectdummy.aspect]([modules:/zclothsphere.class].entitytype,[modules:/zboneattachaspect.class].entitytype).pc_entitytype","blueprint":"[assembly:/templates/aspectdummy.aspect]([modules:/zclothsphere.class].entitytype,[modules:/zboneattachaspect.class].entitytype).pc_entityblueprint","properties":{"m_fRadius":{"type":"float32","value":0.14000000059604645},"m_BoneName":{"type":"ZString","value":"RThighTwist"},"m_mTransform":{"type":"SMatrix43","value":{"rotation":{"x":0,"y":0,"z":0},"position":{"x":0.03099999949336052,"y":0,"z":-0.01600000075995922}}},"m_bEnabled":{"type":"bool","value":true},"m_linkedEntity":{"type":"SEntityTemplateReference","value":"1e479b87e0c54b14","postInit":true},"m_eidParent":{"type":"SEntityTemplateReference","value":"111bf298a8a8abda","postInit":true}}},"40abbdf4a2ff770d":{"parent":"1e479b87e0c54b14","name":"Lerp 5","factory":"[modules:/zmathlerp.class].pc_entitytype","blueprint":"[modules:/zmathlerp.class].pc_entityblueprint","properties":{"m_A":{"type":"float32","value":2},"m_fT":{"type":"float32","value":0},"m_B":{"type":"float32","value":1}},"events":{"Lerp":{"ConstantVector1D_01_Value":["6e6de1a6ccab2e03"]}}},"604815a32db7c096":{"parent":"1e479b87e0c54b14","name":"Pirate_Boot","factory":"[modules:/zbodypartentity.class].pc_entitytype","blueprint":"[modules:/zbodypartentity.class].pc_entityblueprint","properties":{"m_pMeshResource":{"type":"ZRuntimeResourceID","value":{"resource":"006E35F440CEE0A5","flag":"5F"}}}},"fd9551571eea092c":{"parent":"111bf298a8a8abda","name":"C_Neck","factory":"[assembly:/templates/aspectdummy.aspect]([modules:/zclothsphere.class].entitytype,[modules:/zboneattachaspect.class].entitytype).pc_entitytype","blueprint":"[assembly:/templates/aspectdummy.aspect]([modules:/zclothsphere.class].entitytype,[modules:/zboneattachaspect.class].entitytype).pc_entityblueprint","properties":{"m_fRadius":{"type":"float32","value":0.10000000149011612},"m_BoneName":{"type":"ZString","value":"Neck"},"m_mTransform":{"type":"SMatrix43","value":{"rotation":{"x":0,"y":0,"z":0},"position":{"x":-0.007079999893903732,"y":-0.010920999571681023,"z":0}}},"m_bEnabled":{"type":"bool","value":true},"m_linkedEntity":{"type":"SEntityTemplateReference","value":"1e479b87e0c54b14","postInit":true},"m_eidParent":{"type":"SEntityTemplateReference","value":"111bf298a8a8abda","postInit":true}}},"e92135441e578c5":{"parent":"1e479b87e0c54b14","name":"agent47_pirate_scarf","factory":"0014BEE52B363E94","blueprint":"002571C35316DA44","properties":{"1239136802":{"type":"IRenderMaterialEntity.EModifierOperation","value":"eReplace"},"2359342559":{"type":"IRenderMaterialEntity.EModifierOperation","value":"eReplace"},"m_mTransform":{"type":"SMatrix43","value":{"rotation":{"x":0,"y":0,"z":1.3867508172988892},"position":{"x":-3.244899034500122,"y":7.83479118347168,"z":1.1928260326385498},"scale":{"x":0.9999999999999999,"y":0.9999999999999999,"z":1}}},"Active":{"type":"bool","value":false},"Clients":{"type":"TArray<SEntityTemplateReference>","value":["1e479b87e0c54b14"],"postInit":true},"m_eidParent":{"type":"SEntityTemplateReference","value":"1e479b87e0c54b14","postInit":true}}},"1e479b87e0c54b14":{"parent":null,"name":"OUTFIT_Agent47_Stingray_Hero_PirateOutfit_M_HeroA_v0","factory":"00EC23CD5ED3321D","blueprint":"00F08545F4143973","properties":{"m_ResourceID":{"type":"ZRuntimeResourceID","value":null},"m_fLODScale":{"type":"float32","value":1},"m_mTransform":{"type":"SMatrix43","value":{"rotation":{"x":0,"y":0,"z":-1.3870370388031008},"position":{"x":65.96328735351563,"y":6.015108108520508,"z":0.0000019999999949504854}}},"m_pBonesAndCollisionResource":{"type":"ZRuntimeResourceID","value":{"resource":"0017416135CF879C","flag":"5F"}},"m_bUsePerVertexStiffness":{"type":"bool","value":false},"m_bGlobalCollidersEnabled":{"type":"bool","value":false},"m_bUsePerVertexDamping":{"type":"bool","value":false},"m_bUseSkinningPosNormalConstrains":{"type":"bool","value":false},"m_bUseSkinningNegNormalConstrains":{"type":"bool","value":false},"m_fLODOffset":{"type":"float32","value":100},"m_bLimitTranslation":{"type":"bool","value":false},"m_fDamping":{"type":"float32","value":0.5},"m_fWindConstant":{"type":"float32","value":0.10000000149011612},"m_eRootBone":{"type":"BoneId.Enum","value":"PELVIS"},"m_bEnableAngularVelocityScale":{"type":"bool","value":true},"m_eBendConstrainType":{"type":"EClothBendConstrainType","value":"eClothBendConstrainType_Stick"},"m_fBendStiffness":{"type":"float32","value":0.5},"m_fShearStiffness":{"type":"float32","value":0.5},"m_fFrequency":{"type":"float32","value":60},"m_nIterations":{"type":"uint32","value":2},"m_eStretchConstrainType":{"type":"EClothStretchConstrainType","value":"eClothBendConstrainType_LRA"},"m_eRoomBehaviour":{"type":"ZSpatialEntity.ERoomBehaviour","value":"ROOM_DYNAMIC"},"m_vGravity":{"type":"SVector3","value":{"x":0,"y":0,"z":-10}},"m_fDragConstant":{"type":"float32","value":1},"Back1_Attacher_Transform":{"type":"SMatrix43","value":{"rotation":{"x":0,"y":0,"z":0},"position":{"x":0,"y":0,"z":0}}},"Rifle_Holster_Attacher_Transform":{"type":"SMatrix43","value":{"rotation":{"x":0,"y":0,"z":0},"position":{"x":0.03999999910593033,"y":0,"z":0}}},"m_aBodyParts":{"type":"TArray<SEntityTemplateReference>","value":["63c04ff8e8086efd","94e1d77c77c4968","604815a32db7c096","cd67c804805e2cbd","4e7627c6713f3a9","d7d89d5baf9efb58","5a1243450aca4c03","2a4c23c4caaf3ccc","33b2c42031930ec9","87ce7f624dd617cc","f9b6deb7a51c9a9"],"postInit":true},"m_LocalColliders":{"type":"TArray<SEntityTemplateReference>","value":["111bf298a8a8abda"],"postInit":true}}},"1c74b2b830493b45":{"parent":"111bf298a8a8abda","name":"C_Spine2","factory":"[assembly:/templates/aspectdummy.aspect]([modules:/zclothcapsule.class].entitytype,[modules:/zboneattachaspect.class].entitytype).pc_entitytype","blueprint":"[assembly:/templates/aspectdummy.aspect]([modules:/zclothcapsule.class].entitytype,[modules:/zboneattachaspect.class].entitytype).pc_entityblueprint","properties":{"m_BoneName":{"type":"ZString","value":"Spine2"},"m_linkedEntity":{"type":"SEntityTemplateReference","value":"1e479b87e0c54b14"},"m_fRadiusX":{"type":"float32","value":0.2199999988079071},"m_fRadiusY":{"type":"float32","value":0.1599999964237213},"m_fTop":{"type":"float32","value":0.009999999776482582},"m_fBottom":{"type":"float32","value":0},"m_fRadiusZ":{"type":"float32","value":0.20000000298023224},"m_bEnableBottomRadii":{"type":"bool","value":false},"m_fRadiusXBottom":{"type":"float32","value":1},"m_fRadiusYBottom":{"type":"float32","value":1},"m_fRadiusZBottom":{"type":"float32","value":1},"m_mTransform":{"type":"SMatrix43","value":{"rotation":{"x":0,"y":0,"z":7.748997688293457},"position":{"x":-0.02800000086426735,"y":0.027000000700354576,"z":-0.0010000000474974513}}},"m_bEnabled":{"type":"bool","value":true},"m_eidParent":{"type":"SEntityTemplateReference","value":"111bf298a8a8abda","postInit":true}}},"76715132ed386040":{"parent":"1e479b87e0c54b14","name":"agent47_eyepatch","factory":"009F47126751D3ED","blueprint":"0062889E6E85A2BD","properties":{"1239136802":{"type":"IRenderMaterialEntity.EModifierOperation","value":"eReplace"},"2359342559":{"type":"IRenderMaterialEntity.EModifierOperation","value":"eReplace"},"m_mTransform":{"type":"SMatrix43","value":{"rotation":{"x":0,"y":0,"z":1.3867508172988892},"position":{"x":-3.244899034500122,"y":7.83479118347168,"z":1.1928260326385498},"scale":{"x":0.9999999999999999,"y":0.9999999999999999,"z":1}}},"Active":{"type":"bool","value":false},"Clients":{"type":"TArray<SEntityTemplateReference>","value":["1e479b87e0c54b14"]},"m_eidParent":{"type":"SEntityTemplateReference","value":"1e479b87e0c54b14"}}},"2170895aaee95cbe":{"parent":"111bf298a8a8abda","name":"CChain_LeftArm","factory":"[modules:/zclothspherechain.class].pc_entitytype","blueprint":"[modules:/zclothspherechain.class].pc_entityblueprint","properties":{"m_mTransform":{"type":"SMatrix43","value":{"rotation":{"x":0,"y":0,"z":0},"position":{"x":-0.00000016075250641733874,"y":0.0000000035905429740523687,"z":0}}},"m_bCollisionGroup1":{"type":"bool","value":false},"m_bCollisionGroup0":{"type":"bool","value":true},"m_Spheres":{"type":"TArray<SEntityTemplateReference>","value":["241e6ca8b5fb093","ec0b6caf773682b3","4d61507af5955213","8fba9c5fa79cef50","fd9551571eea092c"],"postInit":true},"m_eidParent":{"type":"SEntityTemplateReference","value":"111bf298a8a8abda","postInit":true}}},"b63a13716ac0461a":{"parent":"111bf298a8a8abda","name":"CChain_RightArm","factory":"[modules:/zclothspherechain.class].pc_entitytype","blueprint":"[modules:/zclothspherechain.class].pc_entityblueprint","properties":{"m_mTransform":{"type":"SMatrix43","value":{"rotation":{"x":0,"y":0,"z":0},"position":{"x":-0.0000001290655973207322,"y":0.000000002171457902377938,"z":0}}},"m_bCollisionGroup0":{"type":"bool","value":true},"m_bCollisionGroup1":{"type":"bool","value":false},"m_Spheres":{"type":"TArray<SEntityTemplateReference>","value":["fd9551571eea092c","2f50ffb30903e442","77ba19982bf44f8d","ebcf273d095beebe","415b15db4a791e60"],"postInit":true},"m_eidParent":{"type":"SEntityTemplateReference","value":"111bf298a8a8abda","postInit":true}}},"45b41aa367861335":{"parent":"111bf298a8a8abda","name":"C_Knee_L","factory":"[assembly:/templates/aspectdummy.aspect]([modules:/zclothsphere.class].entitytype,[modules:/zboneattachaspect.class].entitytype).pc_entitytype","blueprint":"[assembly:/templates/aspectdummy.aspect]([modules:/zclothsphere.class].entitytype,[modules:/zboneattachaspect.class].entitytype).pc_entityblueprint","properties":{"m_fRadius":{"type":"float32","value":0.10999999940395357},"m_BoneName":{"type":"ZString","value":"L_Calf"},"m_linkedEntity":{"type":"SEntityTemplateReference","value":"1e479b87e0c54b14"},"m_mTransform":{"type":"SMatrix43","value":{"rotation":{"x":0,"y":0,"z":0},"position":{"x":0.004000000189989805,"y":-0.03099999949336052,"z":-0.00800000037997961}}},"m_bEnabled":{"type":"bool","value":true},"m_eidParent":{"type":"SEntityTemplateReference","value":"111bf298a8a8abda","postInit":true}}},"ca379637e681a455":{"parent":"111bf298a8a8abda","name":"C_TighMid_L","factory":"[assembly:/templates/aspectdummy.aspect]([modules:/zclothsphere.class].entitytype,[modules:/zboneattachaspect.class].entitytype).pc_entitytype","blueprint":"[assembly:/templates/aspectdummy.aspect]([modules:/zclothsphere.class].entitytype,[modules:/zboneattachaspect.class].entitytype).pc_entityblueprint","properties":{"m_fRadius":{"type":"float32","value":0.14000000059604645},"m_BoneName":{"type":"ZString","value":"LThighTwist1"},"m_linkedEntity":{"type":"SEntityTemplateReference","value":"1e479b87e0c54b14"},"m_mTransform":{"type":"SMatrix43","value":{"rotation":{"x":0,"y":0,"z":0},"position":{"x":0.061000000685453415,"y":-0.004000000189989805,"z":0}}},"m_bEnabled":{"type":"bool","value":true},"m_eidParent":{"type":"SEntityTemplateReference","value":"111bf298a8a8abda","postInit":true}}},"428a0579cc9c6903":{"parent":"1e479b87e0c54b14","name":"Lerp 1","factory":"[modules:/zmathlerp.class].pc_entitytype","blueprint":"[modules:/zmathlerp.class].pc_entityblueprint","properties":{"m_fT":{"type":"float32","value":0},"m_B":{"type":"float32","value":0.30000001192092896}},"events":{"Lerp":{"ConstantVector1D_15_Value":["437a7af6439159d4","ad2dd7468995887c"],"ConstantVector1D_14_Value":["e239e277b63f1601","6e6de1a6ccab2e03","6888cdc0d273fbd4","599290090d26c06d","e92135441e578c5","76715132ed386040"],"ConstantVector1D_04_Value":["deb8d7a4aa3e0c66"]}}},"437a7af6439159d4":{"parent":"1e479b87e0c54b14","name":"agent47_pirate_jacket","factory":"005FE63B4F4F65C2","blueprint":"00200F3C8A424E5F","properties":{"2359342559":{"type":"IRenderMaterialEntity.EModifierOperation","value":"eReplace"},"2786709788":{"type":"IRenderMaterialEntity.EModifierOperation","value":"eReplace"},"m_mTransform":{"type":"SMatrix43","value":{"rotation":{"x":0,"y":0,"z":1.3867508172988892},"position":{"x":-3.244899034500122,"y":7.83479118347168,"z":1.1928260326385498},"scale":{"x":0.9999999999999999,"y":0.9999999999999999,"z":1}}},"Clients":{"type":"TArray<SEntityTemplateReference>","value":["1e479b87e0c54b14"]},"Active":{"type":"bool","value":false},"ConstantVector1D_01_Value_op":{"type":"IRenderMaterialEntity.EModifierOperation","value":"eReplace"},"m_eidParent":{"type":"SEntityTemplateReference","value":"1e479b87e0c54b14"}}},"ec0b6caf773682b3":{"parent":"111bf298a8a8abda","name":"C_Elbow_L","factory":"[assembly:/templates/aspectdummy.aspect]([modules:/zclothsphere.class].entitytype,[modules:/zboneattachaspect.class].entitytype).pc_entitytype","blueprint":"[assembly:/templates/aspectdummy.aspect]([modules:/zclothsphere.class].entitytype,[modules:/zboneattachaspect.class].entitytype).pc_entityblueprint","properties":{"m_fRadius":{"type":"float32","value":0.05000000074505806},"m_BoneName":{"type":"ZString","value":"L_ForeTwist"},"m_linkedEntity":{"type":"SEntityTemplateReference","value":"1e479b87e0c54b14"},"m_mTransform":{"type":"SMatrix43","value":{"rotation":{"x":0,"y":0,"z":0},"position":{"x":-0.008999999612569809,"y":-0.010999999940395355,"z":-0.014000000432133675}}},"m_bEnabled":{"type":"bool","value":true},"m_eidParent":{"type":"SEntityTemplateReference","value":"111bf298a8a8abda","postInit":true}}},"deb8d7a4aa3e0c66":{"parent":"1e479b87e0c54b14","name":"male_reg_head_47_s2","factory":"0085EC475F82AB68","blueprint":"00BED547BDCF7598","properties":{"2287298018":{"type":"IRenderMaterialEntity.EModifierOperation","value":"eReplace"},"m_mTransform":{"type":"SMatrix43","value":{"rotation":{"x":0,"y":0,"z":0.0000003095478291470499},"position":{"x":-0.0000027960350053035654,"y":-0.00000005217953003011644,"z":0}}},"Active":{"type":"bool","value":false},"Texture2DNormal_01_enab":{"type":"bool","value":true},"Clients":{"type":"TArray<SEntityTemplateReference>","value":["1e479b87e0c54b14"]},"m_eidParent":{"type":"SEntityTemplateReference","value":"1e479b87e0c54b14"}}},"77ba19982bf44f8d":{"parent":"111bf298a8a8abda","name":"C_ShoulderR","factory":"[assembly:/templates/aspectdummy.aspect]([modules:/zclothsphere.class].entitytype,[modules:/zboneattachaspect.class].entitytype).pc_entitytype","blueprint":"[assembly:/templates/aspectdummy.aspect]([modules:/zclothsphere.class].entitytype,[modules:/zboneattachaspect.class].entitytype).pc_entityblueprint","properties":{"m_fRadius":{"type":"float32","value":0.10199999809265135},"m_BoneName":{"type":"ZString","value":"R_Clavicle"},"m_linkedEntity":{"type":"SEntityTemplateReference","value":"1e479b87e0c54b14"},"m_mTransform":{"type":"SMatrix43","value":{"rotation":{"x":0,"y":0,"z":0},"position":{"x":0.14300000667572021,"y":0.012000000104308128,"z":-0.0020000000949949026}}},"m_bEnabled":{"type":"bool","value":true},"m_eidParent":{"type":"SEntityTemplateReference","value":"111bf298a8a8abda","postInit":true}}},"63c04ff8e8086efd":{"parent":"1e479b87e0c54b14","name":"Gloves_Leather","factory":"00BEE701448762C1","blueprint":"005D2B1CBD509E61","properties":{"m_pMeshResource":{"type":"ZRuntimeResourceID","value":{"resource":"006C8ADAD77F217A","flag":"5F"}},"Diffuse_Color_01_Value":{"type":"SColorRGB","value":"#f7f3e9"}}},"2a4c23c4caaf3ccc":{"parent":"1e479b87e0c54b14","name":"Pirate_Rings","factory":"[modules:/zbodypartentity.class].pc_entitytype","blueprint":"[modules:/zbodypartentity.class].pc_entityblueprint","properties":{"m_pMeshResource":{"type":"ZRuntimeResourceID","value":{"resource":"00A21F4A20AA00C0","flag":"5F"}}}},"8fba9c5fa79cef50":{"parent":"111bf298a8a8abda","name":"C_ClavicleL","factory":"[assembly:/templates/aspectdummy.aspect]([modules:/zclothsphere.class].entitytype,[modules:/zboneattachaspect.class].entitytype).pc_entitytype","blueprint":"[assembly:/templates/aspectdummy.aspect]([modules:/zclothsphere.class].entitytype,[modules:/zboneattachaspect.class].entitytype).pc_entityblueprint","properties":{"m_fRadius":{"type":"float32","value":0.14399999380111694},"m_BoneName":{"type":"ZString","value":"L_Clavicle"},"m_linkedEntity":{"type":"SEntityTemplateReference","value":"1e479b87e0c54b14"},"m_mTransform":{"type":"SMatrix43","value":{"rotation":{"x":-0.013980168849229813,"y":0,"z":0},"position":{"x":0.07705099880695343,"y":0.017450999468564987,"z":-0.039301998913288116}}},"m_eidParent":{"type":"SEntityTemplateReference","value":"111bf298a8a8abda","postInit":true}}},"241e6ca8b5fb093":{"parent":"111bf298a8a8abda","name":"C_Hand_L","factory":"[assembly:/templates/aspectdummy.aspect]([modules:/zclothsphere.class].entitytype,[modules:/zboneattachaspect.class].entitytype).pc_entitytype","blueprint":"[assembly:/templates/aspectdummy.aspect]([modules:/zclothsphere.class].entitytype,[modules:/zboneattachaspect.class].entitytype).pc_entityblueprint","properties":{"m_fRadius":{"type":"float32","value":0.07000000029802322},"m_BoneName":{"type":"ZString","value":"L_Hand"},"m_linkedEntity":{"type":"SEntityTemplateReference","value":"1e479b87e0c54b14"},"m_mTransform":{"type":"SMatrix43","value":{"rotation":{"x":0,"y":0,"z":0},"position":{"x":0.1120000034570694,"y":0.02500000037252903,"z":0.003000000026077032}}},"m_bEnabled":{"type":"bool","value":false},"m_eidParent":{"type":"SEntityTemplateReference","value":"111bf298a8a8abda","postInit":true}}},"2f50ffb30903e442":{"parent":"111bf298a8a8abda","name":"C_ClavicleR","factory":"[assembly:/templates/aspectdummy.aspect]([modules:/zclothsphere.class].entitytype,[modules:/zboneattachaspect.class].entitytype).pc_entitytype","blueprint":"[assembly:/templates/aspectdummy.aspect]([modules:/zclothsphere.class].entitytype,[modules:/zboneattachaspect.class].entitytype).pc_entityblueprint","properties":{"m_fRadius":{"type":"float32","value":0.14399999380111694},"m_BoneName":{"type":"ZString","value":"R_Clavicle"},"m_linkedEntity":{"type":"SEntityTemplateReference","value":"1e479b87e0c54b14"},"m_mTransform":{"type":"SMatrix43","value":{"rotation":{"x":0.02796033583581447,"y":0.0000000000000000000007583033279093544,"z":0.02796033583581447},"position":{"x":0.09439700096845627,"y":0.015106000006198883,"z":0.03350599855184555}}},"m_eidParent":{"type":"SEntityTemplateReference","value":"111bf298a8a8abda","postInit":true}}},"2afb4c906bcabd01":{"parent":"111bf298a8a8abda","name":"C_Knee_R","factory":"[assembly:/templates/aspectdummy.aspect]([modules:/zclothsphere.class].entitytype,[modules:/zboneattachaspect.class].entitytype).pc_entitytype","blueprint":"[assembly:/templates/aspectdummy.aspect]([modules:/zclothsphere.class].entitytype,[modules:/zboneattachaspect.class].entitytype).pc_entityblueprint","properties":{"m_fRadius":{"type":"float32","value":0.10999999940395357},"m_BoneName":{"type":"ZString","value":"R_Calf"},"m_linkedEntity":{"type":"SEntityTemplateReference","value":"1e479b87e0c54b14"},"m_mTransform":{"type":"SMatrix43","value":{"rotation":{"x":0,"y":0,"z":0},"position":{"x":0.004000000189989805,"y":-0.03099999949336052,"z":-0.003000000026077032}}},"m_bEnabled":{"type":"bool","value":true},"m_eidParent":{"type":"SEntityTemplateReference","value":"111bf298a8a8abda","postInit":true}}},"e239e277b63f1601":{"parent":"1e479b87e0c54b14","name":"agent47_pirate_belt","factory":"0010144624EBD2EB","blueprint":"00F38CF53859ECEA","properties":{"1239136802":{"type":"IRenderMaterialEntity.EModifierOperation","value":"eReplace"},"2359342559":{"type":"IRenderMaterialEntity.EModifierOperation","value":"eLeave"},"m_mTransform":{"type":"SMatrix43","value":{"rotation":{"x":0,"y":0,"z":1.3867508172988892},"position":{"x":3.4181809425354004,"y":8.78950023651123,"z":-0.2147947996854782},"scale":{"x":0.9999999999999999,"y":0.9999999999999999,"z":1}}},"Clients":{"type":"TArray<SEntityTemplateReference>","value":["1e479b87e0c54b14"]},"Active":{"type":"bool","value":false},"m_eidParent":{"type":"SEntityTemplateReference","value":"1e479b87e0c54b14"}}},"ab07da5f748a1478":{"parent":"111bf298a8a8abda","name":"C_Head_Lower","factory":"[assembly:/templates/aspectdummy.aspect]([modules:/zclothsphere.class].entitytype,[modules:/zboneattachaspect.class].entitytype).pc_entitytype","blueprint":"[assembly:/templates/aspectdummy.aspect]([modules:/zclothsphere.class].entitytype,[modules:/zboneattachaspect.class].entitytype).pc_entityblueprint","properties":{"m_fRadius":{"type":"float32","value":0.10000000149011612},"m_BoneName":{"type":"ZString","value":"Head"},"m_mTransform":{"type":"SMatrix43","value":{"rotation":{"x":0,"y":0,"z":0},"position":{"x":0.018286999315023422,"y":0.03781700134277344,"z":-0.0000009999999974752427}}},"m_linkedEntity":{"type":"SEntityTemplateReference","value":"1e479b87e0c54b14"},"m_bEnabled":{"type":"bool","value":true},"m_eidParent":{"type":"SEntityTemplateReference","value":"111bf298a8a8abda","postInit":true}}},"111bf298a8a8abda":{"parent":"1e479b87e0c54b14","name":"PirateOutfit_Collider","factory":"[modules:/zcompositeentity.class].pc_entitytype","blueprint":"[modules:/zcompositeentity.class].pc_entityblueprint","properties":{"m_linkedEntity":{"type":"SEntityTemplateReference","value":"1e479b87e0c54b14"},"m_eidParent":{"type":"SEntityTemplateReference","value":"1e479b87e0c54b14"}},"propertyAliases":{"m_linkedEntity":[{"originalProperty":"m_linkedEntity","originalEntity":"241e6ca8b5fb093"},{"originalProperty":"m_linkedEntity","originalEntity":"ec0b6caf773682b3"},{"originalProperty":"m_linkedEntity","originalEntity":"ebcf273d095beebe"},{"originalProperty":"m_linkedEntity","originalEntity":"b0693be4e6c5bb8a"},{"originalProperty":"m_linkedEntity","originalEntity":"3791f39a98e54c4d"},{"originalProperty":"m_linkedEntity","originalEntity":"77ba19982bf44f8d"},{"originalProperty":"m_linkedEntity","originalEntity":"415b15db4a791e60"},{"originalProperty":"m_linkedEntity","originalEntity":"94243b50e1b35fd5"},{"originalProperty":"m_linkedEntity","originalEntity":"45b41aa367861335"},{"originalProperty":"m_linkedEntity","originalEntity":"10b35c1bc298a947"},{"originalProperty":"m_linkedEntity","originalEntity":"2afb4c906bcabd01"},{"originalProperty":"m_linkedEntity","originalEntity":"1c74b2b830493b45"},{"originalProperty":"m_linkedEntity","originalEntity":"e1bc28f69ddff7c1"},{"originalProperty":"m_linkedEntity","originalEntity":"4d61507af5955213"},{"originalProperty":"m_linkedEntity","originalEntity":"ca379637e681a455"},{"originalProperty":"m_linkedEntity","originalEntity":"12aeb42d5a3a6931"},{"originalProperty":"m_linkedEntity","originalEntity":"84ccc3a2aa18072c"},{"originalProperty":"m_linkedEntity","originalEntity":"c7f5d893fc2d0e4c"},{"originalProperty":"m_linkedEntity","originalEntity":"abc1a902f705436"},{"originalProperty":"m_linkedEntity","originalEntity":"ab07da5f748a1478"},{"originalProperty":"m_linkedEntity","originalEntity":"fd9551571eea092c"},{"originalProperty":"m_linkedEntity","originalEntity":"8fba9c5fa79cef50"},{"originalProperty":"m_linkedEntity","originalEntity":"2f50ffb30903e442"}],"Neck_Radius":[{"originalProperty":"m_fRadius","originalEntity":"fd9551571eea092c"}],"Head_Low_Radius":[{"originalProperty":"m_fRadius","originalEntity":"ab07da5f748a1478"}],"Head_Top_Radius":[{"originalProperty":"m_fRadius","originalEntity":"abc1a902f705436"}],"Head_Top_Position":[{"originalProperty":"m_mTransform","originalEntity":"abc1a902f705436"}],"Hand_R_Radius":[{"originalProperty":"m_fRadius","originalEntity":"415b15db4a791e60"}],"Hand_L_Radius":[{"originalProperty":"m_fRadius","originalEntity":"241e6ca8b5fb093"}],"Elbow_R_Radius":[{"originalProperty":"m_fRadius","originalEntity":"ebcf273d095beebe"}],"Elbow_L_Radius":[{"originalProperty":"m_fRadius","originalEntity":"ec0b6caf773682b3"}],"Shoulder_R_Radius":[{"originalProperty":"m_fRadius","originalEntity":"77ba19982bf44f8d"}],"Head_Low_Position":[{"originalProperty":"m_mTransform","originalEntity":"ab07da5f748a1478"}],"Shoulder_L_Radius":[{"originalProperty":"m_fRadius","originalEntity":"4d61507af5955213"}],"Neck_Position":[{"originalProperty":"m_mTransform","originalEntity":"fd9551571eea092c"}],"Shoulder_L_Position":[{"originalProperty":"m_mTransform","originalEntity":"4d61507af5955213"}],"Shoulder_R_Position":[{"originalProperty":"m_mTransform","originalEntity":"77ba19982bf44f8d"}],"Elbow_L_Position":[{"originalProperty":"m_mTransform","originalEntity":"ec0b6caf773682b3"}],"Elbow_R_Position":[{"originalProperty":"m_mTransform","originalEntity":"ebcf273d095beebe"}],"Hand_L_Position":[{"originalProperty":"m_mTransform","originalEntity":"241e6ca8b5fb093"}],"Hand_R_Position":[{"originalProperty":"m_mTransform","originalEntity":"415b15db4a791e60"}],"Spine_Top_Position":[{"originalProperty":"m_mTransform","originalEntity":"1c74b2b830493b45"}],"Spine_Mid_Position":[{"originalProperty":"m_mTransform","originalEntity":"10b35c1bc298a947"}],"Spine_Low_Position":[{"originalProperty":"m_mTransform","originalEntity":"94243b50e1b35fd5"}],"Pelvis_Position":[{"originalProperty":"m_mTransform","originalEntity":"e1bc28f69ddff7c1"}],"Thigh_Top_L_Position":[{"originalProperty":"m_mTransform","originalEntity":"c7f5d893fc2d0e4c"}],"Thigh_Top_R_Position":[{"originalProperty":"m_mTransform","originalEntity":"84ccc3a2aa18072c"}],"Thigh_Mid_L_Position":[{"originalProperty":"m_mTransform","originalEntity":"ca379637e681a455"}],"Thigh_Mid_R_Position":[{"originalProperty":"m_mTransform","originalEntity":"12aeb42d5a3a6931"}],"Knee_L_Position":[{"originalProperty":"m_mTransform","originalEntity":"45b41aa367861335"}],"Knee_R_Position":[{"originalProperty":"m_mTransform","originalEntity":"2afb4c906bcabd01"}],"Foot_L_Position":[{"originalProperty":"m_mTransform","originalEntity":"b0693be4e6c5bb8a"}],"Foot_R_Position":[{"originalProperty":"m_mTransform","originalEntity":"3791f39a98e54c4d"}],"Spine_Top_RadiusX":[{"originalProperty":"m_fRadiusX","originalEntity":"1c74b2b830493b45"}],"Spine_Top_RadiusY":[{"originalProperty":"m_fRadiusY","originalEntity":"1c74b2b830493b45"}],"Spine_Top_RadiusZ":[{"originalProperty":"m_fRadiusZ","originalEntity":"1c74b2b830493b45"}],"Spine_Mid_RadiusX":[{"originalProperty":"m_fRadiusX","originalEntity":"10b35c1bc298a947"}],"Spine_Mid_RadiusY":[{"originalProperty":"m_fRadiusY","originalEntity":"10b35c1bc298a947"}],"Spine_Mid_RadiusZ":[{"originalProperty":"m_fRadiusZ","originalEntity":"10b35c1bc298a947"}],"Spine_Low_RadiusX":[{"originalProperty":"m_fRadiusX","originalEntity":"94243b50e1b35fd5"}],"Spine_Low_RadiusY":[{"originalProperty":"m_fRadiusY","originalEntity":"94243b50e1b35fd5"}],"Spine_Low_RadiusZ":[{"originalProperty":"m_fRadiusZ","originalEntity":"94243b50e1b35fd5"}],"Pelvis_Radius":[{"originalProperty":"m_fRadius","originalEntity":"e1bc28f69ddff7c1"}],"Thigh_Top_L_Radius":[{"originalProperty":"m_fRadius","originalEntity":"c7f5d893fc2d0e4c"}],"Thigh_Top_R_Radius":[{"originalProperty":"m_fRadius","originalEntity":"84ccc3a2aa18072c"}],"Thigh_Mid_L_Radius":[{"originalProperty":"m_fRadius","originalEntity":"ca379637e681a455"}],"Thigh_Mid_R_Radius":[{"originalProperty":"m_fRadius","originalEntity":"12aeb42d5a3a6931"}],"Knee_L_Radius":[{"originalProperty":"m_fRadius","originalEntity":"45b41aa367861335"}],"Knee_R_Radius":[{"originalProperty":"m_fRadius","originalEntity":"2afb4c906bcabd01"}],"Foot_L_Radius":[{"originalProperty":"m_fRadius","originalEntity":"b0693be4e6c5bb8a"}],"Foot_R_Radius":[{"originalProperty":"m_fRadius","originalEntity":"3791f39a98e54c4d"}],"Head_Top_Enabled":[{"originalProperty":"m_bEnabled","originalEntity":"abc1a902f705436"}],"Head_Low_Enabled":[{"originalProperty":"m_bEnabled","originalEntity":"ab07da5f748a1478"}],"Neck_Enabled":[{"originalProperty":"m_bEnabled","originalEntity":"fd9551571eea092c"}],"Shoulder_L_Enabled":[{"originalProperty":"m_bEnabled","originalEntity":"4d61507af5955213"}],"Shoulder_R_Enabled":[{"originalProperty":"m_bEnabled","originalEntity":"77ba19982bf44f8d"}],"Elbow_L_Enabled":[{"originalProperty":"m_bEnabled","originalEntity":"ec0b6caf773682b3"}],"Elbow_R_Enabled":[{"originalProperty":"m_bEnabled","originalEntity":"ebcf273d095beebe"}],"Spine_Top_Enabled":[{"originalProperty":"m_bEnabled","originalEntity":"1c74b2b830493b45"}],"Hand_R_Enabled":[{"originalProperty":"m_bEnabled","originalEntity":"415b15db4a791e60"}],"Hand_L_Enabled":[{"originalProperty":"m_bEnabled","originalEntity":"241e6ca8b5fb093"}],"Spine_Mid_Enabled":[{"originalProperty":"m_bEnabled","originalEntity":"10b35c1bc298a947"}],"Spine_Low_Enabled":[{"originalProperty":"m_bEnabled","originalEntity":"94243b50e1b35fd5"}],"Pelvis_Enabled":[{"originalProperty":"m_bEnabled","originalEntity":"e1bc28f69ddff7c1"}],"Thigh_Top_L_Enabled":[{"originalProperty":"m_bEnabled","originalEntity":"c7f5d893fc2d0e4c"}],"Thigh_Top_R_Enabled":[{"originalProperty":"m_bEnabled","originalEntity":"84ccc3a2aa18072c"}],"Thigh_Mid_L_Enabled":[{"originalProperty":"m_bEnabled","originalEntity":"ca379637e681a455"}],"Thigh_Mid_R_Enabled":[{"originalProperty":"m_bEnabled","originalEntity":"12aeb42d5a3a6931"}],"Knee_L_Enabled":[{"originalProperty":"m_bEnabled","originalEntity":"45b41aa367861335"}],"Knee_R_Enabled":[{"originalProperty":"m_bEnabled","originalEntity":"2afb4c906bcabd01"}],"Foot_L_Enabled":[{"originalProperty":"m_bEnabled","originalEntity":"b0693be4e6c5bb8a"}],"Foot_R_Enabled":[{"originalProperty":"m_bEnabled","originalEntity":"3791f39a98e54c4d"}]},"exposedInterfaces":{"ZClothCollider":"f37bc0c47eb9eb21","ZClothColliderGroup":"f37bc0c47eb9eb21"}},"5a1243450aca4c03":{"parent":"1e479b87e0c54b14","name":"Pirate_Pants","factory":"[modules:/zbodypartentity.class].pc_entitytype","blueprint":"[modules:/zbodypartentity.class].pc_entityblueprint","properties":{"m_pMeshResource":{"type":"ZRuntimeResourceID","value":{"resource":"008E3308B1D98A2D","flag":"5F"}}}},"4e7627c6713f3a9":{"parent":"1e479b87e0c54b14","name":"Pirate_Hat","factory":"[modules:/zbodypartentity.class].pc_entitytype","blueprint":"[modules:/zbodypartentity.class].pc_entityblueprint","properties":{"m_pMeshResource":{"type":"ZRuntimeResourceID","value":{"resource":"0013137B7D284ECA","flag":"5F"}},"m_IsHiddenInVR":{"type":"bool","value":true}}},"94e1d77c77c4968":{"parent":"1e479b87e0c54b14","name":"Head_47","factory":"00537D16B5CE7286","blueprint":"00F2E4A932ECAA63"},"33b2c42031930ec9":{"parent":"1e479b87e0c54b14","name":"Pirate_Scarf","factory":"[modules:/zbodypartentity.class].pc_entitytype","blueprint":"[modules:/zbodypartentity.class].pc_entityblueprint","properties":{"m_pMeshResource":{"type":"ZRuntimeResourceID","value":{"resource":"0023DD944E00118B","flag":"5F"}}}},"36696155eb7df735":{"parent":"1e479b87e0c54b14","name":"Lerp 2","factory":"[modules:/zmathlerp.class].pc_entitytype","blueprint":"[modules:/zmathlerp.class].pc_entityblueprint","properties":{"m_fT":{"type":"float32","value":0},"m_B":{"type":"float32","value":2},"m_A":{"type":"float32","value":1}},"events":{"Lerp":{"ConstantVector1D_06_Value":["e92135441e578c5","599290090d26c06d","76715132ed386040","6e6de1a6ccab2e03","437a7af6439159d4","6888cdc0d273fbd4","ad2dd7468995887c"]}}},"ce29bdb896140482":{"parent":"111bf298a8a8abda","name":"CChainHead_Neck","factory":"[modules:/zclothspherechain.class].pc_entitytype","blueprint":"[modules:/zclothspherechain.class].pc_entityblueprint","properties":{"m_Spheres":{"type":"TArray<SEntityTemplateReference>","value":["abc1a902f705436","ab07da5f748a1478","fd9551571eea092c"]},"m_eidParent":{"type":"SEntityTemplateReference","value":"111bf298a8a8abda"}}},"ab1f0e32698521e3":{"parent":"1e479b87e0c54b14","name":"Lerp 4","factory":"[modules:/zmathlerp.class].pc_entitytype","blueprint":"[modules:/zmathlerp.class].pc_entityblueprint","properties":{"m_A":{"type":"float32","value":1},"m_fT":{"type":"float32","value":0},"m_B":{"type":"float32","value":0.5}},"events":{"Lerp":{"ConstantVector1D_01_Value":["6888cdc0d273fbd4"]}}}},"propertyOverrides":[],"overrideDeletes":[],"pinConnectionOverrides":[],"pinConnectionOverrideDeletes":[],"externalScenes":[],"subType":"template","quickEntityVersion":3.1,"extraFactoryDependencies":[],"extraBlueprintDependencies":[],"comments":[]}