{"tempHash":"00C1A1B28B181857","tbluHash":"00D505BBCC72CAAD","rootEntity":"6de3a46bad979b2","entities":{"ebe6977b475d07dc":{"parent":"6de3a46bad979b2","name":"male_reg_ninja_belt","factory":"[assembly:/_pro/characters/assets/individuals/hokkaido/ninja/materials/male_reg_ninja_belt.mi].pc_entitytype","blueprint":"[assembly:/_pro/characters/assets/individuals/hokkaido/ninja/materials/male_reg_ninja_belt.mi].pc_entityblueprint","properties":{"m_mTransform":{"type":"SMatrix43","value":{"rotation":{"x":0,"y":0,"z":0},"position":{"x":0,"y":0,"z":0}}},"ConstantVector1D_01_Value_op":{"type":"IRenderMaterialEntity.EModifierOperation","value":"eReplace"},"ConstantVector1D_01_Value":{"type":"float32","value":2},"ConstantVector1D_04_Value_op":{"type":"IRenderMaterialEntity.EModifierOperation","value":"eReplace"},"ConstantVector1D_06_Value_op":{"type":"IRenderMaterialEntity.EModifierOperation","value":"eReplace"},"Clients":{"type":"TArray<SEntityTemplateReference>","value":["6de3a46bad979b2"],"postInit":true},"m_eidParent":{"type":"SEntityTemplateReference","value":"6de3a46bad979b2","postInit":true}}},"5de67f794ae445a6":{"parent":"bf0edaad1a7afa75","name":"CChainHead_Neck","factory":"[modules:/zclothspherechain.class].pc_entitytype","blueprint":"[modules:/zclothspherechain.class].pc_entityblueprint","properties":{"m_Spheres":{"type":"TArray<SEntityTemplateReference>","value":["d46f22fffc7fa3ca","97b9d27fbcf2c489","c531448db6fd24c1"],"postInit":true},"m_eidParent":{"type":"SEntityTemplateReference","value":"bf0edaad1a7afa75","postInit":true}}},"9bc29f29e43a2acb":{"parent":"6de3a46bad979b2","name":"Head_47","factory":"00537D16B5CE7286","blueprint":"00F2E4A932ECAA63"},"b8139bc5817dff02":{"parent":"bf0edaad1a7afa75","name":"C_Pelvis","factory":"[assembly:/templates/aspectdummy.aspect]([modules:/zclothsphere.class].entitytype,[modules:/zboneattachaspect.class].entitytype).pc_entitytype","blueprint":"[assembly:/templates/aspectdummy.aspect]([modules:/zclothsphere.class].entitytype,[modules:/zboneattachaspect.class].entitytype).pc_entityblueprint","properties":{"m_fRadius":{"type":"float32","value":0.14000000059604645},"m_BoneName":{"type":"ZString","value":"Pelvis"},"m_mTransform":{"type":"SMatrix43","value":{"rotation":{"x":-0.06250973638926272,"y":0.052368348364419594,"z":-0.06852576615092817},"position":{"x":-0.014000000432133675,"y":0.015922000631690025,"z":0.004999999888241291}}},"m_bEnabled":{"type":"bool","value":false},"m_linkedEntity":{"type":"SEntityTemplateReference","value":"6de3a46bad979b2","postInit":true},"m_eidParent":{"type":"SEntityTemplateReference","value":"bf0edaad1a7afa75","postInit":true}}},"60af56683f08e33a":{"parent":"bf0edaad1a7afa75","name":"C_Elbow_L","factory":"[assembly:/templates/aspectdummy.aspect]([modules:/zclothsphere.class].entitytype,[modules:/zboneattachaspect.class].entitytype).pc_entitytype","blueprint":"[assembly:/templates/aspectdummy.aspect]([modules:/zclothsphere.class].entitytype,[modules:/zboneattachaspect.class].entitytype).pc_entityblueprint","properties":{"m_fRadius":{"type":"float32","value":0.05000000074505806},"m_BoneName":{"type":"ZString","value":"L_ForeTwist"},"m_mTransform":{"type":"SMatrix43","value":{"rotation":{"x":0,"y":0,"z":0},"position":{"x":-0.008999999612569809,"y":-0.010999999940395355,"z":-0.014000000432133675}}},"m_bEnabled":{"type":"bool","value":false},"m_linkedEntity":{"type":"SEntityTemplateReference","value":"6de3a46bad979b2","postInit":true},"m_eidParent":{"type":"SEntityTemplateReference","value":"bf0edaad1a7afa75","postInit":true}}},"5f353334df916aea":{"parent":"bf0edaad1a7afa75","name":"C_Tri_L","factory":"[assembly:/templates/aspectdummy.aspect]([modules:/zclothsphere.class].entitytype,[modules:/zboneattachaspect.class].entitytype).pc_entitytype","blueprint":"[assembly:/templates/aspectdummy.aspect]([modules:/zclothsphere.class].entitytype,[modules:/zboneattachaspect.class].entitytype).pc_entityblueprint","properties":{"m_fRadius":{"type":"float32","value":0.14000000059604645},"m_BoneName":{"type":"ZString","value":"LThighTwist1"},"m_mTransform":{"type":"SMatrix43","value":{"rotation":{"x":0,"y":0,"z":0},"position":{"x":0,"y":0,"z":0}}},"m_bEnabled":{"type":"bool","value":true},"m_bCollisionGroup0":{"type":"bool","value":false},"m_bCollisionGroup1":{"type":"bool","value":true},"m_linkedEntity":{"type":"SEntityTemplateReference","value":"6de3a46bad979b2","postInit":true},"m_eidParent":{"type":"SEntityTemplateReference","value":"bf0edaad1a7afa75","postInit":true}}},"2136e282f81117c5":{"parent":"bf0edaad1a7afa75","name":"C_Tri_R","factory":"[assembly:/templates/aspectdummy.aspect]([modules:/zclothsphere.class].entitytype,[modules:/zboneattachaspect.class].entitytype).pc_entitytype","blueprint":"[assembly:/templates/aspectdummy.aspect]([modules:/zclothsphere.class].entitytype,[modules:/zboneattachaspect.class].entitytype).pc_entityblueprint","properties":{"m_fRadius":{"type":"float32","value":0.14000000059604645},"m_BoneName":{"type":"ZString","value":"RThighTwist1"},"m_mTransform":{"type":"SMatrix43","value":{"rotation":{"x":0,"y":0,"z":0},"position":{"x":0,"y":0,"z":0}}},"m_bEnabled":{"type":"bool","value":true},"m_bCollisionGroup0":{"type":"bool","value":false},"m_bCollisionGroup1":{"type":"bool","value":true},"m_linkedEntity":{"type":"SEntityTemplateReference","value":"6de3a46bad979b2","postInit":true},"m_eidParent":{"type":"SEntityTemplateReference","value":"bf0edaad1a7afa75","postInit":true}}},"3dc60df77603938f":{"parent":"6de3a46bad979b2","name":"male_reg_ninja_string","factory":"[assembly:/_pro/characters/assets/individuals/hokkaido/ninja/materials/male_reg_ninja_string.mi].pc_entitytype","blueprint":"[assembly:/_pro/characters/assets/individuals/hokkaido/ninja/materials/male_reg_ninja_string.mi].pc_entityblueprint","properties":{"m_mTransform":{"type":"SMatrix43","value":{"rotation":{"x":0,"y":0,"z":0},"position":{"x":0,"y":0,"z":0}}},"Diffuse_Saturation_01_Value_op":{"type":"IRenderMaterialEntity.EModifierOperation","value":"eReplace"},"Diffuse_Saturation_01_Value":{"type":"float32","value":0},"ConstantVector1D_01_Value_op":{"type":"IRenderMaterialEntity.EModifierOperation","value":"eReplace"},"ConstantVector1D_01_Value":{"type":"float32","value":1.25},"ConstantVector1D_06_Value_op":{"type":"IRenderMaterialEntity.EModifierOperation","value":"eReplace"},"Clients":{"type":"TArray<SEntityTemplateReference>","value":["dc4bd4d552bb70be"],"postInit":true},"m_eidParent":{"type":"SEntityTemplateReference","value":"6de3a46bad979b2","postInit":true}}},"f5af76d5580d8326":{"parent":"6de3a46bad979b2","name":"Part_Belt","factory":"[modules:/zbodypartentity.class].pc_entitytype","blueprint":"[modules:/zbodypartentity.class].pc_entityblueprint","properties":{"m_pMeshResource":{"type":"ZRuntimeResourceID","value":{"resource":"005D31D7D544E295","flag":"5F"}}}},"ebe067cbc108367b":{"parent":"bf0edaad1a7afa75","name":"C_Tri","factory":"[assembly:/templates/aspectdummy.aspect]([modules:/zclothsphere.class].entitytype,[modules:/zboneattachaspect.class].entitytype).pc_entitytype","blueprint":"[assembly:/templates/aspectdummy.aspect]([modules:/zclothsphere.class].entitytype,[modules:/zboneattachaspect.class].entitytype).pc_entityblueprint","properties":{"m_fRadius":{"type":"float32","value":0.14000000059604645},"m_BoneName":{"type":"ZString","value":"Pelvis"},"m_mTransform":{"type":"SMatrix43","value":{"rotation":{"x":-0.08623017336632245,"y":0.00011459153141002388,"z":-0.11533643862921224},"position":{"x":-0.014000000432133675,"y":0.04606299847364426,"z":0.004999999888241291}}},"m_bEnabled":{"type":"bool","value":true},"m_bCollisionGroup0":{"type":"bool","value":false},"m_bCollisionGroup1":{"type":"bool","value":true},"m_linkedEntity":{"type":"SEntityTemplateReference","value":"6de3a46bad979b2","postInit":true},"m_eidParent":{"type":"SEntityTemplateReference","value":"bf0edaad1a7afa75","postInit":true}}},"b95bf44d1bc81547":{"parent":"6de3a46bad979b2","name":"Hands","factory":"009A6D9F7927FB89","blueprint":"00F49463DEA8D412"},"64fc38648f23fc36":{"parent":"bf0edaad1a7afa75","name":"CChain01_Legs","factory":"[modules:/zclothspherechain.class].pc_entitytype","blueprint":"[modules:/zclothspherechain.class].pc_entityblueprint","properties":{"m_mTransform":{"type":"SMatrix43","value":{"rotation":{"x":0,"y":0,"z":0},"position":{"x":-0.0000001290655973207322,"y":0.000000002171457902377938,"z":0}}},"m_bCollisionGroup0":{"type":"bool","value":false},"m_bCollisionGroup1":{"type":"bool","value":true},"m_bEnabled":{"type":"bool","value":true},"m_Spheres":{"type":"TArray<SEntityTemplateReference>","value":["a66da1ca14b46df6","b8139bc5817dff02","8543b3f1c7fda881"],"postInit":true},"m_eidParent":{"type":"SEntityTemplateReference","value":"bf0edaad1a7afa75","postInit":true}}},"e373fc8ea4f51fa8":{"parent":"6de3a46bad979b2","name":"Lerp 2","factory":"[modules:/zmathlerp.class].pc_entitytype","blueprint":"[modules:/zmathlerp.class].pc_entityblueprint","properties":{"m_A":{"type":"float32","value":2.5},"m_B":{"type":"float32","value":0.800000011920929},"m_fT":{"type":"float32","value":0}},"events":{"Lerp":{"ConstantVector1D_01_Value":["876d9f268e556c68"]}}},"14141806fc02e97c":{"parent":"bf0edaad1a7afa75","name":"C_Elbow_R","factory":"[assembly:/templates/aspectdummy.aspect]([modules:/zclothsphere.class].entitytype,[modules:/zboneattachaspect.class].entitytype).pc_entitytype","blueprint":"[assembly:/templates/aspectdummy.aspect]([modules:/zclothsphere.class].entitytype,[modules:/zboneattachaspect.class].entitytype).pc_entityblueprint","properties":{"m_fRadius":{"type":"float32","value":0.05000000074505806},"m_BoneName":{"type":"ZString","value":"R_ForeTwist"},"m_mTransform":{"type":"SMatrix43","value":{"rotation":{"x":0,"y":0,"z":0},"position":{"x":-0.004000000189989805,"y":-0.009999999776482582,"z":0.00800000037997961}}},"m_bEnabled":{"type":"bool","value":false},"m_linkedEntity":{"type":"SEntityTemplateReference","value":"6de3a46bad979b2","postInit":true},"m_eidParent":{"type":"SEntityTemplateReference","value":"bf0edaad1a7afa75","postInit":true}}},"be9dc3fb040f1c2a":{"parent":"bf0edaad1a7afa75","name":"CChain_LeftArm","factory":"[modules:/zclothspherechain.class].pc_entitytype","blueprint":"[modules:/zclothspherechain.class].pc_entityblueprint","properties":{"m_mTransform":{"type":"SMatrix43","value":{"rotation":{"x":0,"y":0,"z":0},"position":{"x":-0.00000016075250641733874,"y":0.0000000035905429740523687,"z":0}}},"m_bCollisionGroup1":{"type":"bool","value":false},"m_bCollisionGroup0":{"type":"bool","value":true},"m_bEnabled":{"type":"bool","value":true},"m_Spheres":{"type":"TArray<SEntityTemplateReference>","value":["3be27d663e178c9d","60af56683f08e33a","c3b787f533f14773","c531448db6fd24c1"],"postInit":true},"m_eidParent":{"type":"SEntityTemplateReference","value":"bf0edaad1a7afa75","postInit":true}}},"8d0da1bdf58f306a":{"parent":"bf0edaad1a7afa75","name":"C_TighMid_L","factory":"[assembly:/templates/aspectdummy.aspect]([modules:/zclothsphere.class].entitytype,[modules:/zboneattachaspect.class].entitytype).pc_entitytype","blueprint":"[assembly:/templates/aspectdummy.aspect]([modules:/zclothsphere.class].entitytype,[modules:/zboneattachaspect.class].entitytype).pc_entityblueprint","properties":{"m_fRadius":{"type":"float32","value":0.14000000059604645},"m_BoneName":{"type":"ZString","value":"LThighTwist1"},"m_mTransform":{"type":"SMatrix43","value":{"rotation":{"x":0,"y":0.019767042409995977,"z":0},"position":{"x":0.06485400348901749,"y":0.009108999744057655,"z":-0.005001999903470278}}},"m_bEnabled":{"type":"bool","value":true},"m_linkedEntity":{"type":"SEntityTemplateReference","value":"6de3a46bad979b2","postInit":true},"m_eidParent":{"type":"SEntityTemplateReference","value":"bf0edaad1a7afa75","postInit":true}}},"d741a138defb6e32":{"parent":"6de3a46bad979b2","name":"Lerp","factory":"[modules:/zmathlerp.class].pc_entitytype","blueprint":"[modules:/zmathlerp.class].pc_entityblueprint","properties":{"m_fT":{"type":"float32","value":0},"m_B":{"type":"float32","value":0.6000000238418579}},"events":{"Lerp":{"ConstantVector1D_04_Value":["876d9f268e556c68","ebe6977b475d07dc","7bfa2f3bf3f62887"]}}},"c531448db6fd24c1":{"parent":"bf0edaad1a7afa75","name":"C_Neck","factory":"[assembly:/templates/aspectdummy.aspect]([modules:/zclothsphere.class].entitytype,[modules:/zboneattachaspect.class].entitytype).pc_entitytype","blueprint":"[assembly:/templates/aspectdummy.aspect]([modules:/zclothsphere.class].entitytype,[modules:/zboneattachaspect.class].entitytype).pc_entityblueprint","properties":{"m_fRadius":{"type":"float32","value":0.10000000149011612},"m_BoneName":{"type":"ZString","value":"Neck"},"m_mTransform":{"type":"SMatrix43","value":{"rotation":{"x":0,"y":0,"z":0},"position":{"x":-0.007079999893903732,"y":-0.010920999571681023,"z":0}}},"m_bEnabled":{"type":"bool","value":true},"m_linkedEntity":{"type":"SEntityTemplateReference","value":"6de3a46bad979b2","postInit":true},"m_eidParent":{"type":"SEntityTemplateReference","value":"bf0edaad1a7afa75","postInit":true}}},"ad5ebe65a39921ff":{"parent":"bf0edaad1a7afa75","name":"C_Spine","factory":"[assembly:/templates/aspectdummy.aspect]([modules:/zclothcapsule.class].entitytype,[modules:/zboneattachaspect.class].entitytype).pc_entitytype","blueprint":"[assembly:/templates/aspectdummy.aspect]([modules:/zclothcapsule.class].entitytype,[modules:/zboneattachaspect.class].entitytype).pc_entityblueprint","properties":{"m_BoneName":{"type":"ZString","value":"Spine"},"m_fRadiusX":{"type":"float32","value":0.18000000715255737},"m_fRadiusY":{"type":"float32","value":0.13500000536441803},"m_fTop":{"type":"float32","value":0.009999999776482582},"m_fBottom":{"type":"float32","value":0},"m_fRadiusZ":{"type":"float32","value":0.1979999989271164},"m_bEnableBottomRadii":{"type":"bool","value":false},"m_fRadiusXBottom":{"type":"float32","value":1},"m_fRadiusYBottom":{"type":"float32","value":1},"m_fRadiusZBottom":{"type":"float32","value":1},"m_mTransform":{"type":"SMatrix43","value":{"rotation":{"x":0,"y":0,"z":0},"position":{"x":0,"y":0.03200000151991844,"z":-0.0010000000474974513}}},"m_bEnabled":{"type":"bool","value":true},"m_linkedEntity":{"type":"SEntityTemplateReference","value":"6de3a46bad979b2","postInit":true},"m_eidParent":{"type":"SEntityTemplateReference","value":"bf0edaad1a7afa75","postInit":true}}},"876d9f268e556c68":{"parent":"6de3a46bad979b2","name":"male_reg_ninja_pants","factory":"[assembly:/_pro/characters/assets/individuals/hokkaido/ninja/materials/male_reg_ninja_pants.mi].pc_entitytype","blueprint":"[assembly:/_pro/characters/assets/individuals/hokkaido/ninja/materials/male_reg_ninja_pants.mi].pc_entityblueprint","properties":{"m_mTransform":{"type":"SMatrix43","value":{"rotation":{"x":0,"y":0,"z":0},"position":{"x":0,"y":0,"z":0}}},"ConstantVector1D_01_Value_op":{"type":"IRenderMaterialEntity.EModifierOperation","value":"eReplace"},"ConstantVector1D_01_Value":{"type":"float32","value":2.5},"ConstantVector1D_04_Value_op":{"type":"IRenderMaterialEntity.EModifierOperation","value":"eReplace"},"ConstantVector1D_06_Value_op":{"type":"IRenderMaterialEntity.EModifierOperation","value":"eReplace"},"Clients":{"type":"TArray<SEntityTemplateReference>","value":["6de3a46bad979b2"],"postInit":true},"m_eidParent":{"type":"SEntityTemplateReference","value":"6de3a46bad979b2","postInit":true}}},"9aa1b423ed511495":{"parent":"6de3a46bad979b2","name":"Part_Pants","factory":"[modules:/zbodypartentity.class].pc_entitytype","blueprint":"[modules:/zbodypartentity.class].pc_entityblueprint","properties":{"m_pMeshResource":{"type":"ZRuntimeResourceID","value":{"resource":"00FC6F37AB1BE1DF","flag":"5F"}}}},"55650d74e9d276b1":{"parent":"bf0edaad1a7afa75","name":"C_TighMid_R","factory":"[assembly:/templates/aspectdummy.aspect]([modules:/zclothsphere.class].entitytype,[modules:/zboneattachaspect.class].entitytype).pc_entitytype","blueprint":"[assembly:/templates/aspectdummy.aspect]([modules:/zclothsphere.class].entitytype,[modules:/zboneattachaspect.class].entitytype).pc_entityblueprint","properties":{"m_fRadius":{"type":"float32","value":0.14000000059604645},"m_BoneName":{"type":"ZString","value":"RThighTwist1"},"m_mTransform":{"type":"SMatrix43","value":{"rotation":{"x":0.01976704358638215,"y":0,"z":0},"position":{"x":0.061622001230716705,"y":0.005229999776929617,"z":0.013539999723434448}}},"m_bEnabled":{"type":"bool","value":true},"m_linkedEntity":{"type":"SEntityTemplateReference","value":"6de3a46bad979b2","postInit":true},"m_eidParent":{"type":"SEntityTemplateReference","value":"bf0edaad1a7afa75","postInit":true}}},"63b3bd689cd0dcd1":{"parent":"6de3a46bad979b2","name":"FX_Hitman_Wet_Logic_Character","factory":"0067CFB703A80787","blueprint":"00AA88C960CD2080","properties":{"HeadMaterialToOverride":{"type":"ZRuntimeResourceID","value":{"resource":"009F7978C601815A","flag":"5F"}},"HeadMaterialOverride":{"type":"TArray<SEntityTemplateReference>","value":["6de3a46bad979b2"],"postInit":true}},"events":{"HitmanWetness":{"T":["47679f2c69d65621","d741a138defb6e32","9db2c7f8c24189cb","e373fc8ea4f51fa8","1942e0b5483059c4","b183acb698dcd961","1d77fd6d223af1d9"]},"ChangedDisguiseTrigger":{"Activate":["73084d0b90f502e8"]}}},"2bd07f82f7364b2c":{"parent":"bf0edaad1a7afa75","name":"CChain_RightArm","factory":"[modules:/zclothspherechain.class].pc_entitytype","blueprint":"[modules:/zclothspherechain.class].pc_entityblueprint","properties":{"m_mTransform":{"type":"SMatrix43","value":{"rotation":{"x":0,"y":0,"z":0},"position":{"x":-0.0000001290655973207322,"y":0.000000002171457902377938,"z":0}}},"m_bCollisionGroup0":{"type":"bool","value":true},"m_bCollisionGroup1":{"type":"bool","value":false},"m_bEnabled":{"type":"bool","value":true},"m_Spheres":{"type":"TArray<SEntityTemplateReference>","value":["c531448db6fd24c1","264e746ae429d874","14141806fc02e97c","502e37d047d08def"],"postInit":true},"m_eidParent":{"type":"SEntityTemplateReference","value":"bf0edaad1a7afa75","postInit":true}}},"502e37d047d08def":{"parent":"bf0edaad1a7afa75","name":"C_Hand_R","factory":"[assembly:/templates/aspectdummy.aspect]([modules:/zclothsphere.class].entitytype,[modules:/zboneattachaspect.class].entitytype).pc_entitytype","blueprint":"[assembly:/templates/aspectdummy.aspect]([modules:/zclothsphere.class].entitytype,[modules:/zboneattachaspect.class].entitytype).pc_entityblueprint","properties":{"m_fRadius":{"type":"float32","value":0.05000000074505806},"m_BoneName":{"type":"ZString","value":"R_Hand"},"m_mTransform":{"type":"SMatrix43","value":{"rotation":{"x":0,"y":0,"z":0},"position":{"x":0.1123398020863533,"y":0.024796010926365852,"z":0.003324999939650297}}},"m_bEnabled":{"type":"bool","value":false},"m_linkedEntity":{"type":"SEntityTemplateReference","value":"6de3a46bad979b2","postInit":true},"m_eidParent":{"type":"SEntityTemplateReference","value":"bf0edaad1a7afa75","postInit":true}}},"aec4cd6e5a364f8":{"parent":"bf0edaad1a7afa75","name":"C_Spine1","factory":"[assembly:/templates/aspectdummy.aspect]([modules:/zclothcapsule.class].entitytype,[modules:/zboneattachaspect.class].entitytype).pc_entitytype","blueprint":"[assembly:/templates/aspectdummy.aspect]([modules:/zclothcapsule.class].entitytype,[modules:/zboneattachaspect.class].entitytype).pc_entityblueprint","properties":{"m_BoneName":{"type":"ZString","value":"Spine1"},"m_fRadiusX":{"type":"float32","value":0.18000000715255737},"m_fRadiusY":{"type":"float32","value":0.14000000059604645},"m_fTop":{"type":"float32","value":0.009999999776482582},"m_fBottom":{"type":"float32","value":0},"m_fRadiusZ":{"type":"float32","value":0.1899999976158142},"m_bEnableBottomRadii":{"type":"bool","value":false},"m_fRadiusXBottom":{"type":"float32","value":1},"m_fRadiusYBottom":{"type":"float32","value":1},"m_fRadiusZBottom":{"type":"float32","value":1},"m_mTransform":{"type":"SMatrix43","value":{"rotation":{"x":0,"y":0,"z":0},"position":{"x":-0.003000000026077032,"y":0.027000000700354576,"z":-0.0010000000474974513}}},"m_bEnabled":{"type":"bool","value":true},"m_linkedEntity":{"type":"SEntityTemplateReference","value":"6de3a46bad979b2","postInit":true},"m_eidParent":{"type":"SEntityTemplateReference","value":"bf0edaad1a7afa75","postInit":true}}},"c3b787f533f14773":{"parent":"bf0edaad1a7afa75","name":"C_ShoulderL","factory":"[assembly:/templates/aspectdummy.aspect]([modules:/zclothsphere.class].entitytype,[modules:/zboneattachaspect.class].entitytype).pc_entitytype","blueprint":"[assembly:/templates/aspectdummy.aspect]([modules:/zclothsphere.class].entitytype,[modules:/zboneattachaspect.class].entitytype).pc_entityblueprint","properties":{"m_fRadius":{"type":"float32","value":0.11500000208616257},"m_BoneName":{"type":"ZString","value":"L_Clavicle"},"m_mTransform":{"type":"SMatrix43","value":{"rotation":{"x":0,"y":0,"z":0},"position":{"x":0.1420000046491623,"y":0.012000000104308128,"z":0.0020000000949949026}}},"m_bEnabled":{"type":"bool","value":true},"m_linkedEntity":{"type":"SEntityTemplateReference","value":"6de3a46bad979b2","postInit":true},"m_eidParent":{"type":"SEntityTemplateReference","value":"bf0edaad1a7afa75","postInit":true}}},"6d6bb4d3c956b59c":{"parent":"bf0edaad1a7afa75","name":"C_TighTop_R","factory":"[assembly:/templates/aspectdummy.aspect]([modules:/zclothsphere.class].entitytype,[modules:/zboneattachaspect.class].entitytype).pc_entitytype","blueprint":"[assembly:/templates/aspectdummy.aspect]([modules:/zclothsphere.class].entitytype,[modules:/zboneattachaspect.class].entitytype).pc_entityblueprint","properties":{"m_fRadius":{"type":"float32","value":0.14499999582767487},"m_BoneName":{"type":"ZString","value":"RThighTwist"},"m_mTransform":{"type":"SMatrix43","value":{"rotation":{"x":0.01976704358638215,"y":0,"z":0},"position":{"x":0.03216399997472763,"y":0.015238000079989433,"z":-0.04583200067281723}}},"m_bEnabled":{"type":"bool","value":true},"m_linkedEntity":{"type":"SEntityTemplateReference","value":"6de3a46bad979b2","postInit":true},"m_eidParent":{"type":"SEntityTemplateReference","value":"bf0edaad1a7afa75","postInit":true}}},"a0e583570c023b7c":{"parent":"bf0edaad1a7afa75","name":"C_TighTop_L","factory":"[assembly:/templates/aspectdummy.aspect]([modules:/zclothsphere.class].entitytype,[modules:/zboneattachaspect.class].entitytype).pc_entitytype","blueprint":"[assembly:/templates/aspectdummy.aspect]([modules:/zclothsphere.class].entitytype,[modules:/zboneattachaspect.class].entitytype).pc_entityblueprint","properties":{"m_fRadius":{"type":"float32","value":0.14499999582767487},"m_BoneName":{"type":"ZString","value":"LThighTwist"},"m_mTransform":{"type":"SMatrix43","value":{"rotation":{"x":0,"y":0.019767042409995977,"z":0},"position":{"x":0.03216100111603737,"y":0.015238000079989433,"z":0.04561600089073181}}},"m_bEnabled":{"type":"bool","value":true},"m_linkedEntity":{"type":"SEntityTemplateReference","value":"6de3a46bad979b2","postInit":true},"m_eidParent":{"type":"SEntityTemplateReference","value":"bf0edaad1a7afa75","postInit":true}}},"264e746ae429d874":{"parent":"bf0edaad1a7afa75","name":"C_ShoulderR","factory":"[assembly:/templates/aspectdummy.aspect]([modules:/zclothsphere.class].entitytype,[modules:/zboneattachaspect.class].entitytype).pc_entitytype","blueprint":"[assembly:/templates/aspectdummy.aspect]([modules:/zclothsphere.class].entitytype,[modules:/zboneattachaspect.class].entitytype).pc_entityblueprint","properties":{"m_fRadius":{"type":"float32","value":0.11500000208616257},"m_BoneName":{"type":"ZString","value":"R_Clavicle"},"m_mTransform":{"type":"SMatrix43","value":{"rotation":{"x":0,"y":0,"z":0},"position":{"x":0.14300000667572021,"y":0.012000000104308128,"z":-0.0020000000949949026}}},"m_bEnabled":{"type":"bool","value":true},"m_linkedEntity":{"type":"SEntityTemplateReference","value":"6de3a46bad979b2","postInit":true},"m_eidParent":{"type":"SEntityTemplateReference","value":"bf0edaad1a7afa75","postInit":true}}},"920cd13129cb84d1":{"parent":"bf0edaad1a7afa75","name":"CChain_Legs","factory":"[modules:/zclothspherechain.class].pc_entitytype","blueprint":"[modules:/zclothspherechain.class].pc_entityblueprint","properties":{"m_mTransform":{"type":"SMatrix43","value":{"rotation":{"x":0,"y":0,"z":0},"position":{"x":-0.0000001290655973207322,"y":0.000000002171457902377938,"z":0}}},"m_bEnabled":{"type":"bool","value":true},"m_Spheres":{"type":"TArray<SEntityTemplateReference>","value":["77a97d9f5bb22682","91223e51a6f97723","55650d74e9d276b1","6d6bb4d3c956b59c","b8139bc5817dff02","a0e583570c023b7c","8d0da1bdf58f306a","f29ff2cc2a77f382","1a471a6a605f53c4"],"postInit":true},"m_eidParent":{"type":"SEntityTemplateReference","value":"bf0edaad1a7afa75","postInit":true}}},"73084d0b90f502e8":{"parent":"6de3a46bad979b2","name":"male_reg_ninja_shoes","factory":"[assembly:/_pro/characters/assets/individuals/hokkaido/ninja/materials/male_reg_ninja_shoes.mi].pc_entitytype","blueprint":"[assembly:/_pro/characters/assets/individuals/hokkaido/ninja/materials/male_reg_ninja_shoes.mi].pc_entityblueprint","properties":{"m_mTransform":{"type":"SMatrix43","value":{"rotation":{"x":0,"y":0,"z":0},"position":{"x":-0.7987251281738281,"y":8.213619232177734,"z":-4.523716926574707}}},"ConstantVector1D_04_Value_op":{"type":"IRenderMaterialEntity.EModifierOperation","value":"eReplace"},"ConstantVector1D_04_Value":{"type":"float32","value":0.5},"Active":{"type":"bool","value":false},"Clients":{"type":"TArray<SEntityTemplateReference>","value":["6de3a46bad979b2"],"postInit":true},"m_eidParent":{"type":"SEntityTemplateReference","value":"6de3a46bad979b2","postInit":true}}},"22f04f577026d173":{"parent":"bf0edaad1a7afa75","name":"ColliderGroup","factory":"[modules:/zclothcollidergroup.class].pc_entitytype","blueprint":"[modules:/zclothcollidergroup.class].pc_entityblueprint","properties":{"m_bCollisionGroup1":{"type":"bool","value":true},"m_ClothColliders":{"type":"TArray<SEntityTemplateReference>","value":["920cd13129cb84d1","2bd07f82f7364b2c","c9045e94fe518da7","aec4cd6e5a364f8","ad5ebe65a39921ff","5de67f794ae445a6","c531448db6fd24c1","be9dc3fb040f1c2a","64fc38648f23fc36","8f847b6480ae7e32"],"postInit":true},"m_eidParent":{"type":"SEntityTemplateReference","value":"bf0edaad1a7afa75","postInit":true}}},"3be27d663e178c9d":{"parent":"bf0edaad1a7afa75","name":"C_Hand_L","factory":"[assembly:/templates/aspectdummy.aspect]([modules:/zclothsphere.class].entitytype,[modules:/zboneattachaspect.class].entitytype).pc_entitytype","blueprint":"[assembly:/templates/aspectdummy.aspect]([modules:/zclothsphere.class].entitytype,[modules:/zboneattachaspect.class].entitytype).pc_entityblueprint","properties":{"m_fRadius":{"type":"float32","value":0.07000000029802322},"m_BoneName":{"type":"ZString","value":"L_Hand"},"m_mTransform":{"type":"SMatrix43","value":{"rotation":{"x":0,"y":0,"z":0},"position":{"x":0.1120000034570694,"y":0.02500000037252903,"z":0.003000000026077032}}},"m_bEnabled":{"type":"bool","value":false},"m_linkedEntity":{"type":"SEntityTemplateReference","value":"6de3a46bad979b2","postInit":true},"m_eidParent":{"type":"SEntityTemplateReference","value":"bf0edaad1a7afa75","postInit":true}}},"77a97d9f5bb22682":{"parent":"bf0edaad1a7afa75","name":"C_Foot_R","factory":"[assembly:/templates/aspectdummy.aspect]([modules:/zclothsphere.class].entitytype,[modules:/zboneattachaspect.class].entitytype).pc_entitytype","blueprint":"[assembly:/templates/aspectdummy.aspect]([modules:/zclothsphere.class].entitytype,[modules:/zboneattachaspect.class].entitytype).pc_entityblueprint","properties":{"m_fRadius":{"type":"float32","value":0.10000000149011612},"m_BoneName":{"type":"ZString","value":"R_Foot"},"m_mTransform":{"type":"SMatrix43","value":{"rotation":{"x":0,"y":0,"z":0},"position":{"x":0,"y":-0.03858200088143349,"z":-0.000009999999747378752}}},"m_bEnabled":{"type":"bool","value":true},"m_bCollisionGroup0":{"type":"bool","value":true},"m_linkedEntity":{"type":"SEntityTemplateReference","value":"6de3a46bad979b2","postInit":true},"m_eidParent":{"type":"SEntityTemplateReference","value":"bf0edaad1a7afa75","postInit":true}}},"1942e0b5483059c4":{"parent":"6de3a46bad979b2","name":"Lerp 3","factory":"[modules:/zmathlerp.class].pc_entitytype","blueprint":"[modules:/zmathlerp.class].pc_entityblueprint","properties":{"m_A":{"type":"float32","value":2},"m_B":{"type":"float32","value":0.800000011920929},"m_fT":{"type":"float32","value":0}},"events":{"Lerp":{"ConstantVector1D_01_Value":["ebe6977b475d07dc"]}}},"8f847b6480ae7e32":{"parent":"bf0edaad1a7afa75","name":"CChain01_Tri","factory":"[modules:/zclothspherechain.class].pc_entitytype","blueprint":"[modules:/zclothspherechain.class].pc_entityblueprint","properties":{"m_Spheres":{"type":"TArray<SEntityTemplateReference>","value":["5f353334df916aea","ebe067cbc108367b","2136e282f81117c5"]},"m_mTransform":{"type":"SMatrix43","value":{"rotation":{"x":0,"y":0,"z":0},"position":{"x":-0.0000001290655973207322,"y":0.000000002171457902377938,"z":0}}},"m_bCollisionGroup0":{"type":"bool","value":false},"m_bCollisionGroup1":{"type":"bool","value":true},"m_bEnabled":{"type":"bool","value":true},"m_bSphereTriangles":{"type":"bool","value":true},"m_eidParent":{"type":"SEntityTemplateReference","value":"bf0edaad1a7afa75","postInit":true}}},"7353dbf0aa0c4bba":{"parent":"6de3a46bad979b2","name":"Arms_Shoulder_Hand","factory":"00D0A46D325392B0","blueprint":"0038B023C4284F44"},"8543b3f1c7fda881":{"parent":"bf0edaad1a7afa75","name":"C_TighTop01_R","factory":"[assembly:/templates/aspectdummy.aspect]([modules:/zclothsphere.class].entitytype,[modules:/zboneattachaspect.class].entitytype).pc_entitytype","blueprint":"[assembly:/templates/aspectdummy.aspect]([modules:/zclothsphere.class].entitytype,[modules:/zboneattachaspect.class].entitytype).pc_entityblueprint","properties":{"m_fRadius":{"type":"float32","value":0.1599999964237213},"m_BoneName":{"type":"ZString","value":"RThighTwist"},"m_mTransform":{"type":"SMatrix43","value":{"rotation":{"x":0.01976704358638215,"y":0,"z":0},"position":{"x":0.023031000047922134,"y":0.008980999700725079,"z":-0.039236001670360565}}},"m_bCollisionGroup0":{"type":"bool","value":false},"m_bCollisionGroup1":{"type":"bool","value":true},"m_bEnabled":{"type":"bool","value":true},"m_linkedEntity":{"type":"SEntityTemplateReference","value":"6de3a46bad979b2","postInit":true},"m_eidParent":{"type":"SEntityTemplateReference","value":"bf0edaad1a7afa75","postInit":true}}},"a66da1ca14b46df6":{"parent":"bf0edaad1a7afa75","name":"C_TighTop01_L","factory":"[assembly:/templates/aspectdummy.aspect]([modules:/zclothsphere.class].entitytype,[modules:/zboneattachaspect.class].entitytype).pc_entitytype","blueprint":"[assembly:/templates/aspectdummy.aspect]([modules:/zclothsphere.class].entitytype,[modules:/zboneattachaspect.class].entitytype).pc_entityblueprint","properties":{"m_fRadius":{"type":"float32","value":0.1599999964237213},"m_BoneName":{"type":"ZString","value":"LThighTwist"},"m_mTransform":{"type":"SMatrix43","value":{"rotation":{"x":0,"y":0.019767042409995977,"z":0},"position":{"x":0.02055400051176548,"y":0.008950999937951565,"z":0.045030999928712845}}},"m_bCollisionGroup0":{"type":"bool","value":false},"m_bCollisionGroup1":{"type":"bool","value":true},"m_bEnabled":{"type":"bool","value":true},"m_linkedEntity":{"type":"SEntityTemplateReference","value":"6de3a46bad979b2","postInit":true},"m_eidParent":{"type":"SEntityTemplateReference","value":"bf0edaad1a7afa75","postInit":true}}},"1c46c662d5eab840":{"parent":"6de3a46bad979b2","name":"Part_Shoes","factory":"[modules:/zbodypartentity.class].pc_entitytype","blueprint":"[modules:/zbodypartentity.class].pc_entityblueprint","properties":{"m_pMeshResource":{"type":"ZRuntimeResourceID","value":{"resource":"00C1106FE22DAAF6","flag":"5F"}}}},"7bfa2f3bf3f62887":{"parent":"6de3a46bad979b2","name":"male_reg_ninja_shirt","factory":"[assembly:/_pro/characters/assets/individuals/hokkaido/ninja/materials/male_reg_ninja_shirt.mi].pc_entitytype","blueprint":"[assembly:/_pro/characters/assets/individuals/hokkaido/ninja/materials/male_reg_ninja_shirt.mi].pc_entityblueprint","properties":{"m_mTransform":{"type":"SMatrix43","value":{"rotation":{"x":0,"y":0,"z":0},"position":{"x":0,"y":0,"z":0}}},"ConstantVector1D_01_Value_op":{"type":"IRenderMaterialEntity.EModifierOperation","value":"eReplace"},"ConstantVector1D_01_Value":{"type":"float32","value":1.5},"Diffuse_Saturation_01_Value_op":{"type":"IRenderMaterialEntity.EModifierOperation","value":"eReplace"},"Diffuse_Saturation_01_Value":{"type":"float32","value":0.10000000149011612},"Texture2D_01_enab":{"type":"bool","value":true},"Texture2D_01":{"type":"ZRuntimeResourceID","value":{"resource":"[assembly:/_pro/characters/assets/individuals/hokkaido/ninja/textures/male_reg_ninja_shirt.texture?/diffuse_b.tex](ascolormap).pc_tex","flag":"5F"}},"ConstantVector1D_02_Value_op":{"type":"IRenderMaterialEntity.EModifierOperation","value":"eReplace"},"ConstantVector1D_02_Value":{"type":"float32","value":0.6100000143051147},"ConstantVector1D_04_Value_op":{"type":"IRenderMaterialEntity.EModifierOperation","value":"eReplace"},"ConstantVector1D_06_Value_op":{"type":"IRenderMaterialEntity.EModifierOperation","value":"eReplace"},"Clients":{"type":"TArray<SEntityTemplateReference>","value":["6de3a46bad979b2"],"postInit":true},"m_eidParent":{"type":"SEntityTemplateReference","value":"6de3a46bad979b2","postInit":true}}},"6de3a46bad979b2":{"parent":null,"name":"OUTFIT_Agent47_MiniNinja_HeroA_V0","factory":"00EC23CD5ED3321D","blueprint":"00F08545F4143973","properties":{"m_ResourceID":{"type":"ZRuntimeResourceID","value":null},"m_fLODScale":{"type":"float32","value":1},"m_mTransform":{"type":"SMatrix43","value":{"rotation":{"x":0,"y":0,"z":0},"position":{"x":18.49057960510254,"y":1.6025869846343994,"z":0}}},"m_pBonesAndCollisionResource":{"type":"ZRuntimeResourceID","value":{"resource":"00E6D746D26D3871","flag":"5F"}},"m_bUsePerVertexStiffness":{"type":"bool","value":false},"m_bGlobalCollidersEnabled":{"type":"bool","value":false},"m_bUsePerVertexDamping":{"type":"bool","value":false},"m_bUseSkinningPosNormalConstrains":{"type":"bool","value":true},"m_bUseSkinningNegNormalConstrains":{"type":"bool","value":false},"m_fLODOffset":{"type":"float32","value":100},"m_bLimitTranslation":{"type":"bool","value":false},"m_fDamping":{"type":"float32","value":0.20000000298023224},"m_fWindConstant":{"type":"float32","value":0.10000000149011612},"m_eRootBone":{"type":"BoneId.Enum","value":"PELVIS"},"m_bEnableAngularVelocityScale":{"type":"bool","value":true},"m_eBendConstrainType":{"type":"EClothBendConstrainType","value":"eClothBendConstrainType_Stick"},"m_fBendStiffness":{"type":"float32","value":0.5},"m_fShearStiffness":{"type":"float32","value":0.5},"m_fFrequency":{"type":"float32","value":60},"m_nIterations":{"type":"uint32","value":2},"m_eStretchConstrainType":{"type":"EClothStretchConstrainType","value":"eClothBendConstrainType_Anchor"},"m_vBodypartBoundingMarginMin":{"type":"SVector3","value":{"x":0,"y":0,"z":0}},"Pistol_Holster_Attacher_Transform":{"type":"SMatrix43","value":{"rotation":{"x":0,"y":0,"z":0},"position":{"x":0,"y":0,"z":0}}},"Back1_Attacher_Transform":{"type":"SMatrix43","value":{"rotation":{"x":0,"y":0,"z":0},"position":{"x":0,"y":0.05000000074505806,"z":0}}},"m_aBodyParts":{"type":"TArray<SEntityTemplateReference>","value":["b95bf44d1bc81547","d156bcc066320aa3","dc4bd4d552bb70be","9aa1b423ed511495","1c46c662d5eab840","f5af76d5580d8326","7e78d50e408eafb","9bc29f29e43a2acb","7353dbf0aa0c4bba"],"postInit":true},"m_LocalColliders":{"type":"TArray<SEntityTemplateReference>","value":["bf0edaad1a7afa75"],"postInit":true}}},"dc4bd4d552bb70be":{"parent":"6de3a46bad979b2","name":"Part_Shirt","factory":"[modules:/zbodypartentity.class].pc_entitytype","blueprint":"[modules:/zbodypartentity.class].pc_entityblueprint","properties":{"m_pMeshResource":{"type":"ZRuntimeResourceID","value":{"resource":"00DEA09B9ED4FB7F","flag":"5F"}}}},"97b9d27fbcf2c489":{"parent":"bf0edaad1a7afa75","name":"C_Head_Lower","factory":"[assembly:/templates/aspectdummy.aspect]([modules:/zclothsphere.class].entitytype,[modules:/zboneattachaspect.class].entitytype).pc_entitytype","blueprint":"[assembly:/templates/aspectdummy.aspect]([modules:/zclothsphere.class].entitytype,[modules:/zboneattachaspect.class].entitytype).pc_entityblueprint","properties":{"m_fRadius":{"type":"float32","value":0.10000000149011612},"m_BoneName":{"type":"ZString","value":"Head"},"m_mTransform":{"type":"SMatrix43","value":{"rotation":{"x":0,"y":0,"z":0},"position":{"x":0.018286999315023422,"y":0.03781700134277344,"z":-0.0000009999999974752427}}},"m_linkedEntity":{"type":"SEntityTemplateReference","value":"6de3a46bad979b2"},"m_bEnabled":{"type":"bool","value":true},"m_eidParent":{"type":"SEntityTemplateReference","value":"bf0edaad1a7afa75","postInit":true}}},"9db2c7f8c24189cb":{"parent":"6de3a46bad979b2","name":"Lerp 1","factory":"[modules:/zmathlerp.class].pc_entitytype","blueprint":"[modules:/zmathlerp.class].pc_entityblueprint","properties":{"m_A":{"type":"float32","value":1},"m_B":{"type":"float32","value":1.5},"m_fT":{"type":"float32","value":0}},"events":{"Lerp":{"ConstantVector1D_06_Value":["876d9f268e556c68","ebe6977b475d07dc","7bfa2f3bf3f62887"]}}},"7e78d50e408eafb":{"parent":"6de3a46bad979b2","name":"Part_FaceMask","factory":"[modules:/zbodypartentity.class].pc_entitytype","blueprint":"[modules:/zbodypartentity.class].pc_entityblueprint","properties":{"m_pMeshResource":{"type":"ZRuntimeResourceID","value":{"resource":"004B494BDB4E7B84","flag":"5F"}},"m_IsHiddenInVR":{"type":"bool","value":true}}},"d46f22fffc7fa3ca":{"parent":"bf0edaad1a7afa75","name":"C_Head_Top","factory":"[assembly:/templates/aspectdummy.aspect]([modules:/zclothsphere.class].entitytype,[modules:/zboneattachaspect.class].entitytype).pc_entitytype","blueprint":"[assembly:/templates/aspectdummy.aspect]([modules:/zclothsphere.class].entitytype,[modules:/zboneattachaspect.class].entitytype).pc_entityblueprint","properties":{"m_fRadius":{"type":"float32","value":0.10499999672174454},"m_BoneName":{"type":"ZString","value":"Head"},"m_mTransform":{"type":"SMatrix43","value":{"rotation":{"x":0,"y":0,"z":0},"position":{"x":0.08580199629068375,"y":0.02185400016605854,"z":0}}},"m_linkedEntity":{"type":"SEntityTemplateReference","value":"6de3a46bad979b2"},"m_bEnabled":{"type":"bool","value":true},"m_eidParent":{"type":"SEntityTemplateReference","value":"bf0edaad1a7afa75","postInit":true}}},"47679f2c69d65621":{"parent":"6de3a46bad979b2","name":"Lerp 5","factory":"[modules:/zmathlerp.class].pc_entitytype","blueprint":"[modules:/zmathlerp.class].pc_entityblueprint","properties":{"m_fT":{"type":"float32","value":0},"m_B":{"type":"float32","value":1}},"events":{"Lerp":{"ConstantVector1D_04_Value":["9bc29f29e43a2acb"]}}},"c9045e94fe518da7":{"parent":"bf0edaad1a7afa75","name":"C_Spine2","factory":"[assembly:/templates/aspectdummy.aspect]([modules:/zclothcapsule.class].entitytype,[modules:/zboneattachaspect.class].entitytype).pc_entitytype","blueprint":"[assembly:/templates/aspectdummy.aspect]([modules:/zclothcapsule.class].entitytype,[modules:/zboneattachaspect.class].entitytype).pc_entityblueprint","properties":{"m_BoneName":{"type":"ZString","value":"Spine2"},"m_linkedEntity":{"type":"SEntityTemplateReference","value":"6de3a46bad979b2"},"m_fRadiusX":{"type":"float32","value":0.2199999988079071},"m_fRadiusY":{"type":"float32","value":0.15000000596046448},"m_fTop":{"type":"float32","value":0.009999999776482582},"m_fBottom":{"type":"float32","value":0},"m_fRadiusZ":{"type":"float32","value":0.20000000298023224},"m_bEnableBottomRadii":{"type":"bool","value":false},"m_fRadiusXBottom":{"type":"float32","value":1},"m_fRadiusYBottom":{"type":"float32","value":1},"m_fRadiusZBottom":{"type":"float32","value":1},"m_mTransform":{"type":"SMatrix43","value":{"rotation":{"x":0.13458789714711922,"y":0.009110027519166626,"z":7.750298935477406},"position":{"x":-0.016380000859498978,"y":0.02500000037252903,"z":-0.0010000000474974513}}},"m_bEnabled":{"type":"bool","value":true},"m_eidParent":{"type":"SEntityTemplateReference","value":"bf0edaad1a7afa75","postInit":true}}},"d156bcc066320aa3":{"parent":"6de3a46bad979b2","name":"Part_String","factory":"[modules:/zbodypartentity.class].pc_entitytype","blueprint":"[modules:/zbodypartentity.class].pc_entityblueprint","properties":{"m_pMeshResource":{"type":"ZRuntimeResourceID","value":{"resource":"00824562E11731B3","flag":"5F"}}}},"b183acb698dcd961":{"parent":"6de3a46bad979b2","name":"Lerp 4","factory":"[modules:/zmathlerp.class].pc_entitytype","blueprint":"[modules:/zmathlerp.class].pc_entityblueprint","properties":{"m_A":{"type":"float32","value":1.5},"m_B":{"type":"float32","value":0.800000011920929},"m_fT":{"type":"float32","value":0}},"events":{"Lerp":{"ConstantVector1D_01_Value":["7bfa2f3bf3f62887"]}}},"cc4919e0e5133c76":{"parent":"6de3a46bad979b2","name":"ValueFloat_Basic","factory":"[assembly:/_pro/design/logic/valuefloat.template?/valuefloat_basic.entitytemplate].pc_entitytype","blueprint":"[assembly:/_pro/design/logic/valuefloat.template?/valuefloat_basic.entitytemplate].pc_entityblueprint","properties":{"m_fValue":{"type":"float32","value":0}}},"91223e51a6f97723":{"parent":"bf0edaad1a7afa75","name":"C_Knee_R","factory":"[assembly:/templates/aspectdummy.aspect]([modules:/zclothsphere.class].entitytype,[modules:/zboneattachaspect.class].entitytype).pc_entitytype","blueprint":"[assembly:/templates/aspectdummy.aspect]([modules:/zclothsphere.class].entitytype,[modules:/zboneattachaspect.class].entitytype).pc_entityblueprint","properties":{"m_fRadius":{"type":"float32","value":0.11999999731779099},"m_BoneName":{"type":"ZString","value":"R_Calf"},"m_linkedEntity":{"type":"SEntityTemplateReference","value":"6de3a46bad979b2"},"m_mTransform":{"type":"SMatrix43","value":{"rotation":{"x":0,"y":-0.019767042409995977,"z":0},"position":{"x":0.010417000390589237,"y":-0.02453099936246872,"z":0.035117000341415405}}},"m_bEnabled":{"type":"bool","value":true},"m_eidParent":{"type":"SEntityTemplateReference","value":"bf0edaad1a7afa75","postInit":true}}},"1a471a6a605f53c4":{"parent":"bf0edaad1a7afa75","name":"C_Foot_L","factory":"[assembly:/templates/aspectdummy.aspect]([modules:/zclothsphere.class].entitytype,[modules:/zboneattachaspect.class].entitytype).pc_entitytype","blueprint":"[assembly:/templates/aspectdummy.aspect]([modules:/zclothsphere.class].entitytype,[modules:/zboneattachaspect.class].entitytype).pc_entityblueprint","properties":{"m_fRadius":{"type":"float32","value":0.10000000149011612},"m_BoneName":{"type":"ZString","value":"L_Foot"},"m_linkedEntity":{"type":"SEntityTemplateReference","value":"6de3a46bad979b2"},"m_mTransform":{"type":"SMatrix43","value":{"rotation":{"x":0,"y":0,"z":0},"position":{"x":0,"y":-0.03858200088143349,"z":0.000009999999747378752}}},"m_bCollisionGroup0":{"type":"bool","value":true},"m_bEnabled":{"type":"bool","value":true},"m_eidParent":{"type":"SEntityTemplateReference","value":"bf0edaad1a7afa75","postInit":true}}},"f29ff2cc2a77f382":{"parent":"bf0edaad1a7afa75","name":"C_Knee_L","factory":"[assembly:/templates/aspectdummy.aspect]([modules:/zclothsphere.class].entitytype,[modules:/zboneattachaspect.class].entitytype).pc_entitytype","blueprint":"[assembly:/templates/aspectdummy.aspect]([modules:/zclothsphere.class].entitytype,[modules:/zboneattachaspect.class].entitytype).pc_entityblueprint","properties":{"m_fRadius":{"type":"float32","value":0.11999999731779099},"m_BoneName":{"type":"ZString","value":"L_Calf"},"m_linkedEntity":{"type":"SEntityTemplateReference","value":"6de3a46bad979b2"},"m_mTransform":{"type":"SMatrix43","value":{"rotation":{"x":0,"y":-0.019767042409995977,"z":0},"position":{"x":0.010483000427484512,"y":-0.02452000044286251,"z":-0.020560000091791153}}},"m_bEnabled":{"type":"bool","value":true},"m_eidParent":{"type":"SEntityTemplateReference","value":"bf0edaad1a7afa75","postInit":true}}},"bf0edaad1a7afa75":{"parent":"6de3a46bad979b2","name":"MaleReg_Ninja_Collider","factory":"[modules:/zcompositeentity.class].pc_entitytype","blueprint":"[modules:/zcompositeentity.class].pc_entityblueprint","properties":{"m_mTransform":{"type":"SMatrix43","value":{"rotation":{"x":0,"y":0,"z":0},"position":{"x":0,"y":0,"z":0}}},"m_linkedEntity":{"type":"SEntityTemplateReference","value":"6de3a46bad979b2"},"m_eidParent":{"type":"SEntityTemplateReference","value":"6de3a46bad979b2"}},"propertyAliases":{"m_linkedEntity":[{"originalProperty":"m_linkedEntity","originalEntity":"3be27d663e178c9d"},{"originalProperty":"m_linkedEntity","originalEntity":"60af56683f08e33a"},{"originalProperty":"m_linkedEntity","originalEntity":"14141806fc02e97c"},{"originalProperty":"m_linkedEntity","originalEntity":"1a471a6a605f53c4"},{"originalProperty":"m_linkedEntity","originalEntity":"77a97d9f5bb22682"},{"originalProperty":"m_linkedEntity","originalEntity":"264e746ae429d874"},{"originalProperty":"m_linkedEntity","originalEntity":"502e37d047d08def"},{"originalProperty":"m_linkedEntity","originalEntity":"ad5ebe65a39921ff"},{"originalProperty":"m_linkedEntity","originalEntity":"f29ff2cc2a77f382"},{"originalProperty":"m_linkedEntity","originalEntity":"aec4cd6e5a364f8"},{"originalProperty":"m_linkedEntity","originalEntity":"91223e51a6f97723"},{"originalProperty":"m_linkedEntity","originalEntity":"c9045e94fe518da7"},{"originalProperty":"m_linkedEntity","originalEntity":"b8139bc5817dff02"},{"originalProperty":"m_linkedEntity","originalEntity":"c3b787f533f14773"},{"originalProperty":"m_linkedEntity","originalEntity":"8d0da1bdf58f306a"},{"originalProperty":"m_linkedEntity","originalEntity":"55650d74e9d276b1"},{"originalProperty":"m_linkedEntity","originalEntity":"6d6bb4d3c956b59c"},{"originalProperty":"m_linkedEntity","originalEntity":"a0e583570c023b7c"},{"originalProperty":"m_linkedEntity","originalEntity":"d46f22fffc7fa3ca"},{"originalProperty":"m_linkedEntity","originalEntity":"97b9d27fbcf2c489"},{"originalProperty":"m_linkedEntity","originalEntity":"c531448db6fd24c1"},{"originalProperty":"m_linkedEntity","originalEntity":"8543b3f1c7fda881"},{"originalProperty":"m_linkedEntity","originalEntity":"a66da1ca14b46df6"},{"originalProperty":"m_linkedEntity","originalEntity":"5f353334df916aea"},{"originalProperty":"m_linkedEntity","originalEntity":"ebe067cbc108367b"},{"originalProperty":"m_linkedEntity","originalEntity":"2136e282f81117c5"}],"Neck_Radius":[{"originalProperty":"m_fRadius","originalEntity":"c531448db6fd24c1"}],"Head_Low_Radius":[{"originalProperty":"m_fRadius","originalEntity":"97b9d27fbcf2c489"}],"Head_Top_Radius":[{"originalProperty":"m_fRadius","originalEntity":"d46f22fffc7fa3ca"}],"Head_Top_Position":[{"originalProperty":"m_mTransform","originalEntity":"d46f22fffc7fa3ca"}],"Hand_R_Radius":[{"originalProperty":"m_fRadius","originalEntity":"502e37d047d08def"}],"Hand_L_Radius":[{"originalProperty":"m_fRadius","originalEntity":"3be27d663e178c9d"}],"Elbow_R_Radius":[{"originalProperty":"m_fRadius","originalEntity":"14141806fc02e97c"}],"Elbow_L_Radius":[{"originalProperty":"m_fRadius","originalEntity":"60af56683f08e33a"}],"Shoulder_R_Radius":[{"originalProperty":"m_fRadius","originalEntity":"264e746ae429d874"}],"Head_Low_Position":[{"originalProperty":"m_mTransform","originalEntity":"97b9d27fbcf2c489"}],"Shoulder_L_Radius":[{"originalProperty":"m_fRadius","originalEntity":"c3b787f533f14773"}],"Neck_Position":[{"originalProperty":"m_mTransform","originalEntity":"c531448db6fd24c1"}],"Shoulder_L_Position":[{"originalProperty":"m_mTransform","originalEntity":"c3b787f533f14773"}],"Shoulder_R_Position":[{"originalProperty":"m_mTransform","originalEntity":"264e746ae429d874"}],"Elbow_L_Position":[{"originalProperty":"m_mTransform","originalEntity":"60af56683f08e33a"}],"Elbow_R_Position":[{"originalProperty":"m_mTransform","originalEntity":"14141806fc02e97c"}],"Hand_L_Position":[{"originalProperty":"m_mTransform","originalEntity":"3be27d663e178c9d"}],"Hand_R_Position":[{"originalProperty":"m_mTransform","originalEntity":"502e37d047d08def"}],"Spine_Top_Position":[{"originalProperty":"m_mTransform","originalEntity":"c9045e94fe518da7"}],"Spine_Mid_Position":[{"originalProperty":"m_mTransform","originalEntity":"aec4cd6e5a364f8"}],"Spine_Low_Position":[{"originalProperty":"m_mTransform","originalEntity":"ad5ebe65a39921ff"}],"Pelvis_Position":[{"originalProperty":"m_mTransform","originalEntity":"b8139bc5817dff02"}],"Thigh_Top_L_Position":[{"originalProperty":"m_mTransform","originalEntity":"a0e583570c023b7c"}],"Thigh_Top_R_Position":[{"originalProperty":"m_mTransform","originalEntity":"6d6bb4d3c956b59c"}],"Thigh_Mid_L_Position":[{"originalProperty":"m_mTransform","originalEntity":"8d0da1bdf58f306a"}],"Thigh_Mid_R_Position":[{"originalProperty":"m_mTransform","originalEntity":"55650d74e9d276b1"}],"Knee_L_Position":[{"originalProperty":"m_mTransform","originalEntity":"f29ff2cc2a77f382"}],"Knee_R_Position":[{"originalProperty":"m_mTransform","originalEntity":"91223e51a6f97723"}],"Foot_L_Position":[{"originalProperty":"m_mTransform","originalEntity":"1a471a6a605f53c4"}],"Foot_R_Position":[{"originalProperty":"m_mTransform","originalEntity":"77a97d9f5bb22682"}],"Spine_Top_RadiusX":[{"originalProperty":"m_fRadiusX","originalEntity":"c9045e94fe518da7"}],"Spine_Top_RadiusY":[{"originalProperty":"m_fRadiusY","originalEntity":"c9045e94fe518da7"}],"Spine_Top_RadiusZ":[{"originalProperty":"m_fRadiusZ","originalEntity":"c9045e94fe518da7"}],"Spine_Mid_RadiusX":[{"originalProperty":"m_fRadiusX","originalEntity":"aec4cd6e5a364f8"}],"Spine_Mid_RadiusY":[{"originalProperty":"m_fRadiusY","originalEntity":"aec4cd6e5a364f8"}],"Spine_Mid_RadiusZ":[{"originalProperty":"m_fRadiusZ","originalEntity":"aec4cd6e5a364f8"}],"Spine_Low_RadiusX":[{"originalProperty":"m_fRadiusX","originalEntity":"ad5ebe65a39921ff"}],"Spine_Low_RadiusY":[{"originalProperty":"m_fRadiusY","originalEntity":"ad5ebe65a39921ff"}],"Spine_Low_RadiusZ":[{"originalProperty":"m_fRadiusZ","originalEntity":"ad5ebe65a39921ff"}],"Pelvis_Radius":[{"originalProperty":"m_fRadius","originalEntity":"b8139bc5817dff02"}],"Thigh_Top_L_Radius":[{"originalProperty":"m_fRadius","originalEntity":"a0e583570c023b7c"}],"Thigh_Top_R_Radius":[{"originalProperty":"m_fRadius","originalEntity":"6d6bb4d3c956b59c"}],"Thigh_Mid_L_Radius":[{"originalProperty":"m_fRadius","originalEntity":"8d0da1bdf58f306a"}],"Thigh_Mid_R_Radius":[{"originalProperty":"m_fRadius","originalEntity":"55650d74e9d276b1"}],"Knee_L_Radius":[{"originalProperty":"m_fRadius","originalEntity":"f29ff2cc2a77f382"}],"Knee_R_Radius":[{"originalProperty":"m_fRadius","originalEntity":"91223e51a6f97723"}],"Foot_L_Radius":[{"originalProperty":"m_fRadius","originalEntity":"1a471a6a605f53c4"}],"Foot_R_Radius":[{"originalProperty":"m_fRadius","originalEntity":"77a97d9f5bb22682"}],"Head_Top_Enabled":[{"originalProperty":"m_bEnabled","originalEntity":"d46f22fffc7fa3ca"}],"Head_Low_Enabled":[{"originalProperty":"m_bEnabled","originalEntity":"97b9d27fbcf2c489"}],"Neck_Enabled":[{"originalProperty":"m_bEnabled","originalEntity":"c531448db6fd24c1"}],"Shoulder_L_Enabled":[{"originalProperty":"m_bEnabled","originalEntity":"c3b787f533f14773"}],"Shoulder_R_Enabled":[{"originalProperty":"m_bEnabled","originalEntity":"264e746ae429d874"}],"Elbow_L_Enabled":[{"originalProperty":"m_bEnabled","originalEntity":"60af56683f08e33a"}],"Elbow_R_Enabled":[{"originalProperty":"m_bEnabled","originalEntity":"14141806fc02e97c"}],"Spine_Top_Enabled":[{"originalProperty":"m_bEnabled","originalEntity":"c9045e94fe518da7"}],"Hand_R_Enabled":[{"originalProperty":"m_bEnabled","originalEntity":"502e37d047d08def"}],"Hand_L_Enabled":[{"originalProperty":"m_bEnabled","originalEntity":"3be27d663e178c9d"}],"Spine_Mid_Enabled":[{"originalProperty":"m_bEnabled","originalEntity":"aec4cd6e5a364f8"}],"Spine_Low_Enabled":[{"originalProperty":"m_bEnabled","originalEntity":"ad5ebe65a39921ff"}],"Pelvis_Enabled":[{"originalProperty":"m_bEnabled","originalEntity":"b8139bc5817dff02"}],"Thigh_Top_L_Enabled":[{"originalProperty":"m_bEnabled","originalEntity":"a0e583570c023b7c"}],"Thigh_Top_R_Enabled":[{"originalProperty":"m_bEnabled","originalEntity":"6d6bb4d3c956b59c"}],"Thigh_Mid_L_Enabled":[{"originalProperty":"m_bEnabled","originalEntity":"8d0da1bdf58f306a"}],"Thigh_Mid_R_Enabled":[{"originalProperty":"m_bEnabled","originalEntity":"55650d74e9d276b1"}],"Knee_L_Enabled":[{"originalProperty":"m_bEnabled","originalEntity":"f29ff2cc2a77f382"}],"Knee_R_Enabled":[{"originalProperty":"m_bEnabled","originalEntity":"91223e51a6f97723"}],"Foot_L_Enabled":[{"originalProperty":"m_bEnabled","originalEntity":"1a471a6a605f53c4"}],"Foot_R_Enabled":[{"originalProperty":"m_bEnabled","originalEntity":"77a97d9f5bb22682"}]},"exposedInterfaces":{"ZClothCollider":"22f04f577026d173","ZClothColliderGroup":"22f04f577026d173"}},"1d77fd6d223af1d9":{"parent":"6de3a46bad979b2","name":"Lerp 6","factory":"[modules:/zmathlerp.class].pc_entitytype","blueprint":"[modules:/zmathlerp.class].pc_entityblueprint","properties":{"m_fT":{"type":"float32","value":0},"m_B":{"type":"float32","value":0.5}},"events":{"Lerp":{"ConstantVector1D_04_Value":["73084d0b90f502e8"]}}}},"propertyOverrides":[],"overrideDeletes":[],"pinConnectionOverrides":[],"pinConnectionOverrideDeletes":[],"externalScenes":[],"subType":"template","quickEntityVersion":3.1,"extraFactoryDependencies":[{"resource":"007D850436B0A092","flag":"5F"},{"resource":"00D247582859CA87","flag":"5F"},{"resource":"00D20CA72E352D16","flag":"5F"},{"resource":"[assembly:/_pro/characters/assets/individuals/hokkaido/ninja/textures/male_reg_ninja_belt.texture?/normal_a.tex](asnormalmap).pc_tex","flag":"5F"},{"resource":"[assembly:/_pro/characters/assets/individuals/hokkaido/ninja/textures/male_reg_ninja_belt.texture?/specular_a.tex](ascolormap).pc_tex","flag":"5F"},{"resource":"[assembly:/_pro/characters/assets/individuals/hokkaido/ninja/textures/male_reg_ninja_belt.texture?/diffuse_a.tex](ascolormap).pc_tex","flag":"5F"},{"resource":"[assembly:/_pro/characters/assets/individuals/hokkaido/ninja/textures/male_reg_ninja_pants.texture?/normal_a.tex](asnormalmap).pc_tex","flag":"5F"},{"resource":"[assembly:/_pro/characters/assets/individuals/hokkaido/ninja/textures/male_reg_ninja_pants.texture?/specular_a.tex](ascolormap).pc_tex","flag":"5F"},{"resource":"[assembly:/_pro/characters/assets/individuals/hokkaido/ninja/textures/male_reg_ninja_pants.texture?/diffuse_a.tex](ascolormap).pc_tex","flag":"5F"},{"resource":"[assembly:/_pro/characters/assets/individuals/hokkaido/ninja/textures/male_reg_ninja_shirt.texture?/normal_a.tex](asnormalmap).pc_tex","flag":"5F"},{"resource":"[assembly:/_pro/characters/assets/individuals/hokkaido/ninja/textures/male_reg_ninja_shirt.texture?/specular_a.tex](ascolormap).pc_tex","flag":"5F"},{"resource":"[assembly:/_pro/characters/assets/individuals/hokkaido/ninja/textures/male_reg_ninja_string.texture?/normal_a.tex](asnormalmap).pc_tex","flag":"5F"},{"resource":"[assembly:/_pro/characters/assets/individuals/hokkaido/ninja/textures/male_reg_ninja_string.texture?/specular_a.tex](ascolormap).pc_tex","flag":"5F"},{"resource":"[assembly:/_pro/characters/assets/individuals/hokkaido/ninja/textures/male_reg_ninja_string.texture?/diffuse_a.tex](ascolormap).pc_tex","flag":"5F"},{"resource":"00C1356C6FD65D00","flag":"5F"},{"resource":"[assembly:/_pro/characters/assets/individuals/hokkaido/ninja/textures/male_reg_ninja_shoes.texture?/normal_a.tex](asnormalmap).pc_tex","flag":"5F"},{"resource":"[assembly:/_pro/characters/assets/individuals/hokkaido/ninja/textures/male_reg_ninja_shoes.texture?/specular_a.tex](ascolormap).pc_tex","flag":"5F"},{"resource":"[assembly:/_pro/characters/assets/individuals/hokkaido/ninja/textures/male_reg_ninja_shoes.texture?/diffuse_a.tex](ascolormap).pc_tex","flag":"5F"}],"extraBlueprintDependencies":[],"comments":[]}