{"tempHash":"0054333F51138137","tbluHash":"008BB6C23A19A925","rootEntity":"e604e163e08340f0","entities":{"840fd14d0dc4497b":{"parent":"7b60bd629ba4f6e7","name":"male_reg_belt_01","factory":"0043725859FC505F","blueprint":"0023812E573A1012","properties":{"1565884279":{"type":"IRenderMaterialEntity.EModifierOperation","value":"eReplace"},"2287298018":{"type":"IRenderMaterialEntity.EModifierOperation","value":"eReplace"},"m_mTransform":{"type":"SMatrix43","value":{"rotation":{"x":0,"y":0,"z":0},"position":{"x":0,"y":0,"z":0}}},"Diffuse_Saturation_01_Value":{"type":"float32","value":0.10000000149011612},"ConstantVector1D_01_Value_op":{"type":"IRenderMaterialEntity.EModifierOperation","value":"eReplace"},"ConstantVector1D_01_Value":{"type":"float32","value":0.20000000298023224},"Clients":{"type":"TArray<SEntityTemplateReference>","value":["7b60bd629ba4f6e7"],"postInit":true},"m_eidParent":{"type":"SEntityTemplateReference","value":"e604e163e08340f0","postInit":true}}},"69d1d37de77819d0":{"parent":"b3d5439cf57864d7","name":"male_reg_socks_01","factory":"000191174AD4F0BC","blueprint":"006B6ED99EF0ADEB","properties":{"2287298018":{"type":"IRenderMaterialEntity.EModifierOperation","value":"eReplace"},"m_mTransform":{"type":"SMatrix43","value":{"rotation":{"x":0,"y":0,"z":0},"position":{"x":0,"y":0,"z":0}}},"ConstantVector1D_01_Value_op":{"type":"IRenderMaterialEntity.EModifierOperation","value":"eReplace"},"ConstantVector1D_01_Value":{"type":"float32","value":0.009999999776482582},"Clients":{"type":"TArray<SEntityTemplateReference>","value":["b3d5439cf57864d7"],"postInit":true},"m_eidParent":{"type":"SEntityTemplateReference","value":"e604e163e08340f0","postInit":true}}},"c94ddcb13c74ca3f":{"parent":"e604e163e08340f0","name":"Lerp 3","factory":"[modules:/zmathlerp.class].pc_entitytype","blueprint":"[modules:/zmathlerp.class].pc_entityblueprint","properties":{"m_A":{"type":"float32","value":0.05000000074505806},"m_B":{"type":"float32","value":0.5},"m_fT":{"type":"float32","value":0}},"events":{"Lerp":{"ConstantVector1D_14_Value":["404f0f30b35f5ba3"]}}},"fd38cf29303aae2":{"parent":"e604e163e08340f0","name":"Lerp","factory":"[modules:/zmathlerp.class].pc_entitytype","blueprint":"[modules:/zmathlerp.class].pc_entityblueprint","properties":{"m_B":{"type":"float32","value":0.30000001192092896},"m_fT":{"type":"float32","value":0}},"events":{"Lerp":{"shirt_long_sleeve_Roughness_Min":["57b01960d9619d16"],"shirt_buttoned_up_Roughness_Min":["57b01960d9619d16"],"ConstantVector1D_04_Value":["7b60bd629ba4f6e7","b3d5439cf57864d7","c1cdd61823d16198","3cb42e82f5749e8b"],"SpecularRoughnessMin":["78f3d66eb0217a83"]}}},"d841de44ee7ff9ef":{"parent":"e604e163e08340f0","name":"Lerp 1","factory":"[modules:/zmathlerp.class].pc_entitytype","blueprint":"[modules:/zmathlerp.class].pc_entityblueprint","properties":{"m_A":{"type":"float32","value":0.4000000059604645},"m_B":{"type":"float32","value":0.12999999523162842},"m_fT":{"type":"float32","value":0}},"events":{"Lerp":{"shirt_long_sleeve_Diffuse_Albedo":["57b01960d9619d16"],"shirt_buttoned_up_Diffuse_Albedo":["57b01960d9619d16"]}}},"72d64371630a8fd7":{"parent":"c1cdd61823d16198","name":"male_reg_bangkok_hotelsecurity_shoes","factory":"[assembly:/_pro/characters/assets/guards/bangkok/hotel_security/materials/male_reg_bangkok_hotelsecurity_shoes.mi].pc_entitytype","blueprint":"[assembly:/_pro/characters/assets/guards/bangkok/hotel_security/materials/male_reg_bangkok_hotelsecurity_shoes.mi].pc_entityblueprint","properties":{"1737952988":{"type":"IRenderMaterialEntity.EModifierOperation","value":"eReplace"},"2287298018":{"type":"IRenderMaterialEntity.EModifierOperation","value":"eReplace"},"m_mTransform":{"type":"SMatrix43","value":{"rotation":{"x":0,"y":0,"z":0},"position":{"x":0,"y":0,"z":0}}},"ConstantVector1D_05_Value":{"type":"float32","value":0.5099999904632568},"Texture2D_01_enab":{"type":"bool","value":true},"Texture2D_01":{"type":"ZRuntimeResourceID","value":{"resource":"0056D10B3D6AFAD8","flag":"5F"}},"Texture2DNormal_01_enab":{"type":"bool","value":true},"Texture2DNormal_01":{"type":"ZRuntimeResourceID","value":{"resource":"0012B1C58624FB9D","flag":"5F"}},"Texture2D_03_enab":{"type":"bool","value":true},"Texture2D_03":{"type":"ZRuntimeResourceID","value":{"resource":"0066A12C24F2E2F9","flag":"5F"}},"Clients":{"type":"TArray<SEntityTemplateReference>","value":["c1cdd61823d16198"],"postInit":true},"m_eidParent":{"type":"SEntityTemplateReference","value":"e604e163e08340f0","postInit":true}}},"c1cdd61823d16198":{"parent":"e604e163e08340f0","name":"Mesh_Shoes01","factory":"[modules:/zbodypartentity.class].pc_entitytype","blueprint":"[modules:/zbodypartentity.class].pc_entityblueprint","properties":{"m_pMeshResource":{"type":"ZRuntimeResourceID","value":{"resource":"00C536224D4F37E1","flag":"5F"}}},"inputCopying":{"ConstantVector1D_04_Value":{"ConstantVector1D_04_Value":["72d64371630a8fd7"]}}},"d14879b154bf5b16":{"parent":"e604e163e08340f0","name":"Lerp 5","factory":"[modules:/zmathlerp.class].pc_entitytype","blueprint":"[modules:/zmathlerp.class].pc_entityblueprint","properties":{"m_A":{"type":"float32","value":-0.25},"m_fT":{"type":"float32","value":0},"m_B":{"type":"float32","value":0.20000000298023224}},"events":{"Lerp":{"suit_jacket_open_Roughness_Min":["57b01960d9619d16"]}}},"cf4ada5593dd1037":{"parent":"e604e163e08340f0","name":"Lerp 4","factory":"[modules:/zmathlerp.class].pc_entitytype","blueprint":"[modules:/zmathlerp.class].pc_entityblueprint","properties":{"m_A":{"type":"float32","value":0.5},"m_B":{"type":"float32","value":0.30000001192092896},"m_fT":{"type":"float32","value":0}},"events":{"Lerp":{"suit_jacket_open_Diffuse_Albedo":["57b01960d9619d16"],"ConstantVector1D_01_Value":["404f0f30b35f5ba3"]}}},"cbc452667a4d898":{"parent":"e604e163e08340f0","name":"ChildNetwork","factory":"[modules:/zchildnetworkentity.class].pc_entitytype","blueprint":"[modules:/zchildnetworkentity.class].pc_entityblueprint","properties":{"m_RuntimeNetworkResourceID":{"type":"ZRuntimeResourceID","value":{"resource":"[assembly:/animationnetworks/hitman01/idles/suitidle.aln].pc_rtn","flag":"9F"}}}},"117262b4d34f22db":{"parent":"e604e163e08340f0","name":"Lerp 6","factory":"[modules:/zmathlerp.class].pc_entitytype","blueprint":"[modules:/zmathlerp.class].pc_entityblueprint","properties":{"m_A":{"type":"float32","value":0.25999999046325684},"m_fT":{"type":"float32","value":0},"m_B":{"type":"float32","value":0.6000000238418579}},"events":{"Lerp":{"philip_tie_Specular_Roughness_Min":["57b01960d9619d16"]}}},"8d9f2fe249b1b30d":{"parent":"e604e163e08340f0","name":"male_reg_eyelashes","factory":"00AF6FD15BFAC222","blueprint":"00926F11E3C00813","properties":{"1294887455":{"type":"IRenderMaterialEntity.EModifierOperation","value":"eReplace"},"2786709788":{"type":"IRenderMaterialEntity.EModifierOperation","value":"eReplace"},"m_mTransform":{"type":"SMatrix43","value":{"rotation":{"x":0,"y":0,"z":0},"position":{"x":0,"y":0,"z":0}}},"ConstantVector1D_16_Value":{"type":"float32","value":1.5},"Clients":{"type":"TArray<SEntityTemplateReference>","value":["e604e163e08340f0"],"postInit":true},"m_eidParent":{"type":"SEntityTemplateReference","value":"e604e163e08340f0","postInit":true}}},"cddcd6131a2630b2":{"parent":"e604e163e08340f0","name":"base_eye","factory":"00FDEC17A5A2BF5F","blueprint":"00C4E4179AE75353","properties":{"1405740434":{"type":"IRenderMaterialEntity.EModifierOperation","value":"eReplace"},"1762730872":{"type":"IRenderMaterialEntity.EModifierOperation","value":"eReplace"},"2036633045":{"type":"IRenderMaterialEntity.EModifierOperation","value":"eReplace"},"2298771567":{"type":"IRenderMaterialEntity.EModifierOperation","value":"eReplace"},"3480721934":{"type":"IRenderMaterialEntity.EModifierOperation","value":"eReplace"},"4103203329":{"type":"IRenderMaterialEntity.EModifierOperation","value":"eReplace"},"m_mTransform":{"type":"SMatrix43","value":{"rotation":{"x":0,"y":0,"z":0},"position":{"x":0,"y":0,"z":0}}},"EyeShader_01_IrisBrightness":{"type":"float32","value":2},"EyeShader_01_PupilSize":{"type":"float32","value":0.17000000178813934},"EyeShader_01_IrisHueShift":{"type":"float32","value":0.10000000149011612},"EyeShader_01_CorneaSpecularPower":{"type":"float32","value":1},"EyeShader_01_CorneaSpecularIntensity":{"type":"float32","value":0.02500000037252903},"EyeShader_01_ScleraSpecularIntensity":{"type":"float32","value":0.019999999552965164},"Texture2D_01_enab":{"type":"bool","value":true},"Texture2D_01":{"type":"ZRuntimeResourceID","value":{"resource":"00956964149E802F","flag":"5F"}},"Clients":{"type":"TArray<SEntityTemplateReference>","value":["e604e163e08340f0"],"postInit":true},"m_eidParent":{"type":"SEntityTemplateReference","value":"e604e163e08340f0","postInit":true}}},"a98e02ca7e69e032":{"parent":"e604e163e08340f0","name":"Head_47","factory":"00537D16B5CE7286","blueprint":"00F2E4A932ECAA63"},"b3d5439cf57864d7":{"parent":"e604e163e08340f0","name":"Mesh_Socks","factory":"[modules:/zbodypartentity.class].pc_entitytype","blueprint":"[modules:/zbodypartentity.class].pc_entityblueprint","properties":{"m_pMeshResource":{"type":"ZRuntimeResourceID","value":{"resource":"0063B05E0712FBB3","flag":"5F"}}},"inputCopying":{"ConstantVector1D_04_Value":{"ConstantVector1D_04_Value":["69d1d37de77819d0"]}}},"c5ad92ed494faf01":{"parent":"e604e163e08340f0","name":"Lerp 2","factory":"[modules:/zmathlerp.class].pc_entitytype","blueprint":"[modules:/zmathlerp.class].pc_entityblueprint","properties":{"m_A":{"type":"float32","value":1},"m_B":{"type":"float32","value":2},"m_fT":{"type":"float32","value":0}},"events":{"Lerp":{"shirt_long_sleeve_Normal_Bump_Scale":["57b01960d9619d16"],"shirt_buttoned_up_Normal_Bump_Scale":["57b01960d9619d16"],"suit_jacket_open_Normal_Bump_Scale":["57b01960d9619d16"],"ConstantVector1D_06_Value":["404f0f30b35f5ba3"]}}},"7b60bd629ba4f6e7":{"parent":"e604e163e08340f0","name":"Mesh_Belt","factory":"[modules:/zbodypartentity.class].pc_entitytype","blueprint":"[modules:/zbodypartentity.class].pc_entityblueprint","properties":{"m_pMeshResource":{"type":"ZRuntimeResourceID","value":{"resource":"004AE40C64125C4E","flag":"5F"}}},"inputCopying":{"ConstantVector1D_04_Value":{"ConstantVector1D_04_Value":["840fd14d0dc4497b"]}}},"276787416d2981d5":{"parent":"e604e163e08340f0","name":"FX_Hitman_Wet_Logic_Character","factory":"0067CFB703A80787","blueprint":"00AA88C960CD2080","properties":{"HeadMaterialToOverride":{"type":"ZRuntimeResourceID","value":{"resource":"009F7978C601815A","flag":"5F"}},"HeadMaterialOverride":{"type":"TArray<SEntityTemplateReference>","value":["e604e163e08340f0"],"postInit":true}},"events":{"HitmanWetness":{"T":["fd38cf29303aae2","c5ad92ed494faf01","d841de44ee7ff9ef","d14879b154bf5b16","cf4ada5593dd1037","c94ddcb13c74ca3f","117262b4d34f22db"]},"ChangedDisguiseTrigger":{"Activate":["3cb42e82f5749e8b"]}}},"78f3d66eb0217a83":{"parent":"e604e163e08340f0","name":"Hands","factory":"009A6D9F7927FB89","blueprint":"00F49463DEA8D412"},"e604e163e08340f0":{"parent":null,"name":"OUTFIT_Agent47_Reward_S2ElusiveSa1_HeroA_V0","factory":"[assembly:/templates/aspectdummy.aspect]([modules:/zlinkedproxyentity.class].entitytype,[modules:/zclothcharacterentity.class].entitytype,[modules:/zheroidlenetworkaspect.class].entitytype).pc_entitytype","blueprint":"[assembly:/templates/aspectdummy.aspect]([modules:/zlinkedproxyentity.class].entitytype,[modules:/zclothcharacterentity.class].entitytype,[modules:/zheroidlenetworkaspect.class].entitytype).pc_entityblueprint","properties":{"m_ResourceID":{"type":"ZRuntimeResourceID","value":null},"m_fLODScale":{"type":"float32","value":1},"m_mTransform":{"type":"SMatrix43","value":{"rotation":{"x":0,"y":0,"z":0},"position":{"x":39.57619094848633,"y":8.943737983703613,"z":0.010700000450015068}}},"m_pBonesAndCollisionResource":{"type":"ZRuntimeResourceID","value":{"resource":"0017416135CF879C","flag":"5F"}},"m_bUsePerVertexStiffness":{"type":"bool","value":true},"m_LocalColliders":{"type":"TArray<SEntityTemplateReference>","value":[]},"m_bGlobalCollidersEnabled":{"type":"bool","value":false},"m_fDamping":{"type":"float32","value":1},"m_fBendStiffness":{"type":"float32","value":1},"m_bUsePerVertexDamping":{"type":"bool","value":true},"m_fShearStiffness":{"type":"float32","value":1},"m_bUseSkinningPosNormalConstrains":{"type":"bool","value":true},"m_bUseSkinningNegNormalConstrains":{"type":"bool","value":true},"m_nIterations":{"type":"uint32","value":2},"m_fFrequency":{"type":"float32","value":90},"m_vTranslationScale":{"type":"SVector3","value":{"x":0.10000000149011612,"y":0.10000000149011612,"z":0.10000000149011612}},"m_vGravity":{"type":"SVector3","value":{"x":0,"y":0,"z":-13}},"m_fLODOffset":{"type":"float32","value":100},"m_fDragConstant":{"type":"float32","value":1},"m_eStretchConstrainType":{"type":"EClothStretchConstrainType","value":"eClothBendConstrainType_LRA"},"m_fAngularVelocityThreshold":{"type":"float32","value":60},"m_eRootBone":{"type":"BoneId.Enum","value":"PELVIS"},"m_bEnableAngularVelocityScale":{"type":"bool","value":true},"m_eBendConstrainType":{"type":"EClothBendConstrainType","value":"eClothBendConstrainType_Triangle"},"m_pIdleAnimNetworkEntity":{"type":"SEntityTemplateReference","value":"cbc452667a4d898"},"m_bRandomStartState":{"type":"bool","value":true},"m_fWindConstant":{"type":"float32","value":0.10000000149011612},"m_aBodyParts":{"type":"TArray<SEntityTemplateReference>","value":["a98e02ca7e69e032","404f0f30b35f5ba3","c1cdd61823d16198","57b01960d9619d16","7b60bd629ba4f6e7","b3d5439cf57864d7","78f3d66eb0217a83"],"postInit":true}}},"57b01960d9619d16":{"parent":"e604e163e08340f0","name":"Agent47_S2_Suit_TieBar","factory":"00E99799A1A031E4","blueprint":"00B8F6AA234E77D0","properties":{"ConstantColorRGB_05_Value":{"type":"SColorRGB","value":"#3e4061"},"ConstantVector1D_03_Value":{"type":"float32","value":30},"ConstantColorRGB_02_Value":{"type":"SColorRGB","value":"#151863"},"ConstantVector1D_04_Value":{"type":"float32","value":0.25999999046325684},"Diffuse_Color_01_Value":{"type":"SColorRGB","value":"#656566"},"ConstantVector1D_01_Value_1":{"type":"float32","value":0.5},"Texture2D_01":{"type":"ZRuntimeResourceID","value":{"resource":"000D7A2135496A40","flag":"5F"}}}},"33d5d4dc1a83e49f":{"parent":"404f0f30b35f5ba3","name":"male_reg_suit_pants_01","factory":"0074A1B094FC4120","blueprint":"0007754D66EDCF32","properties":{"1239136802":{"type":"IRenderMaterialEntity.EModifierOperation","value":"eReplace"},"1294887455":{"type":"IRenderMaterialEntity.EModifierOperation","value":"eReplace"},"1787395739":{"type":"IRenderMaterialEntity.EModifierOperation","value":"eReplace"},"2359342559":{"type":"IRenderMaterialEntity.EModifierOperation","value":"eReplace"},"2786709788":{"type":"IRenderMaterialEntity.EModifierOperation","value":"eReplace"},"2869403995":{"type":"IRenderMaterialEntity.EModifierOperation","value":"eReplace"},"3516673141":{"type":"IRenderMaterialEntity.EModifierOperation","value":"eReplace"},"m_mTransform":{"type":"SMatrix43","value":{"rotation":{"x":0,"y":0,"z":0},"position":{"x":9.988899230957031,"y":-8.244298934936523,"z":0}}},"ConstantVector1D_01_Value_op":{"type":"IRenderMaterialEntity.EModifierOperation","value":"eReplace"},"Active":{"type":"bool","value":true},"ConstantVector1D_16_Value":{"type":"float32","value":0.5},"ConstantVector1D_03_Value":{"type":"float32","value":2},"ConstantVector1D_14_Value":{"type":"float32","value":0.05000000074505806},"Texture2D_01_enab":{"type":"bool","value":true},"Texture2D_01":{"type":"ZRuntimeResourceID","value":{"resource":"00AF802D36A4241A","flag":"5F"}},"Diffuse_Color_01_Value":{"type":"SColorRGB","value":"#656566"},"ConstantVector1D_13_Value":{"type":"float32","value":0},"Texture2D_03_enab":{"type":"bool","value":true},"ConstantVector1D_15_Value":{"type":"float32","value":7},"m_eidParent":{"type":"SEntityTemplateReference","value":"e604e163e08340f0"},"Clients":{"type":"TArray<SEntityTemplateReference>","value":["404f0f30b35f5ba3"],"postInit":true}}},"404f0f30b35f5ba3":{"parent":"e604e163e08340f0","name":"Mesh_Pant","factory":"[modules:/zbodypartentity.class].pc_entitytype","blueprint":"[modules:/zbodypartentity.class].pc_entityblueprint","properties":{"m_pMeshResource":{"type":"ZRuntimeResourceID","value":{"resource":"00408DC64039D5CB","flag":"5F"}}},"inputCopying":{"ConstantVector1D_06_Value":{"ConstantVector1D_06_Value":["33d5d4dc1a83e49f"]},"ConstantVector1D_14_Value":{"ConstantVector1D_14_Value":["33d5d4dc1a83e49f"]},"ConstantVector1D_01_Value":{"ConstantVector1D_01_Value":["33d5d4dc1a83e49f"]}}},"3cb42e82f5749e8b":{"parent":"e604e163e08340f0","name":"male_reg_body","factory":"003DCA5E22F37B5F","blueprint":"0041C89DFA9D7801","properties":{"2287298018":{"type":"IRenderMaterialEntity.EModifierOperation","value":"eReplace"},"m_mTransform":{"type":"SMatrix43","value":{"rotation":{"x":0,"y":0,"z":0},"position":{"x":0,"y":0,"z":0}}},"Clients":{"type":"TArray<SEntityTemplateReference>","value":["e604e163e08340f0"]},"Active":{"type":"bool","value":false},"m_eidParent":{"type":"SEntityTemplateReference","value":"e604e163e08340f0"}}}},"propertyOverrides":[],"overrideDeletes":[],"pinConnectionOverrides":[],"pinConnectionOverrideDeletes":[],"externalScenes":[],"subType":"template","quickEntityVersion":3.1,"extraFactoryDependencies":[],"extraBlueprintDependencies":[],"comments":[]}