{"tempHash":"0060EDC894BD9A02","tbluHash":"0081D340CDF4AF24","rootEntity":"9405af9b3d3b667","entities":{"ff83b5187387e82b":{"parent":"9405af9b3d3b667","name":"Mesh_Shirt","factory":"[modules:/zbodypartentity.class].pc_entitytype","blueprint":"[modules:/zbodypartentity.class].pc_entityblueprint","properties":{"m_pMeshResource":{"type":"ZRuntimeResourceID","value":{"resource":"00CB56A068573421","flag":"5F"}}}},"36de3de18e93737":{"parent":"9405af9b3d3b667","name":"Mesh_TShirt","factory":"[modules:/zbodypartentity.class].pc_entitytype","blueprint":"[modules:/zbodypartentity.class].pc_entityblueprint","properties":{"m_pMeshResource":{"type":"ZRuntimeResourceID","value":{"resource":"00CEF9B89639EFEC","flag":"5F"}}}},"424bb7550ec00df5":{"parent":"9405af9b3d3b667","name":"Lerp 6","factory":"[modules:/zmathlerp.class].pc_entitytype","blueprint":"[modules:/zmathlerp.class].pc_entityblueprint","properties":{"m_A":{"type":"float32","value":0.8500000238418579},"m_B":{"type":"float32","value":0.30000001192092896},"m_fT":{"type":"float32","value":0}},"events":{"Lerp":{"ConstantVector1D_01_Value":["88ded18fd3e64eb3"]}}},"72ff40d8e6e4e479":{"parent":"9405af9b3d3b667","name":"FX_Hitman_Wet_Logic_Character","factory":"0067CFB703A80787","blueprint":"00AA88C960CD2080","properties":{"HeadMaterialToOverride":{"type":"ZRuntimeResourceID","value":{"resource":"009F7978C601815A","flag":"5F"}},"HeadMaterialOverride":{"type":"TArray<SEntityTemplateReference>","value":["9405af9b3d3b667"],"postInit":true}},"events":{"HitmanWetness":{"T":["3a83218041dbbd85","255bcc88e1081554","a64d47ca610f98e5","424bb7550ec00df5","2d74273a5898cd48","f0928ef089784866","f19455a9ba09059e","ded1dc8419f519c8","56a2f8656b31de62","f2cb02490655b8c5","7347fdb10bf01692"]},"ChangedDisguiseTrigger":{"Activate":["66db227e14a31152","88ded18fd3e64eb3","3d8868d0c5707be","fc96d39eb4a5bb86","7a2d6ccf9d83ea52"]}}},"7347fdb10bf01692":{"parent":"9405af9b3d3b667","name":"Lerp 11","factory":"[modules:/zmathlerp.class].pc_entitytype","blueprint":"[modules:/zmathlerp.class].pc_entityblueprint","properties":{"m_A":{"type":"float32","value":0.8500000238418579},"m_B":{"type":"float32","value":0.30000001192092896},"m_fT":{"type":"float32","value":0}},"events":{"Lerp":{"ConstantVector1D_01_Value":["7a2d6ccf9d83ea52"]}}},"3a8e5e48de098d11":{"parent":"9405af9b3d3b667","name":"male_reg_agent47_clown_socks_del02","factory":"[assembly:/_pro/characters/assets/hero/agent47/materials/male_reg_agent47_clown_socks_del02.mi].pc_entitytype","blueprint":"[assembly:/_pro/characters/assets/hero/agent47/materials/male_reg_agent47_clown_socks_del02.mi].pc_entityblueprint","properties":{"m_mTransform":{"type":"SMatrix43","value":{"rotation":{"x":0,"y":0,"z":0},"position":{"x":0,"y":0,"z":0}}},"ConstantVector1D_05_Value_op":{"type":"IRenderMaterialEntity.EModifierOperation","value":"eReplace"},"ConstantVector1D_05_Value":{"type":"float32","value":0.10000000149011612},"Texture2D_03_enab":{"type":"bool","value":true},"ConstantVector1D_01_Value_op":{"type":"IRenderMaterialEntity.EModifierOperation","value":"eLeave"},"Clients":{"type":"TArray<SEntityTemplateReference>","value":["9405af9b3d3b667"],"postInit":true},"m_eidParent":{"type":"SEntityTemplateReference","value":"9405af9b3d3b667","postInit":true}}},"b52fecf1f506bc87":{"parent":"9405af9b3d3b667","name":"Mesh_Nose","factory":"[modules:/zbodypartentity.class].pc_entitytype","blueprint":"[modules:/zbodypartentity.class].pc_entityblueprint","properties":{"m_pMeshResource":{"type":"ZRuntimeResourceID","value":{"resource":"0035255F42B78EDF","flag":"5F"}},"m_IsHiddenInVR":{"type":"bool","value":true}}},"19776acb402aedee":{"parent":"9405af9b3d3b667","name":"Mesh_Head","factory":"[modules:/zbodypartentity.class].pc_entitytype","blueprint":"[modules:/zbodypartentity.class].pc_entityblueprint","properties":{"m_pMeshResource":{"type":"ZRuntimeResourceID","value":{"resource":"[assembly:/_pro/characters/assets/hero/agent47/geometry/regmale_agent47.wl2?/agent47_head.weightedprim](bodypart).pc_weightedprim","flag":"5F"}},"m_IsHiddenInVR":{"type":"bool","value":true}}},"f19455a9ba09059e":{"parent":"9405af9b3d3b667","name":"Lerp","factory":"[modules:/zmathlerp.class].pc_entitytype","blueprint":"[modules:/zmathlerp.class].pc_entityblueprint","properties":{"m_A":{"type":"float32","value":-0.07999999821186066},"m_fT":{"type":"float32","value":0},"m_B":{"type":"float32","value":0.4000000059604645}},"events":{"Lerp":{"ConstantVector1D_14_Value":["15da513fd77145f3"]}}},"54ad5ed8dd4d1656":{"parent":"9405af9b3d3b667","name":"Mesh_Shoes","factory":"[modules:/zbodypartentity.class].pc_entitytype","blueprint":"[modules:/zbodypartentity.class].pc_entityblueprint","properties":{"m_pMeshResource":{"type":"ZRuntimeResourceID","value":{"resource":"0002189E7E84AD16","flag":"5F"}}}},"7a2d6ccf9d83ea52":{"parent":"9405af9b3d3b667","name":"male_reg_agent47_clown_gloves_del02","factory":"[assembly:/_pro/characters/assets/hero/agent47/materials/male_reg_agent47_clown_gloves_del02.mi].pc_entitytype","blueprint":"[assembly:/_pro/characters/assets/hero/agent47/materials/male_reg_agent47_clown_gloves_del02.mi].pc_entityblueprint","properties":{"m_mTransform":{"type":"SMatrix43","value":{"rotation":{"x":0,"y":0,"z":0},"position":{"x":-3.9725921154022217,"y":7.800271987915039,"z":-2.226846933364868}}},"Active":{"type":"bool","value":false},"ConstantVector1D_04_Value_op":{"type":"IRenderMaterialEntity.EModifierOperation","value":"eReplace"},"ConstantVector1D_01_Value_op":{"type":"IRenderMaterialEntity.EModifierOperation","value":"eReplace"},"Clients":{"type":"TArray<SEntityTemplateReference>","value":["9405af9b3d3b667"],"postInit":true},"m_eidParent":{"type":"SEntityTemplateReference","value":"9405af9b3d3b667","postInit":true}}},"18db5e2c0833d9ff":{"parent":"9405af9b3d3b667","name":"agent47_eye","factory":"[assembly:/_pro/characters/assets/hero/agent47/materials/agent47_eye.mi].pc_entitytype","blueprint":"[assembly:/_pro/characters/assets/hero/agent47/materials/agent47_eye.mi].pc_entityblueprint","properties":{"m_mTransform":{"type":"SMatrix43","value":{"rotation":{"x":0,"y":0,"z":0},"position":{"x":0,"y":0,"z":0}}},"EyeShader_01_CorneaSpecularIntensity_op":{"type":"IRenderMaterialEntity.EModifierOperation","value":"eReplace"},"EyeShader_01_CorneaSpecularIntensity":{"type":"float32","value":1},"EyeShader_01_ScleraSpecularIntensity":{"type":"float32","value":1},"EyeShader_01_ScleraSpecularIntensity_op":{"type":"IRenderMaterialEntity.EModifierOperation","value":"eReplace"},"Override":{"type":"bool","value":false},"Active":{"type":"bool","value":true},"EyeShader_01_ScleraSpecularPower_op":{"type":"IRenderMaterialEntity.EModifierOperation","value":"eReplace"},"EyeShader_01_ScleraSpecularPower":{"type":"float32","value":5000},"Clients":{"type":"TArray<SEntityTemplateReference>","value":["9405af9b3d3b667"],"postInit":true},"m_eidParent":{"type":"SEntityTemplateReference","value":"9405af9b3d3b667","postInit":true}}},"2d74273a5898cd48":{"parent":"9405af9b3d3b667","name":"Lerp 7","factory":"[modules:/zmathlerp.class].pc_entitytype","blueprint":"[modules:/zmathlerp.class].pc_entityblueprint","properties":{"m_A":{"type":"float32","value":0.75},"m_B":{"type":"float32","value":0.4000000059604645},"m_fT":{"type":"float32","value":0}},"events":{"Lerp":{"ConstantVector1D_01_Value":["3d8868d0c5707be"]}}},"15da513fd77145f3":{"parent":"9405af9b3d3b667","name":"male_reg_agent47_clown_shirt_del02","factory":"[assembly:/_pro/characters/assets/hero/agent47/materials/male_reg_agent47_clown_shirt_del02.mi].pc_entitytype","blueprint":"[assembly:/_pro/characters/assets/hero/agent47/materials/male_reg_agent47_clown_shirt_del02.mi].pc_entityblueprint","properties":{"m_mTransform":{"type":"SMatrix43","value":{"rotation":{"x":0,"y":0,"z":0},"position":{"x":0,"y":0,"z":0}}},"ConstantVector1D_14_Value_op":{"type":"IRenderMaterialEntity.EModifierOperation","value":"eReplace"},"ConstantVector1D_14_Value":{"type":"float32","value":-0.07999999821186066},"ConstantVector1D_03_Value_op":{"type":"IRenderMaterialEntity.EModifierOperation","value":"eReplace"},"ConstantVector1D_03_Value":{"type":"float32","value":0.550000011920929},"ConstantVector1D_01_Value_op":{"type":"IRenderMaterialEntity.EModifierOperation","value":"eReplace"},"ConstantVector1D_06_Value_op":{"type":"IRenderMaterialEntity.EModifierOperation","value":"eReplace"},"Clients":{"type":"TArray<SEntityTemplateReference>","value":["9405af9b3d3b667"],"postInit":true},"m_eidParent":{"type":"SEntityTemplateReference","value":"9405af9b3d3b667","postInit":true}}},"88ded18fd3e64eb3":{"parent":"9405af9b3d3b667","name":"male_reg_agent47_clown_hair_del02","factory":"[assembly:/_pro/characters/assets/hero/agent47/materials/male_reg_agent47_clown_hair_del02.mi].pc_entitytype","blueprint":"[assembly:/_pro/characters/assets/hero/agent47/materials/male_reg_agent47_clown_hair_del02.mi].pc_entityblueprint","properties":{"m_mTransform":{"type":"SMatrix43","value":{"rotation":{"x":0,"y":0,"z":0},"position":{"x":-7.084922790527344,"y":6.20424222946167,"z":2.9595930576324463}}},"Active":{"type":"bool","value":false},"ConstantVector1D_01_Value_op":{"type":"IRenderMaterialEntity.EModifierOperation","value":"eReplace"},"ConstantVector1D_09_Value_op":{"type":"IRenderMaterialEntity.EModifierOperation","value":"eReplace"},"Clients":{"type":"TArray<SEntityTemplateReference>","value":["9405af9b3d3b667"],"postInit":true},"m_eidParent":{"type":"SEntityTemplateReference","value":"9405af9b3d3b667","postInit":true}}},"f2cb02490655b8c5":{"parent":"9405af9b3d3b667","name":"Lerp 9","factory":"[modules:/zmathlerp.class].pc_entitytype","blueprint":"[modules:/zmathlerp.class].pc_entityblueprint","properties":{"m_A":{"type":"float32","value":0},"m_fT":{"type":"float32","value":0},"m_B":{"type":"float32","value":0.5}},"events":{"Lerp":{"ConstantVector1D_04_Value":["7a2d6ccf9d83ea52"]}}},"4e1ad8f032e48637":{"parent":"9405af9b3d3b667","name":"ChildNetwork","factory":"[modules:/zchildnetworkentity.class].pc_entitytype","blueprint":"[modules:/zchildnetworkentity.class].pc_entityblueprint","properties":{"m_RuntimeNetworkResourceID":{"type":"ZRuntimeResourceID","value":{"resource":"[assembly:/animationnetworks/hitman01/idles/clownsuit_idle.aln].pc_rtn","flag":"9F"}}}},"a64d47ca610f98e5":{"parent":"9405af9b3d3b667","name":"Lerp 5","factory":"[modules:/zmathlerp.class].pc_entitytype","blueprint":"[modules:/zmathlerp.class].pc_entityblueprint","properties":{"m_A":{"type":"float32","value":0.20000000298023224},"m_B":{"type":"float32","value":10},"m_fT":{"type":"float32","value":0}},"events":{"Lerp":{"ConstantVector1D_09_Value":["3d8868d0c5707be","88ded18fd3e64eb3"]}}},"56a2f8656b31de62":{"parent":"9405af9b3d3b667","name":"Lerp 10","factory":"[modules:/zmathlerp.class].pc_entitytype","blueprint":"[modules:/zmathlerp.class].pc_entityblueprint","properties":{"m_A":{"type":"float32","value":0},"m_fT":{"type":"float32","value":1},"m_B":{"type":"float32","value":0.800000011920929}},"events":{"Lerp":{"ConstantVector1D_04_Value":["fc96d39eb4a5bb86"]}}},"9405af9b3d3b667":{"parent":null,"name":"OUTFIT_Agent47_ClownSuit_HeroA_V0","factory":"[assembly:/templates/aspectdummy.aspect]([modules:/zlinkedproxyentity.class].entitytype,[modules:/zclothcharacterentity.class].entitytype,[modules:/zheroidlenetworkaspect.class].entitytype).pc_entitytype","blueprint":"[assembly:/templates/aspectdummy.aspect]([modules:/zlinkedproxyentity.class].entitytype,[modules:/zclothcharacterentity.class].entitytype,[modules:/zheroidlenetworkaspect.class].entitytype).pc_entityblueprint","properties":{"m_ResourceID":{"type":"ZRuntimeResourceID","value":null},"m_fLODScale":{"type":"float32","value":1},"m_mTransform":{"type":"SMatrix43","value":{"rotation":{"x":0,"y":0,"z":0},"position":{"x":2.781275987625122,"y":0,"z":0}}},"m_pBonesAndCollisionResource":{"type":"ZRuntimeResourceID","value":{"resource":"004E2C4FC114F487","flag":"5F"}},"m_fWindConstant":{"type":"float32","value":0},"m_bUsePerVertexStiffness":{"type":"bool","value":false},"m_bGlobalCollidersEnabled":{"type":"bool","value":false},"m_fDamping":{"type":"float32","value":0.30000001192092896},"m_fBendStiffness":{"type":"float32","value":0.30000001192092896},"m_bUsePerVertexDamping":{"type":"bool","value":false},"m_fShearStiffness":{"type":"float32","value":0.800000011920929},"m_bUseSkinningPosNormalConstrains":{"type":"bool","value":true},"m_bUseSkinningNegNormalConstrains":{"type":"bool","value":true},"m_nIterations":{"type":"uint32","value":2},"m_fFrequency":{"type":"float32","value":60},"m_vTranslationScale":{"type":"SVector3","value":{"x":0.10000000149011612,"y":0.10000000149011612,"z":0.10000000149011612}},"m_fLODOffset":{"type":"float32","value":100},"m_fDragConstant":{"type":"float32","value":1},"m_eStretchConstrainType":{"type":"EClothStretchConstrainType","value":"eClothBendConstrainType_None"},"m_fAngularVelocityThreshold":{"type":"float32","value":60},"m_eRootBone":{"type":"BoneId.Enum","value":"NECK"},"m_bEnableAngularVelocityScale":{"type":"bool","value":true},"m_eBendConstrainType":{"type":"EClothBendConstrainType","value":"eClothBendConstrainType_Triangle"},"m_pIdleAnimNetworkEntity":{"type":"SEntityTemplateReference","value":"4e1ad8f032e48637"},"m_bRandomStartState":{"type":"bool","value":true},"m_aBodyParts":{"type":"TArray<SEntityTemplateReference>","value":["ff83b5187387e82b","19776acb402aedee","856a2307af29949d","54ad5ed8dd4d1656","a84a53e44eefef61","3a64196f412d5c5","36de3de18e93737","c48553c0a852d1f5","a33d4e9084b4b0b","be71f4d80ea0c84f","b52fecf1f506bc87"],"postInit":true},"m_LocalColliders":{"type":"TArray<SEntityTemplateReference>","value":["1e1dc1a1b699561b"],"postInit":true}}},"be71f4d80ea0c84f":{"parent":"9405af9b3d3b667","name":"Mesh_Suspenders","factory":"[modules:/zbodypartentity.class].pc_entitytype","blueprint":"[modules:/zbodypartentity.class].pc_entityblueprint","properties":{"m_pMeshResource":{"type":"ZRuntimeResourceID","value":{"resource":"00CB7A287979FD79","flag":"5F"}}}},"66db227e14a31152":{"parent":"9405af9b3d3b667","name":"male_reg_agent47_clown_pants_del02","factory":"[assembly:/_pro/characters/assets/hero/agent47/materials/male_reg_agent47_clown_pants_del02.mi].pc_entitytype","blueprint":"[assembly:/_pro/characters/assets/hero/agent47/materials/male_reg_agent47_clown_pants_del02.mi].pc_entityblueprint","properties":{"m_mTransform":{"type":"SMatrix43","value":{"rotation":{"x":0,"y":0,"z":0},"position":{"x":-3.691196918487549,"y":7.722870826721191,"z":-2.113468885421753}}},"Clients":{"type":"TArray<SEntityTemplateReference>","value":["9405af9b3d3b667"]},"Active":{"type":"bool","value":false},"ConstantVector1D_14_Value_op":{"type":"IRenderMaterialEntity.EModifierOperation","value":"eReplace"},"ConstantVector1D_01_Value_op":{"type":"IRenderMaterialEntity.EModifierOperation","value":"eReplace"},"m_eidParent":{"type":"SEntityTemplateReference","value":"9405af9b3d3b667"}}},"3d8868d0c5707be":{"parent":"9405af9b3d3b667","name":"male_reg_agent47_clown_hair_cap_del02","factory":"[assembly:/_pro/characters/assets/hero/agent47/materials/male_reg_agent47_clown_hair_cap_del02.mi].pc_entitytype","blueprint":"[assembly:/_pro/characters/assets/hero/agent47/materials/male_reg_agent47_clown_hair_cap_del02.mi].pc_entityblueprint","properties":{"m_mTransform":{"type":"SMatrix43","value":{"rotation":{"x":0,"y":0,"z":0},"position":{"x":-4.629105091094971,"y":-8.718655586242676,"z":1.6581799983978271}}},"Clients":{"type":"TArray<SEntityTemplateReference>","value":["9405af9b3d3b667"]},"Active":{"type":"bool","value":false},"ConstantVector1D_09_Value_op":{"type":"IRenderMaterialEntity.EModifierOperation","value":"eReplace"},"ConstantVector1D_01_Value_op":{"type":"IRenderMaterialEntity.EModifierOperation","value":"eReplace"},"m_eidParent":{"type":"SEntityTemplateReference","value":"9405af9b3d3b667"}}},"ded1dc8419f519c8":{"parent":"9405af9b3d3b667","name":"Lerp 8","factory":"[modules:/zmathlerp.class].pc_entitytype","blueprint":"[modules:/zmathlerp.class].pc_entityblueprint","properties":{"m_A":{"type":"float32","value":1},"m_fT":{"type":"float32","value":0},"m_B":{"type":"float32","value":1.5}},"events":{"Lerp":{"ConstantVector1D_06_Value":["15da513fd77145f3"]}}},"a33d4e9084b4b0b":{"parent":"9405af9b3d3b667","name":"Mesh_Arms","factory":"[modules:/zbodypartentity.class].pc_entitytype","blueprint":"[modules:/zbodypartentity.class].pc_entityblueprint","properties":{"m_pMeshResource":{"type":"ZRuntimeResourceID","value":{"resource":"000A820F52A82619","flag":"5F"}}}},"255bcc88e1081554":{"parent":"9405af9b3d3b667","name":"Lerp 3","factory":"[modules:/zmathlerp.class].pc_entitytype","blueprint":"[modules:/zmathlerp.class].pc_entityblueprint","properties":{"m_A":{"type":"float32","value":0.5},"m_B":{"type":"float32","value":0.30000001192092896},"m_fT":{"type":"float32","value":0}},"events":{"Lerp":{"ConstantVector1D_01_Value":["66db227e14a31152"]}}},"3a64196f412d5c5":{"parent":"9405af9b3d3b667","name":"Mesh_Hair","factory":"[modules:/zbodypartentity.class].pc_entitytype","blueprint":"[modules:/zbodypartentity.class].pc_entityblueprint","properties":{"m_pMeshResource":{"type":"ZRuntimeResourceID","value":{"resource":"00DAEFF288152686","flag":"5F"}},"m_IsHiddenInVR":{"type":"bool","value":true}}},"856a2307af29949d":{"parent":"9405af9b3d3b667","name":"Mesh_Socks","factory":"[modules:/zbodypartentity.class].pc_entitytype","blueprint":"[modules:/zbodypartentity.class].pc_entityblueprint","properties":{"m_pMeshResource":{"type":"ZRuntimeResourceID","value":{"resource":"006BD4B66D414356","flag":"5F"}}}},"fc96d39eb4a5bb86":{"parent":"9405af9b3d3b667","name":"base_male_arms","factory":"[assembly:/_pro/characters/assets/_base/pro_male_regular/materials/base_male_arms.mi].pc_entitytype","blueprint":"[assembly:/_pro/characters/assets/_base/pro_male_regular/materials/base_male_arms.mi].pc_entityblueprint","properties":{"m_mTransform":{"type":"SMatrix43","value":{"rotation":{"x":0,"y":0,"z":0},"position":{"x":-3.1557700634002686,"y":8.10794734954834,"z":1.3709800243377686}}},"Active":{"type":"bool","value":false},"ConstantVector1D_04_Value_op":{"type":"IRenderMaterialEntity.EModifierOperation","value":"eReplace"},"ConstantVector1D_04_Value":{"type":"float32","value":0},"Clients":{"type":"TArray<SEntityTemplateReference>","value":["9405af9b3d3b667"]},"m_eidParent":{"type":"SEntityTemplateReference","value":"9405af9b3d3b667"}}},"a84a53e44eefef61":{"parent":"9405af9b3d3b667","name":"Mesh_Pants","factory":"[modules:/zbodypartentity.class].pc_entitytype","blueprint":"[modules:/zbodypartentity.class].pc_entityblueprint","properties":{"m_pMeshResource":{"type":"ZRuntimeResourceID","value":{"resource":"0063B77CE3EE0041","flag":"5F"}}}},"3a83218041dbbd85":{"parent":"9405af9b3d3b667","name":"Lerp 4","factory":"[modules:/zmathlerp.class].pc_entitytype","blueprint":"[modules:/zmathlerp.class].pc_entityblueprint","properties":{"m_A":{"type":"float32","value":0},"m_fT":{"type":"float32","value":0},"m_B":{"type":"float32","value":0.4000000059604645}},"events":{"Lerp":{"ConstantVector1D_14_Value":["66db227e14a31152"]}}},"f0928ef089784866":{"parent":"9405af9b3d3b667","name":"Lerp 2","factory":"[modules:/zmathlerp.class].pc_entitytype","blueprint":"[modules:/zmathlerp.class].pc_entityblueprint","properties":{"m_A":{"type":"float32","value":0.5},"m_B":{"type":"float32","value":0.30000001192092896},"m_fT":{"type":"float32","value":0}},"events":{"Lerp":{"ConstantVector1D_01_Value":["15da513fd77145f3"]}}},"c48553c0a852d1f5":{"parent":"9405af9b3d3b667","name":"Mesh_Hair_Cap","factory":"[modules:/zbodypartentity.class].pc_entitytype","blueprint":"[modules:/zbodypartentity.class].pc_entityblueprint","properties":{"m_pMeshResource":{"type":"ZRuntimeResourceID","value":{"resource":"00559D449F172898","flag":"5F"}},"m_IsHiddenInVR":{"type":"bool","value":true}}},"1e1dc1a1b699561b":{"parent":"9405af9b3d3b667","name":"FullBody","factory":"0012C9E3ED80E8C9","blueprint":"0026079BF5D4C4EB","properties":{"Hand_L_Enabled":{"type":"bool","value":false},"Hand_R_Enabled":{"type":"bool","value":false},"m_eidParent":{"type":"SEntityTemplateReference","value":"9405af9b3d3b667"},"m_linkedEntity":{"type":"SEntityTemplateReference","value":"9405af9b3d3b667","postInit":true}}}},"propertyOverrides":[],"overrideDeletes":[],"pinConnectionOverrides":[],"pinConnectionOverrideDeletes":[],"externalScenes":[],"subType":"template","quickEntityVersion":3.1,"extraFactoryDependencies":[{"resource":"[assembly:/_pro/characters/assets/hero/agent47/textures/male_reg_clown_shirt_del02.texture?/normal_a.tex](asnormalmap).pc_tex","flag":"5F"},{"resource":"[assembly:/_pro/characters/assets/hero/agent47/textures/male_reg_clown_shirt_del02.texture?/specular_a.tex](ascolormap).pc_tex","flag":"5F"},{"resource":"[assembly:/_pro/characters/assets/hero/agent47/textures/male_reg_clown_shirt_del02.texture?/diffuse_a.tex](ascolormap).pc_tex","flag":"5F"},{"resource":"[assembly:/_pro/characters/assets/hero/agent47/textures/male_reg_clown_socks_del02.texture?/normal_a.tex](asnormalmap).pc_tex","flag":"5F"},{"resource":"[assembly:/_pro/characters/assets/hero/agent47/textures/male_reg_clown_socks_del02.texture?/specular_a.tex](ascolormap).pc_tex","flag":"5F"},{"resource":"[assembly:/_pro/characters/assets/hero/agent47/textures/male_reg_clown_socks_del02.texture?/diffuse_a.tex](ascolormap).pc_tex","flag":"5F"},{"resource":"[assembly:/_pro/characters/assets/hero/agent47/textures/agent47_eyes.texture?/normal_outer.tex](asnormalmap).pc_tex","flag":"5F"},{"resource":"[assembly:/_pro/characters/assets/hero/agent47/textures/agent47_eyes.texture?/diffuse_blue.tex](ascolormap).pc_tex","flag":"5F"},{"resource":"[assembly:/_pro/characters/assets/_genericparts/skin/textures/skin_detail.texture?/normal_a.tex](asnormalmap).pc_tex","flag":"5F"},{"resource":"[assembly:/_pro/characters/assets/_genericparts/skin/textures/skin_detail.texture?/variance_a.tex](asheightmap).pc_tex","flag":"5F"},{"resource":"[assembly:/_pro/characters/assets/hero/agent47/textures/agent47_eyes.texture?/height_a.tex](asheightmap).pc_tex","flag":"5F"},{"resource":"[assembly:/_pro/characters/assets/hero/agent47/textures/agent47_eyes.texture?/height_b.tex](asheightmap).pc_tex","flag":"5F"},{"resource":"[assembly:/_pro/characters/assets/hero/agent47/textures/male_reg_clown_pants_del02.texture?/normal_a.tex](asnormalmap).pc_tex","flag":"5F"},{"resource":"[assembly:/_pro/characters/assets/hero/agent47/textures/male_reg_clown_pants_del02.texture?/specular_a.tex](ascolormap).pc_tex","flag":"5F"},{"resource":"[assembly:/_pro/characters/assets/hero/agent47/textures/male_reg_clown_pants_del02.texture?/diffuse_a.tex](ascolormap).pc_tex","flag":"5F"},{"resource":"[assembly:/_pro/characters/assets/hero/agent47/textures/male_reg_clown_hair_del02.texture?/normal_a.tex](asnormalmap).pc_tex","flag":"5F"},{"resource":"[assembly:/_pro/characters/assets/hero/agent47/textures/male_reg_clown_hair_del02.texture?/specular_a.tex](ascolormap).pc_tex","flag":"5F"},{"resource":"[assembly:/_pro/characters/assets/hero/agent47/textures/male_reg_clown_hair_del02.texture?/diffuse_a.tex](ascolormap).pc_tex","flag":"5F"},{"resource":"[assembly:/_pro/characters/assets/hero/agent47/textures/male_reg_clown_hair_del02.texture?/normal_a.tex](ascompoundnormal).pc_tex","flag":"5F"},{"resource":"0008E43D3187AFC6","flag":"5F"},{"resource":"000A1A8BA80E506A","flag":"5F"},{"resource":"00DFA70124F8AA36","flag":"5F"},{"resource":"[assembly:/_pro/environment/textures/constants/directional_a.texture?/normal_a.tex](ascompoundnormal).pc_tex","flag":"5F"},{"resource":"007D850436B0A092","flag":"5F"},{"resource":"00D247582859CA87","flag":"5F"},{"resource":"00D20CA72E352D16","flag":"5F"},{"resource":"[assembly:/_pro/characters/assets/_base/pro_male_regular/textures/base_male_arms.texture?/normal_a.tex](asnormalmap).pc_tex","flag":"5F"},{"resource":"[assembly:/_pro/characters/assets/_base/pro_male_regular/textures/base_male_arms.texture?/transmission.tex](ascolormap).pc_tex","flag":"5F"},{"resource":"[assembly:/_pro/characters/assets/_base/pro_male_regular/textures/base_male_arms.texture?/specular_a.tex](ascolormap).pc_tex","flag":"5F"},{"resource":"[assembly:/_pro/characters/assets/_base/pro_male_regular/textures/base_male_arms.texture?/diffuse_a.tex](ascolormap).pc_tex","flag":"5F"},{"resource":"[assembly:/_pro/characters/assets/_genericparts/skin/textures/skin_detail.texture?/variance_a.tex](ascolormap).pc_tex","flag":"5F"},{"resource":"[assembly:/_pro/characters/assets/hero/agent47/textures/male_reg_clown_gloves_del02.texture?/normal_a.tex](asnormalmap).pc_tex","flag":"5F"},{"resource":"[assembly:/_pro/characters/assets/hero/agent47/textures/male_reg_clown_gloves_del02.texture?/specular_a.tex](ascolormap).pc_tex","flag":"5F"},{"resource":"[assembly:/_pro/characters/assets/hero/agent47/textures/male_reg_clown_gloves_del02.texture?/diffuse_a.tex](ascolormap).pc_tex","flag":"5F"}],"extraBlueprintDependencies":[],"comments":[]}