{"tempHash":"00495B037037E5A4","tbluHash":"00344D0103F52424","patch":[{"SubEntityOperation":["34ad48a3aa277781",{"SetName":"Mesh_Hoodie"}]},{"SubEntityOperation":["34ad48a3aa277781",{"SetFactory":"[modules:/zbodypartentity.class].pc_entitytype"}]},{"SubEntityOperation":["34ad48a3aa277781",{"SetBlueprint":"[modules:/zbodypartentity.class].pc_entityblueprint"}]},{"SubEntityOperation":["34ad48a3aa277781",{"RemovePropertyByName":"Diffuse_Saturation_01_Value"}]},{"SubEntityOperation":["34ad48a3aa277781",{"RemovePropertyByName":"Texture2D_01"}]},{"SubEntityOperation":["34ad48a3aa277781",{"SetPropertyValue":{"property_name":"m_pMeshResource","value":{"resource":"00296A8EAC013121","flag":"5F"}}}]},{"SubEntityOperation":["34ad48a3aa277781",{"AddInputCopyConnection":["ConstantVector1D_04_Value","ConstantVector1D_04_Value","abcd08e8e0c0a3ea"]}]},{"SubEntityOperation":["34ad48a3aa277781",{"AddInputCopyConnection":["ConstantVector1D_01_Value","ConstantVector1D_01_Value","abcd08e8e0c0a3ea"]}]},{"SubEntityOperation":["34ad48a3aa277781",{"AddInputCopyConnection":["ConstantVector1D_06_Value","ConstantVector1D_06_Value","abcd08e8e0c0a3ea"]}]},{"AddEntity":["abcd08e8e0c0a3ea",{"parent":"34ad48a3aa277781","name":"shandy_hoodie_01","factory":"00A150A12EEA78AE","blueprint":"0045A5CA72218549","properties":{"1737952988":{"type":"IRenderMaterialEntity.EModifierOperation","value":"eReplace"},"2287298018":{"type":"IRenderMaterialEntity.EModifierOperation","value":"eReplace"},"2359342559":{"type":"IRenderMaterialEntity.EModifierOperation","value":"eReplace"},"3516673141":{"type":"IRenderMaterialEntity.EModifierOperation","value":"eReplace"},"m_mTransform":{"type":"SMatrix43","value":{"rotation":{"x":0,"y":0,"z":0},"position":{"x":0,"y":0,"z":0}}},"Diffuse_Color_01_Value":{"type":"SColorRGB","value":"#292929"},"Texture2D_01_enab":{"type":"bool","value":true},"Texture2D_01":{"type":"ZRuntimeResourceID","value":{"resource":"00CDC1BA78CC711D","flag":"5F"}},"ConstantVector1D_05_Value":{"type":"float32","value":0.5},"ConstantVector1D_01_Value_op":{"type":"IRenderMaterialEntity.EModifierOperation","value":"eReplace"},"Clients":{"type":"TArray<SEntityTemplateReference>","value":["34ad48a3aa277781"],"postInit":true},"m_eidParent":{"type":"SEntityTemplateReference","value":"c8c9b827da3ce0db","postInit":true}}}]}],"patchVersion":6}