{"tempHash":"002A5ABB720E99C4","tbluHash":"0031BA779311FF5A","patch":[{"RemoveEntityByID":"1338bb7930cb866"},{"RemoveEntityByID":"aad0915461245912"},{"SubEntityOperation":["4ee16f3ee2103a93",{"RemoveEventConnection":["Lerp","ConstantVector1D_04_Value","1338bb7930cb866"]}]},{"SubEntityOperation":["595cd92e4e2076d",{"RemoveEventConnection":["Lerp","ConstantVector1D_01_Value","1338bb7930cb866"]}]},{"SubEntityOperation":["927e2539d580ca35",{"PatchArrayPropertyValue":["m_aBodyParts",[{"RemoveItemByValue":"aad0915461245912"}]]}]},{"SubEntityOperation":["f9418376100ee2da",{"RemoveEventConnection":["ChangedDisguiseTrigger","Activate","1338bb7930cb866"]}]}],"patchVersion":6}