{"tempHash":"00507A8C26BBC5A9","tbluHash":"00D621C7C4AAEFBA","rootEntity":"4ea1408375f5c2d5","entities":{"4ea1408375f5c2d5":{"parent":null,"name":"OUTFIT_Agent47_Fox_Gloves_HeroA_V0","factory":"00C0753FBF784C66","blueprint":"007294473357329E","properties":{"m_LocalColliders":{"type":"TArray<SEntityTemplateReference>","value":[]},"m_mTransform":{"type":"SMatrix43","value":{"rotation":{"x":0,"y":0,"z":0},"position":{"x":38.56731033325195,"y":31.844999313354492,"z":-0.008592000231146812}}},"m_fDamping":{"type":"float32","value":0.20000000298023224},"m_pBonesAndCollisionResource":{"type":"ZRuntimeResourceID","value":{"resource":"0017416135CF879C","flag":"5F"}},"Rifle_Holster_Attacher_Transform":{"type":"SMatrix43","value":{"rotation":{"x":0,"y":0,"z":0},"position":{"x":0.009999999776482582,"y":0,"z":0}}},"m_aBodyParts":{"type":"TArray<SEntityTemplateReference>","value":["d62993eaf2a6ba27","838d5247dba6e799","c24bbf6166a4228","cc04ba0ee957673","55b93c5d3c7d9d0","acc91c18d040f8ce"],"postInit":true}}},"222afddacde05bd0":{"parent":"4ea1408375f5c2d5","name":"Nrom","factory":"[modules:/zmathlerp.class].pc_entitytype","blueprint":"[modules:/zmathlerp.class].pc_entityblueprint","properties":{"m_A":{"type":"float32","value":1},"m_B":{"type":"float32","value":1.5},"m_fT":{"type":"float32","value":0}},"events":{"Lerp":{"ConstantVector1D_06_Value":["c24bbf6166a4228","55b93c5d3c7d9d0","cc04ba0ee957673"]}}},"d62993eaf2a6ba27":{"parent":"4ea1408375f5c2d5","name":"Hands","factory":"009A6D9F7927FB89","blueprint":"00F49463DEA8D412"},"5e85bdd1bf0f6ed9":{"parent":"4ea1408375f5c2d5","name":"Lerp 8","factory":"[modules:/zmathlerp.class].pc_entitytype","blueprint":"[modules:/zmathlerp.class].pc_entityblueprint","properties":{"m_A":{"type":"float32","value":0},"m_fT":{"type":"float32","value":0},"m_B":{"type":"float32","value":0.20000000298023224}},"events":{"Lerp":{"ConstantVector1D_14_Value":["c24bbf6166a4228"]}}},"838d5247dba6e799":{"parent":"4ea1408375f5c2d5","name":"Head_47","factory":"00537D16B5CE7286","blueprint":"00F2E4A932ECAA63"},"f43697f78b25b30e":{"parent":"4ea1408375f5c2d5","name":"baseRough","factory":"[modules:/zmathlerp.class].pc_entitytype","blueprint":"[modules:/zmathlerp.class].pc_entityblueprint","properties":{"m_B":{"type":"float32","value":0.30000001192092896},"m_fT":{"type":"float32","value":0}},"events":{"Lerp":{"ConstantVector1D_04_Value":["d62993eaf2a6ba27","acc91c18d040f8ce"],"ConstantVector1D_14_Value":["cc04ba0ee957673"]}}},"508442a03d59ac83":{"parent":"4ea1408375f5c2d5","name":"Lerp 4","factory":"[modules:/zmathlerp.class].pc_entitytype","blueprint":"[modules:/zmathlerp.class].pc_entityblueprint","properties":{"m_A":{"type":"float32","value":0.5},"m_B":{"type":"float32","value":0.30000001192092896},"m_fT":{"type":"float32","value":0}},"events":{"Lerp":{"ConstantVector1D_01_Value":["c24bbf6166a4228","55b93c5d3c7d9d0"]}}},"acc91c18d040f8ce":{"parent":"4ea1408375f5c2d5","name":"Shoes_Boots_Military","factory":"00A7DC37E14B3676","blueprint":"000315500CD95840","properties":{"Diffuse_Color_01_Value":{"type":"SColorRGB","value":"#2e2e2e"}}},"c24bbf6166a4228":{"parent":"4ea1408375f5c2d5","name":"LukasGrey_Jacket_S3","factory":"00617C0119ACE607","blueprint":"00AB429E3FD36FA2"},"49d827bf9396c2dc":{"parent":"4ea1408375f5c2d5","name":"FX_Hitman_Wet_Logic_Character","factory":"0067CFB703A80787","blueprint":"00AA88C960CD2080","properties":{"HeadMaterialToOverride":{"type":"ZRuntimeResourceID","value":{"resource":"009F7978C601815A","flag":"5F"}},"HeadMaterialOverride":{"type":"TArray<SEntityTemplateReference>","value":["4ea1408375f5c2d5"]}},"events":{"HitmanWetness":{"T":["222afddacde05bd0","508442a03d59ac83","5e85bdd1bf0f6ed9","f43697f78b25b30e","ce61463216e4f10a","8325a0bda43c9f46"]}}},"ce61463216e4f10a":{"parent":"4ea1408375f5c2d5","name":"Lerp 9","factory":"[modules:/zmathlerp.class].pc_entitytype","blueprint":"[modules:/zmathlerp.class].pc_entityblueprint","properties":{"m_A":{"type":"float32","value":0.03999999910593033},"m_fT":{"type":"float32","value":0},"m_B":{"type":"float32","value":0.30000001192092896}},"events":{"Lerp":{"ConstantVector1D_14_Value":["55b93c5d3c7d9d0"]}}},"e371e581e7d9201":{"parent":"cc04ba0ee957673","name":"stone_turtleneck","factory":"00D1DD9F0434EFB1","blueprint":"00A529C67B81C523","properties":{"m_mTransform":{"type":"SMatrix43","value":{"rotation":{"x":0,"y":0,"z":0},"position":{"x":0,"y":0,"z":0}}},"ConstantVector1D_15_Value_op":{"type":"IRenderMaterialEntity.EModifierOperation","value":"eReplace"},"ConstantVector1D_15_Value":{"type":"float32","value":0.33000001311302185},"ConstantVector1D_01_Value_op":{"type":"IRenderMaterialEntity.EModifierOperation","value":"eReplace"},"ConstantVector1D_01_Value":{"type":"float32","value":0.550000011920929},"Diffuse_Saturation_01_Value_op":{"type":"IRenderMaterialEntity.EModifierOperation","value":"eReplace"},"Diffuse_Saturation_01_Value":{"type":"float32","value":0.5},"ConstantVector1D_16_Value_op":{"type":"IRenderMaterialEntity.EModifierOperation","value":"eReplace"},"ConstantVector1D_16_Value":{"type":"float32","value":0.20000000298023224},"ConstantVector1D_13_Value_op":{"type":"IRenderMaterialEntity.EModifierOperation","value":"eReplace"},"ConstantVector1D_13_Value":{"type":"float32","value":0.05000000074505806},"ConstantVector1D_06_Value_op":{"type":"IRenderMaterialEntity.EModifierOperation","value":"eReplace"},"ConstantVector1D_14_Value_op":{"type":"IRenderMaterialEntity.EModifierOperation","value":"eReplace"},"m_eidParent":{"type":"SEntityTemplateReference","value":"4ea1408375f5c2d5"},"Clients":{"type":"TArray<SEntityTemplateReference>","value":["cc04ba0ee957673"],"postInit":true}}},"cc04ba0ee957673":{"parent":"4ea1408375f5c2d5","name":"Mesh_Fox_Turtleneck","factory":"[modules:/zbodypartentity.class].pc_entitytype","blueprint":"[modules:/zbodypartentity.class].pc_entityblueprint","properties":{"m_pMeshResource":{"type":"ZRuntimeResourceID","value":{"resource":"00A75ECEAF104ABB","flag":"5F"}}},"inputCopying":{"ConstantVector1D_14_Value":{"ConstantVector1D_14_Value":["e371e581e7d9201"]},"ConstantVector1D_06_Value":{"ConstantVector1D_06_Value":["e371e581e7d9201"]},"ConstantVector1D_01_Value":{"ConstantVector1D_01_Value":["e371e581e7d9201"]}}},"2a4248727923bf54":{"parent":"55b93c5d3c7d9d0","name":"male_reg_suit_pants_01","factory":"0074A1B094FC4120","blueprint":"0007754D66EDCF32","properties":{"m_mTransform":{"type":"SMatrix43","value":{"rotation":{"x":0,"y":0,"z":0},"position":{"x":9.988899230957031,"y":-8.244298934936523,"z":0}}},"ConstantVector1D_01_Value_op":{"type":"IRenderMaterialEntity.EModifierOperation","value":"eReplace"},"ConstantVector1D_01_Value":{"type":"float32","value":0.5},"Active":{"type":"bool","value":true},"ConstantVector1D_16_Value_op":{"type":"IRenderMaterialEntity.EModifierOperation","value":"eReplace"},"ConstantVector1D_16_Value":{"type":"float32","value":0},"ConstantVector1D_03_Value_op":{"type":"IRenderMaterialEntity.EModifierOperation","value":"eReplace"},"ConstantVector1D_03_Value":{"type":"float32","value":1.2000000476837158},"ConstantVector1D_14_Value_op":{"type":"IRenderMaterialEntity.EModifierOperation","value":"eReplace"},"ConstantVector1D_14_Value":{"type":"float32","value":0.03999999910593033},"Texture2D_01_enab":{"type":"bool","value":true},"Texture2D_01":{"type":"ZRuntimeResourceID","value":{"resource":"00AF802D36A4241A","flag":"5F"}},"Diffuse_Color_01_Value_op":{"type":"IRenderMaterialEntity.EModifierOperation","value":"eReplace"},"Diffuse_Color_01_Value":{"type":"SColorRGB","value":"#494c52"},"ConstantVector1D_13_Value_op":{"type":"IRenderMaterialEntity.EModifierOperation","value":"eReplace"},"ConstantVector1D_13_Value":{"type":"float32","value":0},"Texture2D_03_enab":{"type":"bool","value":true},"ConstantVector1D_15_Value_op":{"type":"IRenderMaterialEntity.EModifierOperation","value":"eReplace"},"ConstantVector1D_15_Value":{"type":"float32","value":3},"Diffuse_Saturation_01_Value_op":{"type":"IRenderMaterialEntity.EModifierOperation","value":"eReplace"},"Diffuse_Saturation_01_Value":{"type":"float32","value":0},"ConstantVector1D_06_Value_op":{"type":"IRenderMaterialEntity.EModifierOperation","value":"eReplace"},"m_eidParent":{"type":"SEntityTemplateReference","value":"4ea1408375f5c2d5"},"Clients":{"type":"TArray<SEntityTemplateReference>","value":["55b93c5d3c7d9d0"],"postInit":true}}},"55b93c5d3c7d9d0":{"parent":"4ea1408375f5c2d5","name":"Mesh_Pant","factory":"[modules:/zbodypartentity.class].pc_entitytype","blueprint":"[modules:/zbodypartentity.class].pc_entityblueprint","properties":{"m_pMeshResource":{"type":"ZRuntimeResourceID","value":{"resource":"0091EDC93A5DEDF3","flag":"5F"}}},"inputCopying":{"ConstantVector1D_14_Value":{"ConstantVector1D_14_Value":["2a4248727923bf54"]},"ConstantVector1D_01_Value":{"ConstantVector1D_01_Value":["2a4248727923bf54"]},"ConstantVector1D_06_Value":{"ConstantVector1D_06_Value":["2a4248727923bf54"]}}},"8325a0bda43c9f46":{"parent":"4ea1408375f5c2d5","name":"Lerp","factory":"[modules:/zmathlerp.class].pc_entitytype","blueprint":"[modules:/zmathlerp.class].pc_entityblueprint","properties":{"m_B":{"type":"float32","value":0.30000001192092896},"m_fT":{"type":"float32","value":0},"m_A":{"type":"float32","value":0.550000011920929}},"events":{"Lerp":{"ConstantVector1D_01_Value":["cc04ba0ee957673"]}}}},"propertyOverrides":[],"overrideDeletes":[],"pinConnectionOverrides":[],"pinConnectionOverrideDeletes":[],"externalScenes":[],"subType":"template","quickEntityVersion":3.1,"extraFactoryDependencies":[{"resource":"007D850436B0A092","flag":"5F"},{"resource":"00D247582859CA87","flag":"5F"},{"resource":"00D20CA72E352D16","flag":"5F"},{"resource":"[assembly:/_pro/characters/assets/hero/agent47/textures/agent47_gloves_white.texture?/normal_a.tex](asnormalmap).pc_tex","flag":"5F"},{"resource":"[assembly:/_pro/characters/assets/hero/agent47/textures/agent47_gloves_white.texture?/specular_a.tex](ascolormap).pc_tex","flag":"5F"},{"resource":"[assembly:/_pro/characters/assets/hero/agent47/textures/agent47_gloves_white.texture?/diffuse_a.tex](ascolormap).pc_tex","flag":"5F"},{"resource":"00011DE6E784E34C","flag":"5F"},{"resource":"003C4F6F6C002BBC","flag":"5F"},{"resource":"00442B0FA7C8BBD6","flag":"5F"},{"resource":"00B0E5406BF0C1D6","flag":"5F"},{"resource":"001EE759F57B6DCE","flag":"5F"},{"resource":"0051A1136DC9485E","flag":"5F"},{"resource":"[assembly:/_pro/characters/assets/guards/colorado/militia_elite/textures/male_reg_militia_elite_shoes.texture?/normal_a.tex](asnormalmap).pc_tex","flag":"5F"},{"resource":"[assembly:/_pro/characters/assets/guards/colorado/militia_elite/textures/male_reg_militia_elite_shoes.texture?/specular_a.tex](ascolormap).pc_tex","flag":"5F"},{"resource":"[assembly:/_pro/characters/assets/guards/colorado/militia_elite/textures/male_reg_militia_elite_shoes.texture?/diffuse_a.tex](ascolormap).pc_tex","flag":"5F"},{"resource":"001060B9DDD6BF96","flag":"5F"}],"extraBlueprintDependencies":[],"comments":[]}