{"tempHash":"005138417797A04E","tbluHash":"00945FFF47BBBDE3","patch":[{"RemoveEntityByID":"e92135441e578c5"},{"RemoveEntityByID":"33b2c42031930ec9"},{"SubEntityOperation":["20457a49ea677952",{"RemoveEventConnection":["ChangedDisguiseTrigger","Activate","e92135441e578c5"]}]},{"SubEntityOperation":["1e479b87e0c54b14",{"PatchArrayPropertyValue":["m_aBodyParts",[{"RemoveItemByValue":"33b2c42031930ec9"}]]}]},{"SubEntityOperation":["428a0579cc9c6903",{"RemoveEventConnection":["Lerp","ConstantVector1D_14_Value","e92135441e578c5"]}]},{"SubEntityOperation":["36696155eb7df735",{"RemoveEventConnection":["Lerp","ConstantVector1D_06_Value","e92135441e578c5"]}]}],"patchVersion":6}