{"tempHash":"003EF669239322AF","tbluHash":"004FE71D6EEDA588","rootEntity":"1d68dd3909556bb5","entities":{"da5d232f3ad618be":{"parent":"8a9d684eb303b4c2","name":"C_Forearm_R","factory":"[assembly:/templates/aspectdummy.aspect]([modules:/zclothsphere.class].entitytype,[modules:/zboneattachaspect.class].entitytype).pc_entitytype","blueprint":"[assembly:/templates/aspectdummy.aspect]([modules:/zclothsphere.class].entitytype,[modules:/zboneattachaspect.class].entitytype).pc_entityblueprint","properties":{"m_BoneName":{"type":"ZString","value":"R_Forearm"},"m_fRadius":{"type":"float32","value":0.07000000029802322},"m_mTransform":{"type":"SMatrix43","value":{"rotation":{"x":0,"y":0,"z":0},"position":{"x":0,"y":0,"z":0}}},"m_bEnabled":{"type":"bool","value":true},"m_linkedEntity":{"type":"SEntityTemplateReference","value":"1d68dd3909556bb5","postInit":true},"m_eidParent":{"type":"SEntityTemplateReference","value":"8a9d684eb303b4c2","postInit":true}}},"1d68dd3909556bb5":{"parent":null,"name":"OUTFIT_Agent47_Reward_Ancestral_HeroA_v0","factory":"[assembly:/templates/aspectdummy.aspect]([modules:/zlinkedproxyentity.class].entitytype,[modules:/zclothcharacterentity.class].entitytype,[modules:/zheroidlenetworkaspect.class].entitytype).pc_entitytype","blueprint":"[assembly:/templates/aspectdummy.aspect]([modules:/zlinkedproxyentity.class].entitytype,[modules:/zclothcharacterentity.class].entitytype,[modules:/zheroidlenetworkaspect.class].entitytype).pc_entityblueprint","properties":{"m_LocalColliders":{"type":"TArray<SEntityTemplateReference>","value":[]},"m_mTransform":{"type":"SMatrix43","value":{"rotation":{"x":0,"y":0,"z":-0.8223372795806185},"position":{"x":63.92572021484375,"y":33.91474151611328,"z":0}}},"m_pBonesAndCollisionResource":{"type":"ZRuntimeResourceID","value":{"resource":"0017416135CF879C","flag":"5F"}},"m_aBodyParts":{"type":"TArray<SEntityTemplateReference>","value":["44788ca52ac8ebf4","ac688a9438284ad7","c5e4aa97e205d528","ec0e35891aaf994e","76f148549f7ad8cd","3370246bb7378a86","d75c6939230dbe8b","14f8592b40ff2408","49b58017e44377a0","6ec55bf43e160883","cd365c5dee2d768a"],"postInit":true}}},"683b688cd1ba4546":{"parent":"1d68dd3909556bb5","name":"male_reg_pants_jeans_baggy","factory":"00DCB08DEF470235","blueprint":"00E8E99D1AA9F00C","properties":{"m_mTransform":{"type":"SMatrix43","value":{"rotation":{"x":0,"y":0,"z":0},"position":{"x":0,"y":0,"z":0}}},"Clients":{"type":"TArray<SEntityTemplateReference>","value":["1d68dd3909556bb5"]},"ConstantVector1D_06_Value_op":{"type":"IRenderMaterialEntity.EModifierOperation","value":"eReplace"},"ConstantVector1D_14_Value_op":{"type":"IRenderMaterialEntity.EModifierOperation","value":"eReplace"},"ConstantVector1D_15_Value_op":{"type":"IRenderMaterialEntity.EModifierOperation","value":"eReplace"},"ConstantVector1D_01_Value_op":{"type":"IRenderMaterialEntity.EModifierOperation","value":"eReplace"},"Diffuse_Saturation_01_Value_op":{"type":"IRenderMaterialEntity.EModifierOperation","value":"eReplace"},"Texture2DNormal_01_enab":{"type":"bool","value":false},"Texture2D_03_enab":{"type":"bool","value":false},"Diffuse_Color_01_Value_op":{"type":"IRenderMaterialEntity.EModifierOperation","value":"eReplace"},"Override":{"type":"bool","value":false},"Diffuse_Hue_Shift_01_Value_op":{"type":"IRenderMaterialEntity.EModifierOperation","value":"eReplace"},"ConstantVector1D_03_Value_op":{"type":"IRenderMaterialEntity.EModifierOperation","value":"eReplace"},"m_eidParent":{"type":"SEntityTemplateReference","value":"1d68dd3909556bb5"}}},"47349b587cb96a61":{"parent":"1d68dd3909556bb5","name":"FX_Hitman_Wet_Logic_Character_01","factory":"0067CFB703A80787","blueprint":"00AA88C960CD2080","properties":{"HeadMaterialToOverride":{"type":"ZRuntimeResourceID","value":{"resource":"009F7978C601815A","flag":"5F"}},"HeadMaterialOverride":{"type":"TArray<SEntityTemplateReference>","value":["1d68dd3909556bb5"]}},"events":{"HitmanWetness":{"T":["6d858fc01fe1619d","d35bf1e1439c03a1","9a3567ffc531115c","3e8fbbdbaaacd924","fd1a23b1d8f22ab9","ece89b067a560cb7","640986fed5feb5e6"]}}},"5f7bacb36f7b9b2e":{"parent":"8a9d684eb303b4c2","name":"C_Hand_R","factory":"[assembly:/templates/aspectdummy.aspect]([modules:/zclothsphere.class].entitytype,[modules:/zboneattachaspect.class].entitytype).pc_entitytype","blueprint":"[assembly:/templates/aspectdummy.aspect]([modules:/zclothsphere.class].entitytype,[modules:/zboneattachaspect.class].entitytype).pc_entityblueprint","properties":{"m_BoneName":{"type":"ZString","value":"R_Hand"},"m_linkedEntity":{"type":"SEntityTemplateReference","value":"1d68dd3909556bb5"},"m_fRadius":{"type":"float32","value":0.07000000029802322},"m_mTransform":{"type":"SMatrix43","value":{"rotation":{"x":0,"y":0,"z":0},"position":{"x":0,"y":0,"z":0}}},"m_bEnabled":{"type":"bool","value":true},"m_eidParent":{"type":"SEntityTemplateReference","value":"8a9d684eb303b4c2","postInit":true}}},"cd365c5dee2d768a":{"parent":"1d68dd3909556bb5","name":"Medalion_Bartolli","factory":"[modules:/zbodypartentity.class].pc_entitytype","blueprint":"[modules:/zbodypartentity.class].pc_entityblueprint","properties":{"m_pMeshResource":{"type":"ZRuntimeResourceID","value":{"resource":"00F28E0641DCC9A7","flag":"5F"}}}},"fd1a23b1d8f22ab9":{"parent":"1d68dd3909556bb5","name":"Base Normal Bump Scale","factory":"[modules:/zmathlerp.class].pc_entitytype","blueprint":"[modules:/zmathlerp.class].pc_entityblueprint","properties":{"m_A":{"type":"float32","value":1},"m_fT":{"type":"float32","value":0},"m_B":{"type":"float32","value":1.440000057220459}},"events":{"Lerp":{"ConstantVector1D_06_Value":["ec0e35891aaf994e","14f8592b40ff2408"]}}},"6d858fc01fe1619d":{"parent":"1d68dd3909556bb5","name":"Suit Normal Bump Scale","factory":"[modules:/zmathlerp.class].pc_entitytype","blueprint":"[modules:/zmathlerp.class].pc_entityblueprint","properties":{"m_A":{"type":"float32","value":1.1299999952316284},"m_fT":{"type":"float32","value":0},"m_B":{"type":"float32","value":1.440000057220459}},"events":{"Lerp":{"ConstantVector1D_06_Value":["d75c6939230dbe8b","5ff0a88b4ef32f8f","683b688cd1ba4546","9db3dde0f8e4a251"]}}},"cc0cba8b63cc215b":{"parent":"ac688a9438284ad7","name":"male_reg_bangkok_gardener_boots","factory":"[assembly:/_pro/characters/assets/workers/gardeners/materials/male_reg_bangkok_gardener_boots.mi].pc_entitytype","blueprint":"[assembly:/_pro/characters/assets/workers/gardeners/materials/male_reg_bangkok_gardener_boots.mi].pc_entityblueprint","properties":{"m_mTransform":{"type":"SMatrix43","value":{"rotation":{"x":0,"y":0,"z":0},"position":{"x":-0.0000032835889669513563,"y":-1.3459589887077072e-8,"z":0}}},"Clients":{"type":"TArray<SEntityTemplateReference>","value":["1d68dd3909556bb5"]},"ConstantVector1D_06_Value_op":{"type":"IRenderMaterialEntity.EModifierOperation","value":"eReplace"},"ConstantVector1D_04_Value_op":{"type":"IRenderMaterialEntity.EModifierOperation","value":"eReplace"},"ConstantVector1D_05_Value_op":{"type":"IRenderMaterialEntity.EModifierOperation","value":"eReplace"},"ConstantVector1D_03_Value_op":{"type":"IRenderMaterialEntity.EModifierOperation","value":"eReplace"},"ConstantVector1D_01_Value_op":{"type":"IRenderMaterialEntity.EModifierOperation","value":"eReplace"},"Diffuse_Color_01_Value_op":{"type":"IRenderMaterialEntity.EModifierOperation","value":"eReplace"},"m_eidParent":{"type":"SEntityTemplateReference","value":"1d68dd3909556bb5"}}},"b44ec96458a900a3":{"parent":"8a9d684eb303b4c2","name":"C_Knee_L","factory":"[assembly:/templates/aspectdummy.aspect]([modules:/zclothsphere.class].entitytype,[modules:/zboneattachaspect.class].entitytype).pc_entitytype","blueprint":"[assembly:/templates/aspectdummy.aspect]([modules:/zclothsphere.class].entitytype,[modules:/zboneattachaspect.class].entitytype).pc_entityblueprint","properties":{"m_fRadius":{"type":"float32","value":0.10999999940395355},"m_BoneName":{"type":"ZString","value":"LThighTwist2"},"m_linkedEntity":{"type":"SEntityTemplateReference","value":"1d68dd3909556bb5"},"m_mTransform":{"type":"SMatrix43","value":{"rotation":{"x":0,"y":0.019767042409995977,"z":0},"position":{"x":0.12600800395011902,"y":-0.011082000099122524,"z":-0.008000999689102173}}},"m_eidParent":{"type":"SEntityTemplateReference","value":"8a9d684eb303b4c2","postInit":true}}},"67017582484402b":{"parent":"8a9d684eb303b4c2","name":"CChain_Spine_R","factory":"[modules:/zclothspherechain.class].pc_entitytype","blueprint":"[modules:/zclothspherechain.class].pc_entityblueprint","properties":{"m_mTransform":{"type":"SMatrix43","value":{"rotation":{"x":0,"y":0,"z":0},"position":{"x":-1.290655973207322e-7,"y":2.171457902377938e-9,"z":0}}},"m_Spheres":{"type":"TArray<SEntityTemplateReference>","value":["1f4444a587652c42","741f25a610695ea2","e50353240c688491"],"postInit":true},"m_eidParent":{"type":"SEntityTemplateReference","value":"8a9d684eb303b4c2","postInit":true}}},"c8872fc4d15ce6a8":{"parent":"8a9d684eb303b4c2","name":"C_Spine1_L","factory":"[assembly:/templates/aspectdummy.aspect]([modules:/zclothsphere.class].entitytype,[modules:/zboneattachaspect.class].entitytype).pc_entitytype","blueprint":"[assembly:/templates/aspectdummy.aspect]([modules:/zclothsphere.class].entitytype,[modules:/zboneattachaspect.class].entitytype).pc_entityblueprint","properties":{"m_BoneName":{"type":"ZString","value":"Spine1"},"m_linkedEntity":{"type":"SEntityTemplateReference","value":"1d68dd3909556bb5"},"m_fRadius":{"type":"float32","value":0.13699999451637268},"m_mTransform":{"type":"SMatrix43","value":{"rotation":{"x":0,"y":0,"z":0},"position":{"x":-0.03162100166082382,"y":0.04041599854826927,"z":0.0381769984960556}}},"m_bEnabled":{"type":"bool","value":true},"m_eidParent":{"type":"SEntityTemplateReference","value":"8a9d684eb303b4c2","postInit":true}}},"1779c1f8dd1cfd2e":{"parent":"8a9d684eb303b4c2","name":"C_Clavicle_L","factory":"[assembly:/templates/aspectdummy.aspect]([modules:/zclothsphere.class].entitytype,[modules:/zboneattachaspect.class].entitytype).pc_entitytype","blueprint":"[assembly:/templates/aspectdummy.aspect]([modules:/zclothsphere.class].entitytype,[modules:/zboneattachaspect.class].entitytype).pc_entityblueprint","properties":{"m_BoneName":{"type":"ZString","value":"L_Clavicle"},"m_linkedEntity":{"type":"SEntityTemplateReference","value":"1d68dd3909556bb5"},"m_fRadius":{"type":"float32","value":0.08500000089406967},"m_mTransform":{"type":"SMatrix43","value":{"rotation":{"x":0,"y":0,"z":0},"position":{"x":0,"y":0,"z":0}}},"m_bEnabled":{"type":"bool","value":true},"m_eidParent":{"type":"SEntityTemplateReference","value":"8a9d684eb303b4c2","postInit":true}}},"9db3dde0f8e4a251":{"parent":"1d68dd3909556bb5","name":"darkandstormy_cap","factory":"00AF8B45D8FA86F3","blueprint":"005F8A7A79D21160","properties":{"m_mTransform":{"type":"SMatrix43","value":{"rotation":{"x":6.087509695040122,"y":89.3604988601764,"z":161.4760174986751},"position":{"x":0.08222722262144089,"y":0.027650929987430573,"z":-0.00011600000289035961}}},"m_eidParent":{"type":"SEntityTemplateReference","value":"1d68dd3909556bb5"},"Clients":{"type":"TArray<SEntityTemplateReference>","value":["d0765cfa1486e7bc"],"postInit":true}}},"a1efb0cb5e76cb58":{"parent":"8a9d684eb303b4c2","name":"CChain_Spine_L","factory":"[modules:/zclothspherechain.class].pc_entitytype","blueprint":"[modules:/zclothspherechain.class].pc_entityblueprint","properties":{"m_mTransform":{"type":"SMatrix43","value":{"rotation":{"x":0,"y":0,"z":0},"position":{"x":-1.290655973207322e-7,"y":2.171457902377938e-9,"z":0}}},"m_Spheres":{"type":"TArray<SEntityTemplateReference>","value":["e4fba23cb88711b7","c8872fc4d15ce6a8","898adfef0f41bf8d"],"postInit":true},"m_eidParent":{"type":"SEntityTemplateReference","value":"8a9d684eb303b4c2","postInit":true}}},"f667169eb25eb38f":{"parent":"8a9d684eb303b4c2","name":"ColliderGroup","factory":"[modules:/zclothcollidergroup.class].pc_entitytype","blueprint":"[modules:/zclothcollidergroup.class].pc_entityblueprint","properties":{"m_ClothColliders":{"type":"TArray<SEntityTemplateReference>","value":["7decad7d23541fea","67017582484402b","a1efb0cb5e76cb58","f8c589dcb225b400"],"postInit":true},"m_eidParent":{"type":"SEntityTemplateReference","value":"8a9d684eb303b4c2","postInit":true}}},"fa2b12f41c4e9a80":{"parent":"6ec55bf43e160883","name":"male_reg_kenmorhgan_bowtie","factory":"[assembly:/_pro/characters/assets/individuals/bangkok/kenmorgan/materials/male_reg_kenmorhgan_bowtie.mi].pc_entitytype","blueprint":"[assembly:/_pro/characters/assets/individuals/bangkok/kenmorgan/materials/male_reg_kenmorhgan_bowtie.mi].pc_entityblueprint","properties":{"m_mTransform":{"type":"SMatrix43","value":{"rotation":{"x":0,"y":0,"z":0},"position":{"x":0,"y":0,"z":0}}},"Texture2D_01":{"type":"ZRuntimeResourceID","value":{"resource":"[assembly:/_pro/characters/assets/individuals/bangkok/kenmorgan/textures/male_reg_kenmorgan_bowtie.texture?/diffuse_white.tex](ascolormap).pc_tex","flag":"5F"}},"Texture2D_01_enab":{"type":"bool","value":true},"Texture2D_03_enab":{"type":"bool","value":true},"Texture2D_03":{"type":"ZRuntimeResourceID","value":{"resource":"[assembly:/_pro/characters/assets/individuals/bangkok/kenmorgan/textures/male_reg_kenmorgan_bowtie.texture?/specular_white.tex](ascolormap).pc_tex","flag":"5F"}},"Texture2DNormal_01_enab":{"type":"bool","value":true},"Texture2DNormal_01":{"type":"ZRuntimeResourceID","value":{"resource":"[assembly:/_pro/characters/assets/individuals/bangkok/kenmorgan/textures/male_reg_kenmorgan_bowtie.texture?/normal_white.tex](asnormalmap).pc_tex","flag":"5F"}},"ConstantColorRGB_02_Value":{"type":"SColorRGB","value":"#666254"},"ConstantColorRGB_02_Value_op":{"type":"IRenderMaterialEntity.EModifierOperation","value":"eReplace"},"ConstantColorRGB_05_Value_op":{"type":"IRenderMaterialEntity.EModifierOperation","value":"eReplace"},"ConstantColorRGB_05_Value":{"type":"SColorRGB","value":"#ff7a7a"},"ConstantVector1D_08_Value_op":{"type":"IRenderMaterialEntity.EModifierOperation","value":"eReplace"},"ConstantVector1D_08_Value":{"type":"float32","value":0.10000000149011612},"ConstantVector1D_07_Value":{"type":"float32","value":0},"ConstantVector1D_07_Value_op":{"type":"IRenderMaterialEntity.EModifierOperation","value":"eReplace"},"ConstantVector1D_05_Value_op":{"type":"IRenderMaterialEntity.EModifierOperation","value":"eReplace"},"ConstantVector1D_05_Value":{"type":"float32","value":0.8799999952316284},"ConstantVector1D_09_Value_op":{"type":"IRenderMaterialEntity.EModifierOperation","value":"eReplace"},"ConstantVector1D_09_Value":{"type":"float32","value":0.5},"ConstantVector1D_03_Value":{"type":"float32","value":3},"ConstantVector1D_03_Value_op":{"type":"IRenderMaterialEntity.EModifierOperation","value":"eReplace"},"ConstantVector1D_04_Value_op":{"type":"IRenderMaterialEntity.EModifierOperation","value":"eReplace"},"ConstantVector1D_06_Value_op":{"type":"IRenderMaterialEntity.EModifierOperation","value":"eReplace"},"m_eidParent":{"type":"SEntityTemplateReference","value":"1d68dd3909556bb5"},"Clients":{"type":"TArray<SEntityTemplateReference>","value":["6ec55bf43e160883"],"postInit":true}}},"87465355bc4dee9d":{"parent":"8a9d684eb303b4c2","name":"C_TighTop_L","factory":"[assembly:/templates/aspectdummy.aspect]([modules:/zclothsphere.class].entitytype,[modules:/zboneattachaspect.class].entitytype).pc_entitytype","blueprint":"[assembly:/templates/aspectdummy.aspect]([modules:/zclothsphere.class].entitytype,[modules:/zboneattachaspect.class].entitytype).pc_entityblueprint","properties":{"m_fRadius":{"type":"float32","value":0.12099999934434891},"m_BoneName":{"type":"ZString","value":"LThighTwist"},"m_linkedEntity":{"type":"SEntityTemplateReference","value":"1d68dd3909556bb5"},"m_mTransform":{"type":"SMatrix43","value":{"rotation":{"x":0,"y":0.019767042409995977,"z":0},"position":{"x":0.0005460000247694552,"y":-0.010058999992907047,"z":0.031248999759554863}}},"m_eidParent":{"type":"SEntityTemplateReference","value":"8a9d684eb303b4c2","postInit":true}}},"3370246bb7378a86":{"parent":"1d68dd3909556bb5","name":"Gloves_Leather","factory":"00BEE701448762C1","blueprint":"005D2B1CBD509E61","properties":{"Diffuse_Color_01_Value":{"type":"SColorRGB","value":"#5f5345"},"m_pMeshResource":{"type":"ZRuntimeResourceID","value":{"resource":"00E3FCB83D71003E","flag":"5F"}}}},"a2ee8d0397a2d24d":{"parent":"8a9d684eb303b4c2","name":"C_TighMid_R","factory":"[assembly:/templates/aspectdummy.aspect]([modules:/zclothsphere.class].entitytype,[modules:/zboneattachaspect.class].entitytype).pc_entitytype","blueprint":"[assembly:/templates/aspectdummy.aspect]([modules:/zclothsphere.class].entitytype,[modules:/zboneattachaspect.class].entitytype).pc_entityblueprint","properties":{"m_fRadius":{"type":"float32","value":0.125},"m_BoneName":{"type":"ZString","value":"RThighTwist1"},"m_linkedEntity":{"type":"SEntityTemplateReference","value":"1d68dd3909556bb5"},"m_mTransform":{"type":"SMatrix43","value":{"rotation":{"x":0,"y":0,"z":0},"position":{"x":0.053668998181819916,"y":0.006515000015497208,"z":-0.0036349999718368053}}},"m_eidParent":{"type":"SEntityTemplateReference","value":"8a9d684eb303b4c2","postInit":true}}},"e1d461371cef70c4":{"parent":"49b58017e44377a0","name":"Mesh","factory":"[assembly:/templates/aspectdummy.aspect]([modules:/zbodypartentity.class].entitytype,[modules:/zclothcollidergroupaspect.class].entitytype).pc_entitytype","blueprint":"[assembly:/templates/aspectdummy.aspect]([modules:/zbodypartentity.class].entitytype,[modules:/zclothcollidergroupaspect.class].entitytype).pc_entityblueprint","properties":{"m_pMeshResource":{"type":"ZRuntimeResourceID","value":{"resource":"00B81C67D52E90AA","flag":"5F"}},"m_ClothColliders":{"type":"TArray<SEntityTemplateReference>","value":["8a9d684eb303b4c2"],"postInit":true}}},"f1ea3d963dd43334":{"parent":"8a9d684eb303b4c2","name":"C_Pelvis_L","factory":"[assembly:/templates/aspectdummy.aspect]([modules:/zclothsphere.class].entitytype,[modules:/zboneattachaspect.class].entitytype).pc_entitytype","blueprint":"[assembly:/templates/aspectdummy.aspect]([modules:/zclothsphere.class].entitytype,[modules:/zboneattachaspect.class].entitytype).pc_entityblueprint","properties":{"m_fRadius":{"type":"float32","value":0.14000000059604645},"m_BoneName":{"type":"ZString","value":"Pelvis"},"m_linkedEntity":{"type":"SEntityTemplateReference","value":"1d68dd3909556bb5"},"m_mTransform":{"type":"SMatrix43","value":{"rotation":{"x":-0.055977958130533356,"y":0,"z":-0.0559780181404361},"position":{"x":0.03649299964308739,"y":0.019082000479102135,"z":0.05416100099682808}}},"m_bEnabled":{"type":"bool","value":true},"m_eidParent":{"type":"SEntityTemplateReference","value":"8a9d684eb303b4c2","postInit":true}}},"4b839eb6b82aaa9b":{"parent":"8a9d684eb303b4c2","name":"C_Hand_L","factory":"[assembly:/templates/aspectdummy.aspect]([modules:/zclothsphere.class].entitytype,[modules:/zboneattachaspect.class].entitytype).pc_entitytype","blueprint":"[assembly:/templates/aspectdummy.aspect]([modules:/zclothsphere.class].entitytype,[modules:/zboneattachaspect.class].entitytype).pc_entityblueprint","properties":{"m_BoneName":{"type":"ZString","value":"L_Hand"},"m_linkedEntity":{"type":"SEntityTemplateReference","value":"1d68dd3909556bb5"},"m_fRadius":{"type":"float32","value":0.07000000029802322},"m_mTransform":{"type":"SMatrix43","value":{"rotation":{"x":0,"y":0,"z":0},"position":{"x":0,"y":0,"z":0}}},"m_bEnabled":{"type":"bool","value":true},"m_eidParent":{"type":"SEntityTemplateReference","value":"8a9d684eb303b4c2","postInit":true}}},"92573e07a7c71769":{"parent":"8a9d684eb303b4c2","name":"C_TighTop_R","factory":"[assembly:/templates/aspectdummy.aspect]([modules:/zclothsphere.class].entitytype,[modules:/zboneattachaspect.class].entitytype).pc_entitytype","blueprint":"[assembly:/templates/aspectdummy.aspect]([modules:/zclothsphere.class].entitytype,[modules:/zboneattachaspect.class].entitytype).pc_entityblueprint","properties":{"m_fRadius":{"type":"float32","value":0.12099999934434891},"m_BoneName":{"type":"ZString","value":"RThighTwist"},"m_linkedEntity":{"type":"SEntityTemplateReference","value":"1d68dd3909556bb5"},"m_mTransform":{"type":"SMatrix43","value":{"rotation":{"x":0,"y":0,"z":0},"position":{"x":0.0009299999801442027,"y":-0.004933999851346016,"z":-0.030556000769138336}}},"m_eidParent":{"type":"SEntityTemplateReference","value":"8a9d684eb303b4c2","postInit":true}}},"14f8592b40ff2408":{"parent":"1d68dd3909556bb5","name":"Tie_Simple_Jacket_Cut_01","factory":"0042C3B12EADA30B","blueprint":"00EAA4E670911EF7","properties":{"ConstantColorRGB_02_Value":{"type":"SColorRGB","value":"#ffffff"},"ConstantColorRGB_05_Value":{"type":"SColorRGB","value":"#ffa66b"},"Texture2D_01":{"type":"ZRuntimeResourceID","value":{"resource":"00D42696C32DEBC4","flag":"5F"}},"Texture2D_03":{"type":"ZRuntimeResourceID","value":{"resource":"00CA3F97B952212C","flag":"5F"}}}},"de46725cba8bf867":{"parent":"8a9d684eb303b4c2","name":"C_TighMid_L","factory":"[assembly:/templates/aspectdummy.aspect]([modules:/zclothsphere.class].entitytype,[modules:/zboneattachaspect.class].entitytype).pc_entitytype","blueprint":"[assembly:/templates/aspectdummy.aspect]([modules:/zclothsphere.class].entitytype,[modules:/zboneattachaspect.class].entitytype).pc_entityblueprint","properties":{"m_fRadius":{"type":"float32","value":0.125},"m_BoneName":{"type":"ZString","value":"LThighTwist1"},"m_linkedEntity":{"type":"SEntityTemplateReference","value":"1d68dd3909556bb5"},"m_mTransform":{"type":"SMatrix43","value":{"rotation":{"x":0,"y":0,"z":0},"position":{"x":0.05392700061202049,"y":0.006835999898612499,"z":0.0031419999431818724}}},"m_bCollisionGroup0":{"type":"bool","value":true},"m_eidParent":{"type":"SEntityTemplateReference","value":"8a9d684eb303b4c2","postInit":true}}},"640986fed5feb5e6":{"parent":"1d68dd3909556bb5","name":"Base Min 2","factory":"[modules:/zmathlerp.class].pc_entitytype","blueprint":"[modules:/zmathlerp.class].pc_entityblueprint","properties":{"m_A":{"type":"float32","value":1.2599999904632568},"m_B":{"type":"float32","value":0.3799999952316284},"m_fT":{"type":"float32","value":0}},"events":{"Lerp":{"ConstantVector1D_04_Value":["6ec55bf43e160883","ac688a9438284ad7"],"ConstantVector1D_14_Value":["ec0e35891aaf994e","5ff0a88b4ef32f8f","683b688cd1ba4546","9db3dde0f8e4a251"]}}},"741f25a610695ea2":{"parent":"8a9d684eb303b4c2","name":"C_Spine1_R","factory":"[assembly:/templates/aspectdummy.aspect]([modules:/zclothsphere.class].entitytype,[modules:/zboneattachaspect.class].entitytype).pc_entitytype","blueprint":"[assembly:/templates/aspectdummy.aspect]([modules:/zclothsphere.class].entitytype,[modules:/zboneattachaspect.class].entitytype).pc_entityblueprint","properties":{"m_BoneName":{"type":"ZString","value":"Spine1"},"m_linkedEntity":{"type":"SEntityTemplateReference","value":"1d68dd3909556bb5"},"m_fRadius":{"type":"float32","value":0.13699999451637268},"m_mTransform":{"type":"SMatrix43","value":{"rotation":{"x":0,"y":0,"z":0},"position":{"x":-0.03080200031399727,"y":0.03152799978852272,"z":-0.04226800054311752}}},"m_bEnabled":{"type":"bool","value":true},"m_eidParent":{"type":"SEntityTemplateReference","value":"8a9d684eb303b4c2","postInit":true}}},"3e8fbbdbaaacd924":{"parent":"1d68dd3909556bb5","name":"Suit Diffuse","factory":"[modules:/zmathlerp.class].pc_entitytype","blueprint":"[modules:/zmathlerp.class].pc_entityblueprint","properties":{"m_A":{"type":"float32","value":0.5},"m_fT":{"type":"float32","value":0},"m_B":{"type":"float32","value":0.33000001311302185}},"events":{"Lerp":{"ConstantVector1D_01_Value":["d75c6939230dbe8b","5ff0a88b4ef32f8f","683b688cd1ba4546","9db3dde0f8e4a251"]}}},"c5e4aa97e205d528":{"parent":"1d68dd3909556bb5","name":"Pants_Jeans_Baggy_Tkd_H","factory":"006698A09DD09445","blueprint":"00CCBE9C842BD345","properties":{"Texture2D_01":{"type":"ZRuntimeResourceID","value":{"resource":"009E6811896F98A3","flag":"5F"}},"ConstantVector1D_01_Value":{"type":"float32","value":0.5},"Diffuse_Color_01_Value":{"type":"SColorRGB","value":"#e0dcad"}}},"6d01fed2f319b9c5":{"parent":"8a9d684eb303b4c2","name":"C_Palm_R","factory":"[assembly:/templates/aspectdummy.aspect]([modules:/zclothsphere.class].entitytype,[modules:/zboneattachaspect.class].entitytype).pc_entitytype","blueprint":"[assembly:/templates/aspectdummy.aspect]([modules:/zclothsphere.class].entitytype,[modules:/zboneattachaspect.class].entitytype).pc_entityblueprint","properties":{"m_BoneName":{"type":"ZString","value":"R_Hand"},"m_linkedEntity":{"type":"SEntityTemplateReference","value":"1d68dd3909556bb5"},"m_fRadius":{"type":"float32","value":0.07000000029802322},"m_mTransform":{"type":"SMatrix43","value":{"rotation":{"x":0,"y":0,"z":0},"position":{"x":0.10000000149011612,"y":0,"z":0}}},"m_bEnabled":{"type":"bool","value":true},"m_eidParent":{"type":"SEntityTemplateReference","value":"8a9d684eb303b4c2","postInit":true}}},"e4fba23cb88711b7":{"parent":"8a9d684eb303b4c2","name":"C_Spine_L","factory":"[assembly:/templates/aspectdummy.aspect]([modules:/zclothsphere.class].entitytype,[modules:/zboneattachaspect.class].entitytype).pc_entitytype","blueprint":"[assembly:/templates/aspectdummy.aspect]([modules:/zclothsphere.class].entitytype,[modules:/zboneattachaspect.class].entitytype).pc_entityblueprint","properties":{"m_BoneName":{"type":"ZString","value":"Spine"},"m_linkedEntity":{"type":"SEntityTemplateReference","value":"1d68dd3909556bb5"},"m_fRadius":{"type":"float32","value":0.11999999731779099},"m_mTransform":{"type":"SMatrix43","value":{"rotation":{"x":-0.055977958130533356,"y":0,"z":-0.0559780181404361},"position":{"x":9.999999974752427e-7,"y":0.032037001103162766,"z":0.04795899987220764}}},"m_bEnabled":{"type":"bool","value":true},"m_bCollisionGroup0":{"type":"bool","value":true},"m_eidParent":{"type":"SEntityTemplateReference","value":"8a9d684eb303b4c2","postInit":true}}},"f8c589dcb225b400":{"parent":"8a9d684eb303b4c2","name":"CChain_Neck_Arms","factory":"[modules:/zclothspherechain.class].pc_entitytype","blueprint":"[modules:/zclothspherechain.class].pc_entityblueprint","properties":{"m_mTransform":{"type":"SMatrix43","value":{"rotation":{"x":0,"y":0,"z":0},"position":{"x":-1.1920930376163597e-7,"y":0,"z":0}}},"m_bCollisionGroup0":{"type":"bool","value":true},"m_bEnabled":{"type":"bool","value":true},"m_Spheres":{"type":"TArray<SEntityTemplateReference>","value":["942a0f4f28ba45e7","4b839eb6b82aaa9b","e68efa78d0aa0661","17c6f90ce6c27f72","1779c1f8dd1cfd2e","d6e78c08334cd5d1","ccfe02d19408b476","4b85c99c75ba907d","d44d72b9810ac56a","da5d232f3ad618be","5f7bacb36f7b9b2e","6d01fed2f319b9c5"],"postInit":true},"m_eidParent":{"type":"SEntityTemplateReference","value":"8a9d684eb303b4c2","postInit":true}}},"7decad7d23541fea":{"parent":"8a9d684eb303b4c2","name":"CChain_Legs","factory":"[modules:/zclothspherechain.class].pc_entitytype","blueprint":"[modules:/zclothspherechain.class].pc_entityblueprint","properties":{"m_mTransform":{"type":"SMatrix43","value":{"rotation":{"x":0,"y":0,"z":0},"position":{"x":-1.290655973207322e-7,"y":2.171457902377938e-9,"z":0}}},"m_bCollisionGroup0":{"type":"bool","value":true},"m_bEnabled":{"type":"bool","value":true},"m_Spheres":{"type":"TArray<SEntityTemplateReference>","value":["ca5c501fb896689a","a2ee8d0397a2d24d","92573e07a7c71769","762f89ce0daf0a2","f1ea3d963dd43334","87465355bc4dee9d","de46725cba8bf867","b44ec96458a900a3"],"postInit":true},"m_eidParent":{"type":"SEntityTemplateReference","value":"8a9d684eb303b4c2","postInit":true}}},"ca5c501fb896689a":{"parent":"8a9d684eb303b4c2","name":"C_Knee_R","factory":"[assembly:/templates/aspectdummy.aspect]([modules:/zclothsphere.class].entitytype,[modules:/zboneattachaspect.class].entitytype).pc_entitytype","blueprint":"[assembly:/templates/aspectdummy.aspect]([modules:/zclothsphere.class].entitytype,[modules:/zboneattachaspect.class].entitytype).pc_entityblueprint","properties":{"m_fRadius":{"type":"float32","value":0.10999999940395355},"m_BoneName":{"type":"ZString","value":"RThighTwist2"},"m_linkedEntity":{"type":"SEntityTemplateReference","value":"1d68dd3909556bb5"},"m_mTransform":{"type":"SMatrix43","value":{"rotation":{"x":0.01976704358638215,"y":0,"z":0},"position":{"x":0.12606200575828552,"y":-0.011234999634325504,"z":-0.0020119999535381794}}},"m_eidParent":{"type":"SEntityTemplateReference","value":"8a9d684eb303b4c2","postInit":true}}},"d44d72b9810ac56a":{"parent":"8a9d684eb303b4c2","name":"C_UpperArm_R","factory":"[assembly:/templates/aspectdummy.aspect]([modules:/zclothsphere.class].entitytype,[modules:/zboneattachaspect.class].entitytype).pc_entitytype","blueprint":"[assembly:/templates/aspectdummy.aspect]([modules:/zclothsphere.class].entitytype,[modules:/zboneattachaspect.class].entitytype).pc_entityblueprint","properties":{"m_BoneName":{"type":"ZString","value":"R_UpperArm"},"m_linkedEntity":{"type":"SEntityTemplateReference","value":"1d68dd3909556bb5"},"m_fRadius":{"type":"float32","value":0.07999999821186066},"m_mTransform":{"type":"SMatrix43","value":{"rotation":{"x":0,"y":0,"z":0},"position":{"x":0,"y":0,"z":0}}},"m_bEnabled":{"type":"bool","value":true},"m_eidParent":{"type":"SEntityTemplateReference","value":"8a9d684eb303b4c2","postInit":true}}},"76f148549f7ad8cd":{"parent":"1d68dd3909556bb5","name":"Belt_StrapBuckle","factory":"0017355DDB3D75A3","blueprint":"005F1B0540C7F863","properties":{"Diffuse_Color_01_Value":{"type":"SColorRGB","value":"#292929"}}},"d6e78c08334cd5d1":{"parent":"8a9d684eb303b4c2","name":"C_Head","factory":"[assembly:/templates/aspectdummy.aspect]([modules:/zclothsphere.class].entitytype,[modules:/zboneattachaspect.class].entitytype).pc_entitytype","blueprint":"[assembly:/templates/aspectdummy.aspect]([modules:/zclothsphere.class].entitytype,[modules:/zboneattachaspect.class].entitytype).pc_entityblueprint","properties":{"m_BoneName":{"type":"ZString","value":"Head"},"m_linkedEntity":{"type":"SEntityTemplateReference","value":"1d68dd3909556bb5"},"m_fRadius":{"type":"float32","value":0.125},"m_mTransform":{"type":"SMatrix43","value":{"rotation":{"x":0,"y":0,"z":0},"position":{"x":0.07091700285673141,"y":0.03724899888038635,"z":0}}},"m_bEnabled":{"type":"bool","value":true},"m_eidParent":{"type":"SEntityTemplateReference","value":"8a9d684eb303b4c2","postInit":true}}},"5ff0a88b4ef32f8f":{"parent":"1d68dd3909556bb5","name":"carlingram_jacket_01","factory":"[assembly:/_pro/characters/assets/individuals/gecko/carlingram_s3/materials/carlingram_jacket.mi].pc_entitytype","blueprint":"[assembly:/_pro/characters/assets/individuals/gecko/carlingram_s3/materials/carlingram_jacket.mi].pc_entityblueprint","properties":{"m_mTransform":{"type":"SMatrix43","value":{"rotation":{"x":0,"y":0,"z":0},"position":{"x":0,"y":0,"z":0}}},"Clients":{"type":"TArray<SEntityTemplateReference>","value":["1d68dd3909556bb5"]},"Texture2DNormal_01":{"type":"ZRuntimeResourceID","value":{"resource":"00BE6E18C89242AF","flag":"5F"}},"Texture2D_01":{"type":"ZRuntimeResourceID","value":{"resource":"000A206278DB7628","flag":"5F"}},"Texture2D_01_enab":{"type":"bool","value":true},"Texture2DNormal_01_enab":{"type":"bool","value":true},"Diffuse_Color_01_Value_op":{"type":"IRenderMaterialEntity.EModifierOperation","value":"eReplace"},"Diffuse_Color_01_Value":{"type":"SColorRGB","value":"#e8e8e8"},"ConstantVector1D_06_Value_op":{"type":"IRenderMaterialEntity.EModifierOperation","value":"eReplace"},"ConstantVector1D_14_Value_op":{"type":"IRenderMaterialEntity.EModifierOperation","value":"eReplace"},"ConstantVector1D_15_Value_op":{"type":"IRenderMaterialEntity.EModifierOperation","value":"eReplace"},"ConstantVector1D_01_Value_op":{"type":"IRenderMaterialEntity.EModifierOperation","value":"eReplace"},"ConstantColorRGB_01_Value_op":{"type":"IRenderMaterialEntity.EModifierOperation","value":"eReplace"},"m_eidParent":{"type":"SEntityTemplateReference","value":"1d68dd3909556bb5"}}},"52a37f76ea4bac86":{"parent":"6ec55bf43e160883","name":"Mesh","factory":"[assembly:/templates/aspectdummy.aspect]([modules:/zbodypartentity.class].entitytype,[modules:/zclothcollidergroupaspect.class].entitytype).pc_entitytype","blueprint":"[assembly:/templates/aspectdummy.aspect]([modules:/zbodypartentity.class].entitytype,[modules:/zclothcollidergroupaspect.class].entitytype).pc_entityblueprint","properties":{"m_pMeshResource":{"type":"ZRuntimeResourceID","value":{"resource":"0041C0F3FD0EB93C","flag":"5F"}},"m_ClothColliders":{"type":"TArray<SEntityTemplateReference>","value":[]}}},"6ec55bf43e160883":{"parent":"1d68dd3909556bb5","name":"Pocket_Square_Suit_Open","factory":"[modules:/zentity.class].pc_entitytype","blueprint":"[modules:/zentity.class].pc_entityblueprint","inputCopying":{"ConstantVector1D_04_Value":{"ConstantVector1D_04_Value":["fa2b12f41c4e9a80"]}},"propertyAliases":{"Texture2DNormal_01":[{"originalProperty":"Texture2DNormal_01","originalEntity":"fa2b12f41c4e9a80"}],"Texture2D_03":[{"originalProperty":"Texture2D_03","originalEntity":"fa2b12f41c4e9a80"}],"ConstantColorRGB_05_Value":[{"originalProperty":"ConstantColorRGB_05_Value","originalEntity":"fa2b12f41c4e9a80"}],"ConstantVector1D_05_Value":[{"originalProperty":"ConstantVector1D_05_Value","originalEntity":"fa2b12f41c4e9a80"}],"Texture2D_01":[{"originalProperty":"Texture2D_01","originalEntity":"fa2b12f41c4e9a80"}],"m_pMeshResource":[{"originalProperty":"m_pMeshResource","originalEntity":"52a37f76ea4bac86"}]},"exposedInterfaces":{"ZBodyPartEntity":"52a37f76ea4bac86","ZClothColliderGroupAspect":"52a37f76ea4bac86"}},"35b0d637df759e12":{"parent":"49b58017e44377a0","name":"buttons_01","factory":"[assembly:/_pro/characters/assets/_apparel/accessories/buttons/materials/buttons_01.mi].pc_entitytype","blueprint":"[assembly:/_pro/characters/assets/_apparel/accessories/buttons/materials/buttons_01.mi].pc_entityblueprint","properties":{"m_mTransform":{"type":"SMatrix43","value":{"rotation":{"x":0,"y":0,"z":0},"position":{"x":0,"y":0,"z":0}}},"Diffuse_Color_01_Value_op":{"type":"IRenderMaterialEntity.EModifierOperation","value":"eReplace"},"Diffuse_Color_01_Value":{"type":"SColorRGB","value":"#3b3731"},"Clients":{"type":"TArray<SEntityTemplateReference>","value":["49b58017e44377a0"],"postInit":true},"m_eidParent":{"type":"SEntityTemplateReference","value":"49b58017e44377a0","postInit":true}}},"750ff521eaecbe30":{"parent":"d75c6939230dbe8b","name":"male_reg_screwdriver_vest","factory":"[assembly:/_pro/characters/assets/individuals/marrakesh/screwdriver/materials/male_reg_screwdriver_vest.mi].pc_entitytype","blueprint":"[assembly:/_pro/characters/assets/individuals/marrakesh/screwdriver/materials/male_reg_screwdriver_vest.mi].pc_entityblueprint","properties":{"Clients":{"type":"TArray<SEntityTemplateReference>","value":["1d68dd3909556bb5"]},"Override":{"type":"bool","value":false},"Diffuse_Color_01_Value_op":{"type":"IRenderMaterialEntity.EModifierOperation","value":"eReplace"},"Diffuse_Color_01_Value":{"type":"SColorRGB","value":"#fffee8"},"Texture2D_01_enab":{"type":"bool","value":false},"ConstantVector1D_06_Value_op":{"type":"IRenderMaterialEntity.EModifierOperation","value":"eReplace"},"ConstantVector1D_14_Value_op":{"type":"IRenderMaterialEntity.EModifierOperation","value":"eReplace"},"ConstantVector1D_15_Value_op":{"type":"IRenderMaterialEntity.EModifierOperation","value":"eReplace"},"ConstantVector1D_01_Value_op":{"type":"IRenderMaterialEntity.EModifierOperation","value":"eReplace"},"m_eidParent":{"type":"SEntityTemplateReference","value":"1d68dd3909556bb5"}}},"d75c6939230dbe8b":{"parent":"1d68dd3909556bb5","name":"WaistCoat_Plain_5Btn_Cut_Jacket_01","factory":"00CACEEDD786E800","blueprint":"00243B9C28DFC19E","properties":{"ConstantVector1D_01_Value":{"type":"float32","value":5},"Diffuse_Color_01_Value":{"type":"SColorRGB","value":"#695e54"}},"inputCopying":{"ConstantVector1D_06_Value":{"ConstantVector1D_06_Value":["750ff521eaecbe30"]},"ConstantVector1D_14_Value":{"ConstantVector1D_14_Value":["750ff521eaecbe30"]},"ConstantVector1D_01_Value":{"ConstantVector1D_01_Value":["750ff521eaecbe30"]}}},"e50353240c688491":{"parent":"8a9d684eb303b4c2","name":"C_Spine2_R","factory":"[assembly:/templates/aspectdummy.aspect]([modules:/zclothsphere.class].entitytype,[modules:/zboneattachaspect.class].entitytype).pc_entitytype","blueprint":"[assembly:/templates/aspectdummy.aspect]([modules:/zclothsphere.class].entitytype,[modules:/zboneattachaspect.class].entitytype).pc_entityblueprint","properties":{"m_BoneName":{"type":"ZString","value":"Spine2"},"m_linkedEntity":{"type":"SEntityTemplateReference","value":"1d68dd3909556bb5"},"m_fRadius":{"type":"float32","value":0.14000000059604645},"m_mTransform":{"type":"SMatrix43","value":{"rotation":{"x":0.6075190242261483,"y":0.04131030369781178,"z":7.77816180870083},"position":{"x":-0.034866999834775925,"y":0.024687999859452248,"z":-0.04030299931764603}}},"m_bEnabled":{"type":"bool","value":true},"m_eidParent":{"type":"SEntityTemplateReference","value":"8a9d684eb303b4c2","postInit":true}}},"ccfe02d19408b476":{"parent":"8a9d684eb303b4c2","name":"C_Neck","factory":"[assembly:/templates/aspectdummy.aspect]([modules:/zclothsphere.class].entitytype,[modules:/zboneattachaspect.class].entitytype).pc_entitytype","blueprint":"[assembly:/templates/aspectdummy.aspect]([modules:/zclothsphere.class].entitytype,[modules:/zboneattachaspect.class].entitytype).pc_entityblueprint","properties":{"m_BoneName":{"type":"ZString","value":"Neck"},"m_linkedEntity":{"type":"SEntityTemplateReference","value":"1d68dd3909556bb5"},"m_fRadius":{"type":"float32","value":0.08500000089406967},"m_mTransform":{"type":"SMatrix43","value":{"rotation":{"x":0,"y":0,"z":0},"position":{"x":0,"y":0,"z":0}}},"m_bEnabled":{"type":"bool","value":true},"m_eidParent":{"type":"SEntityTemplateReference","value":"8a9d684eb303b4c2","postInit":true}}},"ac688a9438284ad7":{"parent":"1d68dd3909556bb5","name":"Shoes_Boots_H_Wellington","factory":"00E74420268B6D72","blueprint":"00E030C90C8BC08D","properties":{"ConstantVector1D_01_Value":{"type":"float32","value":1.0199999809265137},"Diffuse_Color_01_Value":{"type":"SColorRGB","value":"#383026"},"Texture2D_01":{"type":"ZRuntimeResourceID","value":{"resource":"[assembly:/_pro/characters/assets/workers/gardeners/textures/male_reg_bangkok_gardener_boots.texture?/diffuse_white.tex](ascolormap).pc_tex","flag":"5F"}},"Diffuse_Saturation_01_Value":{"type":"float32","value":0.5699999928474426},"ConstantVector1D_05_Value":{"type":"float32","value":1.2799999713897705},"ConstantVector1D_04_Value":{"type":"float32","value":0.11999999731779099}}},"d35bf1e1439c03a1":{"parent":"1d68dd3909556bb5","name":"Base Min","factory":"[modules:/zmathlerp.class].pc_entitytype","blueprint":"[modules:/zmathlerp.class].pc_entityblueprint","properties":{"m_A":{"type":"float32","value":0},"m_B":{"type":"float32","value":0.20000000298023224},"m_fT":{"type":"float32","value":0}},"events":{"Lerp":{"ConstantVector1D_14_Value":["ec0e35891aaf994e"],"ConstantVector1D_04_Value":["14f8592b40ff2408","76f148549f7ad8cd"]}}},"17c6f90ce6c27f72":{"parent":"8a9d684eb303b4c2","name":"C_UpperArm_L","factory":"[assembly:/templates/aspectdummy.aspect]([modules:/zclothsphere.class].entitytype,[modules:/zboneattachaspect.class].entitytype).pc_entitytype","blueprint":"[assembly:/templates/aspectdummy.aspect]([modules:/zclothsphere.class].entitytype,[modules:/zboneattachaspect.class].entitytype).pc_entityblueprint","properties":{"m_BoneName":{"type":"ZString","value":"L_UpperArm"},"m_linkedEntity":{"type":"SEntityTemplateReference","value":"1d68dd3909556bb5"},"m_fRadius":{"type":"float32","value":0.07999999821186066},"m_mTransform":{"type":"SMatrix43","value":{"rotation":{"x":0,"y":0,"z":0},"position":{"x":0,"y":0,"z":0}}},"m_bEnabled":{"type":"bool","value":true},"m_eidParent":{"type":"SEntityTemplateReference","value":"8a9d684eb303b4c2","postInit":true}}},"ec0e35891aaf994e":{"parent":"1d68dd3909556bb5","name":"Shirt_Dress_Btnup_Tkd_Cut_Jacket_01","factory":"0011644483049F85","blueprint":"000083C995DF8DF6","properties":{"Diffuse_Color_01_Value":{"type":"SColorRGB","value":"#ffffff"},"m_pMeshResource":{"type":"ZRuntimeResourceID","value":{"resource":"00B89F63E340EA00","flag":"5F"}}}},"44788ca52ac8ebf4":{"parent":"1d68dd3909556bb5","name":"Head_47","factory":"00537D16B5CE7286","blueprint":"00F2E4A932ECAA63"},"1f4444a587652c42":{"parent":"8a9d684eb303b4c2","name":"C_Spine_R","factory":"[assembly:/templates/aspectdummy.aspect]([modules:/zclothsphere.class].entitytype,[modules:/zboneattachaspect.class].entitytype).pc_entitytype","blueprint":"[assembly:/templates/aspectdummy.aspect]([modules:/zclothsphere.class].entitytype,[modules:/zboneattachaspect.class].entitytype).pc_entityblueprint","properties":{"m_BoneName":{"type":"ZString","value":"Spine"},"m_linkedEntity":{"type":"SEntityTemplateReference","value":"1d68dd3909556bb5"},"m_fRadius":{"type":"float32","value":0.11999999731779099},"m_mTransform":{"type":"SMatrix43","value":{"rotation":{"x":-0.05930116869051336,"y":0.04847224576540893,"z":-0.06250971406781076},"position":{"x":-0.0000019999999949504854,"y":0.030573999509215355,"z":-0.050732001662254333}}},"m_bEnabled":{"type":"bool","value":true},"m_bCollisionGroup0":{"type":"bool","value":true},"m_eidParent":{"type":"SEntityTemplateReference","value":"8a9d684eb303b4c2","postInit":true}}},"9a3567ffc531115c":{"parent":"1d68dd3909556bb5","name":"Min Head","factory":"[modules:/zmathlerp.class].pc_entitytype","blueprint":"[modules:/zmathlerp.class].pc_entityblueprint","properties":{"m_A":{"type":"float32","value":0},"m_B":{"type":"float32","value":0.30000001192092896},"m_fT":{"type":"float32","value":0}},"events":{"Lerp":{"ConstantVector1D_04_Value":["44788ca52ac8ebf4"]}}},"e68efa78d0aa0661":{"parent":"8a9d684eb303b4c2","name":"C_Forearm_L","factory":"[assembly:/templates/aspectdummy.aspect]([modules:/zclothsphere.class].entitytype,[modules:/zboneattachaspect.class].entitytype).pc_entitytype","blueprint":"[assembly:/templates/aspectdummy.aspect]([modules:/zclothsphere.class].entitytype,[modules:/zboneattachaspect.class].entitytype).pc_entityblueprint","properties":{"m_BoneName":{"type":"ZString","value":"L_Forearm"},"m_linkedEntity":{"type":"SEntityTemplateReference","value":"1d68dd3909556bb5"},"m_fRadius":{"type":"float32","value":0.07000000029802322},"m_mTransform":{"type":"SMatrix43","value":{"rotation":{"x":0,"y":0,"z":0},"position":{"x":0,"y":0,"z":0}}},"m_bEnabled":{"type":"bool","value":true},"m_eidParent":{"type":"SEntityTemplateReference","value":"8a9d684eb303b4c2","postInit":true}}},"4b85c99c75ba907d":{"parent":"8a9d684eb303b4c2","name":"C_Clavicle_R","factory":"[assembly:/templates/aspectdummy.aspect]([modules:/zclothsphere.class].entitytype,[modules:/zboneattachaspect.class].entitytype).pc_entitytype","blueprint":"[assembly:/templates/aspectdummy.aspect]([modules:/zclothsphere.class].entitytype,[modules:/zboneattachaspect.class].entitytype).pc_entityblueprint","properties":{"m_BoneName":{"type":"ZString","value":"R_Clavicle"},"m_linkedEntity":{"type":"SEntityTemplateReference","value":"1d68dd3909556bb5"},"m_fRadius":{"type":"float32","value":0.08500000089406967},"m_mTransform":{"type":"SMatrix43","value":{"rotation":{"x":0,"y":0,"z":0},"position":{"x":0,"y":0,"z":0}}},"m_bEnabled":{"type":"bool","value":true},"m_eidParent":{"type":"SEntityTemplateReference","value":"8a9d684eb303b4c2","postInit":true}}},"898adfef0f41bf8d":{"parent":"8a9d684eb303b4c2","name":"C_Spine2_L","factory":"[assembly:/templates/aspectdummy.aspect]([modules:/zclothsphere.class].entitytype,[modules:/zboneattachaspect.class].entitytype).pc_entitytype","blueprint":"[assembly:/templates/aspectdummy.aspect]([modules:/zclothsphere.class].entitytype,[modules:/zboneattachaspect.class].entitytype).pc_entityblueprint","properties":{"m_BoneName":{"type":"ZString","value":"Spine2"},"m_linkedEntity":{"type":"SEntityTemplateReference","value":"1d68dd3909556bb5"},"m_fRadius":{"type":"float32","value":0.14000000059604645},"m_mTransform":{"type":"SMatrix43","value":{"rotation":{"x":0.7218317539587317,"y":0.04915981154774293,"z":7.789388884865077},"position":{"x":-0.0348690003156662,"y":0.02468400076031685,"z":0.040442001074552536}}},"m_bEnabled":{"type":"bool","value":true},"m_eidParent":{"type":"SEntityTemplateReference","value":"8a9d684eb303b4c2","postInit":true}}},"49b58017e44377a0":{"parent":"1d68dd3909556bb5","name":"CarlIngram_Jacket","factory":"[modules:/zcompositeentity.class].pc_entitytype","blueprint":"[modules:/zcompositeentity.class].pc_entityblueprint","properties":{"m_eidParent":{"type":"SEntityTemplateReference","value":"1d68dd3909556bb5"}},"exposedInterfaces":{"ZClothColliderGroupAspect":"e1d461371cef70c4","ZBodyPartEntity":"e1d461371cef70c4"}},"942a0f4f28ba45e7":{"parent":"8a9d684eb303b4c2","name":"C_Palm_L","factory":"[assembly:/templates/aspectdummy.aspect]([modules:/zclothsphere.class].entitytype,[modules:/zboneattachaspect.class].entitytype).pc_entitytype","blueprint":"[assembly:/templates/aspectdummy.aspect]([modules:/zclothsphere.class].entitytype,[modules:/zboneattachaspect.class].entitytype).pc_entityblueprint","properties":{"m_BoneName":{"type":"ZString","value":"L_Hand"},"m_linkedEntity":{"type":"SEntityTemplateReference","value":"1d68dd3909556bb5"},"m_fRadius":{"type":"float32","value":0.07000000029802322},"m_mTransform":{"type":"SMatrix43","value":{"rotation":{"x":0,"y":0,"z":0},"position":{"x":0.10000000149011612,"y":0,"z":0}}},"m_bEnabled":{"type":"bool","value":true},"m_eidParent":{"type":"SEntityTemplateReference","value":"8a9d684eb303b4c2","postInit":true}}},"8a9d684eb303b4c2":{"parent":"49b58017e44377a0","name":"Jacket_Collider","factory":"[modules:/zcompositeentity.class].pc_entitytype","blueprint":"[modules:/zcompositeentity.class].pc_entityblueprint","properties":{"m_linkedEntity":{"type":"SEntityTemplateReference","value":"1d68dd3909556bb5"},"m_mTransform":{"type":"SMatrix43","value":{"rotation":{"x":0,"y":0,"z":0},"position":{"x":4.2008420564343396e-7,"y":5.359850092645502e-7,"z":0}}},"m_eidParent":{"type":"SEntityTemplateReference","value":"49b58017e44377a0"}},"propertyAliases":{"m_linkedEntity":[{"originalProperty":"m_linkedEntity","originalEntity":"b44ec96458a900a3"},{"originalProperty":"m_linkedEntity","originalEntity":"ca5c501fb896689a"},{"originalProperty":"m_linkedEntity","originalEntity":"de46725cba8bf867"},{"originalProperty":"m_linkedEntity","originalEntity":"a2ee8d0397a2d24d"},{"originalProperty":"m_linkedEntity","originalEntity":"92573e07a7c71769"},{"originalProperty":"m_linkedEntity","originalEntity":"87465355bc4dee9d"},{"originalProperty":"m_linkedEntity","originalEntity":"f1ea3d963dd43334"},{"originalProperty":"m_linkedEntity","originalEntity":"e50353240c688491"},{"originalProperty":"m_linkedEntity","originalEntity":"741f25a610695ea2"},{"originalProperty":"m_linkedEntity","originalEntity":"1f4444a587652c42"},{"originalProperty":"m_linkedEntity","originalEntity":"e4fba23cb88711b7"},{"originalProperty":"m_linkedEntity","originalEntity":"c8872fc4d15ce6a8"},{"originalProperty":"m_linkedEntity","originalEntity":"898adfef0f41bf8d"},{"originalProperty":"m_linkedEntity","originalEntity":"ccfe02d19408b476"},{"originalProperty":"m_linkedEntity","originalEntity":"d6e78c08334cd5d1"},{"originalProperty":"m_linkedEntity","originalEntity":"4b85c99c75ba907d"},{"originalProperty":"m_linkedEntity","originalEntity":"1779c1f8dd1cfd2e"},{"originalProperty":"m_linkedEntity","originalEntity":"d44d72b9810ac56a"},{"originalProperty":"m_linkedEntity","originalEntity":"17c6f90ce6c27f72"},{"originalProperty":"m_linkedEntity","originalEntity":"e68efa78d0aa0661"},{"originalProperty":"m_linkedEntity","originalEntity":"da5d232f3ad618be"},{"originalProperty":"m_linkedEntity","originalEntity":"5f7bacb36f7b9b2e"},{"originalProperty":"m_linkedEntity","originalEntity":"4b839eb6b82aaa9b"},{"originalProperty":"m_linkedEntity","originalEntity":"942a0f4f28ba45e7"},{"originalProperty":"m_linkedEntity","originalEntity":"6d01fed2f319b9c5"}]},"exposedInterfaces":{"ZClothCollider":"f667169eb25eb38f","ZClothColliderGroup":"f667169eb25eb38f"}},"208de0455ea9d81e":{"parent":"14f8592b40ff2408","name":"male_reg_tie_simple","factory":"0086FFBFCB2070D7","blueprint":"0045FD3348A412D2","properties":{"m_mTransform":{"type":"SMatrix43","value":{"rotation":{"x":0,"y":0,"z":0},"position":{"x":-0.0000033375511065969476,"y":9.643037657269815e-8,"z":0}}},"Clients":{"type":"TArray<SEntityTemplateReference>","value":["1d68dd3909556bb5"]},"Texture2D_01_enab":{"type":"bool","value":true},"Texture2D_01":{"type":"ZRuntimeResourceID","value":{"resource":"00D42696C32DEBC4","flag":"5F"}},"Texture2D_03":{"type":"ZRuntimeResourceID","value":{"resource":"00CA3F97B952212C","flag":"5F"}},"ConstantVector1D_06_Value_op":{"type":"IRenderMaterialEntity.EModifierOperation","value":"eReplace"},"ConstantVector1D_04_Value_op":{"type":"IRenderMaterialEntity.EModifierOperation","value":"eReplace"},"ConstantVector1D_05_Value_op":{"type":"IRenderMaterialEntity.EModifierOperation","value":"eReplace"},"ConstantVector1D_09_Value_op":{"type":"IRenderMaterialEntity.EModifierOperation","value":"eReplace"},"ConstantColorRGB_05_Value_op":{"type":"IRenderMaterialEntity.EModifierOperation","value":"eReplace"},"ConstantColorRGB_02_Value_op":{"type":"IRenderMaterialEntity.EModifierOperation","value":"eReplace"},"ConstantVector1D_01_Value_op":{"type":"IRenderMaterialEntity.EModifierOperation","value":"eReplace"},"m_eidParent":{"type":"SEntityTemplateReference","value":"1d68dd3909556bb5"}}},"d0765cfa1486e7bc":{"parent":"541dff217f4fe3a0","name":"hat_cap_flat_plain","factory":"0006F4B94399BEE7","blueprint":"008008263D5AF7C7","properties":{"m_mTransform":{"type":"SMatrix43","value":{"rotation":{"x":6.087509695040122,"y":89.3604988601764,"z":160.65367935140628},"position":{"x":-1.4051549434661865,"y":-0.07936699688434601,"z":-0.00011500000255182385}}},"Diffuse_Color_01_Value":{"type":"SColorRGB","value":"#bcbfa1"},"Texture2D_01":{"type":"ZRuntimeResourceID","value":{"resource":"00E41B2EBF6B1EBF","flag":"5F"}},"Texture2DNormal_01":{"type":"ZRuntimeResourceID","value":{"resource":"00D9FD9BA8D3239E","flag":"5F"}},"m_PrimitiveScale":{"type":"SVector3","value":{"x":0.9691359996795654,"y":1.003640055656433,"z":0.9247660040855408}},"m_eidParent":{"type":"SEntityTemplateReference","value":"541dff217f4fe3a0","postInit":true}}},"ece89b067a560cb7":{"parent":"1d68dd3909556bb5","name":"Diffuse","factory":"[modules:/zmathlerp.class].pc_entitytype","blueprint":"[modules:/zmathlerp.class].pc_entityblueprint","properties":{"m_A":{"type":"float32","value":0.5},"m_fT":{"type":"float32","value":0},"m_B":{"type":"float32","value":0.25999999046325684}},"events":{"Lerp":{"ConstantVector1D_01_Value":["ec0e35891aaf994e","14f8592b40ff2408"]}}},"762f89ce0daf0a2":{"parent":"8a9d684eb303b4c2","name":"C_Pelvis_R","factory":"[assembly:/templates/aspectdummy.aspect]([modules:/zclothsphere.class].entitytype,[modules:/zboneattachaspect.class].entitytype).pc_entitytype","blueprint":"[assembly:/templates/aspectdummy.aspect]([modules:/zclothsphere.class].entitytype,[modules:/zboneattachaspect.class].entitytype).pc_entityblueprint","properties":{"m_fRadius":{"type":"float32","value":0.14000000059604645},"m_BoneName":{"type":"ZString","value":"Pelvis"},"m_mTransform":{"type":"SMatrix43","value":{"rotation":{"x":-0.055977958130533356,"y":0,"z":-0.0559780181404361},"position":{"x":0.03652599826455116,"y":0.019082000479102135,"z":-0.05660099908709526}}},"m_bEnabled":{"type":"bool","value":true},"m_eidParent":{"type":"SEntityTemplateReference","value":"8a9d684eb303b4c2"}}},"541dff217f4fe3a0":{"parent":"1d68dd3909556bb5","name":"Attacher_Head","factory":"[assembly:/templates/aspectdummy.aspect]([modules:/zcompositeentity.class].entitytype,[modules:/zboneattachaspect.class].entitytype).pc_entitytype","blueprint":"[assembly:/templates/aspectdummy.aspect]([modules:/zcompositeentity.class].entitytype,[modules:/zboneattachaspect.class].entitytype).pc_entityblueprint","properties":{"m_BoneName":{"type":"ZString","value":"Head"},"m_linkedEntity":{"type":"SEntityTemplateReference","value":"1d68dd3909556bb5"},"m_mTransform":{"type":"SMatrix43","value":{"rotation":{"x":0,"y":0,"z":0.8223372795806185},"position":{"x":1.488381028175354,"y":0.08684390038251877,"z":-9.999999974752427e-7}}},"m_eidParent":{"type":"SEntityTemplateReference","value":"1d68dd3909556bb5"}}}},"propertyOverrides":[],"overrideDeletes":[],"pinConnectionOverrides":[],"pinConnectionOverrideDeletes":[],"externalScenes":[],"subType":"template","quickEntityVersion":3.1,"extraFactoryDependencies":[{"resource":"00B40E9503CF9271","flag":"5F"},{"resource":"007D850436B0A092","flag":"5F"},{"resource":"00D247582859CA87","flag":"5F"},{"resource":"00D20CA72E352D16","flag":"5F"},{"resource":"001083E516801F5E","flag":"5F"},{"resource":"00FFC5352D7A5D64","flag":"5F"},{"resource":"00E4CE86EE7A5CC2","flag":"5F"},{"resource":"004AE40C64125C4E","flag":"5F"},{"resource":"00493A3ED49C91A7","flag":"5F"},{"resource":"00FEFAB2AF01C1B0","flag":"5F"},{"resource":"00699EA32019C318","flag":"5F"},{"resource":"00B323E63239E6E3","flag":"5F"},{"resource":"00904EC164499DBB","flag":"5F"},{"resource":"[assembly:/_pro/characters/assets/individuals/marrakesh/screwdriver/textures/male_reg_screwdriver_vest.texture?/specular_a.tex](ascolormap).pc_tex","flag":"5F"},{"resource":"[assembly:/_pro/characters/assets/individuals/marrakesh/screwdriver/textures/male_reg_screwdriver_vest.texture?/normal_a.tex](asnormalmap).pc_tex","flag":"5F"},{"resource":"[assembly:/_pro/characters/assets/individuals/marrakesh/screwdriver/textures/male_reg_screwdriver_vest.texture?/diffuse_a.tex](ascolormap).pc_tex","flag":"5F"},{"resource":"005A806DDB3BBA63","flag":"5F"},{"resource":"[assembly:/_pro/characters/assets/hero/agent47/textures/agent47_accessories_02.texture?/normal_a.tex](asnormalmap).pc_tex","flag":"5F"},{"resource":"0072FF9DA2C20E04","flag":"5F"},{"resource":"0045F839B337D2B6","flag":"5F"},{"resource":"00188997D678EF0B","flag":"5F"},{"resource":"006F835120511247","flag":"5F"},{"resource":"006A9072F2C78523","flag":"5F"},{"resource":"005A3A86E39FBFB7","flag":"5F"},{"resource":"006258232B3126D5","flag":"5F"},{"resource":"009B5182C6638B75","flag":"5F"},{"resource":"[assembly:/_pro/characters/assets/workers/gardeners/textures/male_reg_bangkok_gardener_boots.texture?/specular_a.tex](ascolormap).pc_tex","flag":"5F"},{"resource":"[assembly:/_pro/characters/assets/workers/gardeners/textures/male_reg_bangkok_gardener_boots.texture?/normal_a.tex](asnormalmap).pc_tex","flag":"5F"},{"resource":"00D0491D96AF212A","flag":"5F"},{"resource":"[assembly:/_pro/characters/assets/workers/gardeners/textures/male_reg_bangkok_gardener_boots.texture?/diffuse_a.tex](ascolormap).pc_tex","flag":"5F"},{"resource":"[assembly:/_pro/characters/assets/_apparel/accessories/buttons/textures/buttons_01.texture?/normal_a.tex](asnormalmap).pc_tex","flag":"5F"},{"resource":"[assembly:/_pro/characters/assets/_apparel/accessories/buttons/textures/buttons_01.texture?/specular_a.tex](ascolormap).pc_tex","flag":"5F"},{"resource":"[assembly:/_pro/characters/assets/_apparel/accessories/buttons/textures/buttons_01.texture?/diffuse_a.tex](ascolormap).pc_tex","flag":"5F"},{"resource":"[assembly:/_pro/characters/assets/individuals/gecko/carlingram_s3/textures/carlingram_s3_jacket.texture?/specular_a.tex](ascolormap).pc_tex","flag":"5F"},{"resource":"003365359954D879","flag":"5F"}],"extraBlueprintDependencies":[],"comments":[]}