{"tempHash":"00B3CB2E72C2EEFA","tbluHash":"0003F4A47ADF6258","patch":[{"SubEntityOperation":["e1a33c9b5397a329",{"AddEventConnection":["HitmanWetness","T","feed989a3fac8060"]}]},{"SubEntityOperation":["3ea44bc39af34e90",{"SetName":"Mesh_Shoes01"}]},{"SubEntityOperation":["3ea44bc39af34e90",{"SetFactory":"[modules:/zbodypartentity.class].pc_entitytype"}]},{"SubEntityOperation":["3ea44bc39af34e90",{"SetBlueprint":"[modules:/zbodypartentity.class].pc_entityblueprint"}]},{"SubEntityOperation":["3ea44bc39af34e90",{"AddProperty":["m_pMeshResource",{"type":"ZRuntimeResourceID","value":{"resource":"00C536224D4F37E1","flag":"5F"}}]}]},{"SubEntityOperation":["3ea44bc39af34e90",{"AddInputCopyConnection":["ConstantVector1D_04_Value","ConstantVector1D_04_Value","feeda26be3942f9d"]}]},{"AddEntity":["feeda26be3942f9d",{"parent":"3ea44bc39af34e90","name":"male_reg_bangkok_hotelsecurity_shoes","factory":"[assembly:/_pro/characters/assets/guards/bangkok/hotel_security/materials/male_reg_bangkok_hotelsecurity_shoes.mi].pc_entitytype","blueprint":"[assembly:/_pro/characters/assets/guards/bangkok/hotel_security/materials/male_reg_bangkok_hotelsecurity_shoes.mi].pc_entityblueprint","properties":{"m_mTransform":{"type":"SMatrix43","value":{"rotation":{"x":0,"y":0,"z":0},"position":{"x":0,"y":0,"z":0}}},"ConstantVector1D_05_Value_op":{"type":"IRenderMaterialEntity.EModifierOperation","value":"eReplace"},"ConstantVector1D_05_Value":{"type":"float32","value":0.5099999904632568},"Texture2D_01_enab":{"type":"bool","value":true},"Texture2D_01":{"type":"ZRuntimeResourceID","value":{"resource":"0056D10B3D6AFAD8","flag":"5F"}},"Texture2DNormal_01_enab":{"type":"bool","value":true},"Texture2DNormal_01":{"type":"ZRuntimeResourceID","value":{"resource":"0012B1C58624FB9D","flag":"5F"}},"Texture2D_03_enab":{"type":"bool","value":true},"Texture2D_03":{"type":"ZRuntimeResourceID","value":{"resource":"0066A12C24F2E2F9","flag":"5F"}},"ConstantVector1D_04_Value_op":{"type":"IRenderMaterialEntity.EModifierOperation","value":"eReplace"},"Clients":{"type":"TArray<SEntityTemplateReference>","value":["3ea44bc39af34e90"],"postInit":true},"m_eidParent":{"type":"SEntityTemplateReference","value":"7eff228307d6fe6d","postInit":true}}}]},{"AddEntity":["feed989a3fac8060",{"parent":"7eff228307d6fe6d","name":"Lerp 4","factory":"[modules:/zmathlerp.class].pc_entitytype","blueprint":"[modules:/zmathlerp.class].pc_entityblueprint","properties":{"m_B":{"type":"float32","value":0.30000001192092896},"m_fT":{"type":"float32","value":0}},"events":{"Lerp":{"ConstantVector1D_04_Value":["3ea44bc39af34e90"]}}}]}],"patchVersion":6}