{"tempHash":"00367FC38B49F714","tbluHash":"00171FEF35B1DDAF","rootEntity":"bba1a71322bad472","entities":{"357e3d69ed9448e4":{"parent":"bba1a71322bad472","name":"agent47_gloves_white","factory":"[assembly:/_pro/characters/assets/hero/agent47/materials/agent47_gloves_white.mi].pc_entitytype","blueprint":"[assembly:/_pro/characters/assets/hero/agent47/materials/agent47_gloves_white.mi].pc_entityblueprint","properties":{"m_mTransform":{"type":"SMatrix43","value":{"rotation":{"x":0,"y":0,"z":0},"position":{"x":0,"y":0,"z":0}}},"ConstantVector1D_01_Value_op":{"type":"IRenderMaterialEntity.EModifierOperation","value":"eReplace"},"ConstantVector1D_01_Value":{"type":"float32","value":0.02500000037252903},"Clients":{"type":"TArray<SEntityTemplateReference>","value":["bba1a71322bad472"],"postInit":true},"m_eidParent":{"type":"SEntityTemplateReference","value":"bba1a71322bad472","postInit":true}}},"ae5d5c687baa3d30":{"parent":"bba1a71322bad472","name":"male_reg_body","factory":"003DCA5E22F37B5F","blueprint":"0041C89DFA9D7801","properties":{"m_mTransform":{"type":"SMatrix43","value":{"rotation":{"x":0,"y":0,"z":0},"position":{"x":0,"y":0,"z":0}}},"Texture2DNormal_01_enab":{"type":"bool","value":true},"Texture2D_03_enab":{"type":"bool","value":true},"Texture2D_01_enab":{"type":"bool","value":true},"Texture2D_01":{"type":"ZRuntimeResourceID","value":{"resource":"0050DDCE91E6C6A3","flag":"5F"}},"Texture2DNormal_01":{"type":"ZRuntimeResourceID","value":{"resource":"002A91695E748772","flag":"5F"}},"Texture2D_03":{"type":"ZRuntimeResourceID","value":{"resource":"00A07AE8903D816A","flag":"5F"}},"Clients":{"type":"TArray<SEntityTemplateReference>","value":["bba1a71322bad472"],"postInit":true},"m_eidParent":{"type":"SEntityTemplateReference","value":"bba1a71322bad472","postInit":true}}},"6e8fd3962703221b":{"parent":"bba1a71322bad472","name":"Mesh_Shirt","factory":"[modules:/zbodypartentity.class].pc_entitytype","blueprint":"[modules:/zbodypartentity.class].pc_entityblueprint","properties":{"m_pMeshResource":{"type":"ZRuntimeResourceID","value":{"resource":"0031145B8979B6E9","flag":"5F"}}}},"5ca22d238412f3b8":{"parent":"bba1a71322bad472","name":"Mesh_Tie","factory":"[modules:/zbodypartentity.class].pc_entitytype","blueprint":"[modules:/zbodypartentity.class].pc_entityblueprint","properties":{"m_pMeshResource":{"type":"ZRuntimeResourceID","value":{"resource":"00B3C4B57B7E02AA","flag":"5F"}}}},"94106559245f377f":{"parent":"bba1a71322bad472","name":"Mesh_Gloves","factory":"[modules:/zbodypartentity.class].pc_entitytype","blueprint":"[modules:/zbodypartentity.class].pc_entityblueprint","properties":{"m_pMeshResource":{"type":"ZRuntimeResourceID","value":{"resource":"006EF3B73EB77D7A","flag":"5F"}}}},"e9bb5532238c7224":{"parent":"bba1a71322bad472","name":"Mesh_Shoes","factory":"[modules:/zbodypartentity.class].pc_entitytype","blueprint":"[modules:/zbodypartentity.class].pc_entityblueprint","properties":{"m_pMeshResource":{"type":"ZRuntimeResourceID","value":{"resource":"002B2408498F22D7","flag":"5F"}}}},"73aece9184dc7738":{"parent":"bba1a71322bad472","name":"agent47_eye","factory":"[assembly:/_pro/characters/assets/hero/agent47/materials/agent47_eye.mi].pc_entitytype","blueprint":"[assembly:/_pro/characters/assets/hero/agent47/materials/agent47_eye.mi].pc_entityblueprint","properties":{"1405740434":{"type":"IRenderMaterialEntity.EModifierOperation","value":"eReplace"},"2298771567":{"type":"IRenderMaterialEntity.EModifierOperation","value":"eReplace"},"m_mTransform":{"type":"SMatrix43","value":{"rotation":{"x":0,"y":0,"z":0},"position":{"x":0,"y":0,"z":0}}},"EyeShader_01_ScleraSpecularIntensity":{"type":"float32","value":0.007000000216066837},"EyeShader_01_CorneaSpecularIntensity":{"type":"float32","value":0.007000000216066837},"Clients":{"type":"TArray<SEntityTemplateReference>","value":["bba1a71322bad472"],"postInit":true},"m_eidParent":{"type":"SEntityTemplateReference","value":"bba1a71322bad472","postInit":true}}},"46cdb7fbc426a0da":{"parent":"bba1a71322bad472","name":"Mesh_Coat","factory":"[modules:/zbodypartentity.class].pc_entitytype","blueprint":"[modules:/zbodypartentity.class].pc_entityblueprint","properties":{"m_pMeshResource":{"type":"ZRuntimeResourceID","value":{"resource":"00C4C32DD0B76665","flag":"5F"}}}},"6b809bd07305d778":{"parent":"bba1a71322bad472","name":"Mesh_Pant","factory":"[modules:/zbodypartentity.class].pc_entitytype","blueprint":"[modules:/zbodypartentity.class].pc_entityblueprint","properties":{"m_pMeshResource":{"type":"ZRuntimeResourceID","value":{"resource":"00DF93EB4149AC1E","flag":"5F"}}}},"f12c074a12da3fc9":{"parent":"bba1a71322bad472","name":"Mesh_Jacket","factory":"[modules:/zbodypartentity.class].pc_entitytype","blueprint":"[modules:/zbodypartentity.class].pc_entityblueprint","properties":{"m_pMeshResource":{"type":"ZRuntimeResourceID","value":{"resource":"00AE4BF6E74AF715","flag":"5F"}}}},"639eef3861da0a17":{"parent":"bba1a71322bad472","name":"Mesh_Head","factory":"[modules:/zbodypartentity.class].pc_entitytype","blueprint":"[modules:/zbodypartentity.class].pc_entityblueprint","properties":{"m_pMeshResource":{"type":"ZRuntimeResourceID","value":{"resource":"00B56DB95950BD5E","flag":"5F"}},"m_IsHiddenInVR":{"type":"bool","value":true}}},"c6a39beb90038beb":{"parent":"bba1a71322bad472","name":"ChildNetwork","factory":"[modules:/zchildnetworkentity.class].pc_entitytype","blueprint":"[modules:/zchildnetworkentity.class].pc_entityblueprint","properties":{"m_RuntimeNetworkResourceID":{"type":"ZRuntimeResourceID","value":{"resource":"[assembly:/animationnetworks/hitman01/idles/suitidle.aln].pc_rtn","flag":"9F"}}}},"144baae37398eeb4":{"parent":"bba1a71322bad472","name":"Malereg_WinterSuit_collider","factory":"0082FA25FA7A436A","blueprint":"005AE1E3873F982D","properties":{"Hand_L_Enabled":{"type":"bool","value":false},"Hand_R_Enabled":{"type":"bool","value":false},"Elbow_R_Enabled":{"type":"bool","value":false},"Elbow_L_Enabled":{"type":"bool","value":false},"m_mTransform":{"type":"SMatrix43","value":{"rotation":{"x":0,"y":0,"z":0},"position":{"x":0,"y":0,"z":0}}},"m_linkedEntity":{"type":"SEntityTemplateReference","value":"bba1a71322bad472","postInit":true},"m_eidParent":{"type":"SEntityTemplateReference","value":"bba1a71322bad472","postInit":true}}},"d346a7ce405cb589":{"parent":"bba1a71322bad472","name":"agent47_pants_02","factory":"[assembly:/_pro/characters/assets/hero/agent47/materials/agent47_pants_02.mi].pc_entitytype","blueprint":"[assembly:/_pro/characters/assets/hero/agent47/materials/agent47_pants_02.mi].pc_entityblueprint","properties":{"1787395739":{"type":"IRenderMaterialEntity.EModifierOperation","value":"eReplace"},"m_mTransform":{"type":"SMatrix43","value":{"rotation":{"x":0,"y":0,"z":0},"position":{"x":0,"y":0,"z":0}}},"ConstantVector1D_03_Value":{"type":"float32","value":0.75},"Clients":{"type":"TArray<SEntityTemplateReference>","value":["bba1a71322bad472"],"postInit":true},"m_eidParent":{"type":"SEntityTemplateReference","value":"bba1a71322bad472","postInit":true}}},"f1746a8964246d4":{"parent":"bba1a71322bad472","name":"Mesh_Belt","factory":"[modules:/zbodypartentity.class].pc_entitytype","blueprint":"[modules:/zbodypartentity.class].pc_entityblueprint","properties":{"m_pMeshResource":{"type":"ZRuntimeResourceID","value":{"resource":"00A3E377683D770C","flag":"5F"}}}},"e7d0eec1d6c87ad0":{"parent":"bba1a71322bad472","name":"agent47_jacket_02","factory":"[assembly:/_pro/characters/assets/hero/agent47/materials/agent47_jacket_02.mi].pc_entitytype","blueprint":"[assembly:/_pro/characters/assets/hero/agent47/materials/agent47_jacket_02.mi].pc_entityblueprint","properties":{"1787395739":{"type":"IRenderMaterialEntity.EModifierOperation","value":"eReplace"},"m_mTransform":{"type":"SMatrix43","value":{"rotation":{"x":0,"y":0,"z":0},"position":{"x":0,"y":0,"z":0}}},"ConstantVector1D_03_Value":{"type":"float32","value":0.75},"Clients":{"type":"TArray<SEntityTemplateReference>","value":["bba1a71322bad472"],"postInit":true},"m_eidParent":{"type":"SEntityTemplateReference","value":"bba1a71322bad472","postInit":true}}},"bba1a71322bad472":{"parent":null,"name":"OUTFIT_Agent47_WinterSuit_HeroA_V0","factory":"[assembly:/templates/aspectdummy.aspect]([modules:/zlinkedproxyentity.class].entitytype,[modules:/zclothcharacterentity.class].entitytype,[modules:/zheroidlenetworkaspect.class].entitytype).pc_entitytype","blueprint":"[assembly:/templates/aspectdummy.aspect]([modules:/zlinkedproxyentity.class].entitytype,[modules:/zclothcharacterentity.class].entitytype,[modules:/zheroidlenetworkaspect.class].entitytype).pc_entityblueprint","properties":{"m_ResourceID":{"type":"ZRuntimeResourceID","value":null},"m_fLODScale":{"type":"float32","value":1},"m_mTransform":{"type":"SMatrix43","value":{"rotation":{"x":0,"y":0,"z":-1.7170102596282961},"position":{"x":20.17310905456543,"y":4.930874824523926,"z":0}}},"m_pBonesAndCollisionResource":{"type":"ZRuntimeResourceID","value":{"resource":"004E2C4FC114F487","flag":"5F"}},"m_aBodyParts":{"type":"TArray<SEntityTemplateReference>","value":["639eef3861da0a17","94106559245f377f","f1746a8964246d4","f12c074a12da3fc9","6b809bd07305d778","6e8fd3962703221b","e9bb5532238c7224","5ca22d238412f3b8","46cdb7fbc426a0da"]},"m_bUsePerVertexStiffness":{"type":"bool","value":false},"m_LocalColliders":{"type":"TArray<SEntityTemplateReference>","value":["144baae37398eeb4"]},"m_bGlobalCollidersEnabled":{"type":"bool","value":false},"m_fDamping":{"type":"float32","value":0.05000000074505806},"m_fBendStiffness":{"type":"float32","value":0.699999988079071},"m_bUsePerVertexDamping":{"type":"bool","value":false},"m_fShearStiffness":{"type":"float32","value":0.8999999761581421},"m_bUseSkinningPosNormalConstrains":{"type":"bool","value":true},"m_bUseSkinningNegNormalConstrains":{"type":"bool","value":true},"m_nIterations":{"type":"uint32","value":2},"m_fFrequency":{"type":"float32","value":90},"m_vTranslationScale":{"type":"SVector3","value":{"x":0.10000000149011612,"y":0.10000000149011612,"z":0.10000000149011612}},"m_vGravity":{"type":"SVector3","value":{"x":0,"y":0,"z":-13}},"m_fLODOffset":{"type":"float32","value":100},"m_fDragConstant":{"type":"float32","value":1},"m_eStretchConstrainType":{"type":"EClothStretchConstrainType","value":"eClothBendConstrainType_None"},"m_fAngularVelocityThreshold":{"type":"float32","value":60},"m_eRootBone":{"type":"BoneId.Enum","value":"PELVIS"},"m_bEnableAngularVelocityScale":{"type":"bool","value":true},"m_eBendConstrainType":{"type":"EClothBendConstrainType","value":"eClothBendConstrainType_Stick"},"m_pIdleAnimNetworkEntity":{"type":"SEntityTemplateReference","value":"c6a39beb90038beb"},"m_bRandomStartState":{"type":"bool","value":true},"m_fWindConstant":{"type":"float32","value":0.10000000149011612}}}},"propertyOverrides":[],"overrideDeletes":[],"pinConnectionOverrides":[],"pinConnectionOverrideDeletes":[],"externalScenes":[],"subType":"template","quickEntityVersion":3.1,"extraFactoryDependencies":[],"extraBlueprintDependencies":[],"comments":[]}