{"tempHash":"0012D81411E67771","tbluHash":"0096DD5D4CF71701","rootEntity":"1eb373e0d8142ba0","entities":{"7d9be16a63040a9c":{"parent":"1eb373e0d8142ba0","name":"Lerp 1","factory":"[modules:/zmathlerp.class].pc_entitytype","blueprint":"[modules:/zmathlerp.class].pc_entityblueprint","properties":{"m_fT":{"type":"float32","value":0},"m_A":{"type":"float32","value":1},"m_B":{"type":"float32","value":2}},"events":{"Lerp":{"ConstantVector1D_06_Value":["8ea33c71145cb2ac"]}}},"76028c1be455032b":{"parent":"1eb373e0d8142ba0","name":"Arms_Elbow_Wrist","factory":"00FCC39B2F164A8C","blueprint":"0011153A1CE6AF9C"},"611169544babef6d":{"parent":"1eb373e0d8142ba0","name":"Head_47","factory":"00537D16B5CE7286","blueprint":"00F2E4A932ECAA63"},"9c7082cd957e6cb0":{"parent":"1f3dcd4ec7a1c24f","name":"stone_watch","factory":"00F8A1276963070B","blueprint":"008BBD18F8AA33A0","properties":{"m_mTransform":{"type":"SMatrix43","value":{"rotation":{"x":0,"y":0,"z":0},"position":{"x":0,"y":0,"z":0}}},"Texture2D_01_enab":{"type":"bool","value":true},"Texture2D_01":{"type":"ZRuntimeResourceID","value":{"resource":"[assembly:/_pro/characters/assets/_apparel/accessories/watches/textures/male_reg_watch_a.texture?/diffuse_c.tex](ascolormap).pc_tex","flag":"5F"}},"Clients":{"type":"TArray<SEntityTemplateReference>","value":["1f3dcd4ec7a1c24f"],"postInit":true},"m_eidParent":{"type":"SEntityTemplateReference","value":"1f3dcd4ec7a1c24f","postInit":true}}},"8ea33c71145cb2ac":{"parent":"1eb373e0d8142ba0","name":"agent47_hippo_shirt","factory":"00BE998F5536A159","blueprint":"004A330226BE8EA8","properties":{"m_mTransform":{"type":"SMatrix43","value":{"rotation":{"x":0,"y":0,"z":0},"position":{"x":-5.153968811035156,"y":7.4493408203125,"z":1.3309359550476074}}},"ConstantVector1D_14_Value_op":{"type":"IRenderMaterialEntity.EModifierOperation","value":"eReplace"},"Active":{"type":"bool","value":false},"ConstantVector1D_06_Value_op":{"type":"IRenderMaterialEntity.EModifierOperation","value":"eReplace"},"ConstantVector1D_01_Value_op":{"type":"IRenderMaterialEntity.EModifierOperation","value":"eReplace"},"Clients":{"type":"TArray<SEntityTemplateReference>","value":["1eb373e0d8142ba0"],"postInit":true},"m_eidParent":{"type":"SEntityTemplateReference","value":"1eb373e0d8142ba0","postInit":true}}},"5cc91148c90dbafe":{"parent":"1eb373e0d8142ba0","name":"Attacher_L_ForeTwist2","factory":"[assembly:/templates/aspectdummy.aspect]([modules:/zcompositeentity.class].entitytype,[modules:/zboneattachaspect.class].entitytype).pc_entitytype","blueprint":"[assembly:/templates/aspectdummy.aspect]([modules:/zcompositeentity.class].entitytype,[modules:/zboneattachaspect.class].entitytype).pc_entityblueprint","properties":{"m_BoneName":{"type":"ZString","value":"L_ForeTwist2"},"m_linkedEntity":{"type":"SEntityTemplateReference","value":"1eb373e0d8142ba0","postInit":true},"m_eidParent":{"type":"SEntityTemplateReference","value":"1eb373e0d8142ba0","postInit":true}}},"37056f69960af18c":{"parent":"1eb373e0d8142ba0","name":"Torso_Neck_LowCut","factory":"00AC8D5EB0F5A755","blueprint":"00CC398F7A37A27F"},"1eb373e0d8142ba0":{"parent":null,"name":"OUTFIT_Agent47_Reward_ElusiveHippo_HeroA_v0","factory":"00C0753FBF784C66","blueprint":"007294473357329E","properties":{"m_LocalColliders":{"type":"TArray<SEntityTemplateReference>","value":[]},"m_mTransform":{"type":"SMatrix43","value":{"rotation":{"x":0,"y":0,"z":0},"position":{"x":51.43865966796875,"y":7.11390495300293,"z":0}}},"m_vBodypartBoundingMarginMax":{"type":"SVector3","value":{"x":0,"y":0,"z":0.009999999776482582}},"m_pBonesAndCollisionResource":{"type":"ZRuntimeResourceID","value":{"resource":"0017416135CF879C","flag":"5F"}},"m_aBodyParts":{"type":"TArray<SEntityTemplateReference>","value":["611169544babef6d","f63f7a7d5b427607","37056f69960af18c","4ba6c393ea25c66f","5fc7f9d734e2fdc5","ad87b4b0a3af29ee","83c1cefbe79fd677","991550eda44a8f33","76028c1be455032b"],"postInit":true}}},"6e9024a6362b24b4":{"parent":"1eb373e0d8142ba0","name":"Lerp 2","factory":"[modules:/zmathlerp.class].pc_entitytype","blueprint":"[modules:/zmathlerp.class].pc_entityblueprint","properties":{"m_fT":{"type":"float32","value":0},"m_A":{"type":"float32","value":0.5},"m_B":{"type":"float32","value":0.20000000298023224}},"events":{"Lerp":{"ConstantVector1D_01_Value":["8ea33c71145cb2ac","5fc7f9d734e2fdc5"]}}},"4ba6c393ea25c66f":{"parent":"1eb373e0d8142ba0","name":"Shirt_Linen_RldSlv","factory":"00BC1AFE5A514CD8","blueprint":"00D8D733DDCD5F3C"},"5fc7f9d734e2fdc5":{"parent":"1eb373e0d8142ba0","name":"Pants_Dress_Linen","factory":"00AD890A49F66D83","blueprint":"00BDFD2CD3A863A4"},"c9068fe82702114e":{"parent":"1eb373e0d8142ba0","name":"Lerp","factory":"[modules:/zmathlerp.class].pc_entitytype","blueprint":"[modules:/zmathlerp.class].pc_entityblueprint","properties":{"m_B":{"type":"float32","value":0.30000001192092896},"m_fT":{"type":"float32","value":0}},"events":{"Lerp":{"ConstantVector1D_04_Value":["611169544babef6d"],"ConstantVector1D_14_Value":["8ea33c71145cb2ac","5fc7f9d734e2fdc5"],"SpecularRoughnessMin":["991550eda44a8f33"]}}},"83c1cefbe79fd677":{"parent":"1eb373e0d8142ba0","name":"Pants_Dress_Linen_01","factory":"009C840A3DDC3D56","blueprint":"00E9BB5271049884","properties":{"Diffuse_Color_01_Value":{"type":"SColorRGB","value":"#3b3939"},"m_pMeshResource":{"type":"ZRuntimeResourceID","value":{"resource":"000C82085ABC2B4E","flag":"5F"}},"Texture2D_01":{"type":"ZRuntimeResourceID","value":{"resource":"00F3584C6D74EF46","flag":"5F"}}}},"991550eda44a8f33":{"parent":"1eb373e0d8142ba0","name":"Hands","factory":"009A6D9F7927FB89","blueprint":"00F49463DEA8D412"},"f63f7a7d5b427607":{"parent":"1eb373e0d8142ba0","name":"Shoes_Derby_PlainToe_PointTip","factory":"00B1BAF877E8C318","blueprint":"008E56C0A0A10813","properties":{"ConstantVector1D_05_Value":{"type":"float32","value":1},"Diffuse_Color_01_Value":{"type":"SColorRGB","value":"#3d3d3d"},"m_pMeshResource":{"type":"ZRuntimeResourceID","value":{"resource":"000CA6E3AB7595CF","flag":"5F"}}}},"8a2ce80912a4cd91":{"parent":"1eb373e0d8142ba0","name":"Lerp 3","factory":"[modules:/zmathlerp.class].pc_entitytype","blueprint":"[modules:/zmathlerp.class].pc_entityblueprint","properties":{"m_A":{"type":"float32","value":1.100000023841858},"m_B":{"type":"float32","value":2},"m_fT":{"type":"float32","value":0}},"events":{"Lerp":{"ConstantVector1D_06_Value":["5fc7f9d734e2fdc5"]}}},"9aa0e0120370e6bc":{"parent":"1eb373e0d8142ba0","name":"FX_Hitman_Wet_Logic_Character","factory":"0067CFB703A80787","blueprint":"00AA88C960CD2080","properties":{"HeadMaterialOverride":{"type":"TArray<SEntityTemplateReference>","value":["1eb373e0d8142ba0"]},"HeadMaterialToOverride":{"type":"ZRuntimeResourceID","value":{"resource":"009F7978C601815A","flag":"5F"}}},"events":{"HitmanWetness":{"T":["c9068fe82702114e","7d9be16a63040a9c","6e9024a6362b24b4","8a2ce80912a4cd91"]},"ChangedDisguiseTrigger":{"Activate":["8ea33c71145cb2ac"]}}},"ad87b4b0a3af29ee":{"parent":"1eb373e0d8142ba0","name":"Shirt_Linen_Base","factory":"006D16B07B35370B","blueprint":"0033DCF5395282B4"},"1f3dcd4ec7a1c24f":{"parent":"5cc91148c90dbafe","name":"Watch_Stone","factory":"00223BFE91C07EAF","blueprint":"007DD70C233C978B","properties":{"m_mTransform":{"type":"SMatrix43","value":{"rotation":{"x":-5.272719181921954,"y":7.189245354793493,"z":-89.26667276359431},"position":{"x":0.06882999837398529,"y":-0.00008600000001024455,"z":0.001357999979518354}}},"m_eidParent":{"type":"SEntityTemplateReference","value":"5cc91148c90dbafe"}}}},"propertyOverrides":[],"overrideDeletes":[],"pinConnectionOverrides":[],"pinConnectionOverrideDeletes":[],"externalScenes":[],"subType":"template","quickEntityVersion":3.1,"extraFactoryDependencies":[{"resource":"00B1180B1BBD5BC7","flag":"5F"},{"resource":"00065213591D5B4D","flag":"5F"},{"resource":"00D384F8D52922F0","flag":"5F"},{"resource":"00331970E81880B1","flag":"5F"},{"resource":"007F295DFCE810AF","flag":"5F"},{"resource":"00CB042AD4FAC377","flag":"5F"},{"resource":"0052ADCBF9BC1398","flag":"5F"},{"resource":"006F77B2B1322E4C","flag":"5F"},{"resource":"[assembly:/_pro/characters/assets/guards/bangkok/hotel_security/textures/male_reg_bangkok_hotelsecurity_shoes.texture?/diffuse_a.tex](ascolormap).pc_tex","flag":"5F"},{"resource":"[assembly:/_pro/characters/assets/guards/bangkok/hotel_security/textures/male_reg_bangkok_hotelsecurity_shoes.texture?/specular_a.tex](ascolormap).pc_tex","flag":"5F"},{"resource":"[assembly:/_pro/characters/assets/guards/bangkok/hotel_security/textures/male_reg_bangkok_hotelsecurity_shoes.texture?/normal_a.tex](asnormalmap).pc_tex","flag":"5F"},{"resource":"[assembly:/_pro/characters/assets/hero/agent47/textures/agent47_gloves.texture?/normal_a.tex](asnormalmap).pc_tex","flag":"5F"},{"resource":"[assembly:/_pro/characters/assets/hero/agent47/textures/agent47_gloves.texture?/specular_a.tex](ascolormap).pc_tex","flag":"5F"},{"resource":"0013D906A6D97944","flag":"5F"},{"resource":"[assembly:/_pro/characters/assets/hero/agent47/textures/agent47_gloves.texture?/diffuse_a.tex](ascolormap).pc_tex","flag":"5F"},{"resource":"001C437FF0448691","flag":"5F"},{"resource":"007D850436B0A092","flag":"5F"},{"resource":"00D247582859CA87","flag":"5F"},{"resource":"00D20CA72E352D16","flag":"5F"},{"resource":"00F9A534587C337A","flag":"5F"},{"resource":"002859D3EA0684AE","flag":"5F"},{"resource":"00FEB52D0329586B","flag":"5F"}],"extraBlueprintDependencies":[],"comments":[]}