{"tempHash":"0019655201702D03","tbluHash":"006B26A20A08BF05","rootEntity":"3e506ec60ef89a12","entities":{"15e924c32f3fedd":{"parent":"3e506ec60ef89a12","name":"agent47_skunk_tie","factory":"00E1C4A9C7CFF9B2","blueprint":"0006457096DE6092","properties":{"2287298018":{"type":"IRenderMaterialEntity.EModifierOperation","value":"eReplace"},"m_mTransform":{"type":"SMatrix43","value":{"rotation":{"x":0,"y":0,"z":0},"position":{"x":-2.4510459899902344,"y":9.097064971923828,"z":0.44547799229621887}}},"Active":{"type":"bool","value":false},"ConstantVector1D_01_Value_op":{"type":"IRenderMaterialEntity.EModifierOperation","value":"eReplace"},"Clients":{"type":"TArray<SEntityTemplateReference>","value":["3e506ec60ef89a12"],"postInit":true},"m_eidParent":{"type":"SEntityTemplateReference","value":"3e506ec60ef89a12","postInit":true}}},"1b0b5051384113f8":{"parent":"3e506ec60ef89a12","name":"Shoes_Derby_CapToe_SquareTip","factory":"0033E9BBFCA7B067","blueprint":"0002D822B863CAA8","properties":{"Diffuse_Color_01_Value":{"type":"SColorRGB","value":"#2e2e2e"},"ConstantVector1D_04_Value":{"type":"float32","value":0.14000000059604645},"m_pMeshResource":{"type":"ZRuntimeResourceID","value":{"resource":"0015789424CAA4F7","flag":"5F"}}}},"5aa9a7328c6bbcaf":{"parent":"3257d026504e2f65","name":"C_Spine1_L","factory":"[assembly:/templates/aspectdummy.aspect]([modules:/zclothsphere.class].entitytype,[modules:/zboneattachaspect.class].entitytype).pc_entitytype","blueprint":"[assembly:/templates/aspectdummy.aspect]([modules:/zclothsphere.class].entitytype,[modules:/zboneattachaspect.class].entitytype).pc_entityblueprint","properties":{"m_BoneName":{"type":"ZString","value":"Spine1"},"m_fRadius":{"type":"float32","value":0.125},"m_mTransform":{"type":"SMatrix43","value":{"rotation":{"x":0,"y":0,"z":0},"position":{"x":-0.03164999932050705,"y":0.032572001218795776,"z":0.03817800059914589}}},"m_bEnabled":{"type":"bool","value":true},"m_linkedEntity":{"type":"SEntityTemplateReference","value":"3e506ec60ef89a12","postInit":true},"m_eidParent":{"type":"SEntityTemplateReference","value":"3257d026504e2f65","postInit":true}}},"d6a681181f563dcf":{"parent":"3257d026504e2f65","name":"C_TighTop_L","factory":"[assembly:/templates/aspectdummy.aspect]([modules:/zclothsphere.class].entitytype,[modules:/zboneattachaspect.class].entitytype).pc_entitytype","blueprint":"[assembly:/templates/aspectdummy.aspect]([modules:/zclothsphere.class].entitytype,[modules:/zboneattachaspect.class].entitytype).pc_entityblueprint","properties":{"m_fRadius":{"type":"float32","value":0.13199999928474426},"m_BoneName":{"type":"ZString","value":"LThighTwist"},"m_mTransform":{"type":"SMatrix43","value":{"rotation":{"x":0,"y":0.019767044762768395,"z":0},"position":{"x":0.001016999944113195,"y":0.013093000277876854,"z":0.035888999700546265}}},"m_linkedEntity":{"type":"SEntityTemplateReference","value":"3e506ec60ef89a12","postInit":true},"m_eidParent":{"type":"SEntityTemplateReference","value":"3257d026504e2f65","postInit":true}}},"c1ea7c6be54a9cfc":{"parent":"3257d026504e2f65","name":"C_Elbow_R","factory":"[assembly:/templates/aspectdummy.aspect]([modules:/zclothsphere.class].entitytype,[modules:/zboneattachaspect.class].entitytype).pc_entitytype","blueprint":"[assembly:/templates/aspectdummy.aspect]([modules:/zclothsphere.class].entitytype,[modules:/zboneattachaspect.class].entitytype).pc_entityblueprint","properties":{"m_fRadius":{"type":"float32","value":0.05999999865889549},"m_BoneName":{"type":"ZString","value":"R_Forearm"},"m_linkedEntity":{"type":"SEntityTemplateReference","value":"3e506ec60ef89a12","postInit":true},"m_eidParent":{"type":"SEntityTemplateReference","value":"3257d026504e2f65","postInit":true}}},"e2a1b7d3ce4022fb":{"parent":"3e506ec60ef89a12","name":"Lerp","factory":"[modules:/zmathlerp.class].pc_entitytype","blueprint":"[modules:/zmathlerp.class].pc_entityblueprint","properties":{"m_B":{"type":"float32","value":0.4000000059604645},"m_fT":{"type":"float32","value":0}},"events":{"Lerp":{"SpecularRoughnessMin":["aeb93fce5252ad7b"],"ConstantVector1D_14_Value":["fd36de346f8d730a"],"ConstantVector1D_04_Value":["330c9c478838c44f","15e924c32f3fedd"]}}},"b03df2106f32c7da":{"parent":"3e506ec60ef89a12","name":"male_reg_suit_jacket_01_closed_anisotropic","factory":"006B1597F1644AD3","blueprint":"0031DDC42BCE981A","properties":{"2287298018":{"type":"IRenderMaterialEntity.EModifierOperation","value":"eReplace"},"2359342559":{"type":"IRenderMaterialEntity.EModifierOperation","value":"eReplace"},"m_mTransform":{"type":"SMatrix43","value":{"rotation":{"x":0,"y":0,"z":0},"position":{"x":-4.220692157745361,"y":7.759294033050537,"z":0.4939359128475189}}},"Active":{"type":"bool","value":false},"ConstantVector1D_01_Value_op":{"type":"IRenderMaterialEntity.EModifierOperation","value":"eReplace"},"Clients":{"type":"TArray<SEntityTemplateReference>","value":["3e506ec60ef89a12"],"postInit":true},"m_eidParent":{"type":"SEntityTemplateReference","value":"3e506ec60ef89a12","postInit":true}}},"3b233f2ea49aaaa9":{"parent":"3257d026504e2f65","name":"C_Spine1_R","factory":"[assembly:/templates/aspectdummy.aspect]([modules:/zclothsphere.class].entitytype,[modules:/zboneattachaspect.class].entitytype).pc_entitytype","blueprint":"[assembly:/templates/aspectdummy.aspect]([modules:/zclothsphere.class].entitytype,[modules:/zboneattachaspect.class].entitytype).pc_entityblueprint","properties":{"m_BoneName":{"type":"ZString","value":"Spine1"},"m_fRadius":{"type":"float32","value":0.125},"m_mTransform":{"type":"SMatrix43","value":{"rotation":{"x":0,"y":0,"z":0},"position":{"x":-0.030835000798106194,"y":0.03204600140452385,"z":-0.04226600006222725}}},"m_bEnabled":{"type":"bool","value":true},"m_linkedEntity":{"type":"SEntityTemplateReference","value":"3e506ec60ef89a12","postInit":true},"m_eidParent":{"type":"SEntityTemplateReference","value":"3257d026504e2f65","postInit":true}}},"aeb93fce5252ad7b":{"parent":"3e506ec60ef89a12","name":"Hands","factory":"009A6D9F7927FB89","blueprint":"00F49463DEA8D412"},"2aeed0bc57b76083":{"parent":"3257d026504e2f65","name":"C_Shoulder_R","factory":"[assembly:/templates/aspectdummy.aspect]([modules:/zclothsphere.class].entitytype,[modules:/zboneattachaspect.class].entitytype).pc_entitytype","blueprint":"[assembly:/templates/aspectdummy.aspect]([modules:/zclothsphere.class].entitytype,[modules:/zboneattachaspect.class].entitytype).pc_entityblueprint","properties":{"m_fRadius":{"type":"float32","value":0.07000000029802322},"m_BoneName":{"type":"ZString","value":"R_UpperArm"},"m_linkedEntity":{"type":"SEntityTemplateReference","value":"3e506ec60ef89a12","postInit":true},"m_eidParent":{"type":"SEntityTemplateReference","value":"3257d026504e2f65","postInit":true}}},"ecbb245bf5faecd6":{"parent":"3e506ec60ef89a12","name":"Lerp 5","factory":"[modules:/zmathlerp.class].pc_entitytype","blueprint":"[modules:/zmathlerp.class].pc_entityblueprint","properties":{"m_B":{"type":"float32","value":0.4000000059604645},"m_fT":{"type":"float32","value":0}},"events":{"Lerp":{"ConstantVector1D_04_Value":["b03df2106f32c7da","a07ff01476be02f3"]}}},"716ba1ed766870c":{"parent":"3257d026504e2f65","name":"C_Knee_R","factory":"[assembly:/templates/aspectdummy.aspect]([modules:/zclothsphere.class].entitytype,[modules:/zboneattachaspect.class].entitytype).pc_entitytype","blueprint":"[assembly:/templates/aspectdummy.aspect]([modules:/zclothsphere.class].entitytype,[modules:/zboneattachaspect.class].entitytype).pc_entityblueprint","properties":{"m_fRadius":{"type":"float32","value":0.10000000149011612},"m_BoneName":{"type":"ZString","value":"RThighTwist2"},"m_mTransform":{"type":"SMatrix43","value":{"rotation":{"x":0.019767043586382146,"y":0,"z":0},"position":{"x":0.12606200575828552,"y":-0.011234999634325504,"z":-0.0020119999535381794}}},"m_linkedEntity":{"type":"SEntityTemplateReference","value":"3e506ec60ef89a12","postInit":true},"m_eidParent":{"type":"SEntityTemplateReference","value":"3257d026504e2f65","postInit":true}}},"7e4f5739635c4ba0":{"parent":"3e506ec60ef89a12","name":"Tie_Kelvin_Jacket_Fit","factory":"0017527791AB5E5C","blueprint":"0002AAB0DAC51755","properties":{"ConstantColorRGB_02_Value":{"type":"SColorRGB","value":"#ffffff"},"ConstantColorRGB_05_Value":{"type":"SColorRGB","value":"#942e2e"},"Texture2D_01":{"type":"ZRuntimeResourceID","value":{"resource":"00B0DFCC2F35B7C0","flag":"5F"}},"Texture2D_03":{"type":"ZRuntimeResourceID","value":{"resource":"002D277A80921776","flag":"5F"}},"m_pMeshResource":{"type":"ZRuntimeResourceID","value":{"resource":"0019A8798AEC224F","flag":"5F"}},"Texture2DNormal_01":{"type":"ZRuntimeResourceID","value":{"resource":"0091E793D3996E1B","flag":"5F"}}}},"55c1ce282afe3eba":{"parent":"3257d026504e2f65","name":"C_Spine2_L","factory":"[assembly:/templates/aspectdummy.aspect]([modules:/zclothsphere.class].entitytype,[modules:/zboneattachaspect.class].entitytype).pc_entitytype","blueprint":"[assembly:/templates/aspectdummy.aspect]([modules:/zclothsphere.class].entitytype,[modules:/zboneattachaspect.class].entitytype).pc_entityblueprint","properties":{"m_BoneName":{"type":"ZString","value":"Spine2"},"m_fRadius":{"type":"float32","value":0.15000000596046448},"m_mTransform":{"type":"SMatrix43","value":{"rotation":{"x":0.7218317539587317,"y":0.04915978565467649,"z":7.7893839530248785},"position":{"x":-0.0348690003156662,"y":0.02468400076031685,"z":0.040442001074552536}}},"m_bEnabled":{"type":"bool","value":true},"m_linkedEntity":{"type":"SEntityTemplateReference","value":"3e506ec60ef89a12","postInit":true},"m_eidParent":{"type":"SEntityTemplateReference","value":"3257d026504e2f65","postInit":true}}},"7d08da883c920378":{"parent":"3e506ec60ef89a12","name":"Lerp 4","factory":"[modules:/zmathlerp.class].pc_entitytype","blueprint":"[modules:/zmathlerp.class].pc_entityblueprint","properties":{"m_fT":{"type":"float32","value":0},"m_A":{"type":"float32","value":1},"m_B":{"type":"float32","value":2}},"events":{"Lerp":{"ConstantVector1D_06_Value":["fd36de346f8d730a","b03df2106f32c7da","a07ff01476be02f3"]}}},"bd866885ffa0d76d":{"parent":"d31475474bc4bdf9","name":"buttons_01","factory":"009DD47904081802","blueprint":"00BD68A17772D199","properties":{"3516673141":{"type":"IRenderMaterialEntity.EModifierOperation","value":"eReplace"},"m_mTransform":{"type":"SMatrix43","value":{"rotation":{"x":0,"y":0,"z":0.8963714613605972},"position":{"x":1.4024629592895508,"y":0.15234500169754028,"z":0}}},"Texture2D_01_enab":{"type":"bool","value":false},"Diffuse_Color_01_Value":{"type":"SColorRGB","value":"#3b3b3b"},"Clients":{"type":"TArray<SEntityTemplateReference>","value":["1078c9dc1f6b18ad","d31475474bc4bdf9"],"postInit":true},"m_eidParent":{"type":"SEntityTemplateReference","value":"d31475474bc4bdf9","postInit":true}}},"d9601c2e14e2e041":{"parent":"3257d026504e2f65","name":"CChain_Spine_L","factory":"[modules:/zclothspherechain.class].pc_entitytype","blueprint":"[modules:/zclothspherechain.class].pc_entityblueprint","properties":{"m_mTransform":{"type":"SMatrix43","value":{"rotation":{"x":0,"y":0,"z":0},"position":{"x":-0.0000001290655973207322,"y":0.000000002171457902377938,"z":0}}},"m_Spheres":{"type":"TArray<SEntityTemplateReference>","value":["389791e61a238b72","5aa9a7328c6bbcaf","55c1ce282afe3eba"],"postInit":true},"m_eidParent":{"type":"SEntityTemplateReference","value":"3257d026504e2f65","postInit":true}}},"bd7155fd95e831fa":{"parent":"3e506ec60ef89a12","name":"FX_Hitman_Wet_Logic_Character","factory":"0067CFB703A80787","blueprint":"00AA88C960CD2080","properties":{"HeadMaterialToOverride":{"type":"ZRuntimeResourceID","value":{"resource":"009F7978C601815A","flag":"5F"}},"HeadMaterialOverride":{"type":"TArray<SEntityTemplateReference>","value":["3e506ec60ef89a12"],"postInit":true}},"events":{"HitmanWetness":{"T":["48aa97143a8beeb3","e2a1b7d3ce4022fb","ccb43f612e297976","7d08da883c920378","ecbb245bf5faecd6"]},"ChangedDisguiseTrigger":{"Activate":["b03df2106f32c7da","a07ff01476be02f3","15e924c32f3fedd"]}}},"389791e61a238b72":{"parent":"3257d026504e2f65","name":"C_Spine_L","factory":"[assembly:/templates/aspectdummy.aspect]([modules:/zclothsphere.class].entitytype,[modules:/zboneattachaspect.class].entitytype).pc_entitytype","blueprint":"[assembly:/templates/aspectdummy.aspect]([modules:/zclothsphere.class].entitytype,[modules:/zboneattachaspect.class].entitytype).pc_entityblueprint","properties":{"m_BoneName":{"type":"ZString","value":"Spine"},"m_fRadius":{"type":"float32","value":0.12999999523162842},"m_mTransform":{"type":"SMatrix43","value":{"rotation":{"x":0,"y":0,"z":0},"position":{"x":-0.000007999999979801942,"y":0.03147900104522705,"z":0.04797400161623955}}},"m_bEnabled":{"type":"bool","value":true},"m_bCollisionGroup0":{"type":"bool","value":true},"m_linkedEntity":{"type":"SEntityTemplateReference","value":"3e506ec60ef89a12","postInit":true},"m_eidParent":{"type":"SEntityTemplateReference","value":"3257d026504e2f65","postInit":true}}},"48aa97143a8beeb3":{"parent":"3e506ec60ef89a12","name":"Lerp 2","factory":"[modules:/zmathlerp.class].pc_entitytype","blueprint":"[modules:/zmathlerp.class].pc_entityblueprint","properties":{"m_A":{"type":"float32","value":0.14000000059604645},"m_B":{"type":"float32","value":0.6000000238418579},"m_fT":{"type":"float32","value":0}},"events":{"Lerp":{"ConstantVector1D_04_Value":["1b0b5051384113f8"]}}},"befd09a09f3dfb4c":{"parent":"3e506ec60ef89a12","name":"Mesh_Pants","factory":"[modules:/zbodypartentity.class].pc_entitytype","blueprint":"[modules:/zbodypartentity.class].pc_entityblueprint","properties":{"m_pMeshResource":{"type":"ZRuntimeResourceID","value":{"resource":"00E2D159F9700B40","flag":"5F"}}}},"8ef6e6fdda7c3569":{"parent":"d31475474bc4bdf9","name":"Agent47_S2_Suit_Mesh","factory":"[assembly:/templates/aspectdummy.aspect]([modules:/zbodypartentity.class].entitytype,[modules:/zclothcollidergroupaspect.class].entitytype).pc_entitytype","blueprint":"[assembly:/templates/aspectdummy.aspect]([modules:/zbodypartentity.class].entitytype,[modules:/zclothcollidergroupaspect.class].entitytype).pc_entityblueprint","properties":{"m_pMeshResource":{"type":"ZRuntimeResourceID","value":{"resource":"007B2CD81BF68C03","flag":"5F"}},"m_ClothColliders":{"type":"TArray<SEntityTemplateReference>","value":["3257d026504e2f65"],"postInit":true}}},"fd36de346f8d730a":{"parent":"3e506ec60ef89a12","name":"Shirt_Dress_BtnUp_Tkd_Cut_Jacket","factory":"0011644483049F85","blueprint":"000083C995DF8DF6","properties":{"Diffuse_Color_01_Value":{"type":"SColorRGB","value":"#ffffff"},"Diffuse_Color_02_Value":{"type":"SColorRGB","value":"#ffffff"},"m_pMeshResource":{"type":"ZRuntimeResourceID","value":{"resource":"00B01768DC4A1EB4","flag":"5F"}}}},"d31475474bc4bdf9":{"parent":"3e506ec60ef89a12","name":"Agent47_Skunk_Jacket","factory":"[modules:/zcompositeentity.class].pc_entitytype","blueprint":"[modules:/zcompositeentity.class].pc_entityblueprint","properties":{"m_mTransform":{"type":"SMatrix43","value":{"rotation":{"x":0,"y":0,"z":0},"position":{"x":0,"y":0,"z":0}}},"m_eidParent":{"type":"SEntityTemplateReference","value":"3e506ec60ef89a12","postInit":true}},"exposedInterfaces":{"ZClothColliderGroupAspect":"8ef6e6fdda7c3569","ZBodyPartEntity":"8ef6e6fdda7c3569"}},"d7baf39c6768b5a0":{"parent":"3257d026504e2f65","name":"C_Knee_L","factory":"[assembly:/templates/aspectdummy.aspect]([modules:/zclothsphere.class].entitytype,[modules:/zboneattachaspect.class].entitytype).pc_entitytype","blueprint":"[assembly:/templates/aspectdummy.aspect]([modules:/zclothsphere.class].entitytype,[modules:/zboneattachaspect.class].entitytype).pc_entityblueprint","properties":{"m_fRadius":{"type":"float32","value":0.10000000149011612},"m_BoneName":{"type":"ZString","value":"LThighTwist2"},"m_mTransform":{"type":"SMatrix43","value":{"rotation":{"x":0,"y":0.019767044762768395,"z":0},"position":{"x":0.12600800395011902,"y":-0.011082000099122524,"z":-0.008000999689102173}}},"m_linkedEntity":{"type":"SEntityTemplateReference","value":"3e506ec60ef89a12","postInit":true},"m_eidParent":{"type":"SEntityTemplateReference","value":"3257d026504e2f65","postInit":true}}},"910906202a7e0ea":{"parent":"3257d026504e2f65","name":"C_Pelvis_L","factory":"[assembly:/templates/aspectdummy.aspect]([modules:/zclothsphere.class].entitytype,[modules:/zboneattachaspect.class].entitytype).pc_entitytype","blueprint":"[assembly:/templates/aspectdummy.aspect]([modules:/zclothsphere.class].entitytype,[modules:/zboneattachaspect.class].entitytype).pc_entityblueprint","properties":{"m_fRadius":{"type":"float32","value":0.13199999928474426},"m_BoneName":{"type":"ZString","value":"Pelvis"},"m_mTransform":{"type":"SMatrix43","value":{"rotation":{"x":-0.055977958130533356,"y":0,"z":-0.05597795813053337},"position":{"x":0.03649799898266792,"y":0.013976000249385834,"z":0.05415799841284752}}},"m_bEnabled":{"type":"bool","value":true},"m_linkedEntity":{"type":"SEntityTemplateReference","value":"3e506ec60ef89a12","postInit":true},"m_eidParent":{"type":"SEntityTemplateReference","value":"3257d026504e2f65","postInit":true}}},"27d9df6f211b9d2":{"parent":"3257d026504e2f65","name":"C_Neck","factory":"[assembly:/templates/aspectdummy.aspect]([modules:/zclothsphere.class].entitytype,[modules:/zboneattachaspect.class].entitytype).pc_entitytype","blueprint":"[assembly:/templates/aspectdummy.aspect]([modules:/zclothsphere.class].entitytype,[modules:/zboneattachaspect.class].entitytype).pc_entityblueprint","properties":{"m_fRadius":{"type":"float32","value":0.07999999821186066},"m_BoneName":{"type":"ZString","value":"Neck"},"m_linkedEntity":{"type":"SEntityTemplateReference","value":"3e506ec60ef89a12","postInit":true},"m_eidParent":{"type":"SEntityTemplateReference","value":"3257d026504e2f65","postInit":true}}},"330c9c478838c44f":{"parent":"3e506ec60ef89a12","name":"Head_47","factory":"00537D16B5CE7286","blueprint":"00F2E4A932ECAA63"},"c1bf385f6b07067f":{"parent":"3257d026504e2f65","name":"C_Shoulder_L","factory":"[assembly:/templates/aspectdummy.aspect]([modules:/zclothsphere.class].entitytype,[modules:/zboneattachaspect.class].entitytype).pc_entitytype","blueprint":"[assembly:/templates/aspectdummy.aspect]([modules:/zclothsphere.class].entitytype,[modules:/zboneattachaspect.class].entitytype).pc_entityblueprint","properties":{"m_fRadius":{"type":"float32","value":0.07000000029802322},"m_BoneName":{"type":"ZString","value":"L_UpperArm"},"m_linkedEntity":{"type":"SEntityTemplateReference","value":"3e506ec60ef89a12","postInit":true},"m_eidParent":{"type":"SEntityTemplateReference","value":"3257d026504e2f65","postInit":true}}},"a07ff01476be02f3":{"parent":"3e506ec60ef89a12","name":"male_reg_suit_pants_anisotropic","factory":"00475ECD0A7CE94A","blueprint":"00D34BFD3AA1A4D6","properties":{"2287298018":{"type":"IRenderMaterialEntity.EModifierOperation","value":"eReplace"},"2359342559":{"type":"IRenderMaterialEntity.EModifierOperation","value":"eReplace"},"m_mTransform":{"type":"SMatrix43","value":{"rotation":{"x":0,"y":0,"z":0},"position":{"x":-4.802986145019531,"y":7.744181156158447,"z":0.3697110116481781}}},"Active":{"type":"bool","value":false},"ConstantVector1D_01_Value_op":{"type":"IRenderMaterialEntity.EModifierOperation","value":"eReplace"},"Clients":{"type":"TArray<SEntityTemplateReference>","value":["3e506ec60ef89a12"],"postInit":true},"m_eidParent":{"type":"SEntityTemplateReference","value":"3e506ec60ef89a12","postInit":true}}},"524c9ba3645e94c9":{"parent":"3257d026504e2f65","name":"C_Elbow_L","factory":"[assembly:/templates/aspectdummy.aspect]([modules:/zclothsphere.class].entitytype,[modules:/zboneattachaspect.class].entitytype).pc_entitytype","blueprint":"[assembly:/templates/aspectdummy.aspect]([modules:/zclothsphere.class].entitytype,[modules:/zboneattachaspect.class].entitytype).pc_entityblueprint","properties":{"m_fRadius":{"type":"float32","value":0.05999999865889549},"m_BoneName":{"type":"ZString","value":"L_Forearm"},"m_linkedEntity":{"type":"SEntityTemplateReference","value":"3e506ec60ef89a12","postInit":true},"m_eidParent":{"type":"SEntityTemplateReference","value":"3257d026504e2f65","postInit":true}}},"ccb43f612e297976":{"parent":"3e506ec60ef89a12","name":"Lerp 3","factory":"[modules:/zmathlerp.class].pc_entitytype","blueprint":"[modules:/zmathlerp.class].pc_entityblueprint","properties":{"m_fT":{"type":"float32","value":0},"m_A":{"type":"float32","value":0.5},"m_B":{"type":"float32","value":0.20000000298023224}},"events":{"Lerp":{"ConstantVector1D_01_Value":["fd36de346f8d730a","b03df2106f32c7da","a07ff01476be02f3","15e924c32f3fedd"]}}},"4fb9dbd147ca9908":{"parent":"3257d026504e2f65","name":"C_TighMid_R","factory":"[assembly:/templates/aspectdummy.aspect]([modules:/zclothsphere.class].entitytype,[modules:/zboneattachaspect.class].entitytype).pc_entitytype","blueprint":"[assembly:/templates/aspectdummy.aspect]([modules:/zclothsphere.class].entitytype,[modules:/zboneattachaspect.class].entitytype).pc_entityblueprint","properties":{"m_fRadius":{"type":"float32","value":0.11500000208616257},"m_BoneName":{"type":"ZString","value":"RThighTwist1"},"m_mTransform":{"type":"SMatrix43","value":{"rotation":{"x":0.013980169653958504,"y":0,"z":0},"position":{"x":0.054016001522541046,"y":0.009703000076115131,"z":-0.01396500039845705}}},"m_linkedEntity":{"type":"SEntityTemplateReference","value":"3e506ec60ef89a12","postInit":true},"m_eidParent":{"type":"SEntityTemplateReference","value":"3257d026504e2f65","postInit":true}}},"1006aa74564be040":{"parent":"3257d026504e2f65","name":"C_Pelvis_R","factory":"[assembly:/templates/aspectdummy.aspect]([modules:/zclothsphere.class].entitytype,[modules:/zboneattachaspect.class].entitytype).pc_entitytype","blueprint":"[assembly:/templates/aspectdummy.aspect]([modules:/zclothsphere.class].entitytype,[modules:/zboneattachaspect.class].entitytype).pc_entityblueprint","properties":{"m_fRadius":{"type":"float32","value":0.13199999928474426},"m_BoneName":{"type":"ZString","value":"Pelvis"},"m_mTransform":{"type":"SMatrix43","value":{"rotation":{"x":-0.055977958130533356,"y":0,"z":-0.05597795813053337},"position":{"x":0.03649299964308739,"y":0.013976000249385834,"z":-0.05660500004887581}}},"m_bEnabled":{"type":"bool","value":true},"m_eidParent":{"type":"SEntityTemplateReference","value":"3257d026504e2f65","postInit":true}}},"1078c9dc1f6b18ad":{"parent":"3e506ec60ef89a12","name":"Mesh_Jacket","factory":"[modules:/zbodypartentity.class].pc_entitytype","blueprint":"[modules:/zbodypartentity.class].pc_entityblueprint","properties":{"m_pMeshResource":{"type":"ZRuntimeResourceID","value":{"resource":"007B2CD81BF68C03","flag":"5F"}}}},"63353de869603855":{"parent":"3257d026504e2f65","name":"C_Palm_L","factory":"[assembly:/templates/aspectdummy.aspect]([modules:/zclothsphere.class].entitytype,[modules:/zboneattachaspect.class].entitytype).pc_entitytype","blueprint":"[assembly:/templates/aspectdummy.aspect]([modules:/zclothsphere.class].entitytype,[modules:/zboneattachaspect.class].entitytype).pc_entityblueprint","properties":{"m_fRadius":{"type":"float32","value":0.07000000029802322},"m_BoneName":{"type":"ZString","value":"L_Hand"},"m_mTransform":{"type":"SMatrix43","value":{"rotation":{"x":0,"y":0,"z":0},"position":{"x":0.07999999821186066,"y":0,"z":0}}},"m_linkedEntity":{"type":"SEntityTemplateReference","value":"3e506ec60ef89a12","postInit":true},"m_eidParent":{"type":"SEntityTemplateReference","value":"3257d026504e2f65","postInit":true}}},"8fe3bd2566e2f3b9":{"parent":"3257d026504e2f65","name":"C_Palm_R","factory":"[assembly:/templates/aspectdummy.aspect]([modules:/zclothsphere.class].entitytype,[modules:/zboneattachaspect.class].entitytype).pc_entitytype","blueprint":"[assembly:/templates/aspectdummy.aspect]([modules:/zclothsphere.class].entitytype,[modules:/zboneattachaspect.class].entitytype).pc_entityblueprint","properties":{"m_fRadius":{"type":"float32","value":0.07000000029802322},"m_BoneName":{"type":"ZString","value":"R_Hand"},"m_mTransform":{"type":"SMatrix43","value":{"rotation":{"x":0,"y":0,"z":0},"position":{"x":0.07999999821186066,"y":0,"z":0}}},"m_linkedEntity":{"type":"SEntityTemplateReference","value":"3e506ec60ef89a12","postInit":true},"m_eidParent":{"type":"SEntityTemplateReference","value":"3257d026504e2f65","postInit":true}}},"c7ecaa747e717279":{"parent":"3257d026504e2f65","name":"C_Spine_R","factory":"[assembly:/templates/aspectdummy.aspect]([modules:/zclothsphere.class].entitytype,[modules:/zboneattachaspect.class].entitytype).pc_entitytype","blueprint":"[assembly:/templates/aspectdummy.aspect]([modules:/zclothsphere.class].entitytype,[modules:/zboneattachaspect.class].entitytype).pc_entityblueprint","properties":{"m_BoneName":{"type":"ZString","value":"Spine"},"m_fRadius":{"type":"float32","value":0.12999999523162842},"m_mTransform":{"type":"SMatrix43","value":{"rotation":{"x":-0.05414454912231989,"y":0.05047758911089795,"z":-0.05231108661696353},"position":{"x":-0.000011000000085914508,"y":0.030017999932169914,"z":-0.05071999877691269}}},"m_bEnabled":{"type":"bool","value":true},"m_bCollisionGroup0":{"type":"bool","value":true},"m_linkedEntity":{"type":"SEntityTemplateReference","value":"3e506ec60ef89a12","postInit":true},"m_eidParent":{"type":"SEntityTemplateReference","value":"3257d026504e2f65","postInit":true}}},"820eb1506ed33a4f":{"parent":"1078c9dc1f6b18ad","name":"buttons_01","factory":"009DD47904081802","blueprint":"00BD68A17772D199","properties":{"3516673141":{"type":"IRenderMaterialEntity.EModifierOperation","value":"eReplace"},"m_mTransform":{"type":"SMatrix43","value":{"rotation":{"x":0,"y":0,"z":0},"position":{"x":0,"y":0,"z":0}}},"Clients":{"type":"TArray<SEntityTemplateReference>","value":["1078c9dc1f6b18ad"]},"Texture2D_01_enab":{"type":"bool","value":false},"Diffuse_Color_01_Value":{"type":"SColorRGB","value":"#3b3b3b"},"m_eidParent":{"type":"SEntityTemplateReference","value":"3e506ec60ef89a12","postInit":true}}},"d4ef86429d37fe73":{"parent":"3257d026504e2f65","name":"C_Spine2_R","factory":"[assembly:/templates/aspectdummy.aspect]([modules:/zclothsphere.class].entitytype,[modules:/zboneattachaspect.class].entitytype).pc_entitytype","blueprint":"[assembly:/templates/aspectdummy.aspect]([modules:/zclothsphere.class].entitytype,[modules:/zboneattachaspect.class].entitytype).pc_entityblueprint","properties":{"m_BoneName":{"type":"ZString","value":"Spine2"},"m_fRadius":{"type":"float32","value":0.15000000596046448},"m_mTransform":{"type":"SMatrix43","value":{"rotation":{"x":0.6075190242261482,"y":0.04131026166972855,"z":7.77816857904588},"position":{"x":-0.034866999834775925,"y":0.024687999859452248,"z":-0.04030299931764603}}},"m_bEnabled":{"type":"bool","value":true},"m_linkedEntity":{"type":"SEntityTemplateReference","value":"3e506ec60ef89a12","postInit":true},"m_eidParent":{"type":"SEntityTemplateReference","value":"3257d026504e2f65","postInit":true}}},"3e506ec60ef89a12":{"parent":null,"name":"OUTFIT_Agent47_Reward_ElusiveSkunk_HeroA_v0","factory":"00C0753FBF784C66","blueprint":"007294473357329E","properties":{"m_aBodyParts":{"type":"TArray<SEntityTemplateReference>","value":["330c9c478838c44f","1b0b5051384113f8","fd36de346f8d730a","d31475474bc4bdf9","7e4f5739635c4ba0","befd09a09f3dfb4c","aeb93fce5252ad7b"]},"m_LocalColliders":{"type":"TArray<SEntityTemplateReference>","value":[]},"m_mTransform":{"type":"SMatrix43","value":{"rotation":{"x":0,"y":0,"z":0},"position":{"x":52.96099090576172,"y":7.093613147735596,"z":0.010654999874532223}}},"m_pBonesAndCollisionResource":{"type":"ZRuntimeResourceID","value":{"resource":"0017416135CF879C","flag":"5F"}}}},"4a27c02729f2aa53":{"parent":"3257d026504e2f65","name":"C_TighTop_R","factory":"[assembly:/templates/aspectdummy.aspect]([modules:/zclothsphere.class].entitytype,[modules:/zboneattachaspect.class].entitytype).pc_entitytype","blueprint":"[assembly:/templates/aspectdummy.aspect]([modules:/zclothsphere.class].entitytype,[modules:/zboneattachaspect.class].entitytype).pc_entityblueprint","properties":{"m_fRadius":{"type":"float32","value":0.13199999928474426},"m_BoneName":{"type":"ZString","value":"RThighTwist"},"m_linkedEntity":{"type":"SEntityTemplateReference","value":"3e506ec60ef89a12"},"m_mTransform":{"type":"SMatrix43","value":{"rotation":{"x":0,"y":0,"z":0},"position":{"x":0.001167000038549304,"y":0.015010000206530094,"z":-0.0352259986102581}}},"m_eidParent":{"type":"SEntityTemplateReference","value":"3257d026504e2f65","postInit":true}}},"749d51abc3e2dfa9":{"parent":"3257d026504e2f65","name":"CChain_Spine_R","factory":"[modules:/zclothspherechain.class].pc_entitytype","blueprint":"[modules:/zclothspherechain.class].pc_entityblueprint","properties":{"m_Spheres":{"type":"TArray<SEntityTemplateReference>","value":["c7ecaa747e717279","3b233f2ea49aaaa9","d4ef86429d37fe73"]},"m_mTransform":{"type":"SMatrix43","value":{"rotation":{"x":0,"y":0,"z":0},"position":{"x":-0.0000001290655973207322,"y":0.000000002171457902377938,"z":0}}},"m_eidParent":{"type":"SEntityTemplateReference","value":"3257d026504e2f65","postInit":true}}},"a91adfb7f3d6eb93":{"parent":"3257d026504e2f65","name":"C_TighMid_L","factory":"[assembly:/templates/aspectdummy.aspect]([modules:/zclothsphere.class].entitytype,[modules:/zboneattachaspect.class].entitytype).pc_entitytype","blueprint":"[assembly:/templates/aspectdummy.aspect]([modules:/zclothsphere.class].entitytype,[modules:/zboneattachaspect.class].entitytype).pc_entityblueprint","properties":{"m_fRadius":{"type":"float32","value":0.11500000208616257},"m_BoneName":{"type":"ZString","value":"LThighTwist1"},"m_linkedEntity":{"type":"SEntityTemplateReference","value":"3e506ec60ef89a12"},"m_mTransform":{"type":"SMatrix43","value":{"rotation":{"x":0,"y":0,"z":0},"position":{"x":0.05449200049042702,"y":0.016682999208569527,"z":0.012148999609053135}}},"m_bCollisionGroup0":{"type":"bool","value":true},"m_eidParent":{"type":"SEntityTemplateReference","value":"3257d026504e2f65","postInit":true}}},"3da855b0aabc92a0":{"parent":"3257d026504e2f65","name":"C_Hand_L","factory":"[assembly:/templates/aspectdummy.aspect]([modules:/zclothsphere.class].entitytype,[modules:/zboneattachaspect.class].entitytype).pc_entitytype","blueprint":"[assembly:/templates/aspectdummy.aspect]([modules:/zclothsphere.class].entitytype,[modules:/zboneattachaspect.class].entitytype).pc_entityblueprint","properties":{"m_fRadius":{"type":"float32","value":0.05000000074505806},"m_BoneName":{"type":"ZString","value":"L_Hand"},"m_linkedEntity":{"type":"SEntityTemplateReference","value":"3e506ec60ef89a12"},"m_eidParent":{"type":"SEntityTemplateReference","value":"3257d026504e2f65","postInit":true}}},"e87041f618862d99":{"parent":"3257d026504e2f65","name":"CChain_Legs","factory":"[modules:/zclothspherechain.class].pc_entitytype","blueprint":"[modules:/zclothspherechain.class].pc_entityblueprint","properties":{"m_Spheres":{"type":"TArray<SEntityTemplateReference>","value":["716ba1ed766870c","4fb9dbd147ca9908","4a27c02729f2aa53","1006aa74564be040","910906202a7e0ea","d6a681181f563dcf","a91adfb7f3d6eb93","d7baf39c6768b5a0"]},"m_mTransform":{"type":"SMatrix43","value":{"rotation":{"x":0,"y":0,"z":0},"position":{"x":-0.0000001290655973207322,"y":0.000000002171457902377938,"z":0}}},"m_bCollisionGroup0":{"type":"bool","value":true},"m_bEnabled":{"type":"bool","value":true},"m_eidParent":{"type":"SEntityTemplateReference","value":"3257d026504e2f65","postInit":true}}},"2de1524650d8292c":{"parent":"3257d026504e2f65","name":"ColliderGroup","factory":"[modules:/zclothcollidergroup.class].pc_entitytype","blueprint":"[modules:/zclothcollidergroup.class].pc_entityblueprint","properties":{"m_ClothColliders":{"type":"TArray<SEntityTemplateReference>","value":["e87041f618862d99","749d51abc3e2dfa9","d9601c2e14e2e041","5d5ff94e9e1ddf65"],"postInit":true},"m_eidParent":{"type":"SEntityTemplateReference","value":"3257d026504e2f65","postInit":true}}},"732dadd1483cf20f":{"parent":"3257d026504e2f65","name":"C_Hand_R","factory":"[assembly:/templates/aspectdummy.aspect]([modules:/zclothsphere.class].entitytype,[modules:/zboneattachaspect.class].entitytype).pc_entitytype","blueprint":"[assembly:/templates/aspectdummy.aspect]([modules:/zclothsphere.class].entitytype,[modules:/zboneattachaspect.class].entitytype).pc_entityblueprint","properties":{"m_fRadius":{"type":"float32","value":0.05000000074505806},"m_BoneName":{"type":"ZString","value":"R_Hand"},"m_linkedEntity":{"type":"SEntityTemplateReference","value":"3e506ec60ef89a12"},"m_eidParent":{"type":"SEntityTemplateReference","value":"3257d026504e2f65","postInit":true}}},"3257d026504e2f65":{"parent":"d31475474bc4bdf9","name":"Agent47_S2_Suit_Collider","factory":"[modules:/zcompositeentity.class].pc_entitytype","blueprint":"[modules:/zcompositeentity.class].pc_entityblueprint","properties":{"m_mTransform":{"type":"SMatrix43","value":{"rotation":{"x":0,"y":0,"z":0},"position":{"x":0,"y":0,"z":0}}},"m_linkedEntity":{"type":"SEntityTemplateReference","value":"3e506ec60ef89a12"},"m_eidParent":{"type":"SEntityTemplateReference","value":"d31475474bc4bdf9"}},"propertyAliases":{"m_linkedEntity":[{"originalProperty":"m_linkedEntity","originalEntity":"d7baf39c6768b5a0"},{"originalProperty":"m_linkedEntity","originalEntity":"716ba1ed766870c"},{"originalProperty":"m_linkedEntity","originalEntity":"a91adfb7f3d6eb93"},{"originalProperty":"m_linkedEntity","originalEntity":"4fb9dbd147ca9908"},{"originalProperty":"m_linkedEntity","originalEntity":"4a27c02729f2aa53"},{"originalProperty":"m_linkedEntity","originalEntity":"d6a681181f563dcf"},{"originalProperty":"m_linkedEntity","originalEntity":"910906202a7e0ea"},{"originalProperty":"m_linkedEntity","originalEntity":"d4ef86429d37fe73"},{"originalProperty":"m_linkedEntity","originalEntity":"3b233f2ea49aaaa9"},{"originalProperty":"m_linkedEntity","originalEntity":"c7ecaa747e717279"},{"originalProperty":"m_linkedEntity","originalEntity":"389791e61a238b72"},{"originalProperty":"m_linkedEntity","originalEntity":"5aa9a7328c6bbcaf"},{"originalProperty":"m_linkedEntity","originalEntity":"55c1ce282afe3eba"},{"originalProperty":"m_linkedEntity","originalEntity":"c1ea7c6be54a9cfc"},{"originalProperty":"m_linkedEntity","originalEntity":"524c9ba3645e94c9"},{"originalProperty":"m_linkedEntity","originalEntity":"3da855b0aabc92a0"},{"originalProperty":"m_linkedEntity","originalEntity":"732dadd1483cf20f"},{"originalProperty":"m_linkedEntity","originalEntity":"c1bf385f6b07067f"},{"originalProperty":"m_linkedEntity","originalEntity":"2aeed0bc57b76083"},{"originalProperty":"m_linkedEntity","originalEntity":"27d9df6f211b9d2"},{"originalProperty":"m_linkedEntity","originalEntity":"8fe3bd2566e2f3b9"},{"originalProperty":"m_linkedEntity","originalEntity":"63353de869603855"}]},"exposedInterfaces":{"ZClothCollider":"2de1524650d8292c","ZClothColliderGroup":"2de1524650d8292c"}},"5d5ff94e9e1ddf65":{"parent":"3257d026504e2f65","name":"CChain_Arms","factory":"[modules:/zclothspherechain.class].pc_entitytype","blueprint":"[modules:/zclothspherechain.class].pc_entityblueprint","properties":{"m_Spheres":{"type":"TArray<SEntityTemplateReference>","value":["63353de869603855","3da855b0aabc92a0","524c9ba3645e94c9","c1bf385f6b07067f","27d9df6f211b9d2","2aeed0bc57b76083","c1ea7c6be54a9cfc","732dadd1483cf20f","8fe3bd2566e2f3b9"]},"m_mTransform":{"type":"SMatrix43","value":{"rotation":{"x":0,"y":0,"z":0},"position":{"x":0,"y":0,"z":0}}},"m_eidParent":{"type":"SEntityTemplateReference","value":"3257d026504e2f65"}}}},"propertyOverrides":[],"overrideDeletes":[],"pinConnectionOverrides":[],"pinConnectionOverrideDeletes":[],"externalScenes":[],"subType":"template","quickEntityVersion":3.1,"extraFactoryDependencies":[],"extraBlueprintDependencies":[],"comments":[]}