{"tempHash":"0070B5EF889FC5BC","tbluHash":"00B4B183CFF40E88","rootEntity":"a90cb932072bb8bc","entities":{"60b87d5b3e681393":{"parent":"a90cb932072bb8bc","name":"Lerp 4","factory":"[modules:/zmathlerp.class].pc_entitytype","blueprint":"[modules:/zmathlerp.class].pc_entityblueprint","properties":{"m_fT":{"type":"float32","value":1},"m_B":{"type":"float32","value":0.15000000596046448},"m_A":{"type":"float32","value":-0.25}},"events":{"Lerp":{"Roughness_Min_JacketOpen":["f5e00a9ab95422b1"]}}},"f5e00a9ab95422b1":{"parent":"a90cb932072bb8bc","name":"Agent47_S2_Suit_NoTie","factory":"00A0366B8B0933A5","blueprint":"004C5E391B4B1E50","properties":{"ConstantColorRGB_05_Value":{"type":"SColorRGB","value":"#3e4061"},"ConstantVector1D_03_Value":{"type":"float32","value":30},"ConstantColorRGB_02_Value":{"type":"SColorRGB","value":"#151863"},"ConstantVector1D_04_Value":{"type":"float32","value":0.25999999046325684},"Diffuse_Color_01_Value":{"type":"SColorRGB","value":"#ffffff"},"ConstantVector1D_01_Value_1":{"type":"float32","value":0.8999999761581421},"Texture2D_01":{"type":"ZRuntimeResourceID","value":{"resource":"0086CBEBCECBA6C2","flag":"5F"}},"m_pMeshResource":{"type":"ZRuntimeResourceID","value":{"resource":"0068496908441625","flag":"5F"}},"Diffuse_Saturation_01_Value":{"type":"float32","value":0},"Texture2D_03_1":{"type":"ZRuntimeResourceID","value":{"resource":"003DC44EE0B0DB99","flag":"5F"}},"ConstantVector1D_01_Value_2":{"type":"float32","value":0.02500000037252903}}},"2144569d3f9ad74e":{"parent":"99639d2615d4d018","name":"male_reg_bangkok_hotelsecurity_shoes","factory":"[assembly:/_pro/characters/assets/guards/bangkok/hotel_security/materials/male_reg_bangkok_hotelsecurity_shoes.mi].pc_entitytype","blueprint":"[assembly:/_pro/characters/assets/guards/bangkok/hotel_security/materials/male_reg_bangkok_hotelsecurity_shoes.mi].pc_entityblueprint","properties":{"1737952988":{"type":"IRenderMaterialEntity.EModifierOperation","value":"eReplace"},"2287298018":{"type":"IRenderMaterialEntity.EModifierOperation","value":"eReplace"},"m_mTransform":{"type":"SMatrix43","value":{"rotation":{"x":0,"y":0,"z":0},"position":{"x":0,"y":0,"z":0}}},"ConstantVector1D_05_Value":{"type":"float32","value":0.5099999904632568},"Texture2D_01_enab":{"type":"bool","value":true},"Texture2D_01":{"type":"ZRuntimeResourceID","value":{"resource":"0056D10B3D6AFAD8","flag":"5F"}},"Texture2DNormal_01_enab":{"type":"bool","value":true},"Texture2DNormal_01":{"type":"ZRuntimeResourceID","value":{"resource":"0012B1C58624FB9D","flag":"5F"}},"Texture2D_03_enab":{"type":"bool","value":true},"Texture2D_03":{"type":"ZRuntimeResourceID","value":{"resource":"0066A12C24F2E2F9","flag":"5F"}},"Clients":{"type":"TArray<SEntityTemplateReference>","value":["99639d2615d4d018"],"postInit":true},"m_eidParent":{"type":"SEntityTemplateReference","value":"a90cb932072bb8bc","postInit":true}}},"8e4e569ddb5d3735":{"parent":"a90cb932072bb8bc","name":"Mesh_Flower","factory":"[modules:/zbodypartentity.class].pc_entitytype","blueprint":"[modules:/zbodypartentity.class].pc_entityblueprint","properties":{"m_pMeshResource":{"type":"ZRuntimeResourceID","value":{"resource":"00AAE17CC6905479","flag":"5F"}}}},"a98bd554c650a3d1":{"parent":"a90cb932072bb8bc","name":"Agent47_S2_Suit_NoTie_01","factory":"00A0366B8B0933A5","blueprint":"004C5E391B4B1E50","properties":{"ConstantColorRGB_05_Value":{"type":"SColorRGB","value":"#942c3c"},"ConstantVector1D_03_Value":{"type":"float32","value":30},"ConstantColorRGB_02_Value":{"type":"SColorRGB","value":"#ab1a2f"},"ConstantVector1D_04_Value":{"type":"float32","value":0.20000000298023224},"Diffuse_Color_01_Value":{"type":"SColorRGB","value":"#e3ccb3"},"ConstantVector1D_01_Value_1":{"type":"float32","value":0.8500000238418579},"Texture2D_01":{"type":"ZRuntimeResourceID","value":{"resource":"007E379042079434","flag":"5F"}},"ConstantVector1D_01_Value_3":{"type":"float32","value":0.5},"Texture2DNormal_01_1":{"type":"ZRuntimeResourceID","value":{"resource":"00730B6008CA4353","flag":"5F"}},"Texture2D_03_1":{"type":"ZRuntimeResourceID","value":{"resource":"0095E4E030DE1F90","flag":"5F"}},"ConstantVector1D_01_Value_2":{"type":"float32","value":0.14000000059604645},"Diffuse_Color_01_Value_3":{"type":"SColorRGB","value":"#e3c2a3"}}},"bfeadeb39e3cda8e":{"parent":"d64723ce6a199c13","name":"male_reg_socks_01","factory":"000191174AD4F0BC","blueprint":"006B6ED99EF0ADEB","properties":{"m_mTransform":{"type":"SMatrix43","value":{"rotation":{"x":0,"y":0,"z":0},"position":{"x":0,"y":0,"z":0}}},"ConstantVector1D_01_Value_op":{"type":"IRenderMaterialEntity.EModifierOperation","value":"eReplace"},"ConstantVector1D_01_Value":{"type":"float32","value":0.009999999776482582},"Clients":{"type":"TArray<SEntityTemplateReference>","value":["d64723ce6a199c13"],"postInit":true},"m_eidParent":{"type":"SEntityTemplateReference","value":"a90cb932072bb8bc","postInit":true}}},"f627cefc5781d9c9":{"parent":"a90cb932072bb8bc","name":"Shirt_Dress_BtnUp_Tkd_Cut_Jacket","factory":"0011644483049F85","blueprint":"000083C995DF8DF6","properties":{"Diffuse_Color_01_Value":{"type":"SColorRGB","value":"#ffffff"},"Diffuse_Color_02_Value":{"type":"SColorRGB","value":"#ffffff"},"m_pMeshResource":{"type":"ZRuntimeResourceID","value":{"resource":"00B3906B39BBEAB6","flag":"5F"}}}},"1d23c8f5bc704e0c":{"parent":"a90cb932072bb8bc","name":"Lerp 7","factory":"[modules:/zmathlerp.class].pc_entitytype","blueprint":"[modules:/zmathlerp.class].pc_entityblueprint","properties":{"m_fT":{"type":"float32","value":1},"m_A":{"type":"float32","value":0.05000000074505806},"m_B":{"type":"float32","value":0.25}},"events":{"Lerp":{"ConstantVector1D_14_Value":["8d6dfe6268486ec2"]}}},"f3334001b824bcb9":{"parent":"a90cb932072bb8bc","name":"Lerp 6","factory":"[modules:/zmathlerp.class].pc_entitytype","blueprint":"[modules:/zmathlerp.class].pc_entityblueprint","properties":{"m_fT":{"type":"float32","value":1},"m_B":{"type":"float32","value":2},"m_A":{"type":"float32","value":1}},"events":{"Lerp":{"ConstantVector1D_06_Value":["8d6dfe6268486ec2","918b3ce27337ca1","4bac49e73556476d","f627cefc5781d9c9"],"Normal_Bump_Scale_Shirt":["f5e00a9ab95422b1"],"Normal_Bump_Scale_JacketOpen":["f5e00a9ab95422b1"]}}},"99639d2615d4d018":{"parent":"a90cb932072bb8bc","name":"Mesh_Shoes01","factory":"[modules:/zbodypartentity.class].pc_entitytype","blueprint":"[modules:/zbodypartentity.class].pc_entityblueprint","properties":{"m_pMeshResource":{"type":"ZRuntimeResourceID","value":{"resource":"00C536224D4F37E1","flag":"5F"}}},"inputCopying":{"ConstantVector1D_04_Value":{"ConstantVector1D_04_Value":["2144569d3f9ad74e"]}}},"abfb85ada42cf162":{"parent":"a90cb932072bb8bc","name":"Lerp 8","factory":"[modules:/zmathlerp.class].pc_entitytype","blueprint":"[modules:/zmathlerp.class].pc_entityblueprint","properties":{"m_fT":{"type":"float32","value":1},"m_B":{"type":"float32","value":0.30000001192092896},"m_A":{"type":"float32","value":-0.25}},"events":{"Lerp":{"Roughness_Min_Shirt":["f5e00a9ab95422b1"]}}},"875fd37ceb581e17":{"parent":"4bac49e73556476d","name":"agent47_skunk_tie","factory":"00E1C4A9C7CFF9B2","blueprint":"0006457096DE6092","properties":{"2287298018":{"type":"IRenderMaterialEntity.EModifierOperation","value":"eReplace"},"2359342559":{"type":"IRenderMaterialEntity.EModifierOperation","value":"eReplace"},"m_mTransform":{"type":"SMatrix43","value":{"rotation":{"x":0,"y":0,"z":0},"position":{"x":0,"y":0,"z":0}}},"ConstantColorRGB_02_Value_op":{"type":"IRenderMaterialEntity.EModifierOperation","value":"eReplace"},"ConstantColorRGB_05_Value_op":{"type":"IRenderMaterialEntity.EModifierOperation","value":"eReplace"},"ConstantColorRGB_05_Value":{"type":"SColorRGB","value":"#939aab"},"ConstantColorRGB_02_Value":{"type":"SColorRGB","value":"#ffffff"},"Texture2D_01_enab":{"type":"bool","value":true},"Texture2D_01":{"type":"ZRuntimeResourceID","value":{"resource":"00F97FB029944482","flag":"5F"}},"Texture2D_03_enab":{"type":"bool","value":true},"Texture2D_03":{"type":"ZRuntimeResourceID","value":{"resource":"0072F93F8DA8A800","flag":"5F"}},"ConstantVector1D_01_Value_op":{"type":"IRenderMaterialEntity.EModifierOperation","value":"eReplace"},"ConstantVector1D_01_Value":{"type":"float32","value":0.550000011920929},"Clients":{"type":"TArray<SEntityTemplateReference>","value":["4bac49e73556476d"],"postInit":true},"m_eidParent":{"type":"SEntityTemplateReference","value":"a90cb932072bb8bc","postInit":true}}},"4bac49e73556476d":{"parent":"a90cb932072bb8bc","name":"Tie_Kelvin_Jacket_Fit","factory":"0017527791AB5E5C","blueprint":"0002AAB0DAC51755","properties":{"ConstantColorRGB_02_Value":{"type":"SColorRGB","value":"#ffffff"},"ConstantColorRGB_05_Value":{"type":"SColorRGB","value":"#942e2e"},"Texture2DNormal_01":{"type":"ZRuntimeResourceID","value":{"resource":"0091E793D3996E1B","flag":"5F"}},"Texture2D_03":{"type":"ZRuntimeResourceID","value":{"resource":"002D277A80921776","flag":"5F"}},"m_pMeshResource":{"type":"ZRuntimeResourceID","value":{"resource":"00506E3E5D0A9D98","flag":"5F"}},"Texture2D_01":{"type":"ZRuntimeResourceID","value":{"resource":"00B0DFCC2F35B7C0","flag":"5F"}}},"inputCopying":{"ConstantVector1D_06_Value":{"ConstantVector1D_06_Value":["875fd37ceb581e17"]},"ConstantVector1D_04_Value":{"ConstantVector1D_04_Value":["875fd37ceb581e17"]},"ConstantVector1D_01_Value":{"ConstantVector1D_01_Value":["875fd37ceb581e17"]}}},"dd96699c3143566e":{"parent":"a90cb932072bb8bc","name":"Lerp","factory":"[modules:/zmathlerp.class].pc_entitytype","blueprint":"[modules:/zmathlerp.class].pc_entityblueprint","properties":{"m_B":{"type":"float32","value":0.20000000298023224},"m_fT":{"type":"float32","value":1}},"events":{"Lerp":{"ConstantVector1D_14_Value":["918b3ce27337ca1","f627cefc5781d9c9"],"ConstantVector1D_04_Value":["4bac49e73556476d","99639d2615d4d018"]}}},"b547955732fcfa1e":{"parent":"a90cb932072bb8bc","name":"Lerp 3","factory":"[modules:/zmathlerp.class].pc_entitytype","blueprint":"[modules:/zmathlerp.class].pc_entityblueprint","properties":{"m_fT":{"type":"float32","value":1},"m_B":{"type":"float32","value":0.20000000298023224},"m_A":{"type":"float32","value":0.5}},"events":{"Lerp":{"ConstantVector1D_01_Value":["f627cefc5781d9c9"],"Diffuse_Albedo_Shirt":["f5e00a9ab95422b1"]}}},"89328a8558cd9da5":{"parent":"a90cb932072bb8bc","name":"Lerp 1","factory":"[modules:/zmathlerp.class].pc_entitytype","blueprint":"[modules:/zmathlerp.class].pc_entityblueprint","properties":{"m_fT":{"type":"float32","value":1},"m_A":{"type":"float32","value":1},"m_B":{"type":"float32","value":0.6000000238418579}},"events":{"Lerp":{"ConstantVector1D_01_Value":["918b3ce27337ca1"]}}},"665369f4a0ece45b":{"parent":"a90cb932072bb8bc","name":"Head_47","factory":"00537D16B5CE7286","blueprint":"00F2E4A932ECAA63"},"fa810652bd91d178":{"parent":"a90cb932072bb8bc","name":"Lerp 5","factory":"[modules:/zmathlerp.class].pc_entitytype","blueprint":"[modules:/zmathlerp.class].pc_entityblueprint","properties":{"m_fT":{"type":"float32","value":1},"m_B":{"type":"float32","value":0.30000001192092896},"m_A":{"type":"float32","value":0.8500000238418579}},"events":{"Lerp":{"Diffuse_Albedo_JacketOpen":["f5e00a9ab95422b1"]}}},"aab0321438a6803a":{"parent":"a90cb932072bb8bc","name":"Lerp 10","factory":"[modules:/zmathlerp.class].pc_entitytype","blueprint":"[modules:/zmathlerp.class].pc_entityblueprint","properties":{"m_fT":{"type":"float32","value":1},"m_A":{"type":"float32","value":0.699999988079071},"m_B":{"type":"float32","value":0.4000000059604645}},"events":{"Lerp":{"ConstantVector1D_01_Value":["8d6dfe6268486ec2"]}}},"ec70586fda2192b7":{"parent":"a90cb932072bb8bc","name":"Hands","factory":"009A6D9F7927FB89","blueprint":"00F49463DEA8D412"},"5fc43dfe9e8f0ec9":{"parent":"a90cb932072bb8bc","name":"FX_Hitman_Wet_Logic_Character","factory":"0067CFB703A80787","blueprint":"00AA88C960CD2080","properties":{"HeadMaterialToOverride":{"type":"ZRuntimeResourceID","value":{"resource":"009F7978C601815A","flag":"5F"}},"HeadMaterialOverride":{"type":"TArray<SEntityTemplateReference>","value":["a90cb932072bb8bc"],"postInit":true}},"events":{"HitmanWetness":{"T":["abfb85ada42cf162","60b87d5b3e681393","b547955732fcfa1e","fa810652bd91d178","f3334001b824bcb9","1d23c8f5bc704e0c","aab0321438a6803a","dd96699c3143566e","89328a8558cd9da5"]}}},"d64723ce6a199c13":{"parent":"a90cb932072bb8bc","name":"Mesh_Socks","factory":"[modules:/zbodypartentity.class].pc_entitytype","blueprint":"[modules:/zbodypartentity.class].pc_entityblueprint","properties":{"m_pMeshResource":{"type":"ZRuntimeResourceID","value":{"resource":"0063B05E0712FBB3","flag":"5F"}}}},"4f69ecb52d885e60":{"parent":"a90cb932072bb8bc","name":"base_eye","factory":"00FDEC17A5A2BF5F","blueprint":"00C4E4179AE75353","properties":{"1405740434":{"type":"IRenderMaterialEntity.EModifierOperation","value":"eReplace"},"1762730872":{"type":"IRenderMaterialEntity.EModifierOperation","value":"eReplace"},"2036633045":{"type":"IRenderMaterialEntity.EModifierOperation","value":"eReplace"},"2298771567":{"type":"IRenderMaterialEntity.EModifierOperation","value":"eReplace"},"3480721934":{"type":"IRenderMaterialEntity.EModifierOperation","value":"eReplace"},"4103203329":{"type":"IRenderMaterialEntity.EModifierOperation","value":"eReplace"},"m_mTransform":{"type":"SMatrix43","value":{"rotation":{"x":0,"y":0,"z":0},"position":{"x":0,"y":0,"z":0}}},"EyeShader_01_IrisBrightness":{"type":"float32","value":2},"EyeShader_01_PupilSize":{"type":"float32","value":0.17000000178813934},"EyeShader_01_IrisHueShift":{"type":"float32","value":0.10000000149011612},"EyeShader_01_CorneaSpecularPower":{"type":"float32","value":1},"EyeShader_01_CorneaSpecularIntensity":{"type":"float32","value":0.02500000037252903},"EyeShader_01_ScleraSpecularIntensity":{"type":"float32","value":0.019999999552965164},"Texture2D_01_enab":{"type":"bool","value":true},"Texture2D_01":{"type":"ZRuntimeResourceID","value":{"resource":"00956964149E802F","flag":"5F"}},"Clients":{"type":"TArray<SEntityTemplateReference>","value":["a90cb932072bb8bc"],"postInit":true},"m_eidParent":{"type":"SEntityTemplateReference","value":"a90cb932072bb8bc","postInit":true}}},"7e694f205b6211dc":{"parent":"a90cb932072bb8bc","name":"ChildNetwork","factory":"[modules:/zchildnetworkentity.class].pc_entitytype","blueprint":"[modules:/zchildnetworkentity.class].pc_entityblueprint","properties":{"m_RuntimeNetworkResourceID":{"type":"ZRuntimeResourceID","value":{"resource":"[assembly:/animationnetworks/hitman01/idles/suitidle.aln].pc_rtn","flag":"9F"}}}},"a90cb932072bb8bc":{"parent":null,"name":"OUTFIT_Agent47_Reward_Hero_SnakeCharmer19_M_HeroA_v0","factory":"[assembly:/templates/aspectdummy.aspect]([modules:/zlinkedproxyentity.class].entitytype,[modules:/zclothcharacterentity.class].entitytype,[modules:/zheroidlenetworkaspect.class].entitytype).pc_entitytype","blueprint":"[assembly:/templates/aspectdummy.aspect]([modules:/zlinkedproxyentity.class].entitytype,[modules:/zclothcharacterentity.class].entitytype,[modules:/zheroidlenetworkaspect.class].entitytype).pc_entityblueprint","properties":{"m_ResourceID":{"type":"ZRuntimeResourceID","value":null},"m_fLODScale":{"type":"float32","value":1},"m_mTransform":{"type":"SMatrix43","value":{"rotation":{"x":0,"y":0,"z":0},"position":{"x":59.535621643066406,"y":6.093982219696045,"z":0}}},"m_pBonesAndCollisionResource":{"type":"ZRuntimeResourceID","value":{"resource":"0017416135CF879C","flag":"5F"}},"m_bUsePerVertexStiffness":{"type":"bool","value":true},"m_LocalColliders":{"type":"TArray<SEntityTemplateReference>","value":[]},"m_bGlobalCollidersEnabled":{"type":"bool","value":false},"m_fDamping":{"type":"float32","value":1},"m_fBendStiffness":{"type":"float32","value":1},"m_bUsePerVertexDamping":{"type":"bool","value":true},"m_fShearStiffness":{"type":"float32","value":1},"m_bUseSkinningPosNormalConstrains":{"type":"bool","value":true},"m_bUseSkinningNegNormalConstrains":{"type":"bool","value":true},"m_nIterations":{"type":"uint32","value":2},"m_fFrequency":{"type":"float32","value":90},"m_vTranslationScale":{"type":"SVector3","value":{"x":0.10000000149011612,"y":0.10000000149011612,"z":0.10000000149011612}},"m_vGravity":{"type":"SVector3","value":{"x":0,"y":0,"z":-13}},"m_fLODOffset":{"type":"float32","value":100},"m_fDragConstant":{"type":"float32","value":1},"m_eStretchConstrainType":{"type":"EClothStretchConstrainType","value":"eClothBendConstrainType_LRA"},"m_fAngularVelocityThreshold":{"type":"float32","value":60},"m_eRootBone":{"type":"BoneId.Enum","value":"PELVIS"},"m_bEnableAngularVelocityScale":{"type":"bool","value":true},"m_eBendConstrainType":{"type":"EClothBendConstrainType","value":"eClothBendConstrainType_Triangle"},"m_pIdleAnimNetworkEntity":{"type":"SEntityTemplateReference","value":"7e694f205b6211dc"},"m_bRandomStartState":{"type":"bool","value":true},"m_fWindConstant":{"type":"float32","value":0.10000000149011612},"m_aBodyParts":{"type":"TArray<SEntityTemplateReference>","value":["8d6dfe6268486ec2","99639d2615d4d018","f5e00a9ab95422b1","d64723ce6a199c13","ec70586fda2192b7","918b3ce27337ca1","4bac49e73556476d","f627cefc5781d9c9","8e4e569ddb5d3735","665369f4a0ece45b"],"postInit":true}}},"7be2ddfbd56228a7":{"parent":"8d6dfe6268486ec2","name":"male_reg_suit_pants_01","factory":"0074A1B094FC4120","blueprint":"0007754D66EDCF32","properties":{"1239136802":{"type":"IRenderMaterialEntity.EModifierOperation","value":"eReplace"},"1294887455":{"type":"IRenderMaterialEntity.EModifierOperation","value":"eReplace"},"1565884279":{"type":"IRenderMaterialEntity.EModifierOperation","value":"eReplace"},"1787395739":{"type":"IRenderMaterialEntity.EModifierOperation","value":"eReplace"},"2359342559":{"type":"IRenderMaterialEntity.EModifierOperation","value":"eReplace"},"2786709788":{"type":"IRenderMaterialEntity.EModifierOperation","value":"eReplace"},"2869403995":{"type":"IRenderMaterialEntity.EModifierOperation","value":"eReplace"},"3516673141":{"type":"IRenderMaterialEntity.EModifierOperation","value":"eReplace"},"m_mTransform":{"type":"SMatrix43","value":{"rotation":{"x":0,"y":0,"z":0},"position":{"x":9.988899230957031,"y":-8.244298934936523,"z":0}}},"ConstantVector1D_01_Value_op":{"type":"IRenderMaterialEntity.EModifierOperation","value":"eReplace"},"ConstantVector1D_01_Value":{"type":"float32","value":0.699999988079071},"Active":{"type":"bool","value":true},"ConstantVector1D_16_Value":{"type":"float32","value":0.5},"ConstantVector1D_03_Value":{"type":"float32","value":2},"ConstantVector1D_14_Value":{"type":"float32","value":0.05000000074505806},"Texture2D_01_enab":{"type":"bool","value":true},"Texture2D_01":{"type":"ZRuntimeResourceID","value":{"resource":"0011E721EDB98CE3","flag":"5F"}},"Diffuse_Color_01_Value":{"type":"SColorRGB","value":"#ffffff"},"ConstantVector1D_13_Value":{"type":"float32","value":0},"Texture2D_03_enab":{"type":"bool","value":true},"ConstantVector1D_15_Value":{"type":"float32","value":7},"Diffuse_Saturation_01_Value":{"type":"float32","value":0},"m_eidParent":{"type":"SEntityTemplateReference","value":"a90cb932072bb8bc"},"Clients":{"type":"TArray<SEntityTemplateReference>","value":["8d6dfe6268486ec2"],"postInit":true}}},"8d6dfe6268486ec2":{"parent":"a90cb932072bb8bc","name":"Mesh_Pant","factory":"[modules:/zbodypartentity.class].pc_entitytype","blueprint":"[modules:/zbodypartentity.class].pc_entityblueprint","properties":{"m_pMeshResource":{"type":"ZRuntimeResourceID","value":{"resource":"00408DC64039D5CB","flag":"5F"}}},"inputCopying":{"ConstantVector1D_06_Value":{"ConstantVector1D_06_Value":["7be2ddfbd56228a7"]},"ConstantVector1D_14_Value":{"ConstantVector1D_14_Value":["7be2ddfbd56228a7"]},"ConstantVector1D_01_Value":{"ConstantVector1D_01_Value":["7be2ddfbd56228a7"]}}},"918b3ce27337ca1":{"parent":"a90cb932072bb8bc","name":"WaistCoat_Plain_5Btn","factory":"00F9BE27B5B0652D","blueprint":"0006471CC0FF14D9","properties":{"Diffuse_Hue_Shift_01_Value":{"type":"float32","value":0},"Diffuse_Color_01_Value":{"type":"SColorRGB","value":"#ffffff"},"m_pMeshResource":{"type":"ZRuntimeResourceID","value":{"resource":"0069EB76BBE21C6E","flag":"5F"}},"Texture2D_01":{"type":"ZRuntimeResourceID","value":{"resource":"00595DEA1900143E","flag":"5F"}},"Diffuse_Saturation_01_Value":{"type":"float32","value":0},"ConstantVector1D_01_Value":{"type":"float32","value":1},"ConstantVector1D_15_Value":{"type":"float32","value":0.6200000047683716},"Texture2D_03":{"type":"ZRuntimeResourceID","value":{"resource":"0084FF84B1499D0C","flag":"5F"}},"ConstantVector1D_03_Value":{"type":"float32","value":3},"ConstantVector1D_13_Value":{"type":"float32","value":0.05000000074505806},"ConstantVector1D_16_Value":{"type":"float32","value":0}}},"aa8a1e2de7f025e5":{"parent":"a90cb932072bb8bc","name":"male_reg_eyelashes","factory":"00AF6FD15BFAC222","blueprint":"00926F11E3C00813","properties":{"1294887455":{"type":"IRenderMaterialEntity.EModifierOperation","value":"eReplace"},"2786709788":{"type":"IRenderMaterialEntity.EModifierOperation","value":"eReplace"},"m_mTransform":{"type":"SMatrix43","value":{"rotation":{"x":0,"y":0,"z":0},"position":{"x":0,"y":0,"z":0}}},"Clients":{"type":"TArray<SEntityTemplateReference>","value":["a90cb932072bb8bc"]},"ConstantVector1D_16_Value":{"type":"float32","value":1.5},"m_eidParent":{"type":"SEntityTemplateReference","value":"a90cb932072bb8bc"}}}},"propertyOverrides":[],"overrideDeletes":[],"pinConnectionOverrides":[],"pinConnectionOverrideDeletes":[],"externalScenes":[],"subType":"template","quickEntityVersion":3.1,"extraFactoryDependencies":[],"extraBlueprintDependencies":[],"comments":[]}