{"tempHash":"004FBAE9B231C8D0","tbluHash":"00C71B921C8FCBCD","patch":[{"RemoveEntityByID":"b994133ae5fb96dd"},{"RemoveEntityByID":"26bbe9bb417a716e"},{"RemoveEntityByID":"e8e7881f2d0cbb78"},{"RemoveEntityByID":"76c8d8794c18742f"},{"RemoveEntityByID":"e38c15691c23097f"},{"RemoveEntityByID":"3a6bc610f248b67f"},{"RemoveEntityByID":"3f131fe355057378"},{"RemoveEntityByID":"51922332029b93ea"},{"RemoveEntityByID":"a0e6a01a137f6fdc"},{"RemoveEntityByID":"20c7c8ae76fb04ce"},{"RemoveEntityByID":"ffc0de06af03d79"},{"RemoveEntityByID":"6bcbb0808badf6ec"},{"RemoveEntityByID":"251c6c35d8a083cb"},{"RemoveEntityByID":"79966fba3c6e5217"},{"RemoveEntityByID":"f3473154f5401331"},{"RemoveEntityByID":"b5017d847699693e"},{"RemoveEntityByID":"e8755f0769fec547"},{"RemoveEntityByID":"1daac612ac0777ac"},{"RemoveEntityByID":"7f1f3eff60e5cce8"},{"RemoveEntityByID":"bfa504e43ec7397e"},{"RemoveEntityByID":"84356ef29add455c"},{"SubEntityOperation":["225ee12ca7de1f24",{"RemoveAllEventConnectionsForTrigger":["Lerp","NormalBumpScaleCape"]}]},{"SubEntityOperation":["bb3f994035fd552e",{"PatchArrayPropertyValue":["m_aBodyParts",[{"RemoveItemByValue":"84356ef29add455c"}]]}]},{"SubEntityOperation":["956110d88a4ba011",{"RemoveAllEventConnectionsForTrigger":["Lerp","RoughnessMinCape"]}]}],"patchVersion":6}