{"tempHash":"0070168CC45F1510","tbluHash":"00FB274EB40473ED","rootEntity":"7cbddc86ac869d0b","entities":{"e824aee70770d6bd":{"parent":"7cbddc86ac869d0b","name":"Lerp 2","factory":"[modules:/zmathlerp.class].pc_entitytype","blueprint":"[modules:/zmathlerp.class].pc_entityblueprint","properties":{"m_A":{"type":"float32","value":1},"m_B":{"type":"float32","value":1.5},"m_fT":{"type":"float32","value":0}},"events":{"Lerp":{"shirt_long_sleeve_Normal_Bump_Scale":["2f83c5e8b422ef20"],"shirt_buttoned_up_Normal_Bump_Scale":["2f83c5e8b422ef20"],"suit_jacket_open_Normal_Bump_Scale":["2f83c5e8b422ef20"],"ConstantVector1D_06_Value":["874c6460f822fffe"]}}},"458ac1b8731e4c5d":{"parent":"5659c6d0458e9cbe","name":"male_reg_socks_01","factory":"000191174AD4F0BC","blueprint":"006B6ED99EF0ADEB","properties":{"2287298018":{"type":"IRenderMaterialEntity.EModifierOperation","value":"eReplace"},"m_mTransform":{"type":"SMatrix43","value":{"rotation":{"x":0,"y":0,"z":0},"position":{"x":0,"y":0,"z":0}}},"ConstantVector1D_01_Value_op":{"type":"IRenderMaterialEntity.EModifierOperation","value":"eReplace"},"ConstantVector1D_01_Value":{"type":"float32","value":0.009999999776482582},"Clients":{"type":"TArray<SEntityTemplateReference>","value":["5659c6d0458e9cbe"],"postInit":true},"m_eidParent":{"type":"SEntityTemplateReference","value":"7cbddc86ac869d0b","postInit":true}}},"4bfa7156d4251a":{"parent":"7cbddc86ac869d0b","name":"Lerp 8","factory":"[modules:/zmathlerp.class].pc_entitytype","blueprint":"[modules:/zmathlerp.class].pc_entityblueprint","properties":{"m_A":{"type":"float32","value":0.05000000074505806},"m_fT":{"type":"float32","value":0},"m_B":{"type":"float32","value":0.30000001192092896}},"events":{"Lerp":{"ConstantVector1D_14_Value":["874c6460f822fffe"]}}},"2f83c5e8b422ef20":{"parent":"7cbddc86ac869d0b","name":"Agent47_S2_Suit_TieBar_01","factory":"00E99799A1A031E4","blueprint":"00B8F6AA234E77D0","properties":{"ConstantColorRGB_05_Value":{"type":"SColorRGB","value":"#ffffff"},"ConstantVector1D_03_Value":{"type":"float32","value":2},"ConstantColorRGB_02_Value":{"type":"SColorRGB","value":"#41455c"},"ConstantVector1D_04_Value":{"type":"float32","value":0.10000000149011612},"Diffuse_Color_01_Value":{"type":"SColorRGB","value":"#7a7a7a"},"ConstantVector1D_01_Value_1":{"type":"float32","value":0.5},"Texture2D_01":{"type":"ZRuntimeResourceID","value":{"resource":"000D7A2135496A40","flag":"5F"}},"ConstantVector1D_01_Value_3":{"type":"float32","value":0.5}}},"6b41f562273b682f":{"parent":"7cbddc86ac869d0b","name":"FX_Hitman_Wet_Logic_Character","factory":"0067CFB703A80787","blueprint":"00AA88C960CD2080","properties":{"HeadMaterialToOverride":{"type":"ZRuntimeResourceID","value":{"resource":"009F7978C601815A","flag":"5F"}},"HeadMaterialOverride":{"type":"TArray<SEntityTemplateReference>","value":["7cbddc86ac869d0b"],"postInit":true}},"events":{"HitmanWetness":{"T":["fb0385fc7c6895b3","e824aee70770d6bd","3d9ffbff4a43bff6","157d9edaf416a60","9adc8a8a1a686355","3c25ecc4b09f0420","531a02f448eff622","4bfa7156d4251a"]}}},"49b42fb247d5a574":{"parent":"7cbddc86ac869d0b","name":"Hands","factory":"009A6D9F7927FB89","blueprint":"00F49463DEA8D412"},"157d9edaf416a60":{"parent":"7cbddc86ac869d0b","name":"Lerp 5","factory":"[modules:/zmathlerp.class].pc_entitytype","blueprint":"[modules:/zmathlerp.class].pc_entityblueprint","properties":{"m_A":{"type":"float32","value":-0.25},"m_fT":{"type":"float32","value":0},"m_B":{"type":"float32","value":0.20000000298023224}},"events":{"Lerp":{"suit_jacket_open_Roughness_Min":["2f83c5e8b422ef20"]}}},"8dec5b6814ea2b3d":{"parent":"874c6460f822fffe","name":"male_reg_suit_pants_01","factory":"0074A1B094FC4120","blueprint":"0007754D66EDCF32","properties":{"1239136802":{"type":"IRenderMaterialEntity.EModifierOperation","value":"eReplace"},"1294887455":{"type":"IRenderMaterialEntity.EModifierOperation","value":"eReplace"},"1787395739":{"type":"IRenderMaterialEntity.EModifierOperation","value":"eReplace"},"2359342559":{"type":"IRenderMaterialEntity.EModifierOperation","value":"eReplace"},"2786709788":{"type":"IRenderMaterialEntity.EModifierOperation","value":"eReplace"},"2869403995":{"type":"IRenderMaterialEntity.EModifierOperation","value":"eReplace"},"3516673141":{"type":"IRenderMaterialEntity.EModifierOperation","value":"eReplace"},"m_mTransform":{"type":"SMatrix43","value":{"rotation":{"x":0,"y":0,"z":0},"position":{"x":9.988899230957031,"y":-8.244298934936523,"z":0}}},"ConstantVector1D_01_Value_op":{"type":"IRenderMaterialEntity.EModifierOperation","value":"eReplace"},"ConstantVector1D_01_Value":{"type":"float32","value":0.5},"Active":{"type":"bool","value":true},"ConstantVector1D_16_Value":{"type":"float32","value":0.5},"ConstantVector1D_03_Value":{"type":"float32","value":2},"ConstantVector1D_14_Value":{"type":"float32","value":0.05000000074505806},"Texture2D_01_enab":{"type":"bool","value":true},"Texture2D_01":{"type":"ZRuntimeResourceID","value":{"resource":"00AF802D36A4241A","flag":"5F"}},"Diffuse_Color_01_Value":{"type":"SColorRGB","value":"#7a7a7a"},"ConstantVector1D_13_Value":{"type":"float32","value":0},"Texture2D_03_enab":{"type":"bool","value":true},"ConstantVector1D_15_Value":{"type":"float32","value":7},"Clients":{"type":"TArray<SEntityTemplateReference>","value":["874c6460f822fffe"],"postInit":true},"m_eidParent":{"type":"SEntityTemplateReference","value":"7cbddc86ac869d0b","postInit":true}}},"fb0385fc7c6895b3":{"parent":"7cbddc86ac869d0b","name":"Lerp","factory":"[modules:/zmathlerp.class].pc_entitytype","blueprint":"[modules:/zmathlerp.class].pc_entityblueprint","properties":{"m_B":{"type":"float32","value":0.30000001192092896},"m_fT":{"type":"float32","value":0}},"events":{"Lerp":{"shirt_long_sleeve_Roughness_Min":["2f83c5e8b422ef20"],"shirt_buttoned_up_Roughness_Min":["2f83c5e8b422ef20"],"ConstantVector1D_04_Value":["5659c6d0458e9cbe","6ce9f47936f17c5","70a5042d080aa515","30282971772f6c1b"]}}},"308516cf8f532a01":{"parent":"6ce9f47936f17c5","name":"male_reg_bangkok_hotelsecurity_shoes","factory":"[assembly:/_pro/characters/assets/guards/bangkok/hotel_security/materials/male_reg_bangkok_hotelsecurity_shoes.mi].pc_entitytype","blueprint":"[assembly:/_pro/characters/assets/guards/bangkok/hotel_security/materials/male_reg_bangkok_hotelsecurity_shoes.mi].pc_entityblueprint","properties":{"1737952988":{"type":"IRenderMaterialEntity.EModifierOperation","value":"eReplace"},"2287298018":{"type":"IRenderMaterialEntity.EModifierOperation","value":"eReplace"},"m_mTransform":{"type":"SMatrix43","value":{"rotation":{"x":0,"y":0,"z":0},"position":{"x":0,"y":0,"z":0}}},"ConstantVector1D_05_Value":{"type":"float32","value":0.5099999904632568},"Texture2D_01_enab":{"type":"bool","value":true},"Texture2D_01":{"type":"ZRuntimeResourceID","value":{"resource":"0056D10B3D6AFAD8","flag":"5F"}},"Texture2DNormal_01_enab":{"type":"bool","value":true},"Texture2DNormal_01":{"type":"ZRuntimeResourceID","value":{"resource":"0012B1C58624FB9D","flag":"5F"}},"Texture2D_03_enab":{"type":"bool","value":true},"Texture2D_03":{"type":"ZRuntimeResourceID","value":{"resource":"0066A12C24F2E2F9","flag":"5F"}},"Clients":{"type":"TArray<SEntityTemplateReference>","value":["6ce9f47936f17c5"],"postInit":true},"m_eidParent":{"type":"SEntityTemplateReference","value":"7cbddc86ac869d0b","postInit":true}}},"6ce9f47936f17c5":{"parent":"7cbddc86ac869d0b","name":"Mesh_Shoes01","factory":"[modules:/zbodypartentity.class].pc_entitytype","blueprint":"[modules:/zbodypartentity.class].pc_entityblueprint","properties":{"m_pMeshResource":{"type":"ZRuntimeResourceID","value":{"resource":"00C536224D4F37E1","flag":"5F"}}},"inputCopying":{"ConstantVector1D_04_Value":{"ConstantVector1D_04_Value":["308516cf8f532a01"]}}},"30282971772f6c1b":{"parent":"7cbddc86ac869d0b","name":"Head_47","factory":"00537D16B5CE7286","blueprint":"00F2E4A932ECAA63"},"51f155a4eb2da55e":{"parent":"70a5042d080aa515","name":"male_reg_belt_01","factory":"0043725859FC505F","blueprint":"0023812E573A1012","properties":{"1565884279":{"type":"IRenderMaterialEntity.EModifierOperation","value":"eReplace"},"2287298018":{"type":"IRenderMaterialEntity.EModifierOperation","value":"eReplace"},"m_mTransform":{"type":"SMatrix43","value":{"rotation":{"x":0,"y":0,"z":0},"position":{"x":0,"y":0,"z":0}}},"Diffuse_Saturation_01_Value":{"type":"float32","value":0.10000000149011612},"ConstantVector1D_01_Value_op":{"type":"IRenderMaterialEntity.EModifierOperation","value":"eReplace"},"ConstantVector1D_01_Value":{"type":"float32","value":0.20000000298023224},"Clients":{"type":"TArray<SEntityTemplateReference>","value":["70a5042d080aa515"],"postInit":true},"m_eidParent":{"type":"SEntityTemplateReference","value":"7cbddc86ac869d0b","postInit":true}}},"531a02f448eff622":{"parent":"7cbddc86ac869d0b","name":"Lerp 6","factory":"[modules:/zmathlerp.class].pc_entitytype","blueprint":"[modules:/zmathlerp.class].pc_entityblueprint","properties":{"m_A":{"type":"float32","value":0.25999999046325684},"m_fT":{"type":"float32","value":0},"m_B":{"type":"float32","value":0.6000000238418579}},"events":{"Lerp":{"philip_tie_Specular_Roughness_Min":["2f83c5e8b422ef20"]}}},"5659c6d0458e9cbe":{"parent":"7cbddc86ac869d0b","name":"Mesh_Socks","factory":"[modules:/zbodypartentity.class].pc_entitytype","blueprint":"[modules:/zbodypartentity.class].pc_entityblueprint","properties":{"m_pMeshResource":{"type":"ZRuntimeResourceID","value":{"resource":"0063B05E0712FBB3","flag":"5F"}}},"inputCopying":{"ConstantVector1D_04_Value":{"ConstantVector1D_04_Value":["458ac1b8731e4c5d"]}}},"3d9ffbff4a43bff6":{"parent":"7cbddc86ac869d0b","name":"Lerp 1","factory":"[modules:/zmathlerp.class].pc_entitytype","blueprint":"[modules:/zmathlerp.class].pc_entityblueprint","properties":{"m_A":{"type":"float32","value":0.4000000059604645},"m_B":{"type":"float32","value":0.12999999523162842},"m_fT":{"type":"float32","value":0}},"events":{"Lerp":{"shirt_long_sleeve_Diffuse_Albedo":["2f83c5e8b422ef20"],"shirt_buttoned_up_Diffuse_Albedo":["2f83c5e8b422ef20"]}}},"9adc8a8a1a686355":{"parent":"7cbddc86ac869d0b","name":"Lerp 4","factory":"[modules:/zmathlerp.class].pc_entitytype","blueprint":"[modules:/zmathlerp.class].pc_entityblueprint","properties":{"m_A":{"type":"float32","value":0.5},"m_B":{"type":"float32","value":0.30000001192092896},"m_fT":{"type":"float32","value":0}},"events":{"Lerp":{"suit_jacket_open_Diffuse_Albedo":["2f83c5e8b422ef20"],"ConstantVector1D_01_Value":["874c6460f822fffe"]}}},"3c25ecc4b09f0420":{"parent":"7cbddc86ac869d0b","name":"Lerp 3","factory":"[modules:/zmathlerp.class].pc_entitytype","blueprint":"[modules:/zmathlerp.class].pc_entityblueprint","properties":{"m_A":{"type":"float32","value":0.05000000074505806},"m_B":{"type":"float32","value":0.5},"m_fT":{"type":"float32","value":0}}},"70a5042d080aa515":{"parent":"7cbddc86ac869d0b","name":"Mesh_Belt","factory":"[modules:/zbodypartentity.class].pc_entitytype","blueprint":"[modules:/zbodypartentity.class].pc_entityblueprint","properties":{"m_pMeshResource":{"type":"ZRuntimeResourceID","value":{"resource":"004AE40C64125C4E","flag":"5F"}}},"inputCopying":{"ConstantVector1D_04_Value":{"ConstantVector1D_04_Value":["51f155a4eb2da55e"]}}},"450ec0a0cff056f3":{"parent":"7cbddc86ac869d0b","name":"ChildNetwork","factory":"[modules:/zchildnetworkentity.class].pc_entitytype","blueprint":"[modules:/zchildnetworkentity.class].pc_entityblueprint","properties":{"m_RuntimeNetworkResourceID":{"type":"ZRuntimeResourceID","value":{"resource":"[assembly:/animationnetworks/hitman01/idles/suitidle.aln].pc_rtn","flag":"9F"}}}},"7cbddc86ac869d0b":{"parent":null,"name":"OUTFIT_Agent47_Gecko_Gloves_HeroA_V0","factory":"[assembly:/templates/aspectdummy.aspect]([modules:/zlinkedproxyentity.class].entitytype,[modules:/zclothcharacterentity.class].entitytype,[modules:/zheroidlenetworkaspect.class].entitytype).pc_entitytype","blueprint":"[assembly:/templates/aspectdummy.aspect]([modules:/zlinkedproxyentity.class].entitytype,[modules:/zclothcharacterentity.class].entitytype,[modules:/zheroidlenetworkaspect.class].entitytype).pc_entityblueprint","properties":{"m_ResourceID":{"type":"ZRuntimeResourceID","value":null},"m_fLODScale":{"type":"float32","value":1},"m_mTransform":{"type":"SMatrix43","value":{"rotation":{"x":0,"y":0,"z":0},"position":{"x":35.42428970336914,"y":31.754539489746094,"z":0.01798900030553341}}},"m_pBonesAndCollisionResource":{"type":"ZRuntimeResourceID","value":{"resource":"0017416135CF879C","flag":"5F"}},"m_bUsePerVertexStiffness":{"type":"bool","value":true},"m_bGlobalCollidersEnabled":{"type":"bool","value":false},"m_fDamping":{"type":"float32","value":1},"m_fBendStiffness":{"type":"float32","value":1},"m_bUsePerVertexDamping":{"type":"bool","value":true},"m_fShearStiffness":{"type":"float32","value":1},"m_bUseSkinningPosNormalConstrains":{"type":"bool","value":true},"m_bUseSkinningNegNormalConstrains":{"type":"bool","value":true},"m_nIterations":{"type":"uint32","value":2},"m_fFrequency":{"type":"float32","value":90},"m_vTranslationScale":{"type":"SVector3","value":{"x":0.10000000149011612,"y":0.10000000149011612,"z":0.10000000149011612}},"m_vGravity":{"type":"SVector3","value":{"x":0,"y":0,"z":-13}},"m_fLODOffset":{"type":"float32","value":100},"m_fDragConstant":{"type":"float32","value":1},"m_eStretchConstrainType":{"type":"EClothStretchConstrainType","value":"eClothBendConstrainType_LRA"},"m_fAngularVelocityThreshold":{"type":"float32","value":60},"m_eRootBone":{"type":"BoneId.Enum","value":"PELVIS"},"m_bEnableAngularVelocityScale":{"type":"bool","value":true},"m_eBendConstrainType":{"type":"EClothBendConstrainType","value":"eClothBendConstrainType_Triangle"},"m_pIdleAnimNetworkEntity":{"type":"SEntityTemplateReference","value":"450ec0a0cff056f3"},"m_bRandomStartState":{"type":"bool","value":true},"m_fWindConstant":{"type":"float32","value":0.10000000149011612},"m_aBodyParts":{"type":"TArray<SEntityTemplateReference>","value":["874c6460f822fffe","6ce9f47936f17c5","70a5042d080aa515","5659c6d0458e9cbe","2f83c5e8b422ef20","30282971772f6c1b","49b42fb247d5a574"],"postInit":true}}},"874c6460f822fffe":{"parent":"7cbddc86ac869d0b","name":"Mesh_Pant","factory":"[modules:/zbodypartentity.class].pc_entitytype","blueprint":"[modules:/zbodypartentity.class].pc_entityblueprint","properties":{"m_pMeshResource":{"type":"ZRuntimeResourceID","value":{"resource":"00408DC64039D5CB","flag":"5F"}}},"inputCopying":{"ConstantVector1D_14_Value":{"ConstantVector1D_14_Value":["8dec5b6814ea2b3d"]},"ConstantVector1D_06_Value":{"ConstantVector1D_06_Value":["8dec5b6814ea2b3d"]},"ConstantVector1D_01_Value":{"ConstantVector1D_01_Value":["8dec5b6814ea2b3d"]}}}},"propertyOverrides":[],"overrideDeletes":[],"pinConnectionOverrides":[],"pinConnectionOverrideDeletes":[],"externalScenes":[],"subType":"template","quickEntityVersion":3.1,"extraFactoryDependencies":[],"extraBlueprintDependencies":[],"comments":[]}