{"tempHash":"0088284DB5CDFD87","tbluHash":"000B050A85C399A3","rootEntity":"e710c603654cc690","entities":{"f62a587216c91989":{"parent":"e710c603654cc690","name":"Lerp 3 albedo","factory":"[modules:/zmathlerp.class].pc_entitytype","blueprint":"[modules:/zmathlerp.class].pc_entityblueprint","properties":{"m_fT":{"type":"float32","value":0},"m_B":{"type":"float32","value":0.30000001192092896},"m_A":{"type":"float32","value":0.5}},"events":{"Lerp":{"ConstantVector1D_01_Value":["536b86e95b33a70a","89e11e4b18827aec"]}}},"5f7d9c9a7c99f01f":{"parent":"e710c603654cc690","name":"Lerp 5","factory":"[modules:/zmathlerp.class].pc_entitytype","blueprint":"[modules:/zmathlerp.class].pc_entityblueprint","properties":{"m_fT":{"type":"float32","value":0},"m_B":{"type":"float32","value":0.800000011920929},"m_A":{"type":"float32","value":0.3799999952316284}}},"3e1a2712cfd377c7":{"parent":"e710c603654cc690","name":"Lerp specular","factory":"[modules:/zmathlerp.class].pc_entitytype","blueprint":"[modules:/zmathlerp.class].pc_entityblueprint","properties":{"m_fT":{"type":"float32","value":0},"m_B":{"type":"float32","value":0.3499999940395355}},"events":{"Lerp":{"ConstantVector1D_05_Value":["536b86e95b33a70a","89e11e4b18827aec"]}}},"d30980327018d4c7":{"parent":"e710c603654cc690","name":"Mesh_Hands","factory":"[modules:/zbodypartentity.class].pc_entitytype","blueprint":"[modules:/zbodypartentity.class].pc_entityblueprint","properties":{"m_pMeshResource":{"type":"ZRuntimeResourceID","value":{"resource":"006EF3B73EB77D7A","flag":"5F"}}}},"e864b9523da746a4":{"parent":"e710c603654cc690","name":"MaleReg_Scarecrow_Collider","factory":"00CC39693D56E42B","blueprint":"0021D17324581069","properties":{"m_linkedEntity":{"type":"SEntityTemplateReference","value":"e710c603654cc690","postInit":true},"m_eidParent":{"type":"SEntityTemplateReference","value":"e710c603654cc690","postInit":true}}},"cb0560d5088f1c1e":{"parent":"e710c603654cc690","name":"Mesh_Head","factory":"[modules:/zbodypartentity.class].pc_entitytype","blueprint":"[modules:/zbodypartentity.class].pc_entityblueprint","properties":{"m_pMeshResource":{"type":"ZRuntimeResourceID","value":{"resource":"00B56DB95950BD5E","flag":"5F"}},"m_IsHiddenInVR":{"type":"bool","value":true}}},"536b86e95b33a70a":{"parent":"e710c603654cc690","name":"male_reg_scarecrow_coat","factory":"[assembly:/_pro/characters/assets/individuals/colorado/scarecrow/materials/male_reg_scarecrow_coat.mi].pc_entitytype","blueprint":"[assembly:/_pro/characters/assets/individuals/colorado/scarecrow/materials/male_reg_scarecrow_coat.mi].pc_entityblueprint","properties":{"m_mTransform":{"type":"SMatrix43","value":{"rotation":{"x":0,"y":0,"z":0},"position":{"x":0,"y":0,"z":0}}},"ConstantVector1D_06_Value_op":{"type":"IRenderMaterialEntity.EModifierOperation","value":"eReplace"},"ConstantVector1D_04_Value_op":{"type":"IRenderMaterialEntity.EModifierOperation","value":"eReplace"},"ConstantVector1D_03_Value_op":{"type":"IRenderMaterialEntity.EModifierOperation","value":"eReplace"},"ConstantVector1D_01_Value_op":{"type":"IRenderMaterialEntity.EModifierOperation","value":"eModulate"},"Clients":{"type":"TArray<SEntityTemplateReference>","value":["e710c603654cc690"],"postInit":true},"m_eidParent":{"type":"SEntityTemplateReference","value":"e710c603654cc690","postInit":true}}},"2025f197da4ac2a1":{"parent":"e710c603654cc690","name":"FX_Hitman_Wet_Logic_Character","factory":"0067CFB703A80787","blueprint":"00AA88C960CD2080","properties":{"HeadMaterialToOverride":{"type":"ZRuntimeResourceID","value":{"resource":"009F7978C601815A","flag":"5F"}},"HeadMaterialOverride":{"type":"TArray<SEntityTemplateReference>","value":["e710c603654cc690"],"postInit":true}},"events":{"HitmanWetness":{"T":["3e1a2712cfd377c7","bf0cddd451e43711","f62a587216c91989","7f570695ba0b3ae","5f7d9c9a7c99f01f","5c925761b53baabd"]}}},"bf0cddd451e43711":{"parent":"e710c603654cc690","name":"Lerp 2","factory":"[modules:/zmathlerp.class].pc_entitytype","blueprint":"[modules:/zmathlerp.class].pc_entityblueprint","properties":{"m_fT":{"type":"float32","value":0},"m_B":{"type":"float32","value":0.800000011920929},"m_A":{"type":"float32","value":1.0800000429153442}}},"89e11e4b18827aec":{"parent":"e710c603654cc690","name":"male_reg_scarecrow_mask","factory":"[assembly:/_pro/characters/assets/individuals/colorado/scarecrow/materials/male_reg_scarecrow_mask.mi].pc_entitytype","blueprint":"[assembly:/_pro/characters/assets/individuals/colorado/scarecrow/materials/male_reg_scarecrow_mask.mi].pc_entityblueprint","properties":{"m_mTransform":{"type":"SMatrix43","value":{"rotation":{"x":0,"y":0,"z":0},"position":{"x":0,"y":0,"z":0}}},"ConstantVector1D_06_Value_op":{"type":"IRenderMaterialEntity.EModifierOperation","value":"eReplace"},"ConstantVector1D_04_Value_op":{"type":"IRenderMaterialEntity.EModifierOperation","value":"eReplace"},"ConstantVector1D_05_Value_op":{"type":"IRenderMaterialEntity.EModifierOperation","value":"eReplace"},"ConstantVector1D_01_Value_op":{"type":"IRenderMaterialEntity.EModifierOperation","value":"eReplace"},"Clients":{"type":"TArray<SEntityTemplateReference>","value":["e710c603654cc690"],"postInit":true},"m_eidParent":{"type":"SEntityTemplateReference","value":"e710c603654cc690","postInit":true}}},"7f570695ba0b3ae":{"parent":"e710c603654cc690","name":"Lerp 4_normal","factory":"[modules:/zmathlerp.class].pc_entitytype","blueprint":"[modules:/zmathlerp.class].pc_entityblueprint","properties":{"m_fT":{"type":"float32","value":0},"m_B":{"type":"float32","value":2},"m_A":{"type":"float32","value":1.2999999523162842}},"events":{"Lerp":{"ConstantVector1D_06_Value":["536b86e95b33a70a","89e11e4b18827aec"]}}},"da0b584f0aa99e85":{"parent":"e710c603654cc690","name":"Part_Dungarees","factory":"[modules:/zbodypartentity.class].pc_entitytype","blueprint":"[modules:/zbodypartentity.class].pc_entityblueprint","properties":{"m_pMeshResource":{"type":"ZRuntimeResourceID","value":{"resource":"[assembly:/_pro/characters/assets/individuals/colorado/scarecrow/geometry/male_reg_scarecrow.wl2?/dungarees.weightedprim](bodypart).pc_weightedprim","flag":"5F"}}}},"5c925761b53baabd":{"parent":"e710c603654cc690","name":"Lerp 6","factory":"[modules:/zmathlerp.class].pc_entitytype","blueprint":"[modules:/zmathlerp.class].pc_entityblueprint","properties":{"m_fT":{"type":"float32","value":0},"m_B":{"type":"float32","value":2},"m_A":{"type":"float32","value":1}}},"805488bb2130e340":{"parent":"e710c603654cc690","name":"Part_Coat","factory":"[modules:/zbodypartentity.class].pc_entitytype","blueprint":"[modules:/zbodypartentity.class].pc_entityblueprint","properties":{"m_pMeshResource":{"type":"ZRuntimeResourceID","value":{"resource":"[assembly:/_pro/characters/assets/individuals/colorado/scarecrow/geometry/male_reg_scarecrow.wl2?/coat.weightedprim](bodypart).pc_weightedprim","flag":"5F"}}}},"7735dcf50bc1bdea":{"parent":"e710c603654cc690","name":"Part_Shirt","factory":"[modules:/zbodypartentity.class].pc_entitytype","blueprint":"[modules:/zbodypartentity.class].pc_entityblueprint","properties":{"m_pMeshResource":{"type":"ZRuntimeResourceID","value":{"resource":"[assembly:/_pro/characters/assets/individuals/colorado/scarecrow/geometry/male_reg_scarecrow.wl2?/shirt.weightedprim](bodypart).pc_weightedprim","flag":"5F"}}}},"e710c603654cc690":{"parent":null,"name":"OUTFIT_Agent47_Reward_Halloween_HeroA_v0","factory":"00EC23CD5ED3321D","blueprint":"00F08545F4143973","properties":{"m_ResourceID":{"type":"ZRuntimeResourceID","value":null},"m_fLODScale":{"type":"float32","value":1},"m_mTransform":{"type":"SMatrix43","value":{"rotation":{"x":0,"y":0,"z":-3.1688112095309138},"position":{"x":27.91143035888672,"y":3.4048030376434326,"z":-0.0006820000126026571}}},"m_pBonesAndCollisionResource":{"type":"ZRuntimeResourceID","value":{"resource":"004E2C4FC114F487","flag":"5F"}},"m_LocalColliders":{"type":"TArray<SEntityTemplateReference>","value":["e864b9523da746a4"]},"m_bUsePerVertexStiffness":{"type":"bool","value":false},"m_bGlobalCollidersEnabled":{"type":"bool","value":false},"m_bUsePerVertexDamping":{"type":"bool","value":false},"m_bUseSkinningPosNormalConstrains":{"type":"bool","value":false},"m_bUseSkinningNegNormalConstrains":{"type":"bool","value":false},"m_fLODOffset":{"type":"float32","value":100},"m_bLimitTranslation":{"type":"bool","value":false},"m_fDamping":{"type":"float32","value":0.5},"m_fWindConstant":{"type":"float32","value":0.10000000149011612},"m_eRootBone":{"type":"BoneId.Enum","value":"PELVIS"},"m_bEnableAngularVelocityScale":{"type":"bool","value":true},"m_eBendConstrainType":{"type":"EClothBendConstrainType","value":"eClothBendConstrainType_Stick"},"m_fBendStiffness":{"type":"float32","value":0.5},"m_fShearStiffness":{"type":"float32","value":0.5},"m_fFrequency":{"type":"float32","value":60},"m_nIterations":{"type":"uint32","value":2},"m_eStretchConstrainType":{"type":"EClothStretchConstrainType","value":"eClothBendConstrainType_None"},"m_eRoomBehaviour":{"type":"ZSpatialEntity.ERoomBehaviour","value":"ROOM_DYNAMIC"},"m_aBodyParts":{"type":"TArray<SEntityTemplateReference>","value":["d30980327018d4c7","da0b584f0aa99e85","805488bb2130e340","58e2f6cdfc83be26","840a7eb1ddb1fd21","7735dcf50bc1bdea","cb0560d5088f1c1e"],"postInit":true}}},"840a7eb1ddb1fd21":{"parent":"e710c603654cc690","name":"Part_Mask","factory":"[modules:/zbodypartentity.class].pc_entitytype","blueprint":"[modules:/zbodypartentity.class].pc_entityblueprint","properties":{"m_pMeshResource":{"type":"ZRuntimeResourceID","value":{"resource":"00496EB8A988593E","flag":"5F"}},"m_IsHiddenInVR":{"type":"bool","value":true}}},"58e2f6cdfc83be26":{"parent":"e710c603654cc690","name":"Part_Shoes","factory":"[modules:/zbodypartentity.class].pc_entitytype","blueprint":"[modules:/zbodypartentity.class].pc_entityblueprint","properties":{"m_pMeshResource":{"type":"ZRuntimeResourceID","value":{"resource":"[assembly:/_pro/characters/assets/individuals/colorado/scarecrow/geometry/male_reg_scarecrow.wl2?/boots.weightedprim](bodypart).pc_weightedprim","flag":"5F"}}}},"189bcd01e84dc4b4":{"parent":"e710c603654cc690","name":"agent47_eye","factory":"[assembly:/_pro/characters/assets/hero/agent47/materials/agent47_eye.mi].pc_entitytype","blueprint":"[assembly:/_pro/characters/assets/hero/agent47/materials/agent47_eye.mi].pc_entityblueprint","properties":{"m_mTransform":{"type":"SMatrix43","value":{"rotation":{"x":0,"y":0,"z":3.1688112095309138},"position":{"x":1.5603710412979126,"y":1.7898080348968506,"z":0.0006820000126026571}}},"Clients":{"type":"TArray<SEntityTemplateReference>","value":["e710c603654cc690"]},"EyeShader_01_CorneaSpecularIntensity_op":{"type":"IRenderMaterialEntity.EModifierOperation","value":"eReplace"},"EyeShader_01_CorneaSpecularIntensity":{"type":"float32","value":0.007000000216066837},"EyeShader_01_ScleraSpecularIntensity":{"type":"float32","value":0.007000000216066837},"EyeShader_01_ScleraSpecularIntensity_op":{"type":"IRenderMaterialEntity.EModifierOperation","value":"eLeave"},"m_eidParent":{"type":"SEntityTemplateReference","value":"e710c603654cc690"}}}},"propertyOverrides":[],"overrideDeletes":[],"pinConnectionOverrides":[],"pinConnectionOverrideDeletes":[],"externalScenes":[],"subType":"template","quickEntityVersion":3.1,"extraFactoryDependencies":[{"resource":"[assembly:/_pro/characters/assets/hero/agent47/textures/agent47_eyes.texture?/normal_outer.tex](asnormalmap).pc_tex","flag":"5F"},{"resource":"[assembly:/_pro/characters/assets/hero/agent47/textures/agent47_eyes.texture?/diffuse_blue.tex](ascolormap).pc_tex","flag":"5F"},{"resource":"[assembly:/_pro/characters/assets/_genericparts/skin/textures/skin_detail.texture?/normal_a.tex](asnormalmap).pc_tex","flag":"5F"},{"resource":"[assembly:/_pro/characters/assets/_genericparts/skin/textures/skin_detail.texture?/variance_a.tex](asheightmap).pc_tex","flag":"5F"},{"resource":"[assembly:/_pro/characters/assets/hero/agent47/textures/agent47_eyes.texture?/height_a.tex](asheightmap).pc_tex","flag":"5F"},{"resource":"[assembly:/_pro/characters/assets/hero/agent47/textures/agent47_eyes.texture?/height_b.tex](asheightmap).pc_tex","flag":"5F"},{"resource":"007D850436B0A092","flag":"5F"},{"resource":"00D247582859CA87","flag":"5F"},{"resource":"00D20CA72E352D16","flag":"5F"},{"resource":"[assembly:/_pro/characters/assets/individuals/colorado/scarecrow/textures/male_reg_scarecrow_coat.texture?/normal_a.tex](asnormalmap).pc_tex","flag":"5F"},{"resource":"[assembly:/_pro/characters/assets/individuals/colorado/scarecrow/textures/male_reg_scarecrow_coat.texture?/specular_a.tex](ascolormap).pc_tex","flag":"5F"},{"resource":"[assembly:/_pro/characters/assets/individuals/colorado/scarecrow/textures/male_reg_scarecrow_coat.texture?/diffuse_a.tex](ascolormap).pc_tex","flag":"5F"},{"resource":"[assembly:/_pro/characters/assets/individuals/colorado/scarecrow/textures/male_reg_scarecrow_mask.texture?/normal_a.tex](asnormalmap).pc_tex","flag":"5F"},{"resource":"[assembly:/_pro/characters/assets/individuals/colorado/scarecrow/textures/male_reg_scarecrow_mask.texture?/specular_a.tex](ascolormap).pc_tex","flag":"5F"},{"resource":"[assembly:/_pro/characters/assets/individuals/colorado/scarecrow/textures/male_reg_scarecrow_mask.texture?/diffuse_a.tex](ascolormap).pc_tex","flag":"5F"}],"extraBlueprintDependencies":[],"comments":[]}