{"tempHash":"001FC0A8000350B1","tbluHash":"000DBBDC200A3D64","patch":[{"RemoveEntityByID":"c32377b015d7a755"},{"SubEntityOperation":["420747f1f3397636",{"SetName":"Gloves_Leather"}]},{"SubEntityOperation":["420747f1f3397636",{"RemovePropertyByName":"Texture2D_01"}]},{"SubEntityOperation":["420747f1f3397636",{"RemovePropertyByName":"Texture2DNormal_01"}]},{"SubEntityOperation":["420747f1f3397636",{"RemovePropertyByName":"Texture2D_03"}]},{"SubEntityOperation":["420747f1f3397636",{"RemovePropertyByName":"ConstantVector1D_01_Value"}]},{"SubEntityOperation":["420747f1f3397636",{"SetPropertyValue":{"property_name":"Diffuse_Color_01_Value","value":"#2e2e2e"}}]},{"SubEntityOperation":["420747f1f3397636",{"AddProperty":["m_pMeshResource",{"type":"ZRuntimeResourceID","value":{"resource":"006B521E78E6AE69","flag":"5F"}}]}]},{"SubEntityOperation":["420747f1f3397636",{"RemoveAllInputCopyConnectionsForInput":"ConstantVector1D_01_Value"}]}],"patchVersion":6}