{"tempHash":"006B612DFA84D0EA","tbluHash":"0050D41351ADAE5E","patch":[{"RemoveEntityByID":"b0341c060ca55725"},{"RemoveEntityByID":"ef7a2dfe40a27637"},{"SubEntityOperation":["c41748603388bc1",{"RemoveEventConnection":["Lerp","ConstantVector1D_14_Value","ef7a2dfe40a27637"]}]},{"SubEntityOperation":["1470a95be1a0fe90",{"PatchArrayPropertyValue":["m_aBodyParts",[{"RemoveItemByValue":"ef7a2dfe40a27637"}]]}]},{"SubEntityOperation":["5f120067d26ef799",{"RemoveAllEventConnectionsForEvent":"Lerp"}]}],"patchVersion":6}