{"tempHash":"00D57B6E2B14A5D3","tbluHash":"00ED65B4133F1EA1","rootEntity":"b07cba24144b8f09","entities":{"9276c57f700264cc":{"parent":"b07cba24144b8f09","name":"Mesh_Shoes","factory":"[modules:/zbodypartentity.class].pc_entitytype","blueprint":"[modules:/zbodypartentity.class].pc_entityblueprint","properties":{"m_pMeshResource":{"type":"ZRuntimeResourceID","value":{"resource":"[assembly:/_pro/characters/assets/hero/agent47/geometry/male_reg_agent47_tutorial_a.wl2?/shoes.weightedprim](bodypart).pc_weightedprim","flag":"5F"}}}},"695ffc406a16bbec":{"parent":"b07cba24144b8f09","name":"FX_Hitman_Wet_Logic_Character","factory":"0067CFB703A80787","blueprint":"00AA88C960CD2080","properties":{"HeadMaterialToOverride":{"type":"ZRuntimeResourceID","value":{"resource":"009F7978C601815A","flag":"5F"}},"HeadMaterialOverride":{"type":"TArray<SEntityTemplateReference>","value":["b07cba24144b8f09"],"postInit":true}},"events":{"HitmanWetness":{"T":["56bf2befa3af9fff","4b0891fc3f2739"]},"ChangedDisguiseTrigger":{"Activate":["8ee7cb1744bae3b3","5d6d73d6ad5a3050","8e5fa9cb13d65200","2854e5f936ae6dee"]}}},"8ee7cb1744bae3b3":{"parent":"b07cba24144b8f09","name":"male_reg_agent47_tutorial_pants_01","factory":"[assembly:/_pro/characters/assets/hero/agent47/materials/male_reg_agent47_tutorial_pants_01.mi].pc_entitytype","blueprint":"[assembly:/_pro/characters/assets/hero/agent47/materials/male_reg_agent47_tutorial_pants_01.mi].pc_entityblueprint","properties":{"m_mTransform":{"type":"SMatrix43","value":{"rotation":{"x":0,"y":0,"z":1.7170104267555653},"position":{"x":4.058448791503906,"y":10.054510116577148,"z":-2.25032901763916}}},"Active":{"type":"bool","value":false},"ConstantVector1D_04_Value_op":{"type":"IRenderMaterialEntity.EModifierOperation","value":"eReplace"},"ConstantVector1D_06_Value_op":{"type":"IRenderMaterialEntity.EModifierOperation","value":"eReplace"},"Clients":{"type":"TArray<SEntityTemplateReference>","value":["b07cba24144b8f09"],"postInit":true},"m_eidParent":{"type":"SEntityTemplateReference","value":"b07cba24144b8f09","postInit":true}}},"f9a3d277817ac513":{"parent":"b07cba24144b8f09","name":"ChildNetwork","factory":"[modules:/zchildnetworkentity.class].pc_entitytype","blueprint":"[modules:/zchildnetworkentity.class].pc_entityblueprint","properties":{"m_RuntimeNetworkResourceID":{"type":"ZRuntimeResourceID","value":{"resource":"[assembly:/animationnetworks/hitman01/idles/suitidle.aln].pc_rtn","flag":"9F"}}}},"5a519d27d829ecd6":{"parent":"b07cba24144b8f09","name":"Mesh_Watch","factory":"[modules:/zbodypartentity.class].pc_entitytype","blueprint":"[modules:/zbodypartentity.class].pc_entityblueprint","properties":{"m_pMeshResource":{"type":"ZRuntimeResourceID","value":{"resource":"006548141F09664C","flag":"5F"}}}},"2c640fd241f29d2e":{"parent":"b07cba24144b8f09","name":"Mesh_Shirt","factory":"[modules:/zbodypartentity.class].pc_entitytype","blueprint":"[modules:/zbodypartentity.class].pc_entityblueprint","properties":{"m_pMeshResource":{"type":"ZRuntimeResourceID","value":{"resource":"[assembly:/_pro/characters/assets/hero/agent47/geometry/male_reg_agent47_tutorial_a.wl2?/shirt.weightedprim](bodypart).pc_weightedprim","flag":"5F"}}}},"56bf2befa3af9fff":{"parent":"b07cba24144b8f09","name":"Lerp","factory":"[modules:/zmathlerp.class].pc_entitytype","blueprint":"[modules:/zmathlerp.class].pc_entityblueprint","properties":{"m_fT":{"type":"float32","value":0},"m_B":{"type":"float32","value":0.30000001192092896}},"events":{"Lerp":{"ConstantVector1D_04_Value":["8ee7cb1744bae3b3","8e5fa9cb13d65200","2854e5f936ae6dee"]}}},"4b0891fc3f2739":{"parent":"b07cba24144b8f09","name":"Lerp 1","factory":"[modules:/zmathlerp.class].pc_entitytype","blueprint":"[modules:/zmathlerp.class].pc_entityblueprint","properties":{"m_A":{"type":"float32","value":1},"m_B":{"type":"float32","value":2},"m_fT":{"type":"float32","value":0}},"events":{"Lerp":{"ConstantVector1D_06_Value":["8ee7cb1744bae3b3"]}}},"b07cba24144b8f09":{"parent":null,"name":"OUTFIT_Agent47_TrainingSuit_HeroA_V0","factory":"[assembly:/templates/aspectdummy.aspect]([modules:/zlinkedproxyentity.class].entitytype,[modules:/zclothcharacterentity.class].entitytype,[modules:/zheroidlenetworkaspect.class].entitytype).pc_entitytype","blueprint":"[assembly:/templates/aspectdummy.aspect]([modules:/zlinkedproxyentity.class].entitytype,[modules:/zclothcharacterentity.class].entitytype,[modules:/zheroidlenetworkaspect.class].entitytype).pc_entityblueprint","properties":{"m_ResourceID":{"type":"ZRuntimeResourceID","value":null},"m_fLODScale":{"type":"float32","value":1},"m_mTransform":{"type":"SMatrix43","value":{"rotation":{"x":0,"y":0,"z":-1.7170104267555653},"position":{"x":8.463926315307617,"y":5.57896614074707,"z":0.00002700000004551839}}},"m_pBonesAndCollisionResource":{"type":"ZRuntimeResourceID","value":{"resource":"[assembly:/_pro/characters/assets/hero/agent47/geometry/regmale_agent47.wl2?/bones.weightedprim](bodypart).pc_bonerig","flag":"5F"}},"m_fWindConstant":{"type":"float32","value":0},"m_bUsePerVertexStiffness":{"type":"bool","value":false},"m_LocalColliders":{"type":"TArray<SEntityTemplateReference>","value":[]},"m_bGlobalCollidersEnabled":{"type":"bool","value":false},"m_fDamping":{"type":"float32","value":0.12999999523162842},"m_fBendStiffness":{"type":"float32","value":0.800000011920929},"m_bUsePerVertexDamping":{"type":"bool","value":false},"m_fShearStiffness":{"type":"float32","value":0.800000011920929},"m_bUseSkinningPosNormalConstrains":{"type":"bool","value":true},"m_bUseSkinningNegNormalConstrains":{"type":"bool","value":true},"m_nIterations":{"type":"uint32","value":2},"m_fFrequency":{"type":"float32","value":90},"m_vTranslationScale":{"type":"SVector3","value":{"x":0.10000000149011612,"y":0.10000000149011612,"z":0.10000000149011612}},"m_vGravity":{"type":"SVector3","value":{"x":0,"y":0,"z":-10}},"m_fLODOffset":{"type":"float32","value":100},"m_fDragConstant":{"type":"float32","value":1},"m_eStretchConstrainType":{"type":"EClothStretchConstrainType","value":"eClothBendConstrainType_None"},"m_fAngularVelocityThreshold":{"type":"float32","value":60},"m_eRootBone":{"type":"BoneId.Enum","value":"PELVIS"},"m_bEnableAngularVelocityScale":{"type":"bool","value":true},"m_eBendConstrainType":{"type":"EClothBendConstrainType","value":"eClothBendConstrainType_Triangle"},"m_pIdleAnimNetworkEntity":{"type":"SEntityTemplateReference","value":"f9a3d277817ac513"},"m_bRandomStartState":{"type":"bool","value":true},"m_aBodyParts":{"type":"TArray<SEntityTemplateReference>","value":["859a5d32491affc6","4acd8eccd3f85bd","2c640fd241f29d2e","a07b56e7ba28bb6c","5a519d27d829ecd6","9276c57f700264cc","feed07583f2553af"],"postInit":true}}},"4acd8eccd3f85bd":{"parent":"b07cba24144b8f09","name":"Mesh_Pants","factory":"[modules:/zbodypartentity.class].pc_entitytype","blueprint":"[modules:/zbodypartentity.class].pc_entityblueprint","properties":{"m_pMeshResource":{"type":"ZRuntimeResourceID","value":{"resource":"[assembly:/_pro/characters/assets/hero/agent47/geometry/male_reg_agent47_tutorial_a.wl2?/pants.weightedprim](bodypart).pc_weightedprim","flag":"5F"}}}},"a07b56e7ba28bb6c":{"parent":"b07cba24144b8f09","name":"Mesh_Elbows","factory":"[modules:/zbodypartentity.class].pc_entitytype","blueprint":"[modules:/zbodypartentity.class].pc_entityblueprint","properties":{"m_pMeshResource":{"type":"ZRuntimeResourceID","value":{"resource":"00932878EC2A69F3","flag":"5F"}}}},"859a5d32491affc6":{"parent":"b07cba24144b8f09","name":"Mesh_Head","factory":"[modules:/zbodypartentity.class].pc_entitytype","blueprint":"[modules:/zbodypartentity.class].pc_entityblueprint","properties":{"m_pMeshResource":{"type":"ZRuntimeResourceID","value":{"resource":"00B56DB95950BD5E","flag":"5F"}},"m_IsHiddenInVR":{"type":"bool","value":true}}},"2854e5f936ae6dee":{"parent":"b07cba24144b8f09","name":"male_reg_agent47_tutorial_shirt_01","factory":"[assembly:/_pro/characters/assets/hero/agent47/materials/male_reg_agent47_tutorial_shirt_01.mi].pc_entitytype","blueprint":"[assembly:/_pro/characters/assets/hero/agent47/materials/male_reg_agent47_tutorial_shirt_01.mi].pc_entityblueprint","properties":{"m_mTransform":{"type":"SMatrix43","value":{"rotation":{"x":0,"y":0,"z":1.7170104267555653},"position":{"x":11.49623966217041,"y":11.023059844970703,"z":2.427077054977417}}},"Clients":{"type":"TArray<SEntityTemplateReference>","value":["b07cba24144b8f09"]},"ConstantVector1D_04_Value_op":{"type":"IRenderMaterialEntity.EModifierOperation","value":"eReplace"},"Active":{"type":"bool","value":false},"m_eidParent":{"type":"SEntityTemplateReference","value":"b07cba24144b8f09"}}},"7fd0990ef8f3ea5f":{"parent":"b07cba24144b8f09","name":"agent47_eye","factory":"[assembly:/_pro/characters/assets/hero/agent47/materials/agent47_eye.mi].pc_entitytype","blueprint":"[assembly:/_pro/characters/assets/hero/agent47/materials/agent47_eye.mi].pc_entityblueprint","properties":{"m_mTransform":{"type":"SMatrix43","value":{"rotation":{"x":0,"y":0,"z":0},"position":{"x":0,"y":0,"z":0}}},"Clients":{"type":"TArray<SEntityTemplateReference>","value":["b07cba24144b8f09"]},"EyeShader_01_ScleraSpecularIntensity_op":{"type":"IRenderMaterialEntity.EModifierOperation","value":"eReplace"},"EyeShader_01_ScleraSpecularIntensity":{"type":"float32","value":0.007000000216066837},"EyeShader_01_CorneaSpecularIntensity_op":{"type":"IRenderMaterialEntity.EModifierOperation","value":"eReplace"},"EyeShader_01_CorneaSpecularIntensity":{"type":"float32","value":0.007000000216066837},"m_eidParent":{"type":"SEntityTemplateReference","value":"b07cba24144b8f09"}}},"8e5fa9cb13d65200":{"parent":"b07cba24144b8f09","name":"male_reg_agent47_tutorial_shoes_01","factory":"[assembly:/_pro/characters/assets/hero/agent47/materials/male_reg_agent47_tutorial_shoes_01.mi].pc_entitytype","blueprint":"[assembly:/_pro/characters/assets/hero/agent47/materials/male_reg_agent47_tutorial_shoes_01.mi].pc_entityblueprint","properties":{"m_mTransform":{"type":"SMatrix43","value":{"rotation":{"x":0,"y":0,"z":1.7170104267555653},"position":{"x":2.6737968921661377,"y":9.113370895385742,"z":-2.4998300075531006}}},"Clients":{"type":"TArray<SEntityTemplateReference>","value":["b07cba24144b8f09"]},"Active":{"type":"bool","value":false},"ConstantVector1D_04_Value_op":{"type":"IRenderMaterialEntity.EModifierOperation","value":"eReplace"},"m_eidParent":{"type":"SEntityTemplateReference","value":"b07cba24144b8f09"}}},"5d6d73d6ad5a3050":{"parent":"b07cba24144b8f09","name":"base_male_arms","factory":"[assembly:/_pro/characters/assets/_base/pro_male_regular/materials/base_male_arms.mi].pc_entitytype","blueprint":"[assembly:/_pro/characters/assets/_base/pro_male_regular/materials/base_male_arms.mi].pc_entityblueprint","properties":{"m_mTransform":{"type":"SMatrix43","value":{"rotation":{"x":0,"y":0,"z":1.7170104267555653},"position":{"x":-5.668817043304443,"y":9.981560707092285,"z":1.2998600006103516}}},"Clients":{"type":"TArray<SEntityTemplateReference>","value":["b07cba24144b8f09"]},"Active":{"type":"bool","value":false},"ConstantVector1D_04_Value_op":{"type":"IRenderMaterialEntity.EModifierOperation","value":"eReplace"},"m_eidParent":{"type":"SEntityTemplateReference","value":"b07cba24144b8f09"}}},"feed675bb3114d1e":{"parent":"b07cba24144b8f09","name":"agent_47_gloves","factory":"[assembly:/_pro/characters/assets/hero/agent47/materials/agent_47_gloves.mi].pc_entitytype","blueprint":"[assembly:/_pro/characters/assets/hero/agent47/materials/agent_47_gloves.mi].pc_entityblueprint","properties":{"2287298018":{"type":"IRenderMaterialEntity.EModifierOperation","value":"eReplace"},"m_mTransform":{"type":"SMatrix43","value":{"rotation":{"x":0,"y":0,"z":1.717010426755565},"position":{"x":-7.070847988128662,"y":5.987522125244141,"z":0.9290459752082825}}},"Active":{"type":"bool","value":false},"Clients":{"type":"TArray<SEntityTemplateReference>","value":["b07cba24144b8f09"],"postInit":true},"m_eidParent":{"type":"SEntityTemplateReference","value":"b07cba24144b8f09","postInit":true}}},"feed07583f2553af":{"parent":"b07cba24144b8f09","name":"Mesh_Gloves","factory":"[modules:/zbodypartentity.class].pc_entitytype","blueprint":"[modules:/zbodypartentity.class].pc_entityblueprint","properties":{"m_pMeshResource":{"type":"ZRuntimeResourceID","value":{"resource":"00C22138DA3D49F6","flag":"5F"}}}}},"propertyOverrides":[],"overrideDeletes":[],"pinConnectionOverrides":[],"pinConnectionOverrideDeletes":[],"externalScenes":[],"subType":"template","quickEntityVersion":3.1,"extraFactoryDependencies":[{"resource":"[assembly:/_pro/characters/assets/hero/agent47/textures/agent47_eyes.texture?/normal_outer.tex](asnormalmap).pc_tex","flag":"5F"},{"resource":"[assembly:/_pro/characters/assets/hero/agent47/textures/agent47_eyes.texture?/diffuse_blue.tex](ascolormap).pc_tex","flag":"5F"},{"resource":"[assembly:/_pro/characters/assets/_genericparts/skin/textures/skin_detail.texture?/normal_a.tex](asnormalmap).pc_tex","flag":"5F"},{"resource":"[assembly:/_pro/characters/assets/_genericparts/skin/textures/skin_detail.texture?/variance_a.tex](asheightmap).pc_tex","flag":"5F"},{"resource":"[assembly:/_pro/characters/assets/hero/agent47/textures/agent47_eyes.texture?/height_a.tex](asheightmap).pc_tex","flag":"5F"},{"resource":"[assembly:/_pro/characters/assets/hero/agent47/textures/agent47_eyes.texture?/height_b.tex](asheightmap).pc_tex","flag":"5F"},{"resource":"007D850436B0A092","flag":"5F"},{"resource":"00D247582859CA87","flag":"5F"},{"resource":"00D20CA72E352D16","flag":"5F"},{"resource":"[assembly:/_pro/characters/assets/_base/pro_male_regular/textures/base_male_arms.texture?/normal_a.tex](asnormalmap).pc_tex","flag":"5F"},{"resource":"[assembly:/_pro/characters/assets/_base/pro_male_regular/textures/base_male_arms.texture?/transmission.tex](ascolormap).pc_tex","flag":"5F"},{"resource":"[assembly:/_pro/characters/assets/_base/pro_male_regular/textures/base_male_arms.texture?/specular_a.tex](ascolormap).pc_tex","flag":"5F"},{"resource":"[assembly:/_pro/characters/assets/_base/pro_male_regular/textures/base_male_arms.texture?/diffuse_a.tex](ascolormap).pc_tex","flag":"5F"},{"resource":"[assembly:/_pro/characters/assets/_genericparts/skin/textures/skin_detail.texture?/variance_a.tex](ascolormap).pc_tex","flag":"5F"},{"resource":"[assembly:/_pro/characters/assets/hero/agent47/textures/male_reg_agent47_tutorial_pants_01.texture?/normal_a.tex](asnormalmap).pc_tex","flag":"5F"},{"resource":"[assembly:/_pro/characters/assets/hero/agent47/textures/male_reg_agent47_tutorial_pants_01.texture?/specular_a.tex](ascolormap).pc_tex","flag":"5F"},{"resource":"[assembly:/_pro/characters/assets/hero/agent47/textures/male_reg_agent47_tutorial_pants_01.texture?/diffuse_a.tex](ascolormap).pc_tex","flag":"5F"},{"resource":"[assembly:/_pro/characters/assets/hero/agent47/textures/male_reg_agent47_tutorial_shoes_01.texture?/normal_a.tex](asnormalmap).pc_tex","flag":"5F"},{"resource":"[assembly:/_pro/characters/assets/hero/agent47/textures/male_reg_agent47_tutorial_shoes_01.texture?/specular_a.tex](ascolormap).pc_tex","flag":"5F"},{"resource":"[assembly:/_pro/characters/assets/hero/agent47/textures/male_reg_agent47_tutorial_shoes_01.texture?/diffuse_a.tex](ascolormap).pc_tex","flag":"5F"},{"resource":"[assembly:/_pro/characters/assets/hero/agent47/textures/male_reg_agent47_tutorial_shirt_01.texture?/normal_a.tex](asnormalmap).pc_tex","flag":"5F"},{"resource":"[assembly:/_pro/characters/assets/hero/agent47/textures/male_reg_agent47_tutorial_shirt_01.texture?/specular_a.tex](ascolormap).pc_tex","flag":"5F"},{"resource":"[assembly:/_pro/characters/assets/hero/agent47/textures/male_reg_agent47_tutorial_shirt_01.texture?/diffuse_a.tex](ascolormap).pc_tex","flag":"5F"}],"extraBlueprintDependencies":[],"comments":[]}