{"tempHash":"00367FC38B49F714","tbluHash":"00171FEF35B1DDAF","patch":[{"SubEntityOperation":["84da695b0ec70c30",{"PatchArrayPropertyValue":["m_aBodyParts",[{"AddItemAfter":["171c828792d82d50","abcdd45716f4b135"]}]]}]},{"SubEntityOperation":["171c828792d82d50",{"AddProperty":["m_pMeshResource",{"type":"ZRuntimeResourceID","value":{"resource":"00FE488E7C4DEB20","flag":"5F"}}]}]},{"AddEntity":["abcdd45716f4b135",{"parent":"84da695b0ec70c30","name":"Agent47_Gloves_Driving","factory":"008897FB54E3DB82","blueprint":"00F716010CB776C3","properties":{"m_pMeshResource":{"type":"ZRuntimeResourceID","value":{"resource":"00339572B5CE84DC","flag":"5F"}}}}]}],"patchVersion":6}