{"tempHash":"00605BD5EF358E40","tbluHash":"007FE95865364152","patch":[{"RemoveEntityByID":"1277828ae5885d4e"},{"RemoveEntityByID":"39a05a5e89b78157"},{"RemoveEntityByID":"4498f27073ffccff"},{"RemoveEntityByID":"7c5fef6b18a9df80"},{"RemoveEntityByID":"d1e9cb3977b479e8"},{"RemoveEntityByID":"37c4926faa93279b"},{"RemoveEntityByID":"d945d98ecf1803ee"},{"RemoveEntityByID":"3ebbfac4ca55f11f"},{"RemoveEntityByID":"a6db9795ca5db774"},{"RemoveEntityByID":"b1c733040274916c"},{"RemoveEntityByID":"7d95b2746983a4d"},{"RemoveEntityByID":"5dde83c53bd8ad08"},{"RemoveEntityByID":"ccf7a225d9a89719"},{"RemoveEntityByID":"168c7961b1ebd0b2"},{"RemoveEntityByID":"9d5867d05a6373ea"},{"RemoveEntityByID":"fe25b2940832159b"},{"RemoveEntityByID":"fb903811599fbb0b"},{"RemoveEntityByID":"5711a89a0246b852"},{"RemoveEntityByID":"f8a31647ad7ecfb8"},{"RemoveEntityByID":"488ef6c0223fbafe"},{"RemoveEntityByID":"83690f2395de6d16"},{"RemoveEntityByID":"14419e963bb6fd8e"},{"RemoveEntityByID":"c62a3b4b741c41c1"},{"RemoveEntityByID":"68e87bbd15eb27fb"},{"RemoveEntityByID":"b5ce8b00c82884da"},{"RemoveEntityByID":"d41d063e384bb2c7"},{"RemoveEntityByID":"e08da6cf75b317c3"},{"RemoveEntityByID":"f88068d349d3bc6d"},{"RemoveEntityByID":"21241ffb3b272eea"},{"RemoveEntityByID":"1d1cf8536d97248a"},{"RemoveEntityByID":"5c53d6a26bdf9604"},{"RemoveEntityByID":"ba17e75f2107edb6"},{"RemoveEntityByID":"7942bf24c39abb8d"},{"RemoveEntityByID":"9499342c8e55d182"},{"SubEntityOperation":["270dd190b8831caa",{"PatchArrayPropertyValue":["m_aBodyParts",[{"RemoveItemByValue":"14419e963bb6fd8e"}]]}]},{"SubEntityOperation":["f4aed1940c00332c",{"RemoveEventConnection":["HitmanWetness","T","488ef6c0223fbafe"]}]},{"SubEntityOperation":["f4aed1940c00332c",{"RemoveEventConnection":["HitmanWetness","T","5c53d6a26bdf9604"]}]},{"SubEntityOperation":["f4aed1940c00332c",{"RemoveEventConnection":["HitmanWetness","T","fb903811599fbb0b"]}]}],"patchVersion":6}