{"tempHash":"00988CF16A081345","tbluHash":"00A1350D4DB9FB93","rootEntity":"21b5db6e735285ac","entities":{"c036fbdd5c3b604b":{"parent":"21b5db6e735285ac","name":"Lerp 3","factory":"[modules:/zmathlerp.class].pc_entitytype","blueprint":"[modules:/zmathlerp.class].pc_entityblueprint","properties":{"m_A":{"type":"float32","value":2},"m_B":{"type":"float32","value":1.5},"m_fT":{"type":"float32","value":0}},"events":{"Lerp":{"ConstantVector1D_01_Value":["d10090e72abb4016"]}}},"35a8ae111efa5772":{"parent":"21b5db6e735285ac","name":"Lerp 2","factory":"[modules:/zmathlerp.class].pc_entitytype","blueprint":"[modules:/zmathlerp.class].pc_entityblueprint","properties":{"m_A":{"type":"float32","value":1},"m_B":{"type":"float32","value":2},"m_fT":{"type":"float32","value":0}},"events":{"Lerp":{"ConstantVector1D_06_Value":["24b7db7ca2a9df69","d10090e72abb4016"]}}},"24b7db7ca2a9df69":{"parent":"21b5db6e735285ac","name":"Agent47_Shirt_Polo","factory":"00B536DCD14AACBA","blueprint":"0061336095D82769"},"55678de6b9e44616":{"parent":"21b5db6e735285ac","name":"legs_ankle_shoe","factory":"00ABDD120246BCDC","blueprint":"0021DE526F3B8B7D"},"a6877f9b8f579b4b":{"parent":"21b5db6e735285ac","name":"ChildNetwork","factory":"[modules:/zchildnetworkentity.class].pc_entitytype","blueprint":"[modules:/zchildnetworkentity.class].pc_entityblueprint","properties":{"m_RuntimeNetworkResourceID":{"type":"ZRuntimeResourceID","value":{"resource":"[assembly:/animationnetworks/hitman01/idles/suitidle.aln].pc_rtn","flag":"9F"}}}},"21b5db6e735285ac":{"parent":null,"name":"OUTFIT_Agent47_Reward_ElusiveMiami_HeroA_V0","factory":"[assembly:/templates/aspectdummy.aspect]([modules:/zlinkedproxyentity.class].entitytype,[modules:/zclothcharacterentity.class].entitytype,[modules:/zheroidlenetworkaspect.class].entitytype).pc_entitytype","blueprint":"[assembly:/templates/aspectdummy.aspect]([modules:/zlinkedproxyentity.class].entitytype,[modules:/zclothcharacterentity.class].entitytype,[modules:/zheroidlenetworkaspect.class].entitytype).pc_entityblueprint","properties":{"m_ResourceID":{"type":"ZRuntimeResourceID","value":null},"m_fLODScale":{"type":"float32","value":1},"m_mTransform":{"type":"SMatrix43","value":{"rotation":{"x":0,"y":0,"z":0},"position":{"x":46.9913215637207,"y":6.965740203857422,"z":0}}},"m_pBonesAndCollisionResource":{"type":"ZRuntimeResourceID","value":{"resource":"0017416135CF879C","flag":"5F"}},"m_bUsePerVertexStiffness":{"type":"bool","value":true},"m_LocalColliders":{"type":"TArray<SEntityTemplateReference>","value":[]},"m_bGlobalCollidersEnabled":{"type":"bool","value":false},"m_fDamping":{"type":"float32","value":1},"m_fBendStiffness":{"type":"float32","value":1},"m_bUsePerVertexDamping":{"type":"bool","value":true},"m_fShearStiffness":{"type":"float32","value":1},"m_bUseSkinningPosNormalConstrains":{"type":"bool","value":true},"m_bUseSkinningNegNormalConstrains":{"type":"bool","value":true},"m_nIterations":{"type":"uint32","value":2},"m_fFrequency":{"type":"float32","value":90},"m_vTranslationScale":{"type":"SVector3","value":{"x":0.10000000149011612,"y":0.10000000149011612,"z":0.10000000149011612}},"m_vGravity":{"type":"SVector3","value":{"x":0,"y":0,"z":-13}},"m_fLODOffset":{"type":"float32","value":100},"m_fDragConstant":{"type":"float32","value":1},"m_eStretchConstrainType":{"type":"EClothStretchConstrainType","value":"eClothBendConstrainType_LRA"},"m_fAngularVelocityThreshold":{"type":"float32","value":60},"m_eRootBone":{"type":"BoneId.Enum","value":"PELVIS"},"m_bEnableAngularVelocityScale":{"type":"bool","value":true},"m_eBendConstrainType":{"type":"EClothBendConstrainType","value":"eClothBendConstrainType_Triangle"},"m_pIdleAnimNetworkEntity":{"type":"SEntityTemplateReference","value":"a6877f9b8f579b4b"},"m_bRandomStartState":{"type":"bool","value":true},"m_fWindConstant":{"type":"float32","value":0.10000000149011612},"m_aBodyParts":{"type":"TArray<SEntityTemplateReference>","value":["c619c29d46723b08","55678de6b9e44616","4431dc9360e50cae","24b7db7ca2a9df69","306baf22dde46c67","d10090e72abb4016","3a3440bd41ac583d","74d507b036d2cdb6"],"postInit":true}}},"675f010476a920bc":{"parent":"cf0d118e1e3253fb","name":"Miami_Watch","factory":"006542945ADB9B83","blueprint":"00ABEC1C4BE7BAC7","properties":{"m_mTransform":{"type":"SMatrix43","value":{"rotation":{"x":0.10445050906117653,"y":0.11596673948560814,"z":-84.0001860520181},"position":{"x":0.0731860026717186,"y":-0.0003910000086762011,"z":0.0024139999877661467}}},"m_PrimitiveScale":{"type":"SVector3","value":{"x":1,"y":1,"z":1}},"m_eidParent":{"type":"SEntityTemplateReference","value":"cf0d118e1e3253fb","postInit":true}}},"63497bdfd1caafda":{"parent":"21b5db6e735285ac","name":"male_reg_eyelashes","factory":"00AF6FD15BFAC222","blueprint":"00926F11E3C00813","properties":{"1294887455":{"type":"IRenderMaterialEntity.EModifierOperation","value":"eReplace"},"2786709788":{"type":"IRenderMaterialEntity.EModifierOperation","value":"eReplace"},"m_mTransform":{"type":"SMatrix43","value":{"rotation":{"x":0,"y":0,"z":0},"position":{"x":0,"y":0,"z":0}}},"Clients":{"type":"TArray<SEntityTemplateReference>","value":["21b5db6e735285ac"]},"ConstantVector1D_16_Value":{"type":"float32","value":1.5},"m_eidParent":{"type":"SEntityTemplateReference","value":"21b5db6e735285ac"}}},"3a3440bd41ac583d":{"parent":"21b5db6e735285ac","name":"Legs_Calf_Ankle","factory":"00E8120ED5E9C062","blueprint":"00EDBCE578B30E4D"},"cf0d118e1e3253fb":{"parent":"21b5db6e735285ac","name":"Attacher_Wrist","factory":"[assembly:/templates/aspectdummy.aspect]([modules:/zcompositeentity.class].entitytype,[modules:/zboneattachaspect.class].entitytype,[modules:/zvrhideonheroaspect.class].entitytype).pc_entitytype","blueprint":"[assembly:/templates/aspectdummy.aspect]([modules:/zcompositeentity.class].entitytype,[modules:/zboneattachaspect.class].entitytype,[modules:/zvrhideonheroaspect.class].entitytype).pc_entityblueprint","properties":{"m_BoneName":{"type":"ZString","value":"L_Foretwist2"},"m_linkedEntity":{"type":"SEntityTemplateReference","value":"21b5db6e735285ac"},"m_eidParent":{"type":"SEntityTemplateReference","value":"21b5db6e735285ac"}}},"5145bc23fe0a0089":{"parent":"21b5db6e735285ac","name":"FX_Hitman_Wet_Logic_Character","factory":"0067CFB703A80787","blueprint":"00AA88C960CD2080","properties":{"HeadMaterialToOverride":{"type":"ZRuntimeResourceID","value":{"resource":"009F7978C601815A","flag":"5F"}},"HeadMaterialOverride":{"type":"TArray<SEntityTemplateReference>","value":["21b5db6e735285ac"]}},"events":{"HitmanWetness":{"T":["6beccea60dcd721a","2c68022e1af959d","35a8ae111efa5772","c036fbdd5c3b604b"]}}},"306baf22dde46c67":{"parent":"21b5db6e735285ac","name":"Head_47","factory":"00537D16B5CE7286","blueprint":"00F2E4A932ECAA63"},"6e8cbee392d2c0fd":{"parent":"21b5db6e735285ac","name":"Belt_StrapBuckle","factory":"0017355DDB3D75A3","blueprint":"005F1B0540C7F863","properties":{"ConstantVector1D_01_Value":{"type":"float32","value":0.5},"Diffuse_Color_01_Value":{"type":"SColorRGB","value":"#d8ebeb"},"Diffuse_Saturation_01_Value":{"type":"float32","value":1}}},"2c9ceaeb4c2f96c3":{"parent":"d10090e72abb4016","name":"male_reg_suit_pants_01","factory":"0074A1B094FC4120","blueprint":"0007754D66EDCF32","properties":{"1239136802":{"type":"IRenderMaterialEntity.EModifierOperation","value":"eReplace"},"1294887455":{"type":"IRenderMaterialEntity.EModifierOperation","value":"eReplace"},"1565884279":{"type":"IRenderMaterialEntity.EModifierOperation","value":"eReplace"},"1787395739":{"type":"IRenderMaterialEntity.EModifierOperation","value":"eReplace"},"2359342559":{"type":"IRenderMaterialEntity.EModifierOperation","value":"eReplace"},"2786709788":{"type":"IRenderMaterialEntity.EModifierOperation","value":"eReplace"},"2869403995":{"type":"IRenderMaterialEntity.EModifierOperation","value":"eReplace"},"3516673141":{"type":"IRenderMaterialEntity.EModifierOperation","value":"eReplace"},"m_mTransform":{"type":"SMatrix43","value":{"rotation":{"x":0,"y":0,"z":0},"position":{"x":0,"y":0,"z":0}}},"ConstantVector1D_01_Value_op":{"type":"IRenderMaterialEntity.EModifierOperation","value":"eReplace"},"ConstantVector1D_01_Value":{"type":"float32","value":2},"Active":{"type":"bool","value":true},"ConstantVector1D_16_Value":{"type":"float32","value":0.5},"ConstantVector1D_03_Value":{"type":"float32","value":3},"ConstantVector1D_14_Value":{"type":"float32","value":0.05000000074505806},"Texture2D_01_enab":{"type":"bool","value":true},"Texture2D_01":{"type":"ZRuntimeResourceID","value":{"resource":"00F08D3650DDBA49","flag":"5F"}},"Diffuse_Color_01_Value":{"type":"SColorRGB","value":"#252a2e"},"ConstantVector1D_13_Value":{"type":"float32","value":0},"Texture2D_03_enab":{"type":"bool","value":true},"ConstantVector1D_15_Value":{"type":"float32","value":4},"Diffuse_Saturation_01_Value":{"type":"float32","value":0},"Texture2DNormal_01_enab":{"type":"bool","value":true},"Texture2DNormal_01":{"type":"ZRuntimeResourceID","value":{"resource":"001F051613CA8604","flag":"5F"}},"m_eidParent":{"type":"SEntityTemplateReference","value":"21b5db6e735285ac"},"Clients":{"type":"TArray<SEntityTemplateReference>","value":["d10090e72abb4016"],"postInit":true}}},"d10090e72abb4016":{"parent":"21b5db6e735285ac","name":"Mesh_Pant","factory":"[modules:/zbodypartentity.class].pc_entitytype","blueprint":"[modules:/zbodypartentity.class].pc_entityblueprint","properties":{"m_pMeshResource":{"type":"ZRuntimeResourceID","value":{"resource":"00C42A009B8ECE2F","flag":"5F"}}},"inputCopying":{"ConstantVector1D_14_Value":{"ConstantVector1D_14_Value":["2c9ceaeb4c2f96c3"]},"ConstantVector1D_06_Value":{"ConstantVector1D_06_Value":["2c9ceaeb4c2f96c3"]},"ConstantVector1D_01_Value":{"ConstantVector1D_01_Value":["2c9ceaeb4c2f96c3"]}}},"1dc494a75ff8b52e":{"parent":"21b5db6e735285ac","name":"Attacher_Head","factory":"[assembly:/templates/aspectdummy.aspect]([modules:/zcompositeentity.class].entitytype,[modules:/zboneattachaspect.class].entitytype).pc_entitytype","blueprint":"[assembly:/templates/aspectdummy.aspect]([modules:/zcompositeentity.class].entitytype,[modules:/zboneattachaspect.class].entitytype).pc_entityblueprint","properties":{"m_BoneName":{"type":"ZString","value":"Head"},"m_linkedEntity":{"type":"SEntityTemplateReference","value":"21b5db6e735285ac"},"m_mTransform":{"type":"SMatrix43","value":{"rotation":{"x":0,"y":0,"z":0},"position":{"x":0,"y":0,"z":0}}},"m_bEnableTAA":{"type":"bool","value":false},"m_eidParent":{"type":"SEntityTemplateReference","value":"21b5db6e735285ac"}}},"6beccea60dcd721a":{"parent":"21b5db6e735285ac","name":"Lerp","factory":"[modules:/zmathlerp.class].pc_entitytype","blueprint":"[modules:/zmathlerp.class].pc_entityblueprint","properties":{"m_A":{"type":"float32","value":0},"m_B":{"type":"float32","value":0.3499999940395355},"m_fT":{"type":"float32","value":0}},"events":{"Lerp":{"ConstantVector1D_04_Value":["306baf22dde46c67","4431dc9360e50cae"],"ConstantVector1D_14_Value":["24b7db7ca2a9df69","d10090e72abb4016"]}}},"1db89afbb49adb5d":{"parent":"d10090e72abb4016","name":"agent47_pants_buttons_back","factory":"[assembly:/_pro/characters/assets/hero/agent47/materials/agent47_pants_buttons_back.mi].pc_entitytype","blueprint":"[assembly:/_pro/characters/assets/hero/agent47/materials/agent47_pants_buttons_back.mi].pc_entityblueprint","properties":{"3516673141":{"type":"IRenderMaterialEntity.EModifierOperation","value":"eReplace"},"m_mTransform":{"type":"SMatrix43","value":{"rotation":{"x":0,"y":0,"z":0},"position":{"x":0,"y":0,"z":0}}},"Clients":{"type":"TArray<SEntityTemplateReference>","value":["d10090e72abb4016"]},"Diffuse_Color_01_Value":{"type":"SColorRGB","value":"#74787a"},"m_eidParent":{"type":"SEntityTemplateReference","value":"21b5db6e735285ac"}}},"4431dc9360e50cae":{"parent":"21b5db6e735285ac","name":"Agent47_Shoes_BoatLoafers","factory":"007B544B592E2620","blueprint":"00E2C30B7B4A9AB9","properties":{"ConstantVector1D_01_Value":{"type":"float32","value":0.5},"Diffuse_Color_01_Value":{"type":"SColorRGB","value":"#fcfcfc"},"Diffuse_Saturation_01_Value":{"type":"float32","value":1},"ConstantVector1D_03_Value":{"type":"float32","value":0.800000011920929},"ConstantVector1D_04_Value":{"type":"float32","value":-0.05000000074505806}}},"bc2c9991b29cb356":{"parent":"1dc494a75ff8b52e","name":"glasses_47_miami","factory":"00D0D8A9FA7D6B43","blueprint":"00127637484C9445","properties":{"m_mTransform":{"type":"SMatrix43","value":{"rotation":{"x":173.3584669505785,"y":89.90108828306525,"z":0.0000000000004605936887834103},"position":{"x":0.07975500077009201,"y":0.00867099966853857,"z":0.00005400000009103678}}},"m_eidParent":{"type":"SEntityTemplateReference","value":"1dc494a75ff8b52e"},"m_PrimitiveScale":{"type":"SVector3","value":{"x":0.9563239812850952,"y":0.9750000238418579,"z":0.9750000238418579}},"m_rLinkedProxyEntity":{"type":"SEntityTemplateReference","value":"21b5db6e735285ac"}}},"2c68022e1af959d":{"parent":"21b5db6e735285ac","name":"Lerp 1","factory":"[modules:/zmathlerp.class].pc_entitytype","blueprint":"[modules:/zmathlerp.class].pc_entityblueprint","properties":{"m_A":{"type":"float32","value":0.75},"m_B":{"type":"float32","value":0.25},"m_fT":{"type":"float32","value":0}},"events":{"Lerp":{"ConstantVector1D_01_Value":["24b7db7ca2a9df69"]}}},"74d507b036d2cdb6":{"parent":"21b5db6e735285ac","name":"Arms_Biceps_Hand","factory":"0081BA55B3D8292E","blueprint":"00CFA61BB1571AF8"},"61f4723fc2dfc9d6":{"parent":"21b5db6e735285ac","name":"base_eye","factory":"00FDEC17A5A2BF5F","blueprint":"00C4E4179AE75353","properties":{"1405740434":{"type":"IRenderMaterialEntity.EModifierOperation","value":"eReplace"},"1762730872":{"type":"IRenderMaterialEntity.EModifierOperation","value":"eReplace"},"2036633045":{"type":"IRenderMaterialEntity.EModifierOperation","value":"eReplace"},"2298771567":{"type":"IRenderMaterialEntity.EModifierOperation","value":"eReplace"},"3480721934":{"type":"IRenderMaterialEntity.EModifierOperation","value":"eReplace"},"4103203329":{"type":"IRenderMaterialEntity.EModifierOperation","value":"eReplace"},"m_mTransform":{"type":"SMatrix43","value":{"rotation":{"x":0,"y":0,"z":0},"position":{"x":0,"y":0,"z":0}}},"Clients":{"type":"TArray<SEntityTemplateReference>","value":["21b5db6e735285ac"]},"EyeShader_01_IrisBrightness":{"type":"float32","value":2},"EyeShader_01_PupilSize":{"type":"float32","value":0.17000000178813934},"EyeShader_01_IrisHueShift":{"type":"float32","value":0.10000000149011612},"EyeShader_01_CorneaSpecularPower":{"type":"float32","value":1},"EyeShader_01_CorneaSpecularIntensity":{"type":"float32","value":0.02500000037252903},"EyeShader_01_ScleraSpecularIntensity":{"type":"float32","value":0.019999999552965164},"Texture2D_01_enab":{"type":"bool","value":true},"Texture2D_01":{"type":"ZRuntimeResourceID","value":{"resource":"00956964149E802F","flag":"5F"}},"m_eidParent":{"type":"SEntityTemplateReference","value":"21b5db6e735285ac"}}},"c619c29d46723b08":{"parent":"21b5db6e735285ac","name":"Torso_Neck","factory":"00D43167687E61AD","blueprint":"007E9340AD2C2425"}},"propertyOverrides":[],"overrideDeletes":[],"pinConnectionOverrides":[],"pinConnectionOverrideDeletes":[],"externalScenes":[],"subType":"template","quickEntityVersion":3.1,"extraFactoryDependencies":[],"extraBlueprintDependencies":[],"comments":[]}