{"tempHash":"00ABC592FD72B025","tbluHash":"00F97D106ECCA199","rootEntity":"c3264e6dd4a3e8aa","entities":{"aa09f73d40389fd5":{"parent":"c3264e6dd4a3e8aa","name":"Mesh_Shirt","factory":"[modules:/zbodypartentity.class].pc_entitytype","blueprint":"[modules:/zbodypartentity.class].pc_entityblueprint","properties":{"m_pMeshResource":{"type":"ZRuntimeResourceID","value":{"resource":"0031145B8979B6E9","flag":"5F"}}}},"446643a942a5d850":{"parent":"c3264e6dd4a3e8aa","name":"Malereg_WinterSuit_collider","factory":"0082FA25FA7A436A","blueprint":"005AE1E3873F982D","properties":{"Hand_L_Enabled":{"type":"bool","value":false},"Hand_R_Enabled":{"type":"bool","value":false},"Elbow_R_Enabled":{"type":"bool","value":false},"Elbow_L_Enabled":{"type":"bool","value":false},"m_mTransform":{"type":"SMatrix43","value":{"rotation":{"x":0,"y":0,"z":0},"position":{"x":0,"y":0,"z":0}}},"m_linkedEntity":{"type":"SEntityTemplateReference","value":"c3264e6dd4a3e8aa","postInit":true},"m_eidParent":{"type":"SEntityTemplateReference","value":"c3264e6dd4a3e8aa","postInit":true}}},"f7d8a16570956355":{"parent":"c3264e6dd4a3e8aa","name":"agent47_accessories_02","factory":"[assembly:/_pro/characters/assets/hero/agent47/materials/agent47_accessories_02.mi].pc_entitytype","blueprint":"[assembly:/_pro/characters/assets/hero/agent47/materials/agent47_accessories_02.mi].pc_entityblueprint","properties":{"2287298018":{"type":"IRenderMaterialEntity.EModifierOperation","value":"eReplace"},"m_mTransform":{"type":"SMatrix43","value":{"rotation":{"x":0,"y":0,"z":0},"position":{"x":1.8870049715042114,"y":9.294012069702148,"z":1.7203160524368286}}},"Active":{"type":"bool","value":false},"Clients":{"type":"TArray<SEntityTemplateReference>","value":["c3264e6dd4a3e8aa"],"postInit":true},"m_eidParent":{"type":"SEntityTemplateReference","value":"c3264e6dd4a3e8aa","postInit":true}}},"4bbf0d51e1860b96":{"parent":"c3264e6dd4a3e8aa","name":"Mesh_Pin","factory":"[modules:/zbodypartentity.class].pc_entitytype","blueprint":"[modules:/zbodypartentity.class].pc_entityblueprint","properties":{"m_pMeshResource":{"type":"ZRuntimeResourceID","value":{"resource":"00F5B36FD81AE909","flag":"5F"}}}},"959dd565033af5d6":{"parent":"c3264e6dd4a3e8aa","name":"agent47_pants_02","factory":"[assembly:/_pro/characters/assets/hero/agent47/materials/agent47_pants_02.mi].pc_entitytype","blueprint":"[assembly:/_pro/characters/assets/hero/agent47/materials/agent47_pants_02.mi].pc_entityblueprint","properties":{"1787395739":{"type":"IRenderMaterialEntity.EModifierOperation","value":"eReplace"},"2287298018":{"type":"IRenderMaterialEntity.EModifierOperation","value":"eReplace"},"2359342559":{"type":"IRenderMaterialEntity.EModifierOperation","value":"eReplace"},"m_mTransform":{"type":"SMatrix43","value":{"rotation":{"x":0,"y":0,"z":0},"position":{"x":-0.02270613983273506,"y":-0.757448673248291,"z":0}}},"ConstantVector1D_03_Value":{"type":"float32","value":0.75},"ConstantVector1D_01_Value_op":{"type":"IRenderMaterialEntity.EModifierOperation","value":"eReplace"},"ConstantVector1D_01_Value":{"type":"float32","value":1.5},"Clients":{"type":"TArray<SEntityTemplateReference>","value":["c3264e6dd4a3e8aa"],"postInit":true},"m_eidParent":{"type":"SEntityTemplateReference","value":"c3264e6dd4a3e8aa","postInit":true}}},"af098629834ec67f":{"parent":"c3264e6dd4a3e8aa","name":"Mesh_Head","factory":"[modules:/zbodypartentity.class].pc_entitytype","blueprint":"[modules:/zbodypartentity.class].pc_entityblueprint","properties":{"m_pMeshResource":{"type":"ZRuntimeResourceID","value":{"resource":"00B56DB95950BD5E","flag":"5F"}},"m_IsHiddenInVR":{"type":"bool","value":true}}},"3496870bc9dffcb8":{"parent":"c3264e6dd4a3e8aa","name":"agent_47_wintercoat","factory":"[assembly:/_pro/characters/assets/hero/agent47/materials/agent_47_wintercoat.mi].pc_entitytype","blueprint":"[assembly:/_pro/characters/assets/hero/agent47/materials/agent_47_wintercoat.mi].pc_entityblueprint","properties":{"1239136802":{"type":"IRenderMaterialEntity.EModifierOperation","value":"eReplace"},"3516673141":{"type":"IRenderMaterialEntity.EModifierOperation","value":"eReplace"},"m_mTransform":{"type":"SMatrix43","value":{"rotation":{"x":0,"y":0,"z":0},"position":{"x":0,"y":0,"z":0}}},"Texture2D_01_enab":{"type":"bool","value":true},"Diffuse_Color_01_Value":{"type":"SColorRGB","value":"#787878"},"ConstantVector1D_01_Value":{"type":"float32","value":1},"ConstantVector1D_01_Value_op":{"type":"IRenderMaterialEntity.EModifierOperation","value":"eReplace"},"Clients":{"type":"TArray<SEntityTemplateReference>","value":["c3264e6dd4a3e8aa"],"postInit":true},"m_eidParent":{"type":"SEntityTemplateReference","value":"c3264e6dd4a3e8aa","postInit":true}}},"a765413fb4cc0768":{"parent":"c3264e6dd4a3e8aa","name":"shoes_suit","factory":"[assembly:/_pro/characters/assets/hero/agent47/materials/shoes_suit.mi].pc_entitytype","blueprint":"[assembly:/_pro/characters/assets/hero/agent47/materials/shoes_suit.mi].pc_entityblueprint","properties":{"2287298018":{"type":"IRenderMaterialEntity.EModifierOperation","value":"eReplace"},"m_mTransform":{"type":"SMatrix43","value":{"rotation":{"x":0,"y":0,"z":0},"position":{"x":-3.7134900093078613,"y":6.6417341232299805,"z":-5.744894981384277}}},"Active":{"type":"bool","value":false},"Clients":{"type":"TArray<SEntityTemplateReference>","value":["c3264e6dd4a3e8aa"],"postInit":true},"m_eidParent":{"type":"SEntityTemplateReference","value":"c3264e6dd4a3e8aa","postInit":true}}},"8e7ad1649564ce37":{"parent":"c3264e6dd4a3e8aa","name":"Mesh_Shoes","factory":"[modules:/zbodypartentity.class].pc_entitytype","blueprint":"[modules:/zbodypartentity.class].pc_entityblueprint","properties":{"m_pMeshResource":{"type":"ZRuntimeResourceID","value":{"resource":"002B2408498F22D7","flag":"5F"}}}},"daf3e5ea7531b121":{"parent":"c3264e6dd4a3e8aa","name":"Mesh_Tie","factory":"[modules:/zbodypartentity.class].pc_entitytype","blueprint":"[modules:/zbodypartentity.class].pc_entityblueprint","properties":{"m_pMeshResource":{"type":"ZRuntimeResourceID","value":{"resource":"00B3C4B57B7E02AA","flag":"5F"}}}},"ee73c59d73447023":{"parent":"c3264e6dd4a3e8aa","name":"agent47_jacket_02","factory":"[assembly:/_pro/characters/assets/hero/agent47/materials/agent47_jacket_02.mi].pc_entitytype","blueprint":"[assembly:/_pro/characters/assets/hero/agent47/materials/agent47_jacket_02.mi].pc_entityblueprint","properties":{"1787395739":{"type":"IRenderMaterialEntity.EModifierOperation","value":"eReplace"},"2287298018":{"type":"IRenderMaterialEntity.EModifierOperation","value":"eReplace"},"2359342559":{"type":"IRenderMaterialEntity.EModifierOperation","value":"eReplace"},"m_mTransform":{"type":"SMatrix43","value":{"rotation":{"x":0,"y":0,"z":0},"position":{"x":-0.02270613983273506,"y":-0.757448673248291,"z":0}}},"ConstantVector1D_03_Value":{"type":"float32","value":0.75},"ConstantVector1D_01_Value_op":{"type":"IRenderMaterialEntity.EModifierOperation","value":"eReplace"},"ConstantVector1D_01_Value":{"type":"float32","value":1.5},"Clients":{"type":"TArray<SEntityTemplateReference>","value":["c3264e6dd4a3e8aa"],"postInit":true},"m_eidParent":{"type":"SEntityTemplateReference","value":"c3264e6dd4a3e8aa","postInit":true}}},"4f5c0bed465d8f0b":{"parent":"c3264e6dd4a3e8aa","name":"agent47_gloves_white","factory":"[assembly:/_pro/characters/assets/hero/agent47/materials/agent47_gloves_white.mi].pc_entitytype","blueprint":"[assembly:/_pro/characters/assets/hero/agent47/materials/agent47_gloves_white.mi].pc_entityblueprint","properties":{"2287298018":{"type":"IRenderMaterialEntity.EModifierOperation","value":"eReplace"},"m_mTransform":{"type":"SMatrix43","value":{"rotation":{"x":0,"y":0,"z":0},"position":{"x":0,"y":0,"z":0}}},"ConstantVector1D_01_Value_op":{"type":"IRenderMaterialEntity.EModifierOperation","value":"eReplace"},"ConstantVector1D_01_Value":{"type":"float32","value":0.02500000037252903},"Clients":{"type":"TArray<SEntityTemplateReference>","value":["c3264e6dd4a3e8aa"],"postInit":true},"m_eidParent":{"type":"SEntityTemplateReference","value":"c3264e6dd4a3e8aa","postInit":true}}},"223d2f2a6507198c":{"parent":"c3264e6dd4a3e8aa","name":"Lerp 2","factory":"[modules:/zmathlerp.class].pc_entitytype","blueprint":"[modules:/zmathlerp.class].pc_entityblueprint","properties":{"m_A":{"type":"float32","value":0.5},"m_B":{"type":"float32","value":0.15000000596046448},"m_fT":{"type":"float32","value":0}},"events":{"Lerp":{"ConstantVector1D_01_Value":["161ee76fdba46d3e"]}}},"2931172d107f2aca":{"parent":"c3264e6dd4a3e8aa","name":"Lerp 1","factory":"[modules:/zmathlerp.class].pc_entitytype","blueprint":"[modules:/zmathlerp.class].pc_entityblueprint","properties":{"m_fT":{"type":"float32","value":0},"m_A":{"type":"float32","value":1.2999999523162842},"m_B":{"type":"float32","value":2}},"events":{"Lerp":{"ConstantVector1D_06_Value":["ee73c59d73447023","959dd565033af5d6","161ee76fdba46d3e"]}}},"64d9e6ba3fc038b7":{"parent":"c3264e6dd4a3e8aa","name":"Mesh_Pant","factory":"[modules:/zbodypartentity.class].pc_entitytype","blueprint":"[modules:/zbodypartentity.class].pc_entityblueprint","properties":{"m_pMeshResource":{"type":"ZRuntimeResourceID","value":{"resource":"00DF93EB4149AC1E","flag":"5F"}}}},"161ee76fdba46d3e":{"parent":"c3264e6dd4a3e8aa","name":"agent47_shirt_02","factory":"[assembly:/_pro/characters/assets/hero/agent47/materials/agent47_shirt_02.mi].pc_entitytype","blueprint":"[assembly:/_pro/characters/assets/hero/agent47/materials/agent47_shirt_02.mi].pc_entityblueprint","properties":{"2287298018":{"type":"IRenderMaterialEntity.EModifierOperation","value":"eReplace"},"2359342559":{"type":"IRenderMaterialEntity.EModifierOperation","value":"eReplace"},"m_mTransform":{"type":"SMatrix43","value":{"rotation":{"x":0,"y":0,"z":0},"position":{"x":-0.023571010679006577,"y":9.375564575195313,"z":1.1165369749069214}}},"Active":{"type":"bool","value":false},"ConstantVector1D_01_Value_op":{"type":"IRenderMaterialEntity.EModifierOperation","value":"eReplace"},"Clients":{"type":"TArray<SEntityTemplateReference>","value":["c3264e6dd4a3e8aa"],"postInit":true},"m_eidParent":{"type":"SEntityTemplateReference","value":"c3264e6dd4a3e8aa","postInit":true}}},"3382e76a47038b61":{"parent":"c3264e6dd4a3e8aa","name":"Mesh_Jacket","factory":"[modules:/zbodypartentity.class].pc_entitytype","blueprint":"[modules:/zbodypartentity.class].pc_entityblueprint","properties":{"m_pMeshResource":{"type":"ZRuntimeResourceID","value":{"resource":"00AE4BF6E74AF715","flag":"5F"}}}},"facdaae10cfe6cba":{"parent":"c3264e6dd4a3e8aa","name":"agent47_eye","factory":"[assembly:/_pro/characters/assets/hero/agent47/materials/agent47_eye.mi].pc_entitytype","blueprint":"[assembly:/_pro/characters/assets/hero/agent47/materials/agent47_eye.mi].pc_entityblueprint","properties":{"1405740434":{"type":"IRenderMaterialEntity.EModifierOperation","value":"eReplace"},"2298771567":{"type":"IRenderMaterialEntity.EModifierOperation","value":"eReplace"},"m_mTransform":{"type":"SMatrix43","value":{"rotation":{"x":0,"y":0,"z":0},"position":{"x":0,"y":0,"z":0}}},"EyeShader_01_ScleraSpecularIntensity":{"type":"float32","value":0.007000000216066837},"EyeShader_01_CorneaSpecularIntensity":{"type":"float32","value":0.007000000216066837},"Clients":{"type":"TArray<SEntityTemplateReference>","value":["c3264e6dd4a3e8aa"],"postInit":true},"m_eidParent":{"type":"SEntityTemplateReference","value":"c3264e6dd4a3e8aa","postInit":true}}},"eb13427921d1b5a8":{"parent":"c3264e6dd4a3e8aa","name":"FX_Hitman_Wet_Logic_Character","factory":"0067CFB703A80787","blueprint":"00AA88C960CD2080","properties":{"HeadMaterialToOverride":{"type":"ZRuntimeResourceID","value":{"resource":"009F7978C601815A","flag":"5F"}}},"events":{"HitmanWetness":{"T":["294b3be827563bc","2931172d107f2aca","223d2f2a6507198c"]},"ChangedDisguiseTrigger":{"Activate":["161ee76fdba46d3e","a765413fb4cc0768","f7d8a16570956355"]}}},"294b3be827563bc":{"parent":"c3264e6dd4a3e8aa","name":"Lerp","factory":"[modules:/zmathlerp.class].pc_entitytype","blueprint":"[modules:/zmathlerp.class].pc_entityblueprint","properties":{"m_fT":{"type":"float32","value":0},"m_B":{"type":"float32","value":0.30000001192092896}},"events":{"Lerp":{"ConstantVector1D_04_Value":["ee73c59d73447023","959dd565033af5d6","4f5c0bed465d8f0b","161ee76fdba46d3e","a765413fb4cc0768","f7d8a16570956355"],"ConstantVector1D_14_Value":["3496870bc9dffcb8"]}}},"59278317659b1b6d":{"parent":"c3264e6dd4a3e8aa","name":"Mesh_Gloves","factory":"[modules:/zbodypartentity.class].pc_entitytype","blueprint":"[modules:/zbodypartentity.class].pc_entityblueprint","properties":{"m_pMeshResource":{"type":"ZRuntimeResourceID","value":{"resource":"00C448EDCED92510","flag":"5F"}}}},"522d19ab4303f927":{"parent":"c3264e6dd4a3e8aa","name":"Mesh_Watch","factory":"[modules:/zbodypartentity.class].pc_entitytype","blueprint":"[modules:/zbodypartentity.class].pc_entityblueprint","properties":{"m_pMeshResource":{"type":"ZRuntimeResourceID","value":{"resource":"004638FB3F3C2B9A","flag":"5F"}}}},"ba3a5b6c1bd821e":{"parent":"c3264e6dd4a3e8aa","name":"ChildNetwork","factory":"[modules:/zchildnetworkentity.class].pc_entitytype","blueprint":"[modules:/zchildnetworkentity.class].pc_entityblueprint","properties":{"m_RuntimeNetworkResourceID":{"type":"ZRuntimeResourceID","value":{"resource":"[assembly:/animationnetworks/hitman01/idles/suitidle.aln].pc_rtn","flag":"9F"}}}},"c3264e6dd4a3e8aa":{"parent":null,"name":"OUTFIT_Agent47_Reward_S1Elusive_HeroA_v0","factory":"[assembly:/templates/aspectdummy.aspect]([modules:/zlinkedproxyentity.class].entitytype,[modules:/zclothcharacterentity.class].entitytype,[modules:/zheroidlenetworkaspect.class].entitytype).pc_entitytype","blueprint":"[assembly:/templates/aspectdummy.aspect]([modules:/zlinkedproxyentity.class].entitytype,[modules:/zclothcharacterentity.class].entitytype,[modules:/zheroidlenetworkaspect.class].entitytype).pc_entityblueprint","properties":{"m_ResourceID":{"type":"ZRuntimeResourceID","value":null},"m_fLODScale":{"type":"float32","value":1},"m_mTransform":{"type":"SMatrix43","value":{"rotation":{"x":0,"y":0,"z":0},"position":{"x":14.26593017578125,"y":14.278220176696777,"z":0}}},"m_pBonesAndCollisionResource":{"type":"ZRuntimeResourceID","value":{"resource":"004E2C4FC114F487","flag":"5F"}},"m_bUsePerVertexStiffness":{"type":"bool","value":false},"m_LocalColliders":{"type":"TArray<SEntityTemplateReference>","value":["446643a942a5d850"]},"m_bGlobalCollidersEnabled":{"type":"bool","value":false},"m_fDamping":{"type":"float32","value":0.05000000074505806},"m_fBendStiffness":{"type":"float32","value":0.699999988079071},"m_bUsePerVertexDamping":{"type":"bool","value":false},"m_fShearStiffness":{"type":"float32","value":0.8999999761581421},"m_bUseSkinningPosNormalConstrains":{"type":"bool","value":true},"m_bUseSkinningNegNormalConstrains":{"type":"bool","value":true},"m_nIterations":{"type":"uint32","value":2},"m_fFrequency":{"type":"float32","value":90},"m_vTranslationScale":{"type":"SVector3","value":{"x":0.10000000149011612,"y":0.10000000149011612,"z":0.10000000149011612}},"m_vGravity":{"type":"SVector3","value":{"x":0,"y":0,"z":-13}},"m_fLODOffset":{"type":"float32","value":100},"m_fDragConstant":{"type":"float32","value":1},"m_eStretchConstrainType":{"type":"EClothStretchConstrainType","value":"eClothBendConstrainType_None"},"m_fAngularVelocityThreshold":{"type":"float32","value":60},"m_eRootBone":{"type":"BoneId.Enum","value":"PELVIS"},"m_bEnableAngularVelocityScale":{"type":"bool","value":true},"m_eBendConstrainType":{"type":"EClothBendConstrainType","value":"eClothBendConstrainType_Stick"},"m_pIdleAnimNetworkEntity":{"type":"SEntityTemplateReference","value":"ba3a5b6c1bd821e"},"m_bRandomStartState":{"type":"bool","value":true},"m_fWindConstant":{"type":"float32","value":0.10000000149011612},"m_aBodyParts":{"type":"TArray<SEntityTemplateReference>","value":["af098629834ec67f","59278317659b1b6d","27922098d59f452e","3382e76a47038b61","64d9e6ba3fc038b7","aa09f73d40389fd5","8e7ad1649564ce37","daf3e5ea7531b121","522d19ab4303f927","2f60cfebd96fe226","4bbf0d51e1860b96"],"postInit":true}}},"2f60cfebd96fe226":{"parent":"c3264e6dd4a3e8aa","name":"Mesh_Coat","factory":"[modules:/zbodypartentity.class].pc_entitytype","blueprint":"[modules:/zbodypartentity.class].pc_entityblueprint","properties":{"m_pMeshResource":{"type":"ZRuntimeResourceID","value":{"resource":"00C4C32DD0B76665","flag":"5F"}}}},"27922098d59f452e":{"parent":"c3264e6dd4a3e8aa","name":"Mesh_Belt","factory":"[modules:/zbodypartentity.class].pc_entitytype","blueprint":"[modules:/zbodypartentity.class].pc_entityblueprint","properties":{"m_pMeshResource":{"type":"ZRuntimeResourceID","value":{"resource":"00A3E377683D770C","flag":"5F"}}}},"abcd1a04f9232415":{"parent":"c3264e6dd4a3e8aa","name":"Attacher_Head","factory":"[assembly:/templates/aspectdummy.aspect]([modules:/zcompositeentity.class].entitytype,[modules:/zboneattachaspect.class].entitytype).pc_entitytype","blueprint":"[assembly:/templates/aspectdummy.aspect]([modules:/zcompositeentity.class].entitytype,[modules:/zboneattachaspect.class].entitytype).pc_entityblueprint","properties":{"m_BoneName":{"type":"ZString","value":"Head"},"m_linkedEntity":{"type":"SEntityTemplateReference","value":"c3264e6dd4a3e8aa"},"m_eidParent":{"type":"SEntityTemplateReference","value":"c3264e6dd4a3e8aa"}}},"abcdac5b804c5c94":{"parent":"abcd1a04f9232415","name":"hat_cap_flat","factory":"001D4B7414196D32","blueprint":"004F543C7676FBC0","properties":{"m_mTransform":{"type":"SMatrix43","value":{"rotation":{"x":9.501127602532495,"y":89.57865917488564,"z":150.33706424180488},"position":{"x":0.08979299664497375,"y":0.02833300083875656,"z":0.00021499999274965376}}},"m_PrimitiveScale":{"type":"SVector3","value":{"x":1.095829963684082,"y":1.0540399551391602,"z":0.8103790283203125}},"Texture2D_01":{"type":"ZRuntimeResourceID","value":{"resource":"00857A9E83E9FD36","flag":"5F"}},"Diffuse_Color_01_Value":{"type":"SColorRGB","value":"#3d4246"},"m_rLinkedProxyEntity":{"type":"SEntityTemplateReference","value":"c3264e6dd4a3e8aa","postInit":true},"m_eidParent":{"type":"SEntityTemplateReference","value":"abcd1a04f9232415","postInit":true}}}},"propertyOverrides":[],"overrideDeletes":[],"pinConnectionOverrides":[],"pinConnectionOverrideDeletes":[],"externalScenes":[],"subType":"template","quickEntityVersion":3.1,"extraFactoryDependencies":[],"extraBlueprintDependencies":[],"comments":[]}