{"tempHash":"00A36A45CC69D052","tbluHash":"00078364CFF560C4","rootEntity":"11b99597a17fd3fb","entities":{"b7dc0e8ea8568e53":{"parent":"f919ebaa98db37a5","name":"C_Spine2_R","factory":"[assembly:/templates/aspectdummy.aspect]([modules:/zclothsphere.class].entitytype,[modules:/zboneattachaspect.class].entitytype).pc_entitytype","blueprint":"[assembly:/templates/aspectdummy.aspect]([modules:/zclothsphere.class].entitytype,[modules:/zboneattachaspect.class].entitytype).pc_entityblueprint","properties":{"m_BoneName":{"type":"ZString","value":"Spine2"},"m_fRadius":{"type":"float32","value":0.15000000596046448},"m_mTransform":{"type":"SMatrix43","value":{"rotation":{"x":0.6075190242261482,"y":0.04131026166972855,"z":7.77816857904588},"position":{"x":-0.034866999834775925,"y":0.024687999859452248,"z":-0.04030299931764603}}},"m_bEnabled":{"type":"bool","value":true},"m_linkedEntity":{"type":"SEntityTemplateReference","value":"11b99597a17fd3fb","postInit":true},"m_eidParent":{"type":"SEntityTemplateReference","value":"f919ebaa98db37a5","postInit":true}}},"cc6719fac1071d0c":{"parent":"f919ebaa98db37a5","name":"C_Hand_R","factory":"[assembly:/templates/aspectdummy.aspect]([modules:/zclothsphere.class].entitytype,[modules:/zboneattachaspect.class].entitytype).pc_entitytype","blueprint":"[assembly:/templates/aspectdummy.aspect]([modules:/zclothsphere.class].entitytype,[modules:/zboneattachaspect.class].entitytype).pc_entityblueprint","properties":{"m_fRadius":{"type":"float32","value":0.05000000074505806},"m_BoneName":{"type":"ZString","value":"R_Hand"},"m_linkedEntity":{"type":"SEntityTemplateReference","value":"11b99597a17fd3fb","postInit":true},"m_eidParent":{"type":"SEntityTemplateReference","value":"f919ebaa98db37a5","postInit":true}}},"cd03e22490f43924":{"parent":"f919ebaa98db37a5","name":"CChain_Legs","factory":"[modules:/zclothspherechain.class].pc_entitytype","blueprint":"[modules:/zclothspherechain.class].pc_entityblueprint","properties":{"m_mTransform":{"type":"SMatrix43","value":{"rotation":{"x":0,"y":0,"z":0},"position":{"x":-0.0000001290655973207322,"y":0.000000002171457902377938,"z":0}}},"m_bCollisionGroup0":{"type":"bool","value":true},"m_bEnabled":{"type":"bool","value":true},"m_Spheres":{"type":"TArray<SEntityTemplateReference>","value":["d19dd26410f06db3","acc376b3a52bf26e","693b62e90547cade","f530a489c3bd0bf7","2978797e84a83196","bbaafa21efe890dd","d73b2208c49c2a1a","88f47d5535080b82"],"postInit":true},"m_eidParent":{"type":"SEntityTemplateReference","value":"f919ebaa98db37a5","postInit":true}}},"7a6da89bda327fe2":{"parent":"f919ebaa98db37a5","name":"C_Spine2_L","factory":"[assembly:/templates/aspectdummy.aspect]([modules:/zclothsphere.class].entitytype,[modules:/zboneattachaspect.class].entitytype).pc_entitytype","blueprint":"[assembly:/templates/aspectdummy.aspect]([modules:/zclothsphere.class].entitytype,[modules:/zboneattachaspect.class].entitytype).pc_entityblueprint","properties":{"m_BoneName":{"type":"ZString","value":"Spine2"},"m_fRadius":{"type":"float32","value":0.15000000596046448},"m_mTransform":{"type":"SMatrix43","value":{"rotation":{"x":0.7218317539587317,"y":0.04915978565467649,"z":7.7893839530248785},"position":{"x":-0.0348690003156662,"y":0.02468400076031685,"z":0.040442001074552536}}},"m_bEnabled":{"type":"bool","value":true},"m_linkedEntity":{"type":"SEntityTemplateReference","value":"11b99597a17fd3fb","postInit":true},"m_eidParent":{"type":"SEntityTemplateReference","value":"f919ebaa98db37a5","postInit":true}}},"b7b12ee914e007cc":{"parent":"c81f1dcf47b23a72","name":"Agent47_S2_Suit_Mesh","factory":"[assembly:/templates/aspectdummy.aspect]([modules:/zbodypartentity.class].entitytype,[modules:/zclothcollidergroupaspect.class].entitytype).pc_entitytype","blueprint":"[assembly:/templates/aspectdummy.aspect]([modules:/zbodypartentity.class].entitytype,[modules:/zclothcollidergroupaspect.class].entitytype).pc_entityblueprint","properties":{"m_pMeshResource":{"type":"ZRuntimeResourceID","value":{"resource":"007B2CD81BF68C03","flag":"5F"}},"m_ClothColliders":{"type":"TArray<SEntityTemplateReference>","value":["f919ebaa98db37a5"],"postInit":true}}},"31a54e8c506a718f":{"parent":"c81f1dcf47b23a72","name":"buttons_01","factory":"009DD47904081802","blueprint":"00BD68A17772D199","properties":{"1787395739":{"type":"IRenderMaterialEntity.EModifierOperation","value":"eReplace"},"3516673141":{"type":"IRenderMaterialEntity.EModifierOperation","value":"eReplace"},"Texture2D_01_enab":{"type":"bool","value":false},"Diffuse_Color_01_Value":{"type":"SColorRGB","value":"#3b3b3b"},"ConstantVector1D_03_Value":{"type":"float32","value":0.6700000166893005},"Clients":{"type":"TArray<SEntityTemplateReference>","value":["c81f1dcf47b23a72"],"postInit":true},"m_eidParent":{"type":"SEntityTemplateReference","value":"c81f1dcf47b23a72","postInit":true}}},"efc7fa4b919826ab":{"parent":"f919ebaa98db37a5","name":"C_Elbow_R","factory":"[assembly:/templates/aspectdummy.aspect]([modules:/zclothsphere.class].entitytype,[modules:/zboneattachaspect.class].entitytype).pc_entitytype","blueprint":"[assembly:/templates/aspectdummy.aspect]([modules:/zclothsphere.class].entitytype,[modules:/zboneattachaspect.class].entitytype).pc_entityblueprint","properties":{"m_fRadius":{"type":"float32","value":0.05999999865889549},"m_BoneName":{"type":"ZString","value":"R_Forearm"},"m_linkedEntity":{"type":"SEntityTemplateReference","value":"11b99597a17fd3fb","postInit":true},"m_eidParent":{"type":"SEntityTemplateReference","value":"f919ebaa98db37a5","postInit":true}}},"aa1a0d4c3df8f2f9":{"parent":"f919ebaa98db37a5","name":"C_Shoulder_R","factory":"[assembly:/templates/aspectdummy.aspect]([modules:/zclothsphere.class].entitytype,[modules:/zboneattachaspect.class].entitytype).pc_entitytype","blueprint":"[assembly:/templates/aspectdummy.aspect]([modules:/zclothsphere.class].entitytype,[modules:/zboneattachaspect.class].entitytype).pc_entityblueprint","properties":{"m_fRadius":{"type":"float32","value":0.07000000029802322},"m_BoneName":{"type":"ZString","value":"R_UpperArm"},"m_linkedEntity":{"type":"SEntityTemplateReference","value":"11b99597a17fd3fb","postInit":true},"m_eidParent":{"type":"SEntityTemplateReference","value":"f919ebaa98db37a5","postInit":true}}},"d8323302e3ff9ff5":{"parent":"f919ebaa98db37a5","name":"ColliderGroup","factory":"[modules:/zclothcollidergroup.class].pc_entitytype","blueprint":"[modules:/zclothcollidergroup.class].pc_entityblueprint","properties":{"m_ClothColliders":{"type":"TArray<SEntityTemplateReference>","value":["cd03e22490f43924","69fbfb7279c172c1","a826a6107c8f7ca","41e2ef9c9b6857ec"],"postInit":true},"m_eidParent":{"type":"SEntityTemplateReference","value":"f919ebaa98db37a5","postInit":true}}},"41e2ef9c9b6857ec":{"parent":"f919ebaa98db37a5","name":"CChain_Arms","factory":"[modules:/zclothspherechain.class].pc_entitytype","blueprint":"[modules:/zclothspherechain.class].pc_entityblueprint","properties":{"m_mTransform":{"type":"SMatrix43","value":{"rotation":{"x":0,"y":0,"z":0},"position":{"x":0,"y":0,"z":0}}},"m_Spheres":{"type":"TArray<SEntityTemplateReference>","value":["7950132eb0a54aa","3ee7f3ed6e149540","6f578ecf12113be0","90b968339193fddf","f86d143857b68d55","aa1a0d4c3df8f2f9","efc7fa4b919826ab","cc6719fac1071d0c","dbfcb1eb6bac46ce"],"postInit":true},"m_eidParent":{"type":"SEntityTemplateReference","value":"f919ebaa98db37a5","postInit":true}}},"63a860caf0e21d97":{"parent":"11b99597a17fd3fb","name":"Head_47","factory":"00537D16B5CE7286","blueprint":"00F2E4A932ECAA63"},"f86d143857b68d55":{"parent":"f919ebaa98db37a5","name":"C_Neck","factory":"[assembly:/templates/aspectdummy.aspect]([modules:/zclothsphere.class].entitytype,[modules:/zboneattachaspect.class].entitytype).pc_entitytype","blueprint":"[assembly:/templates/aspectdummy.aspect]([modules:/zclothsphere.class].entitytype,[modules:/zboneattachaspect.class].entitytype).pc_entityblueprint","properties":{"m_fRadius":{"type":"float32","value":0.07999999821186066},"m_BoneName":{"type":"ZString","value":"Neck"},"m_linkedEntity":{"type":"SEntityTemplateReference","value":"11b99597a17fd3fb","postInit":true},"m_eidParent":{"type":"SEntityTemplateReference","value":"f919ebaa98db37a5","postInit":true}}},"f530a489c3bd0bf7":{"parent":"f919ebaa98db37a5","name":"C_Pelvis_R","factory":"[assembly:/templates/aspectdummy.aspect]([modules:/zclothsphere.class].entitytype,[modules:/zboneattachaspect.class].entitytype).pc_entitytype","blueprint":"[assembly:/templates/aspectdummy.aspect]([modules:/zclothsphere.class].entitytype,[modules:/zboneattachaspect.class].entitytype).pc_entityblueprint","properties":{"m_fRadius":{"type":"float32","value":0.13199999928474426},"m_BoneName":{"type":"ZString","value":"Pelvis"},"m_mTransform":{"type":"SMatrix43","value":{"rotation":{"x":-0.055977958130533356,"y":0,"z":-0.05597795813053337},"position":{"x":0.03649299964308739,"y":0.013976000249385834,"z":-0.05660500004887581}}},"m_bEnabled":{"type":"bool","value":true},"m_eidParent":{"type":"SEntityTemplateReference","value":"f919ebaa98db37a5","postInit":true}}},"6f578ecf12113be0":{"parent":"f919ebaa98db37a5","name":"C_Elbow_L","factory":"[assembly:/templates/aspectdummy.aspect]([modules:/zclothsphere.class].entitytype,[modules:/zboneattachaspect.class].entitytype).pc_entitytype","blueprint":"[assembly:/templates/aspectdummy.aspect]([modules:/zclothsphere.class].entitytype,[modules:/zboneattachaspect.class].entitytype).pc_entityblueprint","properties":{"m_fRadius":{"type":"float32","value":0.05999999865889549},"m_BoneName":{"type":"ZString","value":"L_Forearm"},"m_linkedEntity":{"type":"SEntityTemplateReference","value":"11b99597a17fd3fb","postInit":true},"m_eidParent":{"type":"SEntityTemplateReference","value":"f919ebaa98db37a5","postInit":true}}},"5e3d2c6a3a211ae3":{"parent":"f919ebaa98db37a5","name":"C_Spine_R","factory":"[assembly:/templates/aspectdummy.aspect]([modules:/zclothsphere.class].entitytype,[modules:/zboneattachaspect.class].entitytype).pc_entitytype","blueprint":"[assembly:/templates/aspectdummy.aspect]([modules:/zclothsphere.class].entitytype,[modules:/zboneattachaspect.class].entitytype).pc_entityblueprint","properties":{"m_BoneName":{"type":"ZString","value":"Spine"},"m_fRadius":{"type":"float32","value":0.12999999523162842},"m_mTransform":{"type":"SMatrix43","value":{"rotation":{"x":-0.05414454912231989,"y":0.05047758911089795,"z":-0.05231108661696353},"position":{"x":-0.000011000000085914508,"y":0.030017999932169914,"z":-0.05071999877691269}}},"m_bEnabled":{"type":"bool","value":true},"m_bCollisionGroup0":{"type":"bool","value":true},"m_linkedEntity":{"type":"SEntityTemplateReference","value":"11b99597a17fd3fb","postInit":true},"m_eidParent":{"type":"SEntityTemplateReference","value":"f919ebaa98db37a5","postInit":true}}},"88f47d5535080b82":{"parent":"f919ebaa98db37a5","name":"C_Knee_L","factory":"[assembly:/templates/aspectdummy.aspect]([modules:/zclothsphere.class].entitytype,[modules:/zboneattachaspect.class].entitytype).pc_entitytype","blueprint":"[assembly:/templates/aspectdummy.aspect]([modules:/zclothsphere.class].entitytype,[modules:/zboneattachaspect.class].entitytype).pc_entityblueprint","properties":{"m_fRadius":{"type":"float32","value":0.10000000149011612},"m_BoneName":{"type":"ZString","value":"LThighTwist2"},"m_mTransform":{"type":"SMatrix43","value":{"rotation":{"x":0,"y":0.019767044762768395,"z":0},"position":{"x":0.12600800395011902,"y":-0.011082000099122524,"z":-0.008000999689102173}}},"m_linkedEntity":{"type":"SEntityTemplateReference","value":"11b99597a17fd3fb","postInit":true},"m_eidParent":{"type":"SEntityTemplateReference","value":"f919ebaa98db37a5","postInit":true}}},"23e764c26d4a2e23":{"parent":"11b99597a17fd3fb","name":"Hands","factory":"009A6D9F7927FB89","blueprint":"00F49463DEA8D412"},"672f39ca07ffb91":{"parent":"11b99597a17fd3fb","name":"Shirt_Dress_BtnUp_Tkd_Cut_Jacket","factory":"0011644483049F85","blueprint":"000083C995DF8DF6","properties":{"Diffuse_Color_01_Value":{"type":"SColorRGB","value":"#ffffff"},"Diffuse_Color_02_Value":{"type":"SColorRGB","value":"#ffffff"},"m_pMeshResource":{"type":"ZRuntimeResourceID","value":{"resource":"00B01768DC4A1EB4","flag":"5F"}}}},"3ee7f3ed6e149540":{"parent":"f919ebaa98db37a5","name":"C_Hand_L","factory":"[assembly:/templates/aspectdummy.aspect]([modules:/zclothsphere.class].entitytype,[modules:/zboneattachaspect.class].entitytype).pc_entitytype","blueprint":"[assembly:/templates/aspectdummy.aspect]([modules:/zclothsphere.class].entitytype,[modules:/zboneattachaspect.class].entitytype).pc_entityblueprint","properties":{"m_fRadius":{"type":"float32","value":0.05000000074505806},"m_BoneName":{"type":"ZString","value":"L_Hand"},"m_linkedEntity":{"type":"SEntityTemplateReference","value":"11b99597a17fd3fb","postInit":true},"m_eidParent":{"type":"SEntityTemplateReference","value":"f919ebaa98db37a5","postInit":true}}},"7950132eb0a54aa":{"parent":"f919ebaa98db37a5","name":"C_Palm_L","factory":"[assembly:/templates/aspectdummy.aspect]([modules:/zclothsphere.class].entitytype,[modules:/zboneattachaspect.class].entitytype).pc_entitytype","blueprint":"[assembly:/templates/aspectdummy.aspect]([modules:/zclothsphere.class].entitytype,[modules:/zboneattachaspect.class].entitytype).pc_entityblueprint","properties":{"m_fRadius":{"type":"float32","value":0.07000000029802322},"m_BoneName":{"type":"ZString","value":"L_Hand"},"m_mTransform":{"type":"SMatrix43","value":{"rotation":{"x":0,"y":0,"z":0},"position":{"x":0.07999999821186066,"y":0,"z":0}}},"m_linkedEntity":{"type":"SEntityTemplateReference","value":"11b99597a17fd3fb","postInit":true},"m_eidParent":{"type":"SEntityTemplateReference","value":"f919ebaa98db37a5","postInit":true}}},"7bdde2bab02c3c87":{"parent":"c81f1dcf47b23a72","name":"male_reg_suit_jacket_01_closed_anisotropic","factory":"006B1597F1644AD3","blueprint":"0031DDC42BCE981A","properties":{"2287298018":{"type":"IRenderMaterialEntity.EModifierOperation","value":"eReplace"},"2359342559":{"type":"IRenderMaterialEntity.EModifierOperation","value":"eReplace"},"m_mTransform":{"type":"SMatrix43","value":{"rotation":{"x":0,"y":0,"z":0},"position":{"x":0,"y":0,"z":0}}},"ConstantColorRGB_05_Value_op":{"type":"IRenderMaterialEntity.EModifierOperation","value":"eReplace"},"ConstantColorRGB_05_Value":{"type":"SColorRGB","value":"#e8f0ff"},"ConstantColorRGB_02_Value_op":{"type":"IRenderMaterialEntity.EModifierOperation","value":"eReplace"},"ConstantColorRGB_02_Value":{"type":"SColorRGB","value":"#3d3a3c"},"Clients":{"type":"TArray<SEntityTemplateReference>","value":["c81f1dcf47b23a72"],"postInit":true},"m_eidParent":{"type":"SEntityTemplateReference","value":"c81f1dcf47b23a72","postInit":true}}},"c81f1dcf47b23a72":{"parent":"11b99597a17fd3fb","name":"Agent47_Skunk_Jacket","factory":"[modules:/zcompositeentity.class].pc_entitytype","blueprint":"[modules:/zcompositeentity.class].pc_entityblueprint","properties":{"m_mTransform":{"type":"SMatrix43","value":{"rotation":{"x":0,"y":0,"z":0},"position":{"x":0,"y":0,"z":0}}},"m_eidParent":{"type":"SEntityTemplateReference","value":"11b99597a17fd3fb","postInit":true}},"inputCopying":{"ConstantVector1D_04_Value":{"ConstantVector1D_04_Value":["7bdde2bab02c3c87"]},"ConstantVector1D_06_Value":{"ConstantVector1D_06_Value":["7bdde2bab02c3c87"]}},"exposedInterfaces":{"ZClothColliderGroupAspect":"b7b12ee914e007cc","ZBodyPartEntity":"b7b12ee914e007cc"}},"2978797e84a83196":{"parent":"f919ebaa98db37a5","name":"C_Pelvis_L","factory":"[assembly:/templates/aspectdummy.aspect]([modules:/zclothsphere.class].entitytype,[modules:/zboneattachaspect.class].entitytype).pc_entitytype","blueprint":"[assembly:/templates/aspectdummy.aspect]([modules:/zclothsphere.class].entitytype,[modules:/zboneattachaspect.class].entitytype).pc_entityblueprint","properties":{"m_fRadius":{"type":"float32","value":0.13199999928474426},"m_BoneName":{"type":"ZString","value":"Pelvis"},"m_mTransform":{"type":"SMatrix43","value":{"rotation":{"x":-0.055977958130533356,"y":0,"z":-0.05597795813053337},"position":{"x":0.03649799898266792,"y":0.013976000249385834,"z":0.05415799841284752}}},"m_bEnabled":{"type":"bool","value":true},"m_linkedEntity":{"type":"SEntityTemplateReference","value":"11b99597a17fd3fb","postInit":true},"m_eidParent":{"type":"SEntityTemplateReference","value":"f919ebaa98db37a5","postInit":true}}},"f0ff4c3a632d2d38":{"parent":"f919ebaa98db37a5","name":"C_Spine1_R","factory":"[assembly:/templates/aspectdummy.aspect]([modules:/zclothsphere.class].entitytype,[modules:/zboneattachaspect.class].entitytype).pc_entitytype","blueprint":"[assembly:/templates/aspectdummy.aspect]([modules:/zclothsphere.class].entitytype,[modules:/zboneattachaspect.class].entitytype).pc_entityblueprint","properties":{"m_BoneName":{"type":"ZString","value":"Spine1"},"m_fRadius":{"type":"float32","value":0.125},"m_mTransform":{"type":"SMatrix43","value":{"rotation":{"x":0,"y":0,"z":0},"position":{"x":-0.030835000798106194,"y":0.03204600140452385,"z":-0.04226600006222725}}},"m_bEnabled":{"type":"bool","value":true},"m_linkedEntity":{"type":"SEntityTemplateReference","value":"11b99597a17fd3fb","postInit":true},"m_eidParent":{"type":"SEntityTemplateReference","value":"f919ebaa98db37a5","postInit":true}}},"f80cb429094a83fe":{"parent":"f919ebaa98db37a5","name":"C_Spine1_L","factory":"[assembly:/templates/aspectdummy.aspect]([modules:/zclothsphere.class].entitytype,[modules:/zboneattachaspect.class].entitytype).pc_entitytype","blueprint":"[assembly:/templates/aspectdummy.aspect]([modules:/zclothsphere.class].entitytype,[modules:/zboneattachaspect.class].entitytype).pc_entityblueprint","properties":{"m_BoneName":{"type":"ZString","value":"Spine1"},"m_fRadius":{"type":"float32","value":0.125},"m_mTransform":{"type":"SMatrix43","value":{"rotation":{"x":0,"y":0,"z":0},"position":{"x":-0.03164999932050705,"y":0.032572001218795776,"z":0.03817800059914589}}},"m_bEnabled":{"type":"bool","value":true},"m_linkedEntity":{"type":"SEntityTemplateReference","value":"11b99597a17fd3fb","postInit":true},"m_eidParent":{"type":"SEntityTemplateReference","value":"f919ebaa98db37a5","postInit":true}}},"bbaafa21efe890dd":{"parent":"f919ebaa98db37a5","name":"C_TighTop_L","factory":"[assembly:/templates/aspectdummy.aspect]([modules:/zclothsphere.class].entitytype,[modules:/zboneattachaspect.class].entitytype).pc_entitytype","blueprint":"[assembly:/templates/aspectdummy.aspect]([modules:/zclothsphere.class].entitytype,[modules:/zboneattachaspect.class].entitytype).pc_entityblueprint","properties":{"m_fRadius":{"type":"float32","value":0.13199999928474426},"m_BoneName":{"type":"ZString","value":"LThighTwist"},"m_mTransform":{"type":"SMatrix43","value":{"rotation":{"x":0,"y":0.019767044762768395,"z":0},"position":{"x":0.001016999944113195,"y":0.013093000277876854,"z":0.035888999700546265}}},"m_linkedEntity":{"type":"SEntityTemplateReference","value":"11b99597a17fd3fb","postInit":true},"m_eidParent":{"type":"SEntityTemplateReference","value":"f919ebaa98db37a5","postInit":true}}},"693b62e90547cade":{"parent":"f919ebaa98db37a5","name":"C_TighTop_R","factory":"[assembly:/templates/aspectdummy.aspect]([modules:/zclothsphere.class].entitytype,[modules:/zboneattachaspect.class].entitytype).pc_entitytype","blueprint":"[assembly:/templates/aspectdummy.aspect]([modules:/zclothsphere.class].entitytype,[modules:/zboneattachaspect.class].entitytype).pc_entityblueprint","properties":{"m_fRadius":{"type":"float32","value":0.13199999928474426},"m_BoneName":{"type":"ZString","value":"RThighTwist"},"m_mTransform":{"type":"SMatrix43","value":{"rotation":{"x":0,"y":0,"z":0},"position":{"x":0.001167000038549304,"y":0.015010000206530094,"z":-0.0352259986102581}}},"m_linkedEntity":{"type":"SEntityTemplateReference","value":"11b99597a17fd3fb","postInit":true},"m_eidParent":{"type":"SEntityTemplateReference","value":"f919ebaa98db37a5","postInit":true}}},"94e87559c66eea1e":{"parent":"11b99597a17fd3fb","name":"Shoes_Derby_CapToe_SquareTip","factory":"0033E9BBFCA7B067","blueprint":"0002D822B863CAA8","properties":{"Diffuse_Color_01_Value":{"type":"SColorRGB","value":"#2e2e2e"},"ConstantVector1D_04_Value":{"type":"float32","value":0.14000000059604645},"m_pMeshResource":{"type":"ZRuntimeResourceID","value":{"resource":"0015789424CAA4F7","flag":"5F"}}}},"d19dd26410f06db3":{"parent":"f919ebaa98db37a5","name":"C_Knee_R","factory":"[assembly:/templates/aspectdummy.aspect]([modules:/zclothsphere.class].entitytype,[modules:/zboneattachaspect.class].entitytype).pc_entitytype","blueprint":"[assembly:/templates/aspectdummy.aspect]([modules:/zclothsphere.class].entitytype,[modules:/zboneattachaspect.class].entitytype).pc_entityblueprint","properties":{"m_fRadius":{"type":"float32","value":0.10000000149011612},"m_BoneName":{"type":"ZString","value":"RThighTwist2"},"m_mTransform":{"type":"SMatrix43","value":{"rotation":{"x":0.019767043586382146,"y":0,"z":0},"position":{"x":0.12606200575828552,"y":-0.011234999634325504,"z":-0.0020119999535381794}}},"m_linkedEntity":{"type":"SEntityTemplateReference","value":"11b99597a17fd3fb","postInit":true},"m_eidParent":{"type":"SEntityTemplateReference","value":"f919ebaa98db37a5","postInit":true}}},"50810cc01acd2db4":{"parent":"3d9330536ff8d626","name":"male_reg_suit_pants_anisotropic","factory":"00475ECD0A7CE94A","blueprint":"00D34BFD3AA1A4D6","properties":{"2287298018":{"type":"IRenderMaterialEntity.EModifierOperation","value":"eReplace"},"2359342559":{"type":"IRenderMaterialEntity.EModifierOperation","value":"eReplace"},"m_mTransform":{"type":"SMatrix43","value":{"rotation":{"x":0,"y":0,"z":0},"position":{"x":0,"y":0,"z":0}}},"ConstantColorRGB_02_Value_op":{"type":"IRenderMaterialEntity.EModifierOperation","value":"eReplace"},"ConstantColorRGB_02_Value":{"type":"SColorRGB","value":"#3d3a3c"},"ConstantColorRGB_05_Value_op":{"type":"IRenderMaterialEntity.EModifierOperation","value":"eReplace"},"ConstantColorRGB_05_Value":{"type":"SColorRGB","value":"#e8f0ff"},"ConstantVector1D_01_Value_op":{"type":"IRenderMaterialEntity.EModifierOperation","value":"eReplace"},"Clients":{"type":"TArray<SEntityTemplateReference>","value":["3d9330536ff8d626"],"postInit":true},"m_eidParent":{"type":"SEntityTemplateReference","value":"11b99597a17fd3fb","postInit":true}}},"3d9330536ff8d626":{"parent":"11b99597a17fd3fb","name":"Mesh_Pants","factory":"[modules:/zbodypartentity.class].pc_entitytype","blueprint":"[modules:/zbodypartentity.class].pc_entityblueprint","properties":{"m_pMeshResource":{"type":"ZRuntimeResourceID","value":{"resource":"00E2D159F9700B40","flag":"5F"}}},"inputCopying":{"ConstantVector1D_04_Value":{"ConstantVector1D_04_Value":["50810cc01acd2db4"]},"ConstantVector1D_06_Value":{"ConstantVector1D_06_Value":["50810cc01acd2db4"]},"ConstantVector1D_01_Value":{"ConstantVector1D_01_Value":["50810cc01acd2db4"]}}},"cf24673df9b9d536":{"parent":"be0dc3a08cc1275f","name":"agent47_skunk_tie","factory":"00E1C4A9C7CFF9B2","blueprint":"0006457096DE6092","properties":{"2287298018":{"type":"IRenderMaterialEntity.EModifierOperation","value":"eReplace"},"m_mTransform":{"type":"SMatrix43","value":{"rotation":{"x":0,"y":0,"z":0},"position":{"x":0,"y":0,"z":0}}},"ConstantColorRGB_02_Value_op":{"type":"IRenderMaterialEntity.EModifierOperation","value":"eReplace"},"ConstantColorRGB_05_Value_op":{"type":"IRenderMaterialEntity.EModifierOperation","value":"eReplace"},"ConstantColorRGB_05_Value":{"type":"SColorRGB","value":"#bababa"},"ConstantColorRGB_02_Value":{"type":"SColorRGB","value":"#a1a1a1"},"Texture2D_01_enab":{"type":"bool","value":true},"Texture2D_01":{"type":"ZRuntimeResourceID","value":{"resource":"00F97FB029944482","flag":"5F"}},"Texture2D_03_enab":{"type":"bool","value":true},"Texture2D_03":{"type":"ZRuntimeResourceID","value":{"resource":"0072F93F8DA8A800","flag":"5F"}},"Clients":{"type":"TArray<SEntityTemplateReference>","value":["be0dc3a08cc1275f"],"postInit":true},"m_eidParent":{"type":"SEntityTemplateReference","value":"11b99597a17fd3fb","postInit":true}}},"be0dc3a08cc1275f":{"parent":"11b99597a17fd3fb","name":"Tie_Kelvin_Jacket_Fit","factory":"0017527791AB5E5C","blueprint":"0002AAB0DAC51755","properties":{"ConstantColorRGB_02_Value":{"type":"SColorRGB","value":"#ffffff"},"ConstantColorRGB_05_Value":{"type":"SColorRGB","value":"#942e2e"},"Texture2DNormal_01":{"type":"ZRuntimeResourceID","value":{"resource":"0091E793D3996E1B","flag":"5F"}},"Texture2D_03":{"type":"ZRuntimeResourceID","value":{"resource":"002D277A80921776","flag":"5F"}},"m_pMeshResource":{"type":"ZRuntimeResourceID","value":{"resource":"0019A8798AEC224F","flag":"5F"}},"Texture2D_01":{"type":"ZRuntimeResourceID","value":{"resource":"00B0DFCC2F35B7C0","flag":"5F"}}},"inputCopying":{"ConstantVector1D_04_Value":{"ConstantVector1D_04_Value":["cf24673df9b9d536"]}}},"9629e449b363ef60":{"parent":"11b99597a17fd3fb","name":"Lerp 2","factory":"[modules:/zmathlerp.class].pc_entitytype","blueprint":"[modules:/zmathlerp.class].pc_entityblueprint","properties":{"m_A":{"type":"float32","value":0.5},"m_B":{"type":"float32","value":0.20000000298023224},"m_fT":{"type":"float32","value":0}},"events":{"Lerp":{"ConstantVector1D_01_Value":["672f39ca07ffb91","782aa269bf76f592"]}}},"74aa7ad049536c73":{"parent":"11b99597a17fd3fb","name":"Lerp 1","factory":"[modules:/zmathlerp.class].pc_entitytype","blueprint":"[modules:/zmathlerp.class].pc_entityblueprint","properties":{"m_B":{"type":"float32","value":0.30000001192092896},"m_fT":{"type":"float32","value":0}},"events":{"Lerp":{"ConstantVector1D_14_Value":["672f39ca07ffb91","782aa269bf76f592"],"ConstantVector1D_04_Value":["63a860caf0e21d97","3d9330536ff8d626","c81f1dcf47b23a72","94e87559c66eea1e"],"SpecularRoughnessMin":["23e764c26d4a2e23"]}}},"acc376b3a52bf26e":{"parent":"f919ebaa98db37a5","name":"C_TighMid_R","factory":"[assembly:/templates/aspectdummy.aspect]([modules:/zclothsphere.class].entitytype,[modules:/zboneattachaspect.class].entitytype).pc_entitytype","blueprint":"[assembly:/templates/aspectdummy.aspect]([modules:/zclothsphere.class].entitytype,[modules:/zboneattachaspect.class].entitytype).pc_entityblueprint","properties":{"m_fRadius":{"type":"float32","value":0.11500000208616257},"m_BoneName":{"type":"ZString","value":"RThighTwist1"},"m_mTransform":{"type":"SMatrix43","value":{"rotation":{"x":0.013980169653958504,"y":0,"z":0},"position":{"x":0.054016001522541046,"y":0.009703000076115131,"z":-0.01396500039845705}}},"m_linkedEntity":{"type":"SEntityTemplateReference","value":"11b99597a17fd3fb","postInit":true},"m_eidParent":{"type":"SEntityTemplateReference","value":"f919ebaa98db37a5","postInit":true}}},"d73b2208c49c2a1a":{"parent":"f919ebaa98db37a5","name":"C_TighMid_L","factory":"[assembly:/templates/aspectdummy.aspect]([modules:/zclothsphere.class].entitytype,[modules:/zboneattachaspect.class].entitytype).pc_entitytype","blueprint":"[assembly:/templates/aspectdummy.aspect]([modules:/zclothsphere.class].entitytype,[modules:/zboneattachaspect.class].entitytype).pc_entityblueprint","properties":{"m_fRadius":{"type":"float32","value":0.11500000208616257},"m_BoneName":{"type":"ZString","value":"LThighTwist1"},"m_mTransform":{"type":"SMatrix43","value":{"rotation":{"x":0,"y":0,"z":0},"position":{"x":0.05449200049042702,"y":0.016682999208569527,"z":0.012148999609053135}}},"m_bCollisionGroup0":{"type":"bool","value":true},"m_linkedEntity":{"type":"SEntityTemplateReference","value":"11b99597a17fd3fb","postInit":true},"m_eidParent":{"type":"SEntityTemplateReference","value":"f919ebaa98db37a5","postInit":true}}},"11b99597a17fd3fb":{"parent":null,"name":"OUTFIT_Agent47_Reward_S1ChallangesNormalAll_HeroA_v0","factory":"00C0753FBF784C66","blueprint":"007294473357329E","properties":{"m_LocalColliders":{"type":"TArray<SEntityTemplateReference>","value":[]},"m_mTransform":{"type":"SMatrix43","value":{"rotation":{"x":0,"y":0,"z":0},"position":{"x":40.9486198425293,"y":8.913522720336914,"z":0.010654999874532223}}},"m_pBonesAndCollisionResource":{"type":"ZRuntimeResourceID","value":{"resource":"0017416135CF879C","flag":"5F"}},"m_aBodyParts":{"type":"TArray<SEntityTemplateReference>","value":["63a860caf0e21d97","94e87559c66eea1e","672f39ca07ffb91","c81f1dcf47b23a72","be0dc3a08cc1275f","3d9330536ff8d626","23e764c26d4a2e23","782aa269bf76f592"],"postInit":true}}},"69fbfb7279c172c1":{"parent":"f919ebaa98db37a5","name":"CChain_Spine_R","factory":"[modules:/zclothspherechain.class].pc_entitytype","blueprint":"[modules:/zclothspherechain.class].pc_entityblueprint","properties":{"m_Spheres":{"type":"TArray<SEntityTemplateReference>","value":["5e3d2c6a3a211ae3","f0ff4c3a632d2d38","b7dc0e8ea8568e53"]},"m_mTransform":{"type":"SMatrix43","value":{"rotation":{"x":0,"y":0,"z":0},"position":{"x":-0.0000001290655973207322,"y":0.000000002171457902377938,"z":0}}},"m_eidParent":{"type":"SEntityTemplateReference","value":"f919ebaa98db37a5","postInit":true}}},"ffe2bf4f52e04a5e":{"parent":"f919ebaa98db37a5","name":"C_Spine_L","factory":"[assembly:/templates/aspectdummy.aspect]([modules:/zclothsphere.class].entitytype,[modules:/zboneattachaspect.class].entitytype).pc_entitytype","blueprint":"[assembly:/templates/aspectdummy.aspect]([modules:/zclothsphere.class].entitytype,[modules:/zboneattachaspect.class].entitytype).pc_entityblueprint","properties":{"m_BoneName":{"type":"ZString","value":"Spine"},"m_linkedEntity":{"type":"SEntityTemplateReference","value":"11b99597a17fd3fb"},"m_fRadius":{"type":"float32","value":0.12999999523162842},"m_mTransform":{"type":"SMatrix43","value":{"rotation":{"x":0,"y":0,"z":0},"position":{"x":-0.000007999999979801942,"y":0.03147900104522705,"z":0.04797400161623955}}},"m_bEnabled":{"type":"bool","value":true},"m_bCollisionGroup0":{"type":"bool","value":true},"m_eidParent":{"type":"SEntityTemplateReference","value":"f919ebaa98db37a5","postInit":true}}},"a826a6107c8f7ca":{"parent":"f919ebaa98db37a5","name":"CChain_Spine_L","factory":"[modules:/zclothspherechain.class].pc_entitytype","blueprint":"[modules:/zclothspherechain.class].pc_entityblueprint","properties":{"m_Spheres":{"type":"TArray<SEntityTemplateReference>","value":["ffe2bf4f52e04a5e","f80cb429094a83fe","7a6da89bda327fe2"]},"m_mTransform":{"type":"SMatrix43","value":{"rotation":{"x":0,"y":0,"z":0},"position":{"x":-0.0000001290655973207322,"y":0.000000002171457902377938,"z":0}}},"m_eidParent":{"type":"SEntityTemplateReference","value":"f919ebaa98db37a5","postInit":true}}},"945215d91ce9cd25":{"parent":"11b99597a17fd3fb","name":"Lerp","factory":"[modules:/zmathlerp.class].pc_entitytype","blueprint":"[modules:/zmathlerp.class].pc_entityblueprint","properties":{"m_B":{"type":"float32","value":0.30000001192092896},"m_fT":{"type":"float32","value":0}},"events":{"Lerp":{"ConstantVector1D_04_Value":["be0dc3a08cc1275f"]}}},"b6936fdac52808e2":{"parent":"11b99597a17fd3fb","name":"Lerp 3","factory":"[modules:/zmathlerp.class].pc_entitytype","blueprint":"[modules:/zmathlerp.class].pc_entityblueprint","properties":{"m_A":{"type":"float32","value":1},"m_B":{"type":"float32","value":2},"m_fT":{"type":"float32","value":0}},"events":{"Lerp":{"ConstantVector1D_06_Value":["672f39ca07ffb91","3d9330536ff8d626","c81f1dcf47b23a72"]}}},"d61b07015aed49e5":{"parent":"11b99597a17fd3fb","name":"FX_Hitman_Wet_Logic_Character","factory":"0067CFB703A80787","blueprint":"00AA88C960CD2080","properties":{"HeadMaterialOverride":{"type":"TArray<SEntityTemplateReference>","value":["11b99597a17fd3fb"]},"HeadMaterialToOverride":{"type":"ZRuntimeResourceID","value":{"resource":"009F7978C601815A","flag":"5F"}}},"events":{"HitmanWetness":{"T":["945215d91ce9cd25","74aa7ad049536c73","9629e449b363ef60","b6936fdac52808e2"]}}},"90b968339193fddf":{"parent":"f919ebaa98db37a5","name":"C_Shoulder_L","factory":"[assembly:/templates/aspectdummy.aspect]([modules:/zclothsphere.class].entitytype,[modules:/zboneattachaspect.class].entitytype).pc_entitytype","blueprint":"[assembly:/templates/aspectdummy.aspect]([modules:/zclothsphere.class].entitytype,[modules:/zboneattachaspect.class].entitytype).pc_entityblueprint","properties":{"m_fRadius":{"type":"float32","value":0.07000000029802322},"m_BoneName":{"type":"ZString","value":"L_UpperArm"},"m_linkedEntity":{"type":"SEntityTemplateReference","value":"11b99597a17fd3fb"},"m_eidParent":{"type":"SEntityTemplateReference","value":"f919ebaa98db37a5","postInit":true}}},"dbfcb1eb6bac46ce":{"parent":"f919ebaa98db37a5","name":"C_Palm_R","factory":"[assembly:/templates/aspectdummy.aspect]([modules:/zclothsphere.class].entitytype,[modules:/zboneattachaspect.class].entitytype).pc_entitytype","blueprint":"[assembly:/templates/aspectdummy.aspect]([modules:/zclothsphere.class].entitytype,[modules:/zboneattachaspect.class].entitytype).pc_entityblueprint","properties":{"m_fRadius":{"type":"float32","value":0.07000000029802322},"m_BoneName":{"type":"ZString","value":"R_Hand"},"m_linkedEntity":{"type":"SEntityTemplateReference","value":"11b99597a17fd3fb"},"m_mTransform":{"type":"SMatrix43","value":{"rotation":{"x":0,"y":0,"z":0},"position":{"x":0.07999999821186066,"y":0,"z":0}}},"m_eidParent":{"type":"SEntityTemplateReference","value":"f919ebaa98db37a5","postInit":true}}},"f919ebaa98db37a5":{"parent":"c81f1dcf47b23a72","name":"Agent47_S2_Suit_Collider","factory":"[modules:/zcompositeentity.class].pc_entitytype","blueprint":"[modules:/zcompositeentity.class].pc_entityblueprint","properties":{"m_mTransform":{"type":"SMatrix43","value":{"rotation":{"x":0,"y":0,"z":0},"position":{"x":0,"y":0,"z":0}}},"m_linkedEntity":{"type":"SEntityTemplateReference","value":"11b99597a17fd3fb"},"m_eidParent":{"type":"SEntityTemplateReference","value":"c81f1dcf47b23a72"}},"propertyAliases":{"m_linkedEntity":[{"originalProperty":"m_linkedEntity","originalEntity":"88f47d5535080b82"},{"originalProperty":"m_linkedEntity","originalEntity":"d19dd26410f06db3"},{"originalProperty":"m_linkedEntity","originalEntity":"d73b2208c49c2a1a"},{"originalProperty":"m_linkedEntity","originalEntity":"acc376b3a52bf26e"},{"originalProperty":"m_linkedEntity","originalEntity":"693b62e90547cade"},{"originalProperty":"m_linkedEntity","originalEntity":"bbaafa21efe890dd"},{"originalProperty":"m_linkedEntity","originalEntity":"2978797e84a83196"},{"originalProperty":"m_linkedEntity","originalEntity":"b7dc0e8ea8568e53"},{"originalProperty":"m_linkedEntity","originalEntity":"f0ff4c3a632d2d38"},{"originalProperty":"m_linkedEntity","originalEntity":"5e3d2c6a3a211ae3"},{"originalProperty":"m_linkedEntity","originalEntity":"ffe2bf4f52e04a5e"},{"originalProperty":"m_linkedEntity","originalEntity":"f80cb429094a83fe"},{"originalProperty":"m_linkedEntity","originalEntity":"7a6da89bda327fe2"},{"originalProperty":"m_linkedEntity","originalEntity":"efc7fa4b919826ab"},{"originalProperty":"m_linkedEntity","originalEntity":"6f578ecf12113be0"},{"originalProperty":"m_linkedEntity","originalEntity":"3ee7f3ed6e149540"},{"originalProperty":"m_linkedEntity","originalEntity":"cc6719fac1071d0c"},{"originalProperty":"m_linkedEntity","originalEntity":"90b968339193fddf"},{"originalProperty":"m_linkedEntity","originalEntity":"aa1a0d4c3df8f2f9"},{"originalProperty":"m_linkedEntity","originalEntity":"f86d143857b68d55"},{"originalProperty":"m_linkedEntity","originalEntity":"dbfcb1eb6bac46ce"},{"originalProperty":"m_linkedEntity","originalEntity":"7950132eb0a54aa"}]},"exposedInterfaces":{"ZClothCollider":"d8323302e3ff9ff5","ZClothColliderGroup":"d8323302e3ff9ff5"}},"782aa269bf76f592":{"parent":"11b99597a17fd3fb","name":"Pocket_Square_Flat_Suit_Open","factory":"0078F513B83FB26D","blueprint":"008BC192B36CD4AA","properties":{"m_pMeshResource":{"type":"ZRuntimeResourceID","value":{"resource":"00CB9F7777E41BAB","flag":"5F"}}}}},"propertyOverrides":[],"overrideDeletes":[],"pinConnectionOverrides":[],"pinConnectionOverrideDeletes":[],"externalScenes":[],"subType":"template","quickEntityVersion":3.1,"extraFactoryDependencies":[],"extraBlueprintDependencies":[],"comments":[]}