{"tempHash":"00C7BDC7BE27DE4D","tbluHash":"00666A494E0568DC","rootEntity":"21f86512cc253307","entities":{"69ceebb3ac3f3219":{"parent":"56f00077c8819d62","name":"CChain_Legs","factory":"[modules:/zclothspherechain.class].pc_entitytype","blueprint":"[modules:/zclothspherechain.class].pc_entityblueprint","properties":{"m_mTransform":{"type":"SMatrix43","value":{"rotation":{"x":0,"y":0,"z":0},"position":{"x":-0.0000001290655973207322,"y":0.000000002171457902377938,"z":0}}},"m_Spheres":{"type":"TArray<SEntityTemplateReference>","value":["cc752ea127fb7b44","50c2484b1541705c","b72c7f99f78eb0d4","d007c9f9cd8762ac","921dc51fa3b05e15","c201788d45efbe45","74d70b4528bba1c5","7717dd0533e0dcb2","fcb2a81bbc2a4a37"],"postInit":true},"m_eidParent":{"type":"SEntityTemplateReference","value":"56f00077c8819d62","postInit":true}}},"b042fde9a31f648":{"parent":"24fe93e52ba79c14","name":"male_reg_socks_01","factory":"000191174AD4F0BC","blueprint":"006B6ED99EF0ADEB","properties":{"m_mTransform":{"type":"SMatrix43","value":{"rotation":{"x":0,"y":0,"z":0},"position":{"x":0,"y":0,"z":0}}},"ConstantVector1D_01_Value_op":{"type":"IRenderMaterialEntity.EModifierOperation","value":"eReplace"},"ConstantVector1D_01_Value":{"type":"float32","value":0.009999999776482582},"ConstantVector1D_04_Value_op":{"type":"IRenderMaterialEntity.EModifierOperation","value":"eReplace"},"Clients":{"type":"TArray<SEntityTemplateReference>","value":["24fe93e52ba79c14"],"postInit":true},"m_eidParent":{"type":"SEntityTemplateReference","value":"21f86512cc253307","postInit":true}}},"9c27448e59caa4b2":{"parent":"d52213f9a41cdcf5","name":"agent47_pants_wrath","factory":"00AF5D7E4ADCC3E6","blueprint":"00724CF6A48E89E0","properties":{"m_mTransform":{"type":"SMatrix43","value":{"rotation":{"x":0,"y":0,"z":0.0000005034122918725566},"position":{"x":-0.0000019668830191221787,"y":-0.0000003146768960959889,"z":0}}},"ConstantVector1D_15_Value_op":{"type":"IRenderMaterialEntity.EModifierOperation","value":"eReplace"},"ConstantVector1D_15_Value":{"type":"float32","value":1.399999976158142},"Diffuse_Color_01_Value_op":{"type":"IRenderMaterialEntity.EModifierOperation","value":"eReplace"},"Diffuse_Color_01_Value":{"type":"SColorRGB","value":"#a18e7a"},"ConstantVector1D_14_Value_op":{"type":"IRenderMaterialEntity.EModifierOperation","value":"eReplace"},"ConstantVector1D_14_Value":{"type":"float32","value":0},"ConstantVector1D_06_Value":{"type":"float32","value":1},"Texture2DNormal_01":{"type":"ZRuntimeResourceID","value":{"resource":"009FCCC868AA485C","flag":"5F"}},"Texture2D_03":{"type":"ZRuntimeResourceID","value":{"resource":"009B82F94AB943A7","flag":"5F"}},"Texture2D_01":{"type":"ZRuntimeResourceID","value":{"resource":"00E971591EC78956","flag":"5F"}},"Texture2D_01_enab":{"type":"bool","value":true},"Texture2D_03_enab":{"type":"bool","value":true},"Texture2DNormal_01_enab":{"type":"bool","value":true},"ConstantVector1D_01_Value_op":{"type":"IRenderMaterialEntity.EModifierOperation","value":"eReplace"},"Diffuse_Saturation_01_Value_op":{"type":"IRenderMaterialEntity.EModifierOperation","value":"eReplace"},"Diffuse_Hue_Shift_01_Value_op":{"type":"IRenderMaterialEntity.EModifierOperation","value":"eReplace"},"ConstantVector1D_06_Value_op":{"type":"IRenderMaterialEntity.EModifierOperation","value":"eReplace"},"Clients":{"type":"TArray<SEntityTemplateReference>","value":["21f86512cc253307"],"postInit":true},"m_eidParent":{"type":"SEntityTemplateReference","value":"21f86512cc253307","postInit":true}}},"853c651f9d7e5237":{"parent":"21f86512cc253307","name":"Lerp_Coat_Normal_Bump","factory":"[modules:/zmathlerp.class].pc_entitytype","blueprint":"[modules:/zmathlerp.class].pc_entityblueprint","properties":{"m_A":{"type":"float32","value":1},"m_fT":{"type":"float32","value":0},"m_B":{"type":"float32","value":2.180000066757202}},"events":{"Lerp":{"ConstantVector1D_06_Value":["45e41b74eb4ce2a0"]}}},"bf9a80467d8c9ce0":{"parent":"945ee3b225c9937b","name":"glasses_sporty_fullframe","factory":"00048AC085AE6F1F","blueprint":"00E028A01FECA84D","properties":{"m_mTransform":{"type":"SMatrix43","value":{"rotation":{"x":19.018293173232923,"y":89.60697951681522,"z":156.88543471548593},"position":{"x":0.07622899860143661,"y":0.01590999960899353,"z":-0.00015799999528098851}}},"Texture2D_03":{"type":"ZRuntimeResourceID","value":{"resource":"0081346560A6031B","flag":"5F"}},"Texture2D_01_1":{"type":"ZRuntimeResourceID","value":{"resource":"009B0D95DF6A500E","flag":"5F"}},"Texture2D_01":{"type":"ZRuntimeResourceID","value":{"resource":"0009762FCD5989A3","flag":"5F"}},"Diffuse_Tint_Value_1":{"type":"SColorRGB","value":"#ebd5c0"},"m_PrimitiveScale":{"type":"SVector3","value":{"x":0.9376279711723328,"y":0.8773499727249146,"z":0.9444959759712219}},"m_ResourceID":{"type":"ZRuntimeResourceID","value":{"resource":"006A14A7FFC89CE8","flag":"5F"}},"m_bVisible":{"type":"bool","value":true},"m_eidParent":{"type":"SEntityTemplateReference","value":"945ee3b225c9937b","postInit":true}}},"812be3b727a56dd8":{"parent":"56f00077c8819d62","name":"C_Head_Lower","factory":"[assembly:/templates/aspectdummy.aspect]([modules:/zclothsphere.class].entitytype,[modules:/zboneattachaspect.class].entitytype).pc_entitytype","blueprint":"[assembly:/templates/aspectdummy.aspect]([modules:/zclothsphere.class].entitytype,[modules:/zboneattachaspect.class].entitytype).pc_entityblueprint","properties":{"m_fRadius":{"type":"float32","value":0.10000000149011612},"m_BoneName":{"type":"ZString","value":"Head"},"m_mTransform":{"type":"SMatrix43","value":{"rotation":{"x":0,"y":0,"z":0},"position":{"x":0.018286999315023422,"y":0.03781700134277344,"z":-0.0000009999999974752427}}},"m_bEnabled":{"type":"bool","value":false},"m_linkedEntity":{"type":"SEntityTemplateReference","value":"21f86512cc253307","postInit":true},"m_eidParent":{"type":"SEntityTemplateReference","value":"56f00077c8819d62","postInit":true}}},"b72c7f99f78eb0d4":{"parent":"56f00077c8819d62","name":"C_TighMid_R","factory":"[assembly:/templates/aspectdummy.aspect]([modules:/zclothsphere.class].entitytype,[modules:/zboneattachaspect.class].entitytype).pc_entitytype","blueprint":"[assembly:/templates/aspectdummy.aspect]([modules:/zclothsphere.class].entitytype,[modules:/zboneattachaspect.class].entitytype).pc_entityblueprint","properties":{"m_fRadius":{"type":"float32","value":0.10999999940395355},"m_BoneName":{"type":"ZString","value":"RThighTwist1"},"m_mTransform":{"type":"SMatrix43","value":{"rotation":{"x":0,"y":0,"z":0},"position":{"x":0.061000000685453415,"y":0.009999999776482582,"z":-0.004999999888241291}}},"m_bEnabled":{"type":"bool","value":true},"m_linkedEntity":{"type":"SEntityTemplateReference","value":"21f86512cc253307","postInit":true},"m_eidParent":{"type":"SEntityTemplateReference","value":"56f00077c8819d62","postInit":true}}},"945ee3b225c9937b":{"parent":"21f86512cc253307","name":"Attacher_Head","factory":"[assembly:/templates/aspectdummy.aspect]([modules:/zcompositeentity.class].entitytype,[modules:/zboneattachaspect.class].entitytype).pc_entitytype","blueprint":"[assembly:/templates/aspectdummy.aspect]([modules:/zcompositeentity.class].entitytype,[modules:/zboneattachaspect.class].entitytype).pc_entityblueprint","properties":{"m_BoneName":{"type":"ZString","value":"Head"},"m_mTransform":{"type":"SMatrix43","value":{"rotation":{"x":-0.09791848962475727,"y":0.0014323931701585553,"z":-1.682504886959441},"position":{"x":0.0023799999617040157,"y":0.003046999918296933,"z":-0.0007719999994151294}}},"m_linkedEntity":{"type":"SEntityTemplateReference","value":"21f86512cc253307","postInit":true},"m_eidParent":{"type":"SEntityTemplateReference","value":"21f86512cc253307","postInit":true}}},"7c02738faeaf96a5":{"parent":"21f86512cc253307","name":"Hands","factory":"009A6D9F7927FB89","blueprint":"00F49463DEA8D412","properties":{"m_pMeshResource":{"type":"ZRuntimeResourceID","value":{"resource":"0070301E8B8C1CC9","flag":"5F"}}}},"c201788d45efbe45":{"parent":"56f00077c8819d62","name":"C_TighTop_L","factory":"[assembly:/templates/aspectdummy.aspect]([modules:/zclothsphere.class].entitytype,[modules:/zboneattachaspect.class].entitytype).pc_entitytype","blueprint":"[assembly:/templates/aspectdummy.aspect]([modules:/zclothsphere.class].entitytype,[modules:/zboneattachaspect.class].entitytype).pc_entityblueprint","properties":{"m_fRadius":{"type":"float32","value":0.14000000059604645},"m_BoneName":{"type":"ZString","value":"LThighTwist"},"m_mTransform":{"type":"SMatrix43","value":{"rotation":{"x":0,"y":0,"z":0},"position":{"x":0.010999999940395355,"y":0.014999999664723873,"z":0.03999999910593033}}},"m_bEnabled":{"type":"bool","value":true},"m_linkedEntity":{"type":"SEntityTemplateReference","value":"21f86512cc253307","postInit":true},"m_eidParent":{"type":"SEntityTemplateReference","value":"56f00077c8819d62","postInit":true}}},"4b0f9f6baaf5363e":{"parent":"21f86512cc253307","name":"Belt_Buckle_Cowboy","factory":"0039EB994BC38CBA","blueprint":"00A72413BF7F3F6A","properties":{"m_pMeshResource":{"type":"ZRuntimeResourceID","value":{"resource":"00C8DD0F7BB7DE7B","flag":"5F"}},"Texture2D_01":{"type":"ZRuntimeResourceID","value":{"resource":"00A97F5F7D4582C5","flag":"5F"}},"Texture2DNormal_01":{"type":"ZRuntimeResourceID","value":{"resource":"00145DE6E1B20E14","flag":"5F"}},"Texture2D_03":{"type":"ZRuntimeResourceID","value":{"resource":"0081AA77861C6D28","flag":"5F"}}}},"1f32baa4f46523c2":{"parent":"bf9a80467d8c9ce0","name":"male_reg_delivery_01_sunglasses_01","factory":"[assembly:/_pro/characters/assets/workers/delivery_01/materials/male_reg_delivery_01_sunglasses_01.mi].pc_entitytype","blueprint":"[assembly:/_pro/characters/assets/workers/delivery_01/materials/male_reg_delivery_01_sunglasses_01.mi].pc_entityblueprint","properties":{"m_mTransform":{"type":"SMatrix43","value":{"rotation":{"x":0,"y":0,"z":0},"position":{"x":0,"y":0,"z":0}}},"Clients":{"type":"TArray<SEntityTemplateReference>","value":["bf9a80467d8c9ce0"]},"Diffuse_Color_01_Value":{"type":"SColorRGB","value":"#f0cc89"},"Diffuse_Color_01_Value_op":{"type":"IRenderMaterialEntity.EModifierOperation","value":"eReplace"},"Texture2D_03_enab":{"type":"bool","value":false},"Texture2D_01_enab":{"type":"bool","value":false},"m_eidParent":{"type":"SEntityTemplateReference","value":"bf9a80467d8c9ce0"}}},"d52213f9a41cdcf5":{"parent":"21f86512cc253307","name":"Mesh_Pant","factory":"[modules:/zbodypartentity.class].pc_entitytype","blueprint":"[modules:/zbodypartentity.class].pc_entityblueprint","properties":{"m_pMeshResource":{"type":"ZRuntimeResourceID","value":{"resource":"00E1F35A8BBB2668","flag":"5F"}}},"inputCopying":{"ConstantVector1D_06_Value":{"ConstantVector1D_06_Value":["9c27448e59caa4b2"]},"ConstantVector1D_01_Value":{"ConstantVector1D_01_Value":["9c27448e59caa4b2"]},"ConstantVector1D_14_Value":{"ConstantVector1D_14_Value":["9c27448e59caa4b2"]}}},"2b11f6b933395c74":{"parent":"56f00077c8819d62","name":"C_Hand_L","factory":"[assembly:/templates/aspectdummy.aspect]([modules:/zclothsphere.class].entitytype,[modules:/zboneattachaspect.class].entitytype).pc_entitytype","blueprint":"[assembly:/templates/aspectdummy.aspect]([modules:/zclothsphere.class].entitytype,[modules:/zboneattachaspect.class].entitytype).pc_entityblueprint","properties":{"m_fRadius":{"type":"float32","value":0.07000000029802322},"m_BoneName":{"type":"ZString","value":"L_Hand"},"m_mTransform":{"type":"SMatrix43","value":{"rotation":{"x":0,"y":0,"z":0},"position":{"x":0.1120000034570694,"y":0.02500000037252903,"z":0.003000000026077032}}},"m_bEnabled":{"type":"bool","value":false},"m_linkedEntity":{"type":"SEntityTemplateReference","value":"21f86512cc253307","postInit":true},"m_eidParent":{"type":"SEntityTemplateReference","value":"56f00077c8819d62","postInit":true}}},"1c2f14790495204f":{"parent":"56f00077c8819d62","name":"C_ShoulderR","factory":"[assembly:/templates/aspectdummy.aspect]([modules:/zclothsphere.class].entitytype,[modules:/zboneattachaspect.class].entitytype).pc_entitytype","blueprint":"[assembly:/templates/aspectdummy.aspect]([modules:/zclothsphere.class].entitytype,[modules:/zboneattachaspect.class].entitytype).pc_entityblueprint","properties":{"m_fRadius":{"type":"float32","value":0.10000000149011612},"m_BoneName":{"type":"ZString","value":"R_Clavicle"},"m_mTransform":{"type":"SMatrix43","value":{"rotation":{"x":0,"y":0,"z":0},"position":{"x":0.14300000667572021,"y":0.012000000104308128,"z":-0.0020000000949949026}}},"m_bEnabled":{"type":"bool","value":false},"m_linkedEntity":{"type":"SEntityTemplateReference","value":"21f86512cc253307","postInit":true},"m_eidParent":{"type":"SEntityTemplateReference","value":"56f00077c8819d62","postInit":true}}},"b1e54a15bcad64d":{"parent":"87832d66426c6195","name":"stone_turtleneck","factory":"00D1DD9F0434EFB1","blueprint":"00A529C67B81C523","properties":{"m_mTransform":{"type":"SMatrix43","value":{"rotation":{"x":0,"y":0,"z":0},"position":{"x":0,"y":0,"z":0}}},"Diffuse_Color_01_Value_op":{"type":"IRenderMaterialEntity.EModifierOperation","value":"eReplace"},"Diffuse_Color_01_Value":{"type":"SColorRGB","value":"#ffb259"},"Texture2D_01":{"type":"ZRuntimeResourceID","value":{"resource":"0044A26A6D75EBAE","flag":"5F"}},"Texture2D_01_enab":{"type":"bool","value":true},"Texture2D_03":{"type":"ZRuntimeResourceID","value":{"resource":"0044A26A6D75EBAE","flag":"5F"}},"Texture2D_03_enab":{"type":"bool","value":true},"ConstantVector1D_15_Value_op":{"type":"IRenderMaterialEntity.EModifierOperation","value":"eReplace"},"ConstantVector1D_15_Value":{"type":"float32","value":0.4399999976158142},"ConstantVector1D_06_Value_op":{"type":"IRenderMaterialEntity.EModifierOperation","value":"eReplace"},"ConstantVector1D_14_Value_op":{"type":"IRenderMaterialEntity.EModifierOperation","value":"eReplace"},"ConstantVector1D_01_Value_op":{"type":"IRenderMaterialEntity.EModifierOperation","value":"eReplace"},"Clients":{"type":"TArray<SEntityTemplateReference>","value":["87832d66426c6195"],"postInit":true},"m_eidParent":{"type":"SEntityTemplateReference","value":"21f86512cc253307","postInit":true}}},"d8269de625917b68":{"parent":"8b916e96db14ff92","name":"male_reg_locals_05_shoes_01","factory":"[assembly:/_pro/characters/assets/civilians/italy/local_mens/materials/male_reg_locals_05_shoes_01.mi].pc_entitytype","blueprint":"[assembly:/_pro/characters/assets/civilians/italy/local_mens/materials/male_reg_locals_05_shoes_01.mi].pc_entityblueprint","properties":{"m_mTransform":{"type":"SMatrix43","value":{"rotation":{"x":0,"y":0,"z":0},"position":{"x":-0.0000007385935987258563,"y":-0.000001072712962013611,"z":0}}},"Diffuse_Color_01_Value_op":{"type":"IRenderMaterialEntity.EModifierOperation","value":"eReplace"},"ConstantVector1D_04_Value_op":{"type":"IRenderMaterialEntity.EModifierOperation","value":"eReplace"},"ConstantVector1D_01_Value_op":{"type":"IRenderMaterialEntity.EModifierOperation","value":"eReplace"},"ConstantVector1D_06_Value_op":{"type":"IRenderMaterialEntity.EModifierOperation","value":"eReplace"},"Texture2D_01":{"type":"ZRuntimeResourceID","value":{"resource":"[assembly:/_pro/characters/assets/civilians/italy/local_mens/textures/male_reg_locals_05_shoes_01.texture?/specular_a.tex](ascolormap).pc_tex","flag":"5F"}},"Texture2D_01_enab":{"type":"bool","value":true},"Diffuse_Color_01_Value":{"type":"SColorRGB","value":"#ebe4c7"},"Clients":{"type":"TArray<SEntityTemplateReference>","value":["21f86512cc253307"],"postInit":true},"m_eidParent":{"type":"SEntityTemplateReference","value":"21f86512cc253307","postInit":true}}},"aeedf1a8ef07f294":{"parent":"45e41b74eb4ce2a0","name":"agent47_coat_wrath","factory":"[assembly:/_pro/characters/assets/hero/agent47/materials/agent47_coat_wrath.mi].pc_entitytype","blueprint":"[assembly:/_pro/characters/assets/hero/agent47/materials/agent47_coat_wrath.mi].pc_entityblueprint","properties":{"m_mTransform":{"type":"SMatrix43","value":{"rotation":{"x":0,"y":0,"z":0},"position":{"x":0,"y":0,"z":0}}},"ConstantVector1D_15_Value_op":{"type":"IRenderMaterialEntity.EModifierOperation","value":"eReplace"},"ConstantVector1D_15_Value":{"type":"float32","value":1.5099999904632568},"Diffuse_Color_01_Value_op":{"type":"IRenderMaterialEntity.EModifierOperation","value":"eReplace"},"Texture2D_01_enab":{"type":"bool","value":true},"Texture2D_03_enab":{"type":"bool","value":true},"Texture2DNormal_01_enab":{"type":"bool","value":true},"Diffuse_Color_01_Value":{"type":"SColorRGB","value":"#a18264"},"ConstantVector1D_14_Value_op":{"type":"IRenderMaterialEntity.EModifierOperation","value":"eReplace"},"ConstantVector1D_06_Value_op":{"type":"IRenderMaterialEntity.EModifierOperation","value":"eReplace"},"ConstantVector1D_01_Value_op":{"type":"IRenderMaterialEntity.EModifierOperation","value":"eReplace"},"Diffuse_Saturation_01_Value_op":{"type":"IRenderMaterialEntity.EModifierOperation","value":"eReplace"},"Diffuse_Hue_Shift_01_Value_op":{"type":"IRenderMaterialEntity.EModifierOperation","value":"eReplace"},"ConstantVector1D_13_Value_op":{"type":"IRenderMaterialEntity.EModifierOperation","value":"eReplace"},"ConstantVector1D_05_Value_op":{"type":"IRenderMaterialEntity.EModifierOperation","value":"eReplace"},"Override":{"type":"bool","value":false},"Clients":{"type":"TArray<SEntityTemplateReference>","value":["45e41b74eb4ce2a0"],"postInit":true},"m_eidParent":{"type":"SEntityTemplateReference","value":"21f86512cc253307","postInit":true}}},"95b418a3afe00b00":{"parent":"21f86512cc253307","name":"Lerp_Boot_Diffuse","factory":"[modules:/zmathlerp.class].pc_entitytype","blueprint":"[modules:/zmathlerp.class].pc_entityblueprint","properties":{"m_A":{"type":"float32","value":0},"m_fT":{"type":"float32","value":0},"m_B":{"type":"float32","value":0.44999998807907104}},"events":{"Lerp":{"ConstantVector1D_01_Value":["8b916e96db14ff92"]}}},"3d366bc50e1c140c":{"parent":"56f00077c8819d62","name":"C_Neck","factory":"[assembly:/templates/aspectdummy.aspect]([modules:/zclothsphere.class].entitytype,[modules:/zboneattachaspect.class].entitytype).pc_entitytype","blueprint":"[assembly:/templates/aspectdummy.aspect]([modules:/zclothsphere.class].entitytype,[modules:/zboneattachaspect.class].entitytype).pc_entityblueprint","properties":{"m_fRadius":{"type":"float32","value":0.10000000149011612},"m_BoneName":{"type":"ZString","value":"Neck"},"m_mTransform":{"type":"SMatrix43","value":{"rotation":{"x":0,"y":0,"z":0},"position":{"x":-0.007079999893903732,"y":-0.010920999571681023,"z":0}}},"m_bEnabled":{"type":"bool","value":false},"m_linkedEntity":{"type":"SEntityTemplateReference","value":"21f86512cc253307","postInit":true},"m_eidParent":{"type":"SEntityTemplateReference","value":"56f00077c8819d62","postInit":true}}},"cc752ea127fb7b44":{"parent":"56f00077c8819d62","name":"C_Foot_R","factory":"[assembly:/templates/aspectdummy.aspect]([modules:/zclothsphere.class].entitytype,[modules:/zboneattachaspect.class].entitytype).pc_entitytype","blueprint":"[assembly:/templates/aspectdummy.aspect]([modules:/zclothsphere.class].entitytype,[modules:/zboneattachaspect.class].entitytype).pc_entityblueprint","properties":{"m_fRadius":{"type":"float32","value":0.07000000029802322},"m_BoneName":{"type":"ZString","value":"R_Foot"},"m_mTransform":{"type":"SMatrix43","value":{"rotation":{"x":0,"y":0,"z":0},"position":{"x":0.07999999821186066,"y":0.000000002171457902377938,"z":0}}},"m_bEnabled":{"type":"bool","value":true},"m_linkedEntity":{"type":"SEntityTemplateReference","value":"21f86512cc253307","postInit":true},"m_eidParent":{"type":"SEntityTemplateReference","value":"56f00077c8819d62","postInit":true}}},"24fe93e52ba79c14":{"parent":"21f86512cc253307","name":"Mesh_Socks","factory":"[modules:/zbodypartentity.class].pc_entitytype","blueprint":"[modules:/zbodypartentity.class].pc_entityblueprint","properties":{"m_pMeshResource":{"type":"ZRuntimeResourceID","value":{"resource":"0063B05E0712FBB3","flag":"5F"}}},"inputCopying":{"ConstantVector1D_04_Value":{"ConstantVector1D_04_Value":["b042fde9a31f648"]},"ConstantVector1D_01_Value":{"ConstantVector1D_01_Value":["b042fde9a31f648"]}}},"50940e3160ef824b":{"parent":"21f86512cc253307","name":"Lerp_Boot_Spec","factory":"[modules:/zmathlerp.class].pc_entitytype","blueprint":"[modules:/zmathlerp.class].pc_entityblueprint","properties":{"m_A":{"type":"float32","value":0},"m_B":{"type":"float32","value":0.5099999904632568},"m_fT":{"type":"float32","value":0}},"events":{"Lerp":{"ConstantVector1D_14_Value":["8b916e96db14ff92"]}}},"366e519e271e5113":{"parent":"56f00077c8819d62","name":"C_Hand_R","factory":"[assembly:/templates/aspectdummy.aspect]([modules:/zclothsphere.class].entitytype,[modules:/zboneattachaspect.class].entitytype).pc_entitytype","blueprint":"[assembly:/templates/aspectdummy.aspect]([modules:/zclothsphere.class].entitytype,[modules:/zboneattachaspect.class].entitytype).pc_entityblueprint","properties":{"m_fRadius":{"type":"float32","value":0.05000000074505806},"m_BoneName":{"type":"ZString","value":"R_Hand"},"m_mTransform":{"type":"SMatrix43","value":{"rotation":{"x":0,"y":0,"z":0},"position":{"x":0.1123398020863533,"y":0.024796010926365852,"z":0.003324999939650297}}},"m_bEnabled":{"type":"bool","value":false},"m_linkedEntity":{"type":"SEntityTemplateReference","value":"21f86512cc253307","postInit":true},"m_eidParent":{"type":"SEntityTemplateReference","value":"56f00077c8819d62","postInit":true}}},"fcb2a81bbc2a4a37":{"parent":"56f00077c8819d62","name":"C_Foot_L","factory":"[assembly:/templates/aspectdummy.aspect]([modules:/zclothsphere.class].entitytype,[modules:/zboneattachaspect.class].entitytype).pc_entitytype","blueprint":"[assembly:/templates/aspectdummy.aspect]([modules:/zclothsphere.class].entitytype,[modules:/zboneattachaspect.class].entitytype).pc_entityblueprint","properties":{"m_fRadius":{"type":"float32","value":0.07000000029802322},"m_BoneName":{"type":"ZString","value":"L_Foot"},"m_mTransform":{"type":"SMatrix43","value":{"rotation":{"x":0,"y":0,"z":0},"position":{"x":0.07999987155199051,"y":0.000000002171457902377938,"z":0}}},"m_bEnabled":{"type":"bool","value":true},"m_linkedEntity":{"type":"SEntityTemplateReference","value":"21f86512cc253307","postInit":true},"m_eidParent":{"type":"SEntityTemplateReference","value":"56f00077c8819d62","postInit":true}}},"7894963dc172c60b":{"parent":"21f86512cc253307","name":"male_reg_eyelashes","factory":"00AF6FD15BFAC222","blueprint":"00926F11E3C00813","properties":{"m_mTransform":{"type":"SMatrix43","value":{"rotation":{"x":0,"y":0,"z":0},"position":{"x":0,"y":0,"z":0}}},"ConstantVector1D_15_Value_op":{"type":"IRenderMaterialEntity.EModifierOperation","value":"eReplace"},"ConstantVector1D_16_Value_op":{"type":"IRenderMaterialEntity.EModifierOperation","value":"eReplace"},"ConstantVector1D_16_Value":{"type":"float32","value":1.5},"Clients":{"type":"TArray<SEntityTemplateReference>","value":["21f86512cc253307"],"postInit":true},"m_eidParent":{"type":"SEntityTemplateReference","value":"21f86512cc253307","postInit":true}}},"7409b6f4e2476769":{"parent":"21f86512cc253307","name":"Belt_StrapBuckle","factory":"0017355DDB3D75A3","blueprint":"005F1B0540C7F863","properties":{"Diffuse_Color_01_Value":{"type":"SColorRGB","value":"#47301d"}}},"44952b54b670dfa7":{"parent":"21f86512cc253307","name":"Lerp_Pants_Diffuse","factory":"[modules:/zmathlerp.class].pc_entitytype","blueprint":"[modules:/zmathlerp.class].pc_entityblueprint","properties":{"m_A":{"type":"float32","value":0.3799999952316284},"m_fT":{"type":"float32","value":0},"m_B":{"type":"float32","value":0.30000001192092896}},"events":{"Lerp":{"ConstantVector1D_01_Value":["d52213f9a41cdcf5","87832d66426c6195"]}}},"c51a23ab4f5e2119":{"parent":"21f86512cc253307","name":"Lerp_Coat_Diffuse","factory":"[modules:/zmathlerp.class].pc_entitytype","blueprint":"[modules:/zmathlerp.class].pc_entityblueprint","properties":{"m_A":{"type":"float32","value":0.3799999952316284},"m_fT":{"type":"float32","value":0},"m_B":{"type":"float32","value":0.25999999046325684}},"events":{"Lerp":{"ConstantVector1D_01_Value":["45e41b74eb4ce2a0"]}}},"2a24779a72dcf07e":{"parent":"56f00077c8819d62","name":"C_Elbow_L","factory":"[assembly:/templates/aspectdummy.aspect]([modules:/zclothsphere.class].entitytype,[modules:/zboneattachaspect.class].entitytype).pc_entitytype","blueprint":"[assembly:/templates/aspectdummy.aspect]([modules:/zclothsphere.class].entitytype,[modules:/zboneattachaspect.class].entitytype).pc_entityblueprint","properties":{"m_fRadius":{"type":"float32","value":0.05000000074505806},"m_BoneName":{"type":"ZString","value":"L_ForeTwist"},"m_mTransform":{"type":"SMatrix43","value":{"rotation":{"x":0,"y":0,"z":0},"position":{"x":-0.008999999612569809,"y":-0.010999999940395355,"z":-0.014000000432133675}}},"m_bEnabled":{"type":"bool","value":false},"m_linkedEntity":{"type":"SEntityTemplateReference","value":"21f86512cc253307","postInit":true},"m_eidParent":{"type":"SEntityTemplateReference","value":"56f00077c8819d62","postInit":true}}},"119ff0004864fa47":{"parent":"21f86512cc253307","name":"Min Head","factory":"[modules:/zmathlerp.class].pc_entitytype","blueprint":"[modules:/zmathlerp.class].pc_entityblueprint","properties":{"m_A":{"type":"float32","value":0},"m_B":{"type":"float32","value":0.30000001192092896},"m_fT":{"type":"float32","value":0}},"events":{"Lerp":{"ConstantVector1D_04_Value":["77f249eac81e270e"]}}},"a9e7f7019944db23":{"parent":"21f86512cc253307","name":"Lerp_Pants_Normal_Bump","factory":"[modules:/zmathlerp.class].pc_entitytype","blueprint":"[modules:/zmathlerp.class].pc_entityblueprint","properties":{"m_A":{"type":"float32","value":1},"m_fT":{"type":"float32","value":0},"m_B":{"type":"float32","value":2.0399999618530273}},"events":{"Lerp":{"ConstantVector1D_06_Value":["d52213f9a41cdcf5","87832d66426c6195"]}}},"c9f8359191322f8f":{"parent":"56f00077c8819d62","name":"CChain_LeftArm","factory":"[modules:/zclothspherechain.class].pc_entitytype","blueprint":"[modules:/zclothspherechain.class].pc_entityblueprint","properties":{"m_mTransform":{"type":"SMatrix43","value":{"rotation":{"x":0,"y":0,"z":0},"position":{"x":-0.00000016075250641733874,"y":0.0000000035905429740523687,"z":0}}},"m_bCollisionGroup1":{"type":"bool","value":true},"m_bCollisionGroup0":{"type":"bool","value":false},"m_Spheres":{"type":"TArray<SEntityTemplateReference>","value":["2b11f6b933395c74","2a24779a72dcf07e","bc5419b6577c040f","3d366bc50e1c140c"],"postInit":true},"m_eidParent":{"type":"SEntityTemplateReference","value":"56f00077c8819d62","postInit":true}}},"62a654373d8d5002":{"parent":"56f00077c8819d62","name":"C_Spine","factory":"[assembly:/templates/aspectdummy.aspect]([modules:/zclothcapsule.class].entitytype,[modules:/zboneattachaspect.class].entitytype).pc_entitytype","blueprint":"[assembly:/templates/aspectdummy.aspect]([modules:/zclothcapsule.class].entitytype,[modules:/zboneattachaspect.class].entitytype).pc_entityblueprint","properties":{"m_BoneName":{"type":"ZString","value":"Spine"},"m_fRadiusX":{"type":"float32","value":0.2199999988079071},"m_fRadiusY":{"type":"float32","value":0.14000000059604645},"m_fTop":{"type":"float32","value":0.009999999776482582},"m_fBottom":{"type":"float32","value":0},"m_fRadiusZ":{"type":"float32","value":0.1850000023841858},"m_bEnableBottomRadii":{"type":"bool","value":false},"m_fRadiusXBottom":{"type":"float32","value":1},"m_fRadiusYBottom":{"type":"float32","value":1},"m_fRadiusZBottom":{"type":"float32","value":1},"m_mTransform":{"type":"SMatrix43","value":{"rotation":{"x":0,"y":0,"z":0},"position":{"x":0,"y":0.03999999910593033,"z":-0.004999999888241291}}},"m_bEnabled":{"type":"bool","value":true},"m_linkedEntity":{"type":"SEntityTemplateReference","value":"21f86512cc253307","postInit":true},"m_eidParent":{"type":"SEntityTemplateReference","value":"56f00077c8819d62","postInit":true}}},"77f249eac81e270e":{"parent":"21f86512cc253307","name":"Head_47","factory":"00537D16B5CE7286","blueprint":"00F2E4A932ECAA63"},"d007c9f9cd8762ac":{"parent":"56f00077c8819d62","name":"C_TighTop_R","factory":"[assembly:/templates/aspectdummy.aspect]([modules:/zclothsphere.class].entitytype,[modules:/zboneattachaspect.class].entitytype).pc_entitytype","blueprint":"[assembly:/templates/aspectdummy.aspect]([modules:/zclothsphere.class].entitytype,[modules:/zboneattachaspect.class].entitytype).pc_entityblueprint","properties":{"m_fRadius":{"type":"float32","value":0.14000000059604645},"m_BoneName":{"type":"ZString","value":"RThighTwist"},"m_mTransform":{"type":"SMatrix43","value":{"rotation":{"x":0,"y":0,"z":0},"position":{"x":0.010999999940395355,"y":0.014999999664723873,"z":-0.03999999910593033}}},"m_bEnabled":{"type":"bool","value":true},"m_linkedEntity":{"type":"SEntityTemplateReference","value":"21f86512cc253307","postInit":true},"m_eidParent":{"type":"SEntityTemplateReference","value":"56f00077c8819d62","postInit":true}}},"921dc51fa3b05e15":{"parent":"56f00077c8819d62","name":"C_Pelvis","factory":"[assembly:/templates/aspectdummy.aspect]([modules:/zclothsphere.class].entitytype,[modules:/zboneattachaspect.class].entitytype).pc_entitytype","blueprint":"[assembly:/templates/aspectdummy.aspect]([modules:/zclothsphere.class].entitytype,[modules:/zboneattachaspect.class].entitytype).pc_entityblueprint","properties":{"m_fRadius":{"type":"float32","value":0.1550000011920929},"m_BoneName":{"type":"ZString","value":"Pelvis"},"m_mTransform":{"type":"SMatrix43","value":{"rotation":{"x":0,"y":0,"z":0},"position":{"x":-0.014000000432133675,"y":0.01600000075995922,"z":0.004999999888241291}}},"m_bEnabled":{"type":"bool","value":true},"m_linkedEntity":{"type":"SEntityTemplateReference","value":"21f86512cc253307","postInit":true},"m_eidParent":{"type":"SEntityTemplateReference","value":"56f00077c8819d62","postInit":true}}},"bec1ad11258d0ea6":{"parent":"21f86512cc253307","name":"Lerp_Pants_Spec","factory":"[modules:/zmathlerp.class].pc_entitytype","blueprint":"[modules:/zmathlerp.class].pc_entityblueprint","properties":{"m_A":{"type":"float32","value":0},"m_B":{"type":"float32","value":0.029999999329447746},"m_fT":{"type":"float32","value":0}},"events":{"Lerp":{"ConstantVector1D_14_Value":["d52213f9a41cdcf5"],"ConstantVector1D_04_Value":["87832d66426c6195"]}}},"87832d66426c6195":{"parent":"21f86512cc253307","name":"Mesh_Turtelneck","factory":"[modules:/zbodypartentity.class].pc_entitytype","blueprint":"[modules:/zbodypartentity.class].pc_entityblueprint","properties":{"m_pMeshResource":{"type":"ZRuntimeResourceID","value":{"resource":"0033115A19A2818A","flag":"5F"}}},"inputCopying":{"ConstantVector1D_04_Value":{"ConstantVector1D_14_Value":["b1e54a15bcad64d"]},"ConstantVector1D_01_Value":{"ConstantVector1D_01_Value":["b1e54a15bcad64d"]},"ConstantVector1D_06_Value":{"ConstantVector1D_06_Value":["b1e54a15bcad64d"]}}},"eaca2b8cd06ae2a1":{"parent":"21f86512cc253307","name":"ChildNetwork","factory":"[modules:/zchildnetworkentity.class].pc_entitytype","blueprint":"[modules:/zchildnetworkentity.class].pc_entityblueprint","properties":{"m_RuntimeNetworkResourceID":{"type":"ZRuntimeResourceID","value":{"resource":"[assembly:/animationnetworks/hitman01/idles/suitidle.aln].pc_rtn","flag":"9F"}}}},"e01aba631f9ec3ac":{"parent":"21f86512cc253307","name":"Lerp_Gloves_Spec","factory":"[modules:/zmathlerp.class].pc_entitytype","blueprint":"[modules:/zmathlerp.class].pc_entityblueprint","properties":{"m_A":{"type":"float32","value":0},"m_B":{"type":"float32","value":0.2199999988079071},"m_fT":{"type":"float32","value":0}}},"e52fffd80c174dc9":{"parent":"21f86512cc253307","name":"Lerp_Boot_Normal_Bump","factory":"[modules:/zmathlerp.class].pc_entitytype","blueprint":"[modules:/zmathlerp.class].pc_entityblueprint","properties":{"m_A":{"type":"float32","value":1},"m_fT":{"type":"float32","value":0},"m_B":{"type":"float32","value":2.3399999141693115}},"events":{"Lerp":{"ConstantVector1D_06_Value":["8b916e96db14ff92"]}}},"51a8a6b058c7fe67":{"parent":"21f86512cc253307","name":"FX_Hitman_Wet_Logic_Character","factory":"0067CFB703A80787","blueprint":"00AA88C960CD2080","properties":{"HeadMaterialToOverride":{"type":"ZRuntimeResourceID","value":{"resource":"009F7978C601815A","flag":"5F"}},"HeadMaterialOverride":{"type":"TArray<SEntityTemplateReference>","value":["21f86512cc253307"],"postInit":true}},"events":{"HitmanWetness":{"T":["c51a23ab4f5e2119","853c651f9d7e5237","119ff0004864fa47","3f09139f55559736","e161e1629f0f88da","44952b54b670dfa7","a9e7f7019944db23","bec1ad11258d0ea6","95b418a3afe00b00","e52fffd80c174dc9","50940e3160ef824b","e01aba631f9ec3ac"]}}},"e0b6659599a90810":{"parent":"56f00077c8819d62","name":"C_Elbow_R","factory":"[assembly:/templates/aspectdummy.aspect]([modules:/zclothsphere.class].entitytype,[modules:/zboneattachaspect.class].entitytype).pc_entitytype","blueprint":"[assembly:/templates/aspectdummy.aspect]([modules:/zclothsphere.class].entitytype,[modules:/zboneattachaspect.class].entitytype).pc_entityblueprint","properties":{"m_fRadius":{"type":"float32","value":0.05000000074505806},"m_BoneName":{"type":"ZString","value":"R_ForeTwist"},"m_mTransform":{"type":"SMatrix43","value":{"rotation":{"x":0,"y":0,"z":0},"position":{"x":-0.004000000189989805,"y":-0.009999999776482582,"z":0.00800000037997961}}},"m_bEnabled":{"type":"bool","value":false},"m_linkedEntity":{"type":"SEntityTemplateReference","value":"21f86512cc253307","postInit":true},"m_eidParent":{"type":"SEntityTemplateReference","value":"56f00077c8819d62","postInit":true}}},"7717dd0533e0dcb2":{"parent":"56f00077c8819d62","name":"C_Knee_L","factory":"[assembly:/templates/aspectdummy.aspect]([modules:/zclothsphere.class].entitytype,[modules:/zboneattachaspect.class].entitytype).pc_entitytype","blueprint":"[assembly:/templates/aspectdummy.aspect]([modules:/zclothsphere.class].entitytype,[modules:/zboneattachaspect.class].entitytype).pc_entityblueprint","properties":{"m_fRadius":{"type":"float32","value":0.09000000357627869},"m_BoneName":{"type":"ZString","value":"L_Calf"},"m_mTransform":{"type":"SMatrix43","value":{"rotation":{"x":0,"y":0,"z":0},"position":{"x":0.004000000189989805,"y":-0.010999999940395355,"z":-0.00800000037997961}}},"m_bEnabled":{"type":"bool","value":true},"m_linkedEntity":{"type":"SEntityTemplateReference","value":"21f86512cc253307","postInit":true},"m_eidParent":{"type":"SEntityTemplateReference","value":"56f00077c8819d62","postInit":true}}},"bc5419b6577c040f":{"parent":"56f00077c8819d62","name":"C_ShoulderL","factory":"[assembly:/templates/aspectdummy.aspect]([modules:/zclothsphere.class].entitytype,[modules:/zboneattachaspect.class].entitytype).pc_entitytype","blueprint":"[assembly:/templates/aspectdummy.aspect]([modules:/zclothsphere.class].entitytype,[modules:/zboneattachaspect.class].entitytype).pc_entityblueprint","properties":{"m_fRadius":{"type":"float32","value":0.10000000149011612},"m_BoneName":{"type":"ZString","value":"L_Clavicle"},"m_mTransform":{"type":"SMatrix43","value":{"rotation":{"x":0,"y":0,"z":0},"position":{"x":0.1420000046491623,"y":0.012000000104308128,"z":0.0020000000949949026}}},"m_bEnabled":{"type":"bool","value":false},"m_linkedEntity":{"type":"SEntityTemplateReference","value":"21f86512cc253307","postInit":true},"m_eidParent":{"type":"SEntityTemplateReference","value":"56f00077c8819d62","postInit":true}}},"accc7d84984a877b":{"parent":"56f00077c8819d62","name":"C_Spine1","factory":"[assembly:/templates/aspectdummy.aspect]([modules:/zclothcapsule.class].entitytype,[modules:/zboneattachaspect.class].entitytype).pc_entitytype","blueprint":"[assembly:/templates/aspectdummy.aspect]([modules:/zclothcapsule.class].entitytype,[modules:/zboneattachaspect.class].entitytype).pc_entityblueprint","properties":{"m_BoneName":{"type":"ZString","value":"Spine1"},"m_fRadiusX":{"type":"float32","value":0.25},"m_fRadiusY":{"type":"float32","value":0.14000000059604645},"m_fTop":{"type":"float32","value":0.009999999776482582},"m_fBottom":{"type":"float32","value":0},"m_fRadiusZ":{"type":"float32","value":0.18000000715255737},"m_bEnableBottomRadii":{"type":"bool","value":false},"m_fRadiusXBottom":{"type":"float32","value":1},"m_fRadiusYBottom":{"type":"float32","value":1},"m_fRadiusZBottom":{"type":"float32","value":1},"m_mTransform":{"type":"SMatrix43","value":{"rotation":{"x":0,"y":0,"z":0},"position":{"x":-0.013000000268220901,"y":0.029999999329447746,"z":-0.004999999888241291}}},"m_bEnabled":{"type":"bool","value":true},"m_linkedEntity":{"type":"SEntityTemplateReference","value":"21f86512cc253307","postInit":true},"m_eidParent":{"type":"SEntityTemplateReference","value":"56f00077c8819d62","postInit":true}}},"21f86512cc253307":{"parent":null,"name":"OUTFIT_Agent47_Global_Wrath_HeroA_V0","factory":"[assembly:/templates/aspectdummy.aspect]([modules:/zlinkedproxyentity.class].entitytype,[modules:/zclothcharacterentity.class].entitytype,[modules:/zheroidlenetworkaspect.class].entitytype).pc_entitytype","blueprint":"[assembly:/templates/aspectdummy.aspect]([modules:/zlinkedproxyentity.class].entitytype,[modules:/zclothcharacterentity.class].entitytype,[modules:/zheroidlenetworkaspect.class].entitytype).pc_entityblueprint","properties":{"m_ResourceID":{"type":"ZRuntimeResourceID","value":null},"m_fLODScale":{"type":"float32","value":1},"m_mTransform":{"type":"SMatrix43","value":{"rotation":{"x":0,"y":0,"z":-4.049024450519443},"position":{"x":54.34846115112305,"y":34.60411071777344,"z":0}}},"m_pBonesAndCollisionResource":{"type":"ZRuntimeResourceID","value":{"resource":"0017416135CF879C","flag":"5F"}},"m_bUsePerVertexStiffness":{"type":"bool","value":true},"m_LocalColliders":{"type":"TArray<SEntityTemplateReference>","value":[]},"m_bGlobalCollidersEnabled":{"type":"bool","value":false},"m_fDamping":{"type":"float32","value":1},"m_fBendStiffness":{"type":"float32","value":1},"m_bUsePerVertexDamping":{"type":"bool","value":true},"m_fShearStiffness":{"type":"float32","value":1},"m_bUseSkinningPosNormalConstrains":{"type":"bool","value":true},"m_bUseSkinningNegNormalConstrains":{"type":"bool","value":true},"m_nIterations":{"type":"uint32","value":2},"m_fFrequency":{"type":"float32","value":90},"m_vTranslationScale":{"type":"SVector3","value":{"x":0.10000000149011612,"y":0.10000000149011612,"z":0.10000000149011612}},"m_vGravity":{"type":"SVector3","value":{"x":0,"y":0,"z":-13}},"m_fLODOffset":{"type":"float32","value":100},"m_fDragConstant":{"type":"float32","value":1},"m_eStretchConstrainType":{"type":"EClothStretchConstrainType","value":"eClothBendConstrainType_LRA"},"m_fAngularVelocityThreshold":{"type":"float32","value":60},"m_eRootBone":{"type":"BoneId.Enum","value":"PELVIS"},"m_bEnableAngularVelocityScale":{"type":"bool","value":true},"m_eBendConstrainType":{"type":"EClothBendConstrainType","value":"eClothBendConstrainType_Triangle"},"m_pIdleAnimNetworkEntity":{"type":"SEntityTemplateReference","value":"eaca2b8cd06ae2a1"},"m_bRandomStartState":{"type":"bool","value":true},"m_fWindConstant":{"type":"float32","value":0.10000000149011612},"m_aBodyParts":{"type":"TArray<SEntityTemplateReference>","value":["7c02738faeaf96a5","77f249eac81e270e","24fe93e52ba79c14","d52213f9a41cdcf5","87832d66426c6195","45e41b74eb4ce2a0","7409b6f4e2476769","4b0f9f6baaf5363e","8b916e96db14ff92"],"postInit":true}}},"f74450f02e007e63":{"parent":"56f00077c8819d62","name":"CChainHead_Neck","factory":"[modules:/zclothspherechain.class].pc_entitytype","blueprint":"[modules:/zclothspherechain.class].pc_entityblueprint","properties":{"m_Spheres":{"type":"TArray<SEntityTemplateReference>","value":["2d76477353e01e54","812be3b727a56dd8","3d366bc50e1c140c"],"postInit":true},"m_eidParent":{"type":"SEntityTemplateReference","value":"56f00077c8819d62","postInit":true}}},"59cc6ff47576ab48":{"parent":"21f86512cc253307","name":"base_eye","factory":"00FDEC17A5A2BF5F","blueprint":"00C4E4179AE75353","properties":{"m_mTransform":{"type":"SMatrix43","value":{"rotation":{"x":0,"y":0,"z":0},"position":{"x":0,"y":0,"z":0}}},"Clients":{"type":"TArray<SEntityTemplateReference>","value":["21f86512cc253307"]},"EyeShader_01_IrisBrightness_op":{"type":"IRenderMaterialEntity.EModifierOperation","value":"eReplace"},"EyeShader_01_IrisBrightness":{"type":"float32","value":2},"EyeShader_01_PupilSize_op":{"type":"IRenderMaterialEntity.EModifierOperation","value":"eReplace"},"EyeShader_01_PupilSize":{"type":"float32","value":0.17000000178813934},"EyeShader_01_IrisHueShift_op":{"type":"IRenderMaterialEntity.EModifierOperation","value":"eReplace"},"EyeShader_01_IrisHueShift":{"type":"float32","value":0.10000000149011612},"EyeShader_01_CorneaSpecularPower_op":{"type":"IRenderMaterialEntity.EModifierOperation","value":"eReplace"},"EyeShader_01_CorneaSpecularPower":{"type":"float32","value":1},"EyeShader_01_CorneaSpecularIntensity_op":{"type":"IRenderMaterialEntity.EModifierOperation","value":"eReplace"},"EyeShader_01_CorneaSpecularIntensity":{"type":"float32","value":0.02500000037252903},"EyeShader_01_ScleraSpecularIntensity_op":{"type":"IRenderMaterialEntity.EModifierOperation","value":"eReplace"},"EyeShader_01_ScleraSpecularIntensity":{"type":"float32","value":0.019999999552965164},"Texture2D_01_enab":{"type":"bool","value":true},"Texture2D_01":{"type":"ZRuntimeResourceID","value":{"resource":"00956964149E802F","flag":"5F"}},"m_eidParent":{"type":"SEntityTemplateReference","value":"21f86512cc253307"}}},"45e41b74eb4ce2a0":{"parent":"21f86512cc253307","name":"Coat_Wrath","factory":"[assembly:/templates/aspectdummy.aspect]([modules:/zbodypartentity.class].entitytype,[modules:/zclothcollidergroupaspect.class].entitytype).pc_entitytype","blueprint":"[assembly:/templates/aspectdummy.aspect]([modules:/zbodypartentity.class].entitytype,[modules:/zclothcollidergroupaspect.class].entitytype).pc_entityblueprint","properties":{"m_pMeshResource":{"type":"ZRuntimeResourceID","value":{"resource":"0028DD3A5A97E0FE","flag":"5F"}},"m_ClothColliders":{"type":"TArray<SEntityTemplateReference>","value":["56f00077c8819d62"],"postInit":true}},"inputCopying":{"ConstantVector1D_14_Value":{"ConstantVector1D_14_Value":["aeedf1a8ef07f294"]},"ConstantVector1D_01_Value":{"ConstantVector1D_01_Value":["aeedf1a8ef07f294"]},"ConstantVector1D_06_Value":{"ConstantVector1D_06_Value":["aeedf1a8ef07f294"]}}},"3f09139f55559736":{"parent":"21f86512cc253307","name":"Base Min","factory":"[modules:/zmathlerp.class].pc_entitytype","blueprint":"[modules:/zmathlerp.class].pc_entityblueprint","properties":{"m_A":{"type":"float32","value":-0.14000000059604645},"m_B":{"type":"float32","value":0.3499999940395355},"m_fT":{"type":"float32","value":0}}},"e78a85457c2fbb41":{"parent":"56f00077c8819d62","name":"ColliderGroup","factory":"[modules:/zclothcollidergroup.class].pc_entitytype","blueprint":"[modules:/zclothcollidergroup.class].pc_entityblueprint","properties":{"m_ClothColliders":{"type":"TArray<SEntityTemplateReference>","value":["69ceebb3ac3f3219","3be724fac400799c","46cd9251eba9b680","accc7d84984a877b","62a654373d8d5002","f74450f02e007e63","3d366bc50e1c140c","c9f8359191322f8f"],"postInit":true},"m_eidParent":{"type":"SEntityTemplateReference","value":"56f00077c8819d62","postInit":true}}},"a85d92e0daab497":{"parent":"4b0f9f6baaf5363e","name":"male_reg_belt_buckle_oval_l","factory":"002AF451C81EDE37","blueprint":"0045693811A7B014","properties":{"m_mTransform":{"type":"SMatrix43","value":{"rotation":{"x":0,"y":0,"z":0},"position":{"x":-0.0000007385935987258563,"y":-0.000001072712962013611,"z":0}}},"Clients":{"type":"TArray<SEntityTemplateReference>","value":["21f86512cc253307"]},"Texture2DNormal_01":{"type":"ZRuntimeResourceID","value":{"resource":"00145DE6E1B20E14","flag":"5F"}},"Texture2DNormal_01_enab":{"type":"bool","value":true},"Texture2D_03":{"type":"ZRuntimeResourceID","value":{"resource":"0081AA77861C6D28","flag":"5F"}},"Texture2D_03_enab":{"type":"bool","value":true},"Texture2D_01":{"type":"ZRuntimeResourceID","value":{"resource":"00A97F5F7D4582C5","flag":"5F"}},"Texture2D_01_enab":{"type":"bool","value":true},"ConstantVector1D_03_Value_op":{"type":"IRenderMaterialEntity.EModifierOperation","value":"eReplace"},"ConstantVector1D_03_Value":{"type":"float32","value":1.4500000476837158},"ConstantVector1D_04_Value_op":{"type":"IRenderMaterialEntity.EModifierOperation","value":"eReplace"},"ConstantVector1D_04_Value":{"type":"float32","value":-0.07000000029802322},"Diffuse_Color_01_Value":{"type":"SColorRGB","value":"#ffffff"},"Diffuse_Color_01_Value_op":{"type":"IRenderMaterialEntity.EModifierOperation","value":"eLeave"},"m_eidParent":{"type":"SEntityTemplateReference","value":"21f86512cc253307"}}},"2d76477353e01e54":{"parent":"56f00077c8819d62","name":"C_Head_Top","factory":"[assembly:/templates/aspectdummy.aspect]([modules:/zclothsphere.class].entitytype,[modules:/zboneattachaspect.class].entitytype).pc_entitytype","blueprint":"[assembly:/templates/aspectdummy.aspect]([modules:/zclothsphere.class].entitytype,[modules:/zboneattachaspect.class].entitytype).pc_entityblueprint","properties":{"m_fRadius":{"type":"float32","value":0.10499999672174454},"m_BoneName":{"type":"ZString","value":"Head"},"m_mTransform":{"type":"SMatrix43","value":{"rotation":{"x":0,"y":0,"z":0},"position":{"x":0.08580199629068375,"y":0.02185400016605854,"z":0}}},"m_linkedEntity":{"type":"SEntityTemplateReference","value":"21f86512cc253307"},"m_bEnabled":{"type":"bool","value":false},"m_eidParent":{"type":"SEntityTemplateReference","value":"56f00077c8819d62","postInit":true}}},"8b916e96db14ff92":{"parent":"21f86512cc253307","name":"Boot","factory":"[modules:/zbodypartentity.class].pc_entitytype","blueprint":"[modules:/zbodypartentity.class].pc_entityblueprint","properties":{"m_pMeshResource":{"type":"ZRuntimeResourceID","value":{"resource":"00D4913419D2FF0C","flag":"5F"}}},"inputCopying":{"ConstantVector1D_06_Value":{"ConstantVector1D_06_Value":["d8269de625917b68"]},"ConstantVector1D_01_Value":{"ConstantVector1D_01_Value":["d8269de625917b68"]},"ConstantVector1D_14_Value":{"ConstantVector1D_04_Value":["d8269de625917b68"]}}},"50c2484b1541705c":{"parent":"56f00077c8819d62","name":"C_Knee_R","factory":"[assembly:/templates/aspectdummy.aspect]([modules:/zclothsphere.class].entitytype,[modules:/zboneattachaspect.class].entitytype).pc_entitytype","blueprint":"[assembly:/templates/aspectdummy.aspect]([modules:/zclothsphere.class].entitytype,[modules:/zboneattachaspect.class].entitytype).pc_entityblueprint","properties":{"m_fRadius":{"type":"float32","value":0.09000000357627869},"m_BoneName":{"type":"ZString","value":"R_Calf"},"m_linkedEntity":{"type":"SEntityTemplateReference","value":"21f86512cc253307"},"m_mTransform":{"type":"SMatrix43","value":{"rotation":{"x":0,"y":0,"z":0},"position":{"x":0.004000000189989805,"y":-0.010999999940395355,"z":0.00800000037997961}}},"m_bEnabled":{"type":"bool","value":true},"m_eidParent":{"type":"SEntityTemplateReference","value":"56f00077c8819d62","postInit":true}}},"46cd9251eba9b680":{"parent":"56f00077c8819d62","name":"C_Spine2","factory":"[assembly:/templates/aspectdummy.aspect]([modules:/zclothcapsule.class].entitytype,[modules:/zboneattachaspect.class].entitytype).pc_entitytype","blueprint":"[assembly:/templates/aspectdummy.aspect]([modules:/zclothcapsule.class].entitytype,[modules:/zboneattachaspect.class].entitytype).pc_entityblueprint","properties":{"m_BoneName":{"type":"ZString","value":"Spine2"},"m_linkedEntity":{"type":"SEntityTemplateReference","value":"21f86512cc253307"},"m_fRadiusX":{"type":"float32","value":0.23999999463558197},"m_fRadiusY":{"type":"float32","value":0.15000000596046448},"m_fTop":{"type":"float32","value":0.009999999776482582},"m_fBottom":{"type":"float32","value":0},"m_fRadiusZ":{"type":"float32","value":0.1899999976158142},"m_bEnableBottomRadii":{"type":"bool","value":false},"m_fRadiusXBottom":{"type":"float32","value":1},"m_fRadiusYBottom":{"type":"float32","value":1},"m_fRadiusZBottom":{"type":"float32","value":1},"m_mTransform":{"type":"SMatrix43","value":{"rotation":{"x":0,"y":0,"z":7.748998016010508},"position":{"x":-0.03799999877810478,"y":0.04699999839067459,"z":-0.0010000000474974513}}},"m_bEnabled":{"type":"bool","value":true},"m_eidParent":{"type":"SEntityTemplateReference","value":"56f00077c8819d62","postInit":true}}},"74d70b4528bba1c5":{"parent":"56f00077c8819d62","name":"C_TighMid_L","factory":"[assembly:/templates/aspectdummy.aspect]([modules:/zclothsphere.class].entitytype,[modules:/zboneattachaspect.class].entitytype).pc_entitytype","blueprint":"[assembly:/templates/aspectdummy.aspect]([modules:/zclothsphere.class].entitytype,[modules:/zboneattachaspect.class].entitytype).pc_entityblueprint","properties":{"m_fRadius":{"type":"float32","value":0.10999999940395355},"m_BoneName":{"type":"ZString","value":"LThighTwist1"},"m_linkedEntity":{"type":"SEntityTemplateReference","value":"21f86512cc253307"},"m_mTransform":{"type":"SMatrix43","value":{"rotation":{"x":0,"y":0,"z":0},"position":{"x":0.061000000685453415,"y":0.009999999776482582,"z":0.004999999888241291}}},"m_bEnabled":{"type":"bool","value":true},"m_eidParent":{"type":"SEntityTemplateReference","value":"56f00077c8819d62","postInit":true}}},"56f00077c8819d62":{"parent":"45e41b74eb4ce2a0","name":"Collider_Wrath","factory":"[modules:/zcompositeentity.class].pc_entitytype","blueprint":"[modules:/zcompositeentity.class].pc_entityblueprint","properties":{"m_mTransform":{"type":"SMatrix43","value":{"rotation":{"x":0,"y":0,"z":0},"position":{"x":-0.0000007385935987258563,"y":-0.000001072712962013611,"z":0}}},"Pelvis_Radius":{"type":"float32","value":0.1550000011920929},"Head_Low_Radius":{"type":"float32","value":0.10000000149011612},"Head_Top_Enabled":{"type":"bool","value":false},"Head_Low_Enabled":{"type":"bool","value":false},"Neck_Enabled":{"type":"bool","value":false},"Shoulder_L_Enabled":{"type":"bool","value":false},"Shoulder_R_Enabled":{"type":"bool","value":false},"Elbow_L_Enabled":{"type":"bool","value":false},"Elbow_R_Enabled":{"type":"bool","value":false},"Hand_L_Enabled":{"type":"bool","value":false},"Hand_R_Enabled":{"type":"bool","value":false},"Spine_Top_Enabled":{"type":"bool","value":true},"Thigh_Top_R_Radius":{"type":"float32","value":0.14000000059604645},"m_linkedEntity":{"type":"SEntityTemplateReference","value":"21f86512cc253307"},"Spine_Low_RadiusX":{"type":"float32","value":0.2199999988079071},"Spine_Low_RadiusY":{"type":"float32","value":0.14000000059604645},"Spine_Low_RadiusZ":{"type":"float32","value":0.1850000023841858},"m_eidParent":{"type":"SEntityTemplateReference","value":"21f86512cc253307"}},"propertyAliases":{"m_linkedEntity":[{"originalProperty":"m_linkedEntity","originalEntity":"2b11f6b933395c74"},{"originalProperty":"m_linkedEntity","originalEntity":"2a24779a72dcf07e"},{"originalProperty":"m_linkedEntity","originalEntity":"e0b6659599a90810"},{"originalProperty":"m_linkedEntity","originalEntity":"fcb2a81bbc2a4a37"},{"originalProperty":"m_linkedEntity","originalEntity":"cc752ea127fb7b44"},{"originalProperty":"m_linkedEntity","originalEntity":"1c2f14790495204f"},{"originalProperty":"m_linkedEntity","originalEntity":"366e519e271e5113"},{"originalProperty":"m_linkedEntity","originalEntity":"62a654373d8d5002"},{"originalProperty":"m_linkedEntity","originalEntity":"7717dd0533e0dcb2"},{"originalProperty":"m_linkedEntity","originalEntity":"accc7d84984a877b"},{"originalProperty":"m_linkedEntity","originalEntity":"50c2484b1541705c"},{"originalProperty":"m_linkedEntity","originalEntity":"46cd9251eba9b680"},{"originalProperty":"m_linkedEntity","originalEntity":"921dc51fa3b05e15"},{"originalProperty":"m_linkedEntity","originalEntity":"bc5419b6577c040f"},{"originalProperty":"m_linkedEntity","originalEntity":"74d70b4528bba1c5"},{"originalProperty":"m_linkedEntity","originalEntity":"b72c7f99f78eb0d4"},{"originalProperty":"m_linkedEntity","originalEntity":"d007c9f9cd8762ac"},{"originalProperty":"m_linkedEntity","originalEntity":"c201788d45efbe45"},{"originalProperty":"m_linkedEntity","originalEntity":"2d76477353e01e54"},{"originalProperty":"m_linkedEntity","originalEntity":"812be3b727a56dd8"},{"originalProperty":"m_linkedEntity","originalEntity":"3d366bc50e1c140c"}],"Neck_Radius":[{"originalProperty":"m_fRadius","originalEntity":"3d366bc50e1c140c"}],"Head_Low_Radius":[{"originalProperty":"m_fRadius","originalEntity":"812be3b727a56dd8"}],"Head_Top_Radius":[{"originalProperty":"m_fRadius","originalEntity":"2d76477353e01e54"}],"Head_Top_Position":[{"originalProperty":"m_mTransform","originalEntity":"2d76477353e01e54"}],"Hand_R_Radius":[{"originalProperty":"m_fRadius","originalEntity":"366e519e271e5113"}],"Hand_L_Radius":[{"originalProperty":"m_fRadius","originalEntity":"2b11f6b933395c74"}],"Elbow_R_Radius":[{"originalProperty":"m_fRadius","originalEntity":"e0b6659599a90810"}],"Elbow_L_Radius":[{"originalProperty":"m_fRadius","originalEntity":"2a24779a72dcf07e"}],"Shoulder_R_Radius":[{"originalProperty":"m_fRadius","originalEntity":"1c2f14790495204f"}],"Head_Low_Position":[{"originalProperty":"m_mTransform","originalEntity":"812be3b727a56dd8"}],"Shoulder_L_Radius":[{"originalProperty":"m_fRadius","originalEntity":"bc5419b6577c040f"}],"Neck_Position":[{"originalProperty":"m_mTransform","originalEntity":"3d366bc50e1c140c"}],"Shoulder_L_Position":[{"originalProperty":"m_mTransform","originalEntity":"bc5419b6577c040f"}],"Shoulder_R_Position":[{"originalProperty":"m_mTransform","originalEntity":"1c2f14790495204f"}],"Elbow_L_Position":[{"originalProperty":"m_mTransform","originalEntity":"2a24779a72dcf07e"}],"Elbow_R_Position":[{"originalProperty":"m_mTransform","originalEntity":"e0b6659599a90810"}],"Hand_L_Position":[{"originalProperty":"m_mTransform","originalEntity":"2b11f6b933395c74"}],"Hand_R_Position":[{"originalProperty":"m_mTransform","originalEntity":"366e519e271e5113"}],"Spine_Top_Position":[{"originalProperty":"m_mTransform","originalEntity":"46cd9251eba9b680"}],"Spine_Mid_Position":[{"originalProperty":"m_mTransform","originalEntity":"accc7d84984a877b"}],"Spine_Low_Position":[{"originalProperty":"m_mTransform","originalEntity":"62a654373d8d5002"}],"Pelvis_Position":[{"originalProperty":"m_mTransform","originalEntity":"921dc51fa3b05e15"}],"Thigh_Top_L_Position":[{"originalProperty":"m_mTransform","originalEntity":"c201788d45efbe45"}],"Thigh_Top_R_Position":[{"originalProperty":"m_mTransform","originalEntity":"d007c9f9cd8762ac"}],"Thigh_Mid_L_Position":[{"originalProperty":"m_mTransform","originalEntity":"74d70b4528bba1c5"}],"Thigh_Mid_R_Position":[{"originalProperty":"m_mTransform","originalEntity":"b72c7f99f78eb0d4"}],"Knee_L_Position":[{"originalProperty":"m_mTransform","originalEntity":"7717dd0533e0dcb2"}],"Knee_R_Position":[{"originalProperty":"m_mTransform","originalEntity":"50c2484b1541705c"}],"Foot_L_Position":[{"originalProperty":"m_mTransform","originalEntity":"fcb2a81bbc2a4a37"}],"Foot_R_Position":[{"originalProperty":"m_mTransform","originalEntity":"cc752ea127fb7b44"}],"Spine_Top_RadiusX":[{"originalProperty":"m_fRadiusX","originalEntity":"46cd9251eba9b680"}],"Spine_Top_RadiusY":[{"originalProperty":"m_fRadiusY","originalEntity":"46cd9251eba9b680"}],"Spine_Top_RadiusZ":[{"originalProperty":"m_fRadiusZ","originalEntity":"46cd9251eba9b680"}],"Spine_Mid_RadiusX":[{"originalProperty":"m_fRadiusX","originalEntity":"accc7d84984a877b"}],"Spine_Mid_RadiusY":[{"originalProperty":"m_fRadiusY","originalEntity":"accc7d84984a877b"}],"Spine_Mid_RadiusZ":[{"originalProperty":"m_fRadiusZ","originalEntity":"accc7d84984a877b"}],"Spine_Low_RadiusX":[{"originalProperty":"m_fRadiusX","originalEntity":"62a654373d8d5002"}],"Spine_Low_RadiusY":[{"originalProperty":"m_fRadiusY","originalEntity":"62a654373d8d5002"}],"Spine_Low_RadiusZ":[{"originalProperty":"m_fRadiusZ","originalEntity":"62a654373d8d5002"}],"Pelvis_Radius":[{"originalProperty":"m_fRadius","originalEntity":"921dc51fa3b05e15"}],"Thigh_Top_L_Radius":[{"originalProperty":"m_fRadius","originalEntity":"c201788d45efbe45"}],"Thigh_Top_R_Radius":[{"originalProperty":"m_fRadius","originalEntity":"d007c9f9cd8762ac"}],"Thigh_Mid_L_Radius":[{"originalProperty":"m_fRadius","originalEntity":"74d70b4528bba1c5"}],"Thigh_Mid_R_Radius":[{"originalProperty":"m_fRadius","originalEntity":"b72c7f99f78eb0d4"}],"Knee_L_Radius":[{"originalProperty":"m_fRadius","originalEntity":"7717dd0533e0dcb2"}],"Knee_R_Radius":[{"originalProperty":"m_fRadius","originalEntity":"50c2484b1541705c"}],"Foot_L_Radius":[{"originalProperty":"m_fRadius","originalEntity":"fcb2a81bbc2a4a37"}],"Foot_R_Radius":[{"originalProperty":"m_fRadius","originalEntity":"cc752ea127fb7b44"}],"Head_Top_Enabled":[{"originalProperty":"m_bEnabled","originalEntity":"2d76477353e01e54"}],"Head_Low_Enabled":[{"originalProperty":"m_bEnabled","originalEntity":"812be3b727a56dd8"}],"Neck_Enabled":[{"originalProperty":"m_bEnabled","originalEntity":"3d366bc50e1c140c"}],"Shoulder_L_Enabled":[{"originalProperty":"m_bEnabled","originalEntity":"bc5419b6577c040f"}],"Shoulder_R_Enabled":[{"originalProperty":"m_bEnabled","originalEntity":"1c2f14790495204f"}],"Elbow_L_Enabled":[{"originalProperty":"m_bEnabled","originalEntity":"2a24779a72dcf07e"}],"Elbow_R_Enabled":[{"originalProperty":"m_bEnabled","originalEntity":"e0b6659599a90810"}],"Spine_Top_Enabled":[{"originalProperty":"m_bEnabled","originalEntity":"46cd9251eba9b680"}],"Hand_R_Enabled":[{"originalProperty":"m_bEnabled","originalEntity":"366e519e271e5113"}],"Hand_L_Enabled":[{"originalProperty":"m_bEnabled","originalEntity":"2b11f6b933395c74"}],"Spine_Mid_Enabled":[{"originalProperty":"m_bEnabled","originalEntity":"accc7d84984a877b"}],"Spine_Low_Enabled":[{"originalProperty":"m_bEnabled","originalEntity":"62a654373d8d5002"}],"Pelvis_Enabled":[{"originalProperty":"m_bEnabled","originalEntity":"921dc51fa3b05e15"}],"Thigh_Top_L_Enabled":[{"originalProperty":"m_bEnabled","originalEntity":"c201788d45efbe45"}],"Thigh_Top_R_Enabled":[{"originalProperty":"m_bEnabled","originalEntity":"d007c9f9cd8762ac"}],"Thigh_Mid_L_Enabled":[{"originalProperty":"m_bEnabled","originalEntity":"74d70b4528bba1c5"}],"Thigh_Mid_R_Enabled":[{"originalProperty":"m_bEnabled","originalEntity":"b72c7f99f78eb0d4"}],"Knee_L_Enabled":[{"originalProperty":"m_bEnabled","originalEntity":"7717dd0533e0dcb2"}],"Knee_R_Enabled":[{"originalProperty":"m_bEnabled","originalEntity":"50c2484b1541705c"}],"Foot_L_Enabled":[{"originalProperty":"m_bEnabled","originalEntity":"fcb2a81bbc2a4a37"}],"Foot_R_Enabled":[{"originalProperty":"m_bEnabled","originalEntity":"cc752ea127fb7b44"}]},"exposedInterfaces":{"ZClothCollider":"e78a85457c2fbb41","ZClothColliderGroup":"e78a85457c2fbb41"}},"3be724fac400799c":{"parent":"56f00077c8819d62","name":"CChain_RightArm","factory":"[modules:/zclothspherechain.class].pc_entitytype","blueprint":"[modules:/zclothspherechain.class].pc_entityblueprint","properties":{"m_Spheres":{"type":"TArray<SEntityTemplateReference>","value":["3d366bc50e1c140c","1c2f14790495204f","e0b6659599a90810","366e519e271e5113"]},"m_mTransform":{"type":"SMatrix43","value":{"rotation":{"x":0,"y":0,"z":0},"position":{"x":-0.0000001290655973207322,"y":0.000000002171457902377938,"z":0}}},"m_bCollisionGroup0":{"type":"bool","value":false},"m_bCollisionGroup1":{"type":"bool","value":true},"m_eidParent":{"type":"SEntityTemplateReference","value":"56f00077c8819d62"}}},"e161e1629f0f88da":{"parent":"21f86512cc253307","name":"Lerp_Coat_Spec","factory":"[modules:/zmathlerp.class].pc_entitytype","blueprint":"[modules:/zmathlerp.class].pc_entityblueprint","properties":{"m_A":{"type":"float32","value":0},"m_B":{"type":"float32","value":0.15000000596046448},"m_fT":{"type":"float32","value":0}},"events":{"Lerp":{"ConstantVector1D_14_Value":["45e41b74eb4ce2a0"]}}}},"propertyOverrides":[],"overrideDeletes":[],"pinConnectionOverrides":[],"pinConnectionOverrideDeletes":[],"externalScenes":[],"subType":"template","quickEntityVersion":3.1,"extraFactoryDependencies":[{"resource":"003C4F6F6C002BBC","flag":"5F"},{"resource":"00587E69ED872EB7","flag":"5F"},{"resource":"[assembly:/_pro/characters/assets/workers/delivery_01/textures/male_reg_delivery_01_sunglasses_01.texture?/normal_a.tex](asnormalmap).pc_tex","flag":"5F"},{"resource":"[assembly:/_pro/characters/assets/workers/delivery_01/textures/male_reg_delivery_01_sunglasses_01.texture?/specular_a.tex](ascolormap).pc_tex","flag":"5F"},{"resource":"[assembly:/_pro/characters/assets/workers/delivery_01/textures/male_reg_delivery_01_sunglasses_01.texture?/diffuse_a.tex](ascolormap).pc_tex","flag":"5F"},{"resource":"00AAD107E192CFAE","flag":"5F"},{"resource":"007E2F6DB1068A8D","flag":"5F"},{"resource":"00C197DBB1B74FF6","flag":"5F"},{"resource":"[assembly:/_pro/characters/assets/_base/pro_fem_regular/textures/female_reg_eyelashes.texture?/normal_a.tex](asnormalmap).pc_tex","flag":"5F"},{"resource":"[assembly:/_pro/characters/assets/_base/pro_fem_regular/textures/female_reg_eyelashes.texture?/normal_a.tex](ascolormap).pc_tex","flag":"5F"},{"resource":"[assembly:/_pro/characters/assets/_base/pro_fem_regular/textures/female_reg_eyelashes.texture?/diffuse_a.tex](ascolormap).pc_tex","flag":"5F"},{"resource":"[assembly:/_pro/environment/textures/detailmaps/default.texture?/detail_a.tex](ascompoundnormal).pc_tex","flag":"5F"},{"resource":"00818BA637895231","flag":"5F"},{"resource":"[assembly:/_pro/characters/assets/_genericparts/skin/textures/skin_detail.texture?/normal_a.tex](asnormalmap).pc_tex","flag":"5F"},{"resource":"[assembly:/_pro/characters/assets/_genericparts/skin/textures/skin_detail.texture?/variance_a.tex](asheightmap).pc_tex","flag":"5F"},{"resource":"008E0FCF89ED862E","flag":"5F"},{"resource":"002C7E7EE46D0CD2","flag":"5F"},{"resource":"007D850436B0A092","flag":"5F"},{"resource":"00D247582859CA87","flag":"5F"},{"resource":"00D20CA72E352D16","flag":"5F"},{"resource":"008E0C03E245869E","flag":"5F"},{"resource":"00C41655904FFDB2","flag":"5F"},{"resource":"00F1AA50F9501793","flag":"5F"},{"resource":"001083E516801F5E","flag":"5F"},{"resource":"00FFC5352D7A5D64","flag":"5F"},{"resource":"00E4CE86EE7A5CC2","flag":"5F"},{"resource":"004AE40C64125C4E","flag":"5F"},{"resource":"[assembly:/_pro/characters/assets/civilians/italy/local_mens/textures/male_reg_locals_05_shoes_01.texture?/normal_a.tex](asnormalmap).pc_tex","flag":"5F"}],"extraBlueprintDependencies":[],"comments":[]}