{"tempHash":"009CE7C67C84BD81","tbluHash":"006A207A538E37E9","patch":[{"RemoveEntityByID":"0c26b177a2edb51d"},{"RemoveEntityByID":"2c399c0ea6a2fc09"},{"SubEntityOperation":["6cf924bde3ac07ce",{"RemoveEventConnection":["HitmanWetness","T","2c399c0ea6a2fc09"]}]},{"SubEntityOperation":["6cf924bde3ac07ce",{"RemoveEventConnection":["HitmanWetness","T","0c26b177a2edb51d"]}]},{"SubEntityOperation":["6cf924bde3ac07ce",{"AddEventConnection":["HitmanWetness","T","feed31c772325b41"]}]},{"SubEntityOperation":["6cf924bde3ac07ce",{"AddEventConnection":["HitmanWetness","T","feedebbe19c4dbc0"]}]},{"SubEntityOperation":["e908a8017aa3da9a",{"SetName":"Mesh_Hoodie"}]},{"SubEntityOperation":["e908a8017aa3da9a",{"SetFactory":"[modules:/zbodypartentity.class].pc_entitytype"}]},{"SubEntityOperation":["e908a8017aa3da9a",{"SetBlueprint":"[modules:/zbodypartentity.class].pc_entityblueprint"}]},{"SubEntityOperation":["e908a8017aa3da9a",{"RemovePropertyByName":"Diffuse_Saturation_01_Value"}]},{"SubEntityOperation":["e908a8017aa3da9a",{"RemovePropertyByName":"Texture2D_01"}]},{"SubEntityOperation":["e908a8017aa3da9a",{"SetPropertyValue":{"property_name":"m_pMeshResource","value":{"resource":"00296A8EAC013121","flag":"5F"}}}]},{"SubEntityOperation":["e908a8017aa3da9a",{"AddInputCopyConnection":["ConstantVector1D_04_Value","ConstantVector1D_04_Value","feed8035785a1f9e"]}]},{"SubEntityOperation":["e908a8017aa3da9a",{"AddInputCopyConnection":["ConstantVector1D_01_Value","ConstantVector1D_01_Value","feed8035785a1f9e"]}]},{"SubEntityOperation":["e908a8017aa3da9a",{"AddInputCopyConnection":["ConstantVector1D_06_Value","ConstantVector1D_06_Value","feed8035785a1f9e"]}]},{"SubEntityOperation":["9767173aa38a0b62",{"RemoveEventConnection":["Lerp","ConstantVector1D_06_Value","e908a8017aa3da9a"]}]},{"AddEntity":["feed8035785a1f9e",{"parent":"e908a8017aa3da9a","name":"shandy_hoodie_01","factory":"00A150A12EEA78AE","blueprint":"0045A5CA72218549","properties":{"m_mTransform":{"type":"SMatrix43","value":{"rotation":{"x":0,"y":0,"z":0},"position":{"x":0,"y":0,"z":0}}},"Diffuse_Color_01_Value_op":{"type":"IRenderMaterialEntity.EModifierOperation","value":"eReplace"},"Diffuse_Color_01_Value":{"type":"SColorRGB","value":"#292929"},"Texture2D_01_enab":{"type":"bool","value":true},"Texture2D_01":{"type":"ZRuntimeResourceID","value":{"resource":"00CDC1BA78CC711D","flag":"5F"}},"ConstantVector1D_05_Value_op":{"type":"IRenderMaterialEntity.EModifierOperation","value":"eReplace"},"ConstantVector1D_05_Value":{"type":"float32","value":0.5},"ConstantVector1D_04_Value_op":{"type":"IRenderMaterialEntity.EModifierOperation","value":"eReplace"},"ConstantVector1D_01_Value_op":{"type":"IRenderMaterialEntity.EModifierOperation","value":"eReplace"},"ConstantVector1D_06_Value_op":{"type":"IRenderMaterialEntity.EModifierOperation","value":"eReplace"},"Clients":{"type":"TArray<SEntityTemplateReference>","value":["e908a8017aa3da9a"],"postInit":true},"m_eidParent":{"type":"SEntityTemplateReference","value":"17f2d1ba425a4567","postInit":true}}}]},{"AddEntity":["feed31c772325b41",{"parent":"17f2d1ba425a4567","name":"Lerp 2","factory":"[modules:/zmathlerp.class].pc_entitytype","blueprint":"[modules:/zmathlerp.class].pc_entityblueprint","properties":{"m_fT":{"type":"float32","value":0},"m_A":{"type":"float32","value":0},"m_B":{"type":"float32","value":0.30000001192092896}},"events":{"Lerp":{"ConstantVector1D_04_Value":["e908a8017aa3da9a"]}}}]},{"AddEntity":["feedebbe19c4dbc0",{"parent":"17f2d1ba425a4567","name":"Lerp 3","factory":"[modules:/zmathlerp.class].pc_entitytype","blueprint":"[modules:/zmathlerp.class].pc_entityblueprint","properties":{"m_fT":{"type":"float32","value":0},"m_A":{"type":"float32","value":1},"m_B":{"type":"float32","value":2}},"events":{"Lerp":{"ConstantVector1D_06_Value":["e908a8017aa3da9a"]}}}]}],"patchVersion":6}