{"tempHash":"00A28D6F8BE0B8AD","tbluHash":"008D822479ECF322","rootEntity":"38d36a3f991d0788","entities":{"38d36a3f991d0788":{"parent":null,"name":"OUTFIT_Agent47_Falcon_HeroA_v0","factory":"00C0753FBF784C66","blueprint":"007294473357329E","properties":{"m_LocalColliders":{"type":"TArray<SEntityTemplateReference>","value":[]},"m_mTransform":{"type":"SMatrix43","value":{"rotation":{"x":0,"y":0,"z":0},"position":{"x":57.910919189453125,"y":6.134335994720459,"z":0}}},"m_pBonesAndCollisionResource":{"type":"ZRuntimeResourceID","value":{"resource":"0017416135CF879C","flag":"5F"}},"m_aBodyParts":{"type":"TArray<SEntityTemplateReference>","value":["876c9afba556294c","31095e4b03965b6","eb07e26147a66ae8","335371c7d0b0e5b1","2012d87ac3fee218","4e5cbc0d1b577faf","b3b3ea5e24f5493d","d25b0a5cb8c19e2c","1f09d0bd6070724b"],"postInit":true}}},"8a9d671e76dc501":{"parent":"1f09d0bd6070724b","name":"lens_basic","factory":"[assembly:/_pro/characters/assets/_apparel/accessories/glasses/materials/lens_basic.mi].pc_entitytype","blueprint":"[assembly:/_pro/characters/assets/_apparel/accessories/glasses/materials/lens_basic.mi].pc_entityblueprint","properties":{"m_mTransform":{"type":"SMatrix43","value":{"rotation":{"x":0,"y":0,"z":152.81474629274592},"position":{"x":-0.4235658049583435,"y":-0.39599278569221497,"z":0.06724800169467926}}},"Texture2D_01_enab":{"type":"bool","value":true},"Diffuse_Tint_Value_op":{"type":"IRenderMaterialEntity.EModifierOperation","value":"eReplace"},"ConstantVector1D_01_Value_op":{"type":"IRenderMaterialEntity.EModifierOperation","value":"eReplace"},"ConstantVector1D_01_Value":{"type":"float32","value":0.11800000071525574},"Diffuse_Tint_Value":{"type":"SColorRGB","value":"#6e6e6e"},"Texture2D_01":{"type":"ZRuntimeResourceID","value":{"resource":"008ADCB179946A13","flag":"5F"}},"m_eidParent":{"type":"SEntityTemplateReference","value":"38d36a3f991d0788"},"Clients":{"type":"TArray<SEntityTemplateReference>","value":["1f09d0bd6070724b"],"postInit":true}}},"b3b3ea5e24f5493d":{"parent":"38d36a3f991d0788","name":"Mesh_Jacket","factory":"[modules:/zbodypartentity.class].pc_entitytype","blueprint":"[modules:/zbodypartentity.class].pc_entityblueprint","properties":{"m_pMeshResource":{"type":"ZRuntimeResourceID","value":{"resource":"00AC7B14E97203B0","flag":"5F"}}}},"e59a4cdbad0acc8b":{"parent":"d25b0a5cb8c19e2c","name":"agent47_falcon_fleece","factory":"[assembly:/_pro/characters/assets/hero/agent47/materials/agent47_falcon_fleece.mi].pc_entitytype","blueprint":"[assembly:/_pro/characters/assets/hero/agent47/materials/agent47_falcon_fleece.mi].pc_entityblueprint","properties":{"m_mTransform":{"type":"SMatrix43","value":{"rotation":{"x":0,"y":0,"z":0},"position":{"x":0,"y":0,"z":0}}},"ConstantVector1D_01_Value_op":{"type":"IRenderMaterialEntity.EModifierOperation","value":"eReplace"},"ConstantVector1D_01_Value":{"type":"float32","value":1},"ConstantVector1D_05_Value_op":{"type":"IRenderMaterialEntity.EModifierOperation","value":"eReplace"},"ConstantVector1D_05_Value":{"type":"float32","value":2.25},"m_eidParent":{"type":"SEntityTemplateReference","value":"38d36a3f991d0788"},"Clients":{"type":"TArray<SEntityTemplateReference>","value":["d25b0a5cb8c19e2c"],"postInit":true}}},"31095e4b03965b6":{"parent":"38d36a3f991d0788","name":"Head_47","factory":"00537D16B5CE7286","blueprint":"00F2E4A932ECAA63"},"2012d87ac3fee218":{"parent":"38d36a3f991d0788","name":"Mesh_Hat","factory":"[modules:/zbodypartentity.class].pc_entitytype","blueprint":"[modules:/zbodypartentity.class].pc_entityblueprint","properties":{"m_pMeshResource":{"type":"ZRuntimeResourceID","value":{"resource":"00311136004671A8","flag":"5F"}},"m_IsHiddenInVR":{"type":"bool","value":true}}},"395ac73a6e51785e":{"parent":"335371c7d0b0e5b1","name":"agent47_falcon_pants","factory":"[assembly:/_pro/characters/assets/hero/agent47/materials/agent47_falcon_pants.mi].pc_entitytype","blueprint":"[assembly:/_pro/characters/assets/hero/agent47/materials/agent47_falcon_pants.mi].pc_entityblueprint","properties":{"m_mTransform":{"type":"SMatrix43","value":{"rotation":{"x":0,"y":0,"z":0},"position":{"x":0,"y":0,"z":0}}},"Texture2D_01_enab":{"type":"bool","value":true},"m_eidParent":{"type":"SEntityTemplateReference","value":"38d36a3f991d0788"},"Clients":{"type":"TArray<SEntityTemplateReference>","value":["335371c7d0b0e5b1"],"postInit":true}}},"eb07e26147a66ae8":{"parent":"38d36a3f991d0788","name":"Shoes_Boots_Military","factory":"00A7DC37E14B3676","blueprint":"000315500CD95840","properties":{"Diffuse_Color_01_Value":{"type":"SColorRGB","value":"#ffffff"},"ConstantVector1D_04_Value":{"type":"float32","value":0.14000000059604645},"Texture2D_03":{"type":"ZRuntimeResourceID","value":{"resource":"009961B704586F0C","flag":"5F"}},"Texture2DNormal_01":{"type":"ZRuntimeResourceID","value":{"resource":"00C73ADE6201ACB2","flag":"5F"}},"Texture2D_01":{"type":"ZRuntimeResourceID","value":{"resource":"00E0233CF3E0327B","flag":"5F"}}}},"1f09d0bd6070724b":{"parent":"38d36a3f991d0788","name":"Mesh_Goggles","factory":"[modules:/zbodypartentity.class].pc_entitytype","blueprint":"[modules:/zbodypartentity.class].pc_entityblueprint","properties":{"m_pMeshResource":{"type":"ZRuntimeResourceID","value":{"resource":"000EBFDCD59D4009","flag":"5F"}},"m_IsHiddenInVR":{"type":"bool","value":true}}},"876c9afba556294c":{"parent":"38d36a3f991d0788","name":"Hands","factory":"009A6D9F7927FB89","blueprint":"00F49463DEA8D412"},"4e5cbc0d1b577faf":{"parent":"38d36a3f991d0788","name":"Mesh_Backpack","factory":"[modules:/zbodypartentity.class].pc_entitytype","blueprint":"[modules:/zbodypartentity.class].pc_entityblueprint","properties":{"m_pMeshResource":{"type":"ZRuntimeResourceID","value":{"resource":"00E77B5CF51C69E7","flag":"5F"}}}},"d25b0a5cb8c19e2c":{"parent":"38d36a3f991d0788","name":"Mesh_Shirt_Fleece","factory":"[modules:/zbodypartentity.class].pc_entitytype","blueprint":"[modules:/zbodypartentity.class].pc_entityblueprint","properties":{"m_pMeshResource":{"type":"ZRuntimeResourceID","value":{"resource":"00FD69C10AE68260","flag":"5F"}}}},"1c9a877d58147295":{"parent":"2012d87ac3fee218","name":"male_reg_printworker_02_hat_01","factory":"[assembly:/_pro/characters/assets/workers/printworker_02/materials/male_reg_printworker_02_hat_01.mi].pc_entitytype","blueprint":"[assembly:/_pro/characters/assets/workers/printworker_02/materials/male_reg_printworker_02_hat_01.mi].pc_entityblueprint","properties":{"m_mTransform":{"type":"SMatrix43","value":{"rotation":{"x":0,"y":0,"z":0},"position":{"x":0,"y":0,"z":0}}},"Clients":{"type":"TArray<SEntityTemplateReference>","value":["2012d87ac3fee218"]},"Texture2D_01_enab":{"type":"bool","value":true},"Texture2D_01":{"type":"ZRuntimeResourceID","value":{"resource":"[assembly:/_pro/characters/assets/workers/printworker_02/textures/male_reg_printworker_02_hat_01.texture?/diffuse_white.tex](ascolormap).pc_tex","flag":"5F"}},"ConstantVector1D_01_Value_op":{"type":"IRenderMaterialEntity.EModifierOperation","value":"eReplace"},"ConstantVector1D_01_Value":{"type":"float32","value":0.5},"Diffuse_Color_01_Value_op":{"type":"IRenderMaterialEntity.EModifierOperation","value":"eReplace"},"Diffuse_Color_01_Value":{"type":"SColorRGB","value":"#f0f0f0"},"m_eidParent":{"type":"SEntityTemplateReference","value":"38d36a3f991d0788"}}},"335371c7d0b0e5b1":{"parent":"38d36a3f991d0788","name":"Mesh_Pant","factory":"[modules:/zbodypartentity.class].pc_entitytype","blueprint":"[modules:/zbodypartentity.class].pc_entityblueprint","properties":{"m_pMeshResource":{"type":"ZRuntimeResourceID","value":{"resource":"002D1A2A2252B74C","flag":"5F"}}}},"dbf9510e1a6c0377":{"parent":"1f09d0bd6070724b","name":"male_reg_militia_spec_ops_mask","factory":"[assembly:/_pro/characters/assets/guards/colorado/militia_spec_ops/materials/male_reg_militia_spec_ops_mask.mi].pc_entitytype","blueprint":"[assembly:/_pro/characters/assets/guards/colorado/militia_spec_ops/materials/male_reg_militia_spec_ops_mask.mi].pc_entityblueprint","properties":{"m_mTransform":{"type":"SMatrix43","value":{"rotation":{"x":0,"y":0,"z":152.81474629274592},"position":{"x":-0.4235658049583435,"y":-0.39599278569221497,"z":0.06724800169467926}}},"Clients":{"type":"TArray<SEntityTemplateReference>","value":["1f09d0bd6070724b"]},"Diffuse_Color_01_Value_op":{"type":"IRenderMaterialEntity.EModifierOperation","value":"eReplace"},"ConstantVector1D_01_Value_op":{"type":"IRenderMaterialEntity.EModifierOperation","value":"eReplace"},"Diffuse_Saturation_01_Value_op":{"type":"IRenderMaterialEntity.EModifierOperation","value":"eReplace"},"Diffuse_Hue_Shift_01_Value_op":{"type":"IRenderMaterialEntity.EModifierOperation","value":"eReplace"},"Texture2D_01_enab":{"type":"bool","value":true},"ConstantVector1D_03_Value_op":{"type":"IRenderMaterialEntity.EModifierOperation","value":"eReplace"},"Texture2DNormal_01_enab":{"type":"bool","value":true},"Texture2D_03_enab":{"type":"bool","value":true},"Texture2D_03":{"type":"ZRuntimeResourceID","value":{"resource":"00DF392B54969A23","flag":"5F"}},"Texture2D_01":{"type":"ZRuntimeResourceID","value":{"resource":"00BB561F80D82B80","flag":"5F"}},"Texture2DNormal_01":{"type":"ZRuntimeResourceID","value":{"resource":"0075A6A58C0135F6","flag":"5F"}},"m_eidParent":{"type":"SEntityTemplateReference","value":"38d36a3f991d0788"}}}},"propertyOverrides":[],"overrideDeletes":[],"pinConnectionOverrides":[],"pinConnectionOverrideDeletes":[],"externalScenes":[],"subType":"template","quickEntityVersion":3.1,"extraFactoryDependencies":[{"resource":"[assembly:/_pro/environment/textures/detailmaps/default.texture?/detail_a.tex](ascompoundnormal).pc_tex","flag":"5F"},{"resource":"[assembly:/_pro/characters/assets/_apparel/accessories/glasses/textures/lens_basic.texture?/specular_a.tex](ascolormap).pc_tex","flag":"5F"},{"resource":"[assembly:/_pro/characters/assets/_apparel/accessories/glasses/textures/lens_basic.texture?/normal_a.tex](asnormalmap).pc_tex","flag":"5F"},{"resource":"[assembly:/_pro/characters/assets/hero/agent47/textures/male_reg_agent47_falcon_fleece.texture?/normal_a.tex](asnormalmap).pc_tex","flag":"5F"},{"resource":"[assembly:/_pro/characters/assets/hero/agent47/textures/male_reg_agent47_falcon_fleece.texture?/specular_a.tex](ascolormap).pc_tex","flag":"5F"},{"resource":"[assembly:/_pro/characters/assets/hero/agent47/textures/male_reg_agent47_falcon_fleece.texture?/diffuse_a.tex](ascolormap).pc_tex","flag":"5F"},{"resource":"[assembly:/_pro/characters/assets/guards/colorado/militia_elite/textures/male_reg_militia_elite_gloves.texture?/normal_a.tex](asnormalmap).pc_tex","flag":"5F"},{"resource":"[assembly:/_pro/characters/assets/guards/colorado/militia_elite/textures/male_reg_militia_elite_gloves.texture?/specular_a.tex](ascolormap).pc_tex","flag":"5F"},{"resource":"[assembly:/_pro/characters/assets/guards/colorado/militia_elite/textures/male_reg_militia_elite_gloves.texture?/diffuse_a.tex](ascolormap).pc_tex","flag":"5F"},{"resource":"00D10F25E7B87D6C","flag":"5F"},{"resource":"[assembly:/_pro/characters/assets/hero/agent47/textures/male_reg_agent47_falcon_pants.texture?/normal_a.tex](asnormalmap).pc_tex","flag":"5F"},{"resource":"[assembly:/_pro/effects/textures/misc/fx_noise.texture?/emissive_a.tex](ascolormap).pc_tex","flag":"5F"},{"resource":"[assembly:/_pro/characters/assets/hero/agent47/textures/male_reg_agent47_falcon_pants.texture?/specular_a.tex](ascolormap).pc_tex","flag":"5F"},{"resource":"[assembly:/_pro/characters/assets/hero/agent47/textures/male_reg_agent47_falcon_pants.texture?/diffuse_a.tex](ascolormap).pc_tex","flag":"5F"},{"resource":"[assembly:/_pro/effects/textures/glow/fx_glow_starfield.texture?/emissive_a.tex](ascolormap).pc_tex","flag":"5F"},{"resource":"001060B9DDD6BF96","flag":"5F"},{"resource":"[assembly:/_pro/characters/assets/workers/printworker_02/textures/male_reg_printworker_02_hat_01.texture?/normal_a.tex](asnormalmap).pc_tex","flag":"5F"},{"resource":"[assembly:/_pro/characters/assets/workers/printworker_02/textures/male_reg_printworker_02_hat_01.texture?/specular_a.tex](ascolormap).pc_tex","flag":"5F"}],"extraBlueprintDependencies":[],"comments":[]}