{"tempHash":"002C8DCC6F430D3B","tbluHash":"003C8369E9238BEC","rootEntity":"c355f81606aedfd","entities":{"59f3247d34d2b8ed":{"parent":"1f04b19caf1b51b1","name":"CChain_Legs","factory":"[modules:/zclothspherechain.class].pc_entitytype","blueprint":"[modules:/zclothspherechain.class].pc_entityblueprint","properties":{"m_mTransform":{"type":"SMatrix43","value":{"rotation":{"x":0,"y":0,"z":0},"position":{"x":-0.0000001290655973207322,"y":0.000000002171457902377938,"z":0}}},"m_bCollisionGroup0":{"type":"bool","value":true},"m_bEnabled":{"type":"bool","value":true},"m_Spheres":{"type":"TArray<SEntityTemplateReference>","value":["4cee46e85fa35977","ce0f61a7a683f85a","8660b397ed7df3a3","ca197ab7aa1d1e31","e3ca6423ccd2268f","7d21c137c20a8411"],"postInit":true},"m_eidParent":{"type":"SEntityTemplateReference","value":"1f04b19caf1b51b1","postInit":true}}},"b99b72c59a712d98":{"parent":"c355f81606aedfd","name":"Mesh_Cummerbund","factory":"[modules:/zbodypartentity.class].pc_entitytype","blueprint":"[modules:/zbodypartentity.class].pc_entityblueprint","properties":{"m_pMeshResource":{"type":"ZRuntimeResourceID","value":{"resource":"000F2A9700B7A82A","flag":"5F"}}}},"47e89f4ff6a7374":{"parent":"1f04b19caf1b51b1","name":"CChain_Spine_L","factory":"[modules:/zclothspherechain.class].pc_entitytype","blueprint":"[modules:/zclothspherechain.class].pc_entityblueprint","properties":{"m_mTransform":{"type":"SMatrix43","value":{"rotation":{"x":0,"y":0,"z":0},"position":{"x":-0.0000001290655973207322,"y":0.000000002171457902377938,"z":0}}},"m_Spheres":{"type":"TArray<SEntityTemplateReference>","value":["cbe3dc5378d0c1d8","22b7d40114042aad","1094728af1fc46ce"],"postInit":true},"m_eidParent":{"type":"SEntityTemplateReference","value":"1f04b19caf1b51b1","postInit":true}}},"e55ffb6283abeb12":{"parent":"c355f81606aedfd","name":"Mesh_Pants","factory":"[modules:/zbodypartentity.class].pc_entitytype","blueprint":"[modules:/zbodypartentity.class].pc_entityblueprint","properties":{"m_pMeshResource":{"type":"ZRuntimeResourceID","value":{"resource":"00217DD2A40AC022","flag":"5F"}}}},"fc4b09bf80e4232e":{"parent":"c355f81606aedfd","name":"Head_47","factory":"00537D16B5CE7286","blueprint":"00F2E4A932ECAA63"},"63070ad7636bed1e":{"parent":"1f04b19caf1b51b1","name":"C_Spine2_R","factory":"[assembly:/templates/aspectdummy.aspect]([modules:/zclothsphere.class].entitytype,[modules:/zboneattachaspect.class].entitytype).pc_entitytype","blueprint":"[assembly:/templates/aspectdummy.aspect]([modules:/zclothsphere.class].entitytype,[modules:/zboneattachaspect.class].entitytype).pc_entityblueprint","properties":{"m_BoneName":{"type":"ZString","value":"Spine2"},"m_linkedEntity":{"type":"SEntityTemplateReference","value":null},"m_fRadius":{"type":"float32","value":0.15000000596046448},"m_mTransform":{"type":"SMatrix43","value":{"rotation":{"x":0.6075190242261481,"y":0.041310303697811766,"z":7.778161808700826},"position":{"x":-0.034866999834775925,"y":0.024687999859452248,"z":-0.04030299931764603}}},"m_bEnabled":{"type":"bool","value":false},"m_eidParent":{"type":"SEntityTemplateReference","value":"1f04b19caf1b51b1","postInit":true}}},"ce0f61a7a683f85a":{"parent":"1f04b19caf1b51b1","name":"C_TighTop_R","factory":"[assembly:/templates/aspectdummy.aspect]([modules:/zclothsphere.class].entitytype,[modules:/zboneattachaspect.class].entitytype).pc_entitytype","blueprint":"[assembly:/templates/aspectdummy.aspect]([modules:/zclothsphere.class].entitytype,[modules:/zboneattachaspect.class].entitytype).pc_entityblueprint","properties":{"m_fRadius":{"type":"float32","value":0.14499999582767487},"m_BoneName":{"type":"ZString","value":"RThighTwist"},"m_linkedEntity":{"type":"SEntityTemplateReference","value":null},"m_mTransform":{"type":"SMatrix43","value":{"rotation":{"x":0,"y":0,"z":0},"position":{"x":0.02664100006222725,"y":0.018386999145150185,"z":-0.0476749986410141}}},"m_bEnabled":{"type":"bool","value":true},"m_eidParent":{"type":"SEntityTemplateReference","value":"1f04b19caf1b51b1","postInit":true}}},"22b7d40114042aad":{"parent":"1f04b19caf1b51b1","name":"C_Spine1_L","factory":"[assembly:/templates/aspectdummy.aspect]([modules:/zclothsphere.class].entitytype,[modules:/zboneattachaspect.class].entitytype).pc_entitytype","blueprint":"[assembly:/templates/aspectdummy.aspect]([modules:/zclothsphere.class].entitytype,[modules:/zboneattachaspect.class].entitytype).pc_entityblueprint","properties":{"m_BoneName":{"type":"ZString","value":"Spine1"},"m_linkedEntity":{"type":"SEntityTemplateReference","value":null},"m_fRadius":{"type":"float32","value":0.11500000208616257},"m_mTransform":{"type":"SMatrix43","value":{"rotation":{"x":0,"y":0,"z":0},"position":{"x":0.015894999727606773,"y":0.03658000007271767,"z":0.03956599906086922}}},"m_bEnabled":{"type":"bool","value":true},"m_eidParent":{"type":"SEntityTemplateReference","value":"1f04b19caf1b51b1","postInit":true}}},"862d5978c981b4bf":{"parent":"c355f81606aedfd","name":"FX_Hitman_Wet_Logic_Character","factory":"0067CFB703A80787","blueprint":"00AA88C960CD2080","properties":{"HeadMaterialToOverride":{"type":"ZRuntimeResourceID","value":{"resource":"009F7978C601815A","flag":"5F"}},"HeadMaterialOverride":{"type":"TArray<SEntityTemplateReference>","value":["c355f81606aedfd"],"postInit":true}},"events":{"HitmanWetness":{"T":["13f4cef6bb81eebf","9faf29fcf2fd0f92","44f5a4bd63598519","97e508938f056438","79b2681c4e0bfbaa"]},"ChangedDisguiseTrigger":{"Activate":["45b1b412a1f32593","2dd5397aed1b199f"]}}},"e3ca6423ccd2268f":{"parent":"1f04b19caf1b51b1","name":"C_TighTop_L","factory":"[assembly:/templates/aspectdummy.aspect]([modules:/zclothsphere.class].entitytype,[modules:/zboneattachaspect.class].entitytype).pc_entitytype","blueprint":"[assembly:/templates/aspectdummy.aspect]([modules:/zclothsphere.class].entitytype,[modules:/zboneattachaspect.class].entitytype).pc_entityblueprint","properties":{"m_fRadius":{"type":"float32","value":0.14499999582767487},"m_BoneName":{"type":"ZString","value":"LThighTwist"},"m_linkedEntity":{"type":"SEntityTemplateReference","value":null},"m_mTransform":{"type":"SMatrix43","value":{"rotation":{"x":0,"y":0.027960334313977715,"z":0},"position":{"x":0.026486000046133995,"y":0.016471000388264656,"z":0.040410999208688736}}},"m_bEnabled":{"type":"bool","value":true},"m_eidParent":{"type":"SEntityTemplateReference","value":"1f04b19caf1b51b1","postInit":true}}},"7d21c137c20a8411":{"parent":"1f04b19caf1b51b1","name":"C_TighMid_L","factory":"[assembly:/templates/aspectdummy.aspect]([modules:/zclothsphere.class].entitytype,[modules:/zboneattachaspect.class].entitytype).pc_entitytype","blueprint":"[assembly:/templates/aspectdummy.aspect]([modules:/zclothsphere.class].entitytype,[modules:/zboneattachaspect.class].entitytype).pc_entityblueprint","properties":{"m_fRadius":{"type":"float32","value":0.11999999731779099},"m_BoneName":{"type":"ZString","value":"LThighTwist1"},"m_linkedEntity":{"type":"SEntityTemplateReference","value":null},"m_mTransform":{"type":"SMatrix43","value":{"rotation":{"x":0,"y":0.019767042409995977,"z":0},"position":{"x":0.1122799962759018,"y":0.012562000192701817,"z":0.011997000314295292}}},"m_bCollisionGroup0":{"type":"bool","value":true},"m_eidParent":{"type":"SEntityTemplateReference","value":"1f04b19caf1b51b1","postInit":true}}},"e626e98d8004bcf4":{"parent":"fc8f1746ae3ff1a6","name":"mask_face_plain_half","factory":"00C7951EFBFBAD9D","blueprint":"0069E7B0EB1AB1DE","properties":{"m_mTransform":{"type":"SMatrix43","value":{"rotation":{"x":-98.52501256781595,"y":89.96009827437882,"z":-84.75285983894463},"position":{"x":0.08383599668741226,"y":0.013278000056743622,"z":-0.0006990000256337225}}},"m_PrimitiveScale":{"type":"SVector3","value":{"x":1.024999976158142,"y":1.039039969444275,"z":1.024999976158142}},"ConstantVector1D_05_Value":{"type":"float32","value":1},"Diffuse_Color_01_Value":{"type":"SColorRGB","value":"#ffffff"},"m_ResourceID":{"type":"ZRuntimeResourceID","value":{"resource":"0091272008C6BCE0","flag":"5F"}},"ConstantVector1D_01_Value":{"type":"float32","value":1},"m_eidParent":{"type":"SEntityTemplateReference","value":"fc8f1746ae3ff1a6","postInit":true}}},"506c4223e6a2e8ae":{"parent":"1f04b19caf1b51b1","name":"ColliderGroup","factory":"[modules:/zclothcollidergroup.class].pc_entitytype","blueprint":"[modules:/zclothcollidergroup.class].pc_entityblueprint","properties":{"m_ClothColliders":{"type":"TArray<SEntityTemplateReference>","value":["59f3247d34d2b8ed","143719e10fc78b73","47e89f4ff6a7374"],"postInit":true},"m_eidParent":{"type":"SEntityTemplateReference","value":"1f04b19caf1b51b1","postInit":true}}},"ca197ab7aa1d1e31":{"parent":"1f04b19caf1b51b1","name":"C_Pelvis_L","factory":"[assembly:/templates/aspectdummy.aspect]([modules:/zclothsphere.class].entitytype,[modules:/zboneattachaspect.class].entitytype).pc_entitytype","blueprint":"[assembly:/templates/aspectdummy.aspect]([modules:/zclothsphere.class].entitytype,[modules:/zboneattachaspect.class].entitytype).pc_entityblueprint","properties":{"m_fRadius":{"type":"float32","value":0.125},"m_BoneName":{"type":"ZString","value":"Pelvis"},"m_linkedEntity":{"type":"SEntityTemplateReference","value":null},"m_mTransform":{"type":"SMatrix43","value":{"rotation":{"x":0,"y":0,"z":0},"position":{"x":0.03649500012397766,"y":0.024529999122023582,"z":0.058584000915288925}}},"m_bEnabled":{"type":"bool","value":true},"m_eidParent":{"type":"SEntityTemplateReference","value":"1f04b19caf1b51b1","postInit":true}}},"c4f9aeb3b2cdea57":{"parent":"e8dca41c0e97fad8","name":"buttons_01","factory":"[assembly:/_pro/characters/assets/_apparel/accessories/buttons/materials/buttons_01.mi].pc_entitytype","blueprint":"[assembly:/_pro/characters/assets/_apparel/accessories/buttons/materials/buttons_01.mi].pc_entityblueprint","properties":{"m_mTransform":{"type":"SMatrix43","value":{"rotation":{"x":0,"y":0,"z":0.8963714613605972},"position":{"x":1.4024629592895508,"y":0.15234500169754028,"z":0}}},"Texture2D_01_enab":{"type":"bool","value":false},"Diffuse_Color_01_Value_op":{"type":"IRenderMaterialEntity.EModifierOperation","value":"eReplace"},"Diffuse_Color_01_Value":{"type":"SColorRGB","value":"#3b3b3b"},"Clients":{"type":"TArray<SEntityTemplateReference>","value":["e8dca41c0e97fad8"],"postInit":true},"m_eidParent":{"type":"SEntityTemplateReference","value":"e8dca41c0e97fad8","postInit":true}}},"fc8f1746ae3ff1a6":{"parent":"c355f81606aedfd","name":"Attacher_Head","factory":"[assembly:/templates/aspectdummy.aspect]([modules:/zcompositeentity.class].entitytype,[modules:/zboneattachaspect.class].entitytype).pc_entitytype","blueprint":"[assembly:/templates/aspectdummy.aspect]([modules:/zcompositeentity.class].entitytype,[modules:/zboneattachaspect.class].entitytype).pc_entityblueprint","properties":{"m_BoneName":{"type":"ZString","value":"Head"},"m_mTransform":{"type":"SMatrix43","value":{"rotation":{"x":0,"y":0,"z":0},"position":{"x":0,"y":0,"z":0}}},"m_linkedEntity":{"type":"SEntityTemplateReference","value":"c355f81606aedfd","postInit":true},"m_eidParent":{"type":"SEntityTemplateReference","value":"c355f81606aedfd","postInit":true}},"inputCopying":{"SpecularRoughnessMin":{"SpecularRoughnessMin":["e626e98d8004bcf4"]}}},"13f4cef6bb81eebf":{"parent":"c355f81606aedfd","name":"Lerp 2","factory":"[modules:/zmathlerp.class].pc_entitytype","blueprint":"[modules:/zmathlerp.class].pc_entityblueprint","properties":{"m_A":{"type":"float32","value":0},"m_B":{"type":"float32","value":0.4000000059604645},"m_fT":{"type":"float32","value":0}},"events":{"Lerp":{"ConstantVector1D_04_Value":["45b1b412a1f32593","2dd5397aed1b199f","fc4b09bf80e4232e","717870304e72e3d0"],"RoughnessMinShirtButtoned":["4de067e9cd4402ac"],"RoughnessMinShirtLong":["4de067e9cd4402ac"],"SpecularRoughnessMin":["fc8f1746ae3ff1a6"]}}},"a49a25a77d170383":{"parent":"c355f81606aedfd","name":"Bowtie_Butterfly_Double","factory":"00AAED9734FFE5BF","blueprint":"00E86A4C0466F168","properties":{"ConstantColorRGB_02_Value":{"type":"SColorRGB","value":"#ffffff"},"ConstantColorRGB_05_Value":{"type":"SColorRGB","value":"#ffffff"},"Texture2D_01":{"type":"ZRuntimeResourceID","value":{"resource":"00A5C4BD3B4D6FE9","flag":"5F"}},"Texture2D_03":{"type":"ZRuntimeResourceID","value":{"resource":"002E8C9B42DC2FAB","flag":"5F"}},"Texture2DNormal_01":{"type":"ZRuntimeResourceID","value":{"resource":"00F7C37FE59962B0","flag":"5F"}},"m_pMeshResource":{"type":"ZRuntimeResourceID","value":{"resource":"00ABDFA599B0AE23","flag":"5F"}}}},"4cee46e85fa35977":{"parent":"1f04b19caf1b51b1","name":"C_TighMid_R","factory":"[assembly:/templates/aspectdummy.aspect]([modules:/zclothsphere.class].entitytype,[modules:/zboneattachaspect.class].entitytype).pc_entitytype","blueprint":"[assembly:/templates/aspectdummy.aspect]([modules:/zclothsphere.class].entitytype,[modules:/zboneattachaspect.class].entitytype).pc_entityblueprint","properties":{"m_fRadius":{"type":"float32","value":0.11999999731779099},"m_BoneName":{"type":"ZString","value":"RThighTwist1"},"m_linkedEntity":{"type":"SEntityTemplateReference","value":null},"m_mTransform":{"type":"SMatrix43","value":{"rotation":{"x":0.01976704358638215,"y":0,"z":0},"position":{"x":0.11180400103330612,"y":0.00558099988847971,"z":-0.013811999931931496}}},"m_eidParent":{"type":"SEntityTemplateReference","value":"1f04b19caf1b51b1","postInit":true}}},"143719e10fc78b73":{"parent":"1f04b19caf1b51b1","name":"CChain_Spine_R","factory":"[modules:/zclothspherechain.class].pc_entitytype","blueprint":"[modules:/zclothspherechain.class].pc_entityblueprint","properties":{"m_mTransform":{"type":"SMatrix43","value":{"rotation":{"x":0,"y":0,"z":0},"position":{"x":-0.0000001290655973207322,"y":0.000000002171457902377938,"z":0}}},"m_Spheres":{"type":"TArray<SEntityTemplateReference>","value":["3f93bd1fefab4731","669f8b64975fbd8b","63070ad7636bed1e"],"postInit":true},"m_eidParent":{"type":"SEntityTemplateReference","value":"1f04b19caf1b51b1","postInit":true}}},"3f93bd1fefab4731":{"parent":"1f04b19caf1b51b1","name":"C_Spine_R","factory":"[assembly:/templates/aspectdummy.aspect]([modules:/zclothsphere.class].entitytype,[modules:/zboneattachaspect.class].entitytype).pc_entitytype","blueprint":"[assembly:/templates/aspectdummy.aspect]([modules:/zclothsphere.class].entitytype,[modules:/zboneattachaspect.class].entitytype).pc_entityblueprint","properties":{"m_BoneName":{"type":"ZString","value":"Spine"},"m_linkedEntity":{"type":"SEntityTemplateReference","value":null},"m_fRadius":{"type":"float32","value":0.11999999731779099},"m_mTransform":{"type":"SMatrix43","value":{"rotation":{"x":-0.0541445491223199,"y":0.05047760715013112,"z":-0.05231108040821178},"position":{"x":0.000004999999873689376,"y":0.033500999212265015,"z":-0.05072899907827377}}},"m_bEnabled":{"type":"bool","value":true},"m_bCollisionGroup0":{"type":"bool","value":true},"m_eidParent":{"type":"SEntityTemplateReference","value":"1f04b19caf1b51b1","postInit":true}}},"97e508938f056438":{"parent":"c355f81606aedfd","name":"Lerp 3","factory":"[modules:/zmathlerp.class].pc_entitytype","blueprint":"[modules:/zmathlerp.class].pc_entityblueprint","properties":{"m_B":{"type":"float32","value":0.20000000298023224},"m_fT":{"type":"float32","value":0}},"events":{"Lerp":{"SpecularRoughnessMin":["a49a25a77d170383"]}}},"1094728af1fc46ce":{"parent":"1f04b19caf1b51b1","name":"C_Spine2_L","factory":"[assembly:/templates/aspectdummy.aspect]([modules:/zclothsphere.class].entitytype,[modules:/zboneattachaspect.class].entitytype).pc_entitytype","blueprint":"[assembly:/templates/aspectdummy.aspect]([modules:/zclothsphere.class].entitytype,[modules:/zboneattachaspect.class].entitytype).pc_entityblueprint","properties":{"m_BoneName":{"type":"ZString","value":"Spine2"},"m_linkedEntity":{"type":"SEntityTemplateReference","value":null},"m_fRadius":{"type":"float32","value":0.15000000596046448},"m_mTransform":{"type":"SMatrix43","value":{"rotation":{"x":0.7218317539587317,"y":0.04915981154774294,"z":7.789388884865077},"position":{"x":-0.0348690003156662,"y":0.02468400076031685,"z":0.040442001074552536}}},"m_bEnabled":{"type":"bool","value":false},"m_eidParent":{"type":"SEntityTemplateReference","value":"1f04b19caf1b51b1","postInit":true}}},"8660b397ed7df3a3":{"parent":"1f04b19caf1b51b1","name":"C_Pelvis_R","factory":"[assembly:/templates/aspectdummy.aspect]([modules:/zclothsphere.class].entitytype,[modules:/zboneattachaspect.class].entitytype).pc_entitytype","blueprint":"[assembly:/templates/aspectdummy.aspect]([modules:/zclothsphere.class].entitytype,[modules:/zboneattachaspect.class].entitytype).pc_entityblueprint","properties":{"m_fRadius":{"type":"float32","value":0.125},"m_BoneName":{"type":"ZString","value":"Pelvis"},"m_mTransform":{"type":"SMatrix43","value":{"rotation":{"x":0,"y":0,"z":0},"position":{"x":0.0364920012652874,"y":0.024529000744223595,"z":-0.05322900041937828}}},"m_bEnabled":{"type":"bool","value":true},"m_eidParent":{"type":"SEntityTemplateReference","value":"1f04b19caf1b51b1","postInit":true}}},"49c8c912dbdc653b":{"parent":"e8dca41c0e97fad8","name":"Agent47_S2_Suit_Mesh","factory":"[assembly:/templates/aspectdummy.aspect]([modules:/zbodypartentity.class].entitytype,[modules:/zclothcollidergroupaspect.class].entitytype).pc_entitytype","blueprint":"[assembly:/templates/aspectdummy.aspect]([modules:/zbodypartentity.class].entitytype,[modules:/zclothcollidergroupaspect.class].entitytype).pc_entityblueprint","properties":{"m_pMeshResource":{"type":"ZRuntimeResourceID","value":{"resource":"000CDE4810AD3A29","flag":"5F"}},"m_ClothColliders":{"type":"TArray<SEntityTemplateReference>","value":["1f04b19caf1b51b1"],"postInit":true}}},"e8dca41c0e97fad8":{"parent":"c355f81606aedfd","name":"Agent47_Magpie_Jacket","factory":"[modules:/zcompositeentity.class].pc_entitytype","blueprint":"[modules:/zcompositeentity.class].pc_entityblueprint","properties":{"m_mTransform":{"type":"SMatrix43","value":{"rotation":{"x":0,"y":0,"z":0},"position":{"x":0,"y":0,"z":0}}},"m_eidParent":{"type":"SEntityTemplateReference","value":"c355f81606aedfd","postInit":true}},"exposedInterfaces":{"ZClothColliderGroupAspect":"49c8c912dbdc653b","ZBodyPartEntity":"49c8c912dbdc653b"}},"da60c6ac38b3fb97":{"parent":"c355f81606aedfd","name":"Socks_Ankle_Cut_Shoe","factory":"00C50F4D59B78463","blueprint":"0060BDFBAAFA9324","properties":{"m_pMeshResource":{"type":"ZRuntimeResourceID","value":{"resource":"00FEA2D2B4650552","flag":"5F"}},"Diffuse_Color_01_Value":{"type":"SColorRGB","value":"#2e2e2e"},"ConstantVector1D_04_Value":{"type":"float32","value":0.4399999976158142}}},"4de067e9cd4402ac":{"parent":"c355f81606aedfd","name":"Shirt_Dress_BtnUp_Tkd_Wingtip_Cut_Jacket","factory":"00C4CB3CD55FE550","blueprint":"004AFF9439A9EB94","properties":{"ConstantVector1D_02_Value":{"type":"float32","value":0.5},"m_pMeshResource":{"type":"ZRuntimeResourceID","value":{"resource":"00130CEB9EFD88F4","flag":"5F"}}}},"44f5a4bd63598519":{"parent":"c355f81606aedfd","name":"Lerp 1","factory":"[modules:/zmathlerp.class].pc_entitytype","blueprint":"[modules:/zmathlerp.class].pc_entityblueprint","properties":{"m_A":{"type":"float32","value":0.5},"m_B":{"type":"float32","value":0.20000000298023224},"m_fT":{"type":"float32","value":0}},"events":{"Lerp":{"DiffuseAlbedoShirtButtoned":["4de067e9cd4402ac"],"DiffuseAlbedoShirtLong":["4de067e9cd4402ac"]}}},"6ba8de1833dd08e4":{"parent":"c355f81606aedfd","name":"Hands","factory":"009A6D9F7927FB89","blueprint":"00F49463DEA8D412"},"cbe3dc5378d0c1d8":{"parent":"1f04b19caf1b51b1","name":"C_Spine_L","factory":"[assembly:/templates/aspectdummy.aspect]([modules:/zclothsphere.class].entitytype,[modules:/zboneattachaspect.class].entitytype).pc_entitytype","blueprint":"[assembly:/templates/aspectdummy.aspect]([modules:/zclothsphere.class].entitytype,[modules:/zboneattachaspect.class].entitytype).pc_entityblueprint","properties":{"m_BoneName":{"type":"ZString","value":"Spine"},"m_linkedEntity":{"type":"SEntityTemplateReference","value":null},"m_fRadius":{"type":"float32","value":0.12999999523162842},"m_mTransform":{"type":"SMatrix43","value":{"rotation":{"x":0,"y":0,"z":0},"position":{"x":0.000003000000106112566,"y":0.03933100029826164,"z":0.039910998195409775}}},"m_bEnabled":{"type":"bool","value":true},"m_bCollisionGroup0":{"type":"bool","value":true},"m_eidParent":{"type":"SEntityTemplateReference","value":"1f04b19caf1b51b1","postInit":true}}},"79b2681c4e0bfbaa":{"parent":"c355f81606aedfd","name":"Lerp 4","factory":"[modules:/zmathlerp.class].pc_entitytype","blueprint":"[modules:/zmathlerp.class].pc_entityblueprint","properties":{"m_A":{"type":"float32","value":0.3499999940395355},"m_B":{"type":"float32","value":0.5},"m_fT":{"type":"float32","value":0}},"events":{"Lerp":{"SpecularRoughnessMin":["6ba8de1833dd08e4"]}}},"45b1b412a1f32593":{"parent":"c355f81606aedfd","name":"agent47_magpie_jacket_01","factory":"00943A2FDDA72B84","blueprint":"0011A66AE5432616","properties":{"m_mTransform":{"type":"SMatrix43","value":{"rotation":{"x":0,"y":0,"z":0},"position":{"x":-2.160388946533203,"y":4.322649955749512,"z":0.5263779759407043}}},"Active":{"type":"bool","value":false},"ConstantVector1D_06_Value_op":{"type":"IRenderMaterialEntity.EModifierOperation","value":"eReplace"},"ConstantVector1D_04_Value_op":{"type":"IRenderMaterialEntity.EModifierOperation","value":"eReplace"},"Clients":{"type":"TArray<SEntityTemplateReference>","value":["c355f81606aedfd"],"postInit":true},"m_eidParent":{"type":"SEntityTemplateReference","value":"c355f81606aedfd","postInit":true}}},"2dd5397aed1b199f":{"parent":"c355f81606aedfd","name":"agent47_magpie_pants","factory":"00FDFC77D3159ADB","blueprint":"0032BBAF0B45A712","properties":{"m_mTransform":{"type":"SMatrix43","value":{"rotation":{"x":0,"y":0,"z":0},"position":{"x":-1.7773699760437012,"y":5.223339080810547,"z":-0.6400660276412964}}},"ConstantVector1D_06_Value_op":{"type":"IRenderMaterialEntity.EModifierOperation","value":"eReplace"},"ConstantVector1D_04_Value_op":{"type":"IRenderMaterialEntity.EModifierOperation","value":"eReplace"},"Clients":{"type":"TArray<SEntityTemplateReference>","value":["c355f81606aedfd"],"postInit":true},"m_eidParent":{"type":"SEntityTemplateReference","value":"c355f81606aedfd","postInit":true}}},"c355f81606aedfd":{"parent":null,"name":"OUTFIT_Agent47_Reward_ElusiveMagpie_HeroA_v0","factory":"00C0753FBF784C66","blueprint":"007294473357329E","properties":{"m_LocalColliders":{"type":"TArray<SEntityTemplateReference>","value":[]},"m_mTransform":{"type":"SMatrix43","value":{"rotation":{"x":0,"y":0,"z":0},"position":{"x":54.46781921386719,"y":8.571980476379395,"z":0}}},"m_pBonesAndCollisionResource":{"type":"ZRuntimeResourceID","value":{"resource":"0017416135CF879C","flag":"5F"}},"m_aBodyParts":{"type":"TArray<SEntityTemplateReference>","value":["fc4b09bf80e4232e","4de067e9cd4402ac","9d4115c52c515a51","a49a25a77d170383","717870304e72e3d0","e55ffb6283abeb12","da60c6ac38b3fb97","b99b72c59a712d98","e8dca41c0e97fad8","6ba8de1833dd08e4"],"postInit":true}}},"9faf29fcf2fd0f92":{"parent":"c355f81606aedfd","name":"Lerp","factory":"[modules:/zmathlerp.class].pc_entitytype","blueprint":"[modules:/zmathlerp.class].pc_entityblueprint","properties":{"m_fT":{"type":"float32","value":0},"m_A":{"type":"float32","value":1},"m_B":{"type":"float32","value":2}},"events":{"Lerp":{"ConstantVector1D_06_Value":["2dd5397aed1b199f","45b1b412a1f32593"],"NormalBumpScaleShirtLong":["4de067e9cd4402ac"],"NormalBumpScaleShirtButtoned":["4de067e9cd4402ac"]}}},"669f8b64975fbd8b":{"parent":"1f04b19caf1b51b1","name":"C_Spine1_R","factory":"[assembly:/templates/aspectdummy.aspect]([modules:/zclothsphere.class].entitytype,[modules:/zboneattachaspect.class].entitytype).pc_entitytype","blueprint":"[assembly:/templates/aspectdummy.aspect]([modules:/zclothsphere.class].entitytype,[modules:/zboneattachaspect.class].entitytype).pc_entityblueprint","properties":{"m_BoneName":{"type":"ZString","value":"Spine1"},"m_linkedEntity":{"type":"SEntityTemplateReference","value":null},"m_fRadius":{"type":"float32","value":0.11500000208616257},"m_mTransform":{"type":"SMatrix43","value":{"rotation":{"x":0,"y":0,"z":0},"position":{"x":0.016713999211788177,"y":0.03529899939894676,"z":-0.04758499935269356}}},"m_bEnabled":{"type":"bool","value":true},"m_eidParent":{"type":"SEntityTemplateReference","value":"1f04b19caf1b51b1","postInit":true}}},"1f04b19caf1b51b1":{"parent":"e8dca41c0e97fad8","name":"Collider_Jacket_Tuxedo_Closed","factory":"[modules:/zcompositeentity.class].pc_entitytype","blueprint":"[modules:/zcompositeentity.class].pc_entityblueprint","properties":{"m_mTransform":{"type":"SMatrix43","value":{"rotation":{"x":0,"y":0,"z":0},"position":{"x":0,"y":0,"z":0}}},"m_linkedEntity":{"type":"SEntityTemplateReference","value":null},"m_eidParent":{"type":"SEntityTemplateReference","value":"e8dca41c0e97fad8"}},"propertyAliases":{"m_linkedEntity":[{"originalProperty":"m_linkedEntity","originalEntity":"7d21c137c20a8411"},{"originalProperty":"m_linkedEntity","originalEntity":"4cee46e85fa35977"},{"originalProperty":"m_linkedEntity","originalEntity":"ce0f61a7a683f85a"},{"originalProperty":"m_linkedEntity","originalEntity":"e3ca6423ccd2268f"},{"originalProperty":"m_linkedEntity","originalEntity":"ca197ab7aa1d1e31"},{"originalProperty":"m_linkedEntity","originalEntity":"63070ad7636bed1e"},{"originalProperty":"m_linkedEntity","originalEntity":"669f8b64975fbd8b"},{"originalProperty":"m_linkedEntity","originalEntity":"3f93bd1fefab4731"},{"originalProperty":"m_linkedEntity","originalEntity":"cbe3dc5378d0c1d8"},{"originalProperty":"m_linkedEntity","originalEntity":"22b7d40114042aad"},{"originalProperty":"m_linkedEntity","originalEntity":"1094728af1fc46ce"}]},"exposedInterfaces":{"ZClothCollider":"506c4223e6a2e8ae","ZClothColliderGroup":"506c4223e6a2e8ae"}},"9d4115c52c515a51":{"parent":"c355f81606aedfd","name":"Shoes_Derby_CapToe_SquareTip","factory":"0033E9BBFCA7B067","blueprint":"0002D822B863CAA8","properties":{"m_pMeshResource":{"type":"ZRuntimeResourceID","value":{"resource":"00A5D2872A17DF34","flag":"5F"}},"Diffuse_Color_01_Value":{"type":"SColorRGB","value":"#2e2e2e"},"ConstantVector1D_04_Value":{"type":"float32","value":0.4399999976158142}}},"717870304e72e3d0":{"parent":"c355f81606aedfd","name":"Pocket_Square_Suit_Open","factory":"00FC79A7C8487617","blueprint":"00A8F3BBFF41EE44","properties":{"ConstantColorRGB_02_Value":{"type":"SColorRGB","value":"#ffffff"},"ConstantColorRGB_05_Value":{"type":"SColorRGB","value":"#ffffff"},"m_pMeshResource":{"type":"ZRuntimeResourceID","value":{"resource":"00888E5D97ADF341","flag":"5F"}},"Texture2D_01":{"type":"ZRuntimeResourceID","value":{"resource":"00A5C4BD3B4D6FE9","flag":"5F"}},"Texture2D_03":{"type":"ZRuntimeResourceID","value":{"resource":"002E8C9B42DC2FAB","flag":"5F"}},"Texture2DNormal_01":{"type":"ZRuntimeResourceID","value":{"resource":"00F7C37FE59962B0","flag":"5F"}}}}},"propertyOverrides":[],"overrideDeletes":[],"pinConnectionOverrides":[],"pinConnectionOverrideDeletes":[],"externalScenes":[],"subType":"template","quickEntityVersion":3.1,"extraFactoryDependencies":[{"resource":"00C197DBB1B74FF6","flag":"5F"},{"resource":"007E2F6DB1068A8D","flag":"5F"},{"resource":"00AAD107E192CFAE","flag":"5F"},{"resource":"[assembly:/_pro/characters/assets/hero/agent47/textures/shoes_suit.texture?/diffuse_a.tex](ascolormap).pc_tex","flag":"5F"},{"resource":"[assembly:/_pro/characters/assets/hero/agent47/textures/shoes_suit.texture?/specular_a.tex](ascolormap).pc_tex","flag":"5F"},{"resource":"[assembly:/_pro/characters/assets/hero/agent47/textures/shoes_suit.texture?/normal_a.tex](asnormalmap).pc_tex","flag":"5F"},{"resource":"[assembly:/_pro/characters/assets/_apparel/accessories/masks/textures/mask_face_plain.texture?/diffuse_a.tex](ascolormap).pc_tex","flag":"5F"},{"resource":"[assembly:/_pro/characters/assets/_apparel/accessories/masks/textures/mask_face_plain.texture?/specular_a.tex](ascolormap).pc_tex","flag":"5F"},{"resource":"[assembly:/_pro/characters/assets/_apparel/accessories/masks/textures/mask_face_plain.texture?/normal_a.tex](asnormalmap).pc_tex","flag":"5F"},{"resource":"[assembly:/_pro/characters/assets/_apparel/accessories/buttons/textures/buttons_01.texture?/normal_a.tex](asnormalmap).pc_tex","flag":"5F"},{"resource":"[assembly:/_pro/characters/assets/_apparel/accessories/buttons/textures/buttons_01.texture?/specular_a.tex](ascolormap).pc_tex","flag":"5F"},{"resource":"[assembly:/_pro/characters/assets/_apparel/accessories/buttons/textures/buttons_01.texture?/diffuse_a.tex](ascolormap).pc_tex","flag":"5F"},{"resource":"[assembly:/_pro/characters/assets/hero/agent47/textures/agent47_gloves.texture?/normal_a.tex](asnormalmap).pc_tex","flag":"5F"},{"resource":"[assembly:/_pro/characters/assets/hero/agent47/textures/agent47_gloves.texture?/specular_a.tex](ascolormap).pc_tex","flag":"5F"},{"resource":"[assembly:/_pro/characters/assets/hero/agent47/textures/agent47_gloves.texture?/diffuse_a.tex](ascolormap).pc_tex","flag":"5F"},{"resource":"001C437FF0448691","flag":"5F"},{"resource":"0045F839B337D2B6","flag":"5F"},{"resource":"00188997D678EF0B","flag":"5F"},{"resource":"00144DAC9CEFBAFA","flag":"5F"},{"resource":"006A9072F2C78523","flag":"5F"},{"resource":"005A3A86E39FBFB7","flag":"5F"},{"resource":"006258232B3126D5","flag":"5F"},{"resource":"007D850436B0A092","flag":"5F"},{"resource":"00D247582859CA87","flag":"5F"},{"resource":"00D20CA72E352D16","flag":"5F"},{"resource":"00CDCC93A176E238","flag":"5F"},{"resource":"0016A69BF5988335","flag":"5F"},{"resource":"00A069F24317090F","flag":"5F"},{"resource":"[assembly:/_pro/environment/textures/constants/directional_a.texture?/normal_b.tex](ascompoundnormal).pc_tex","flag":"5F"},{"resource":"00FDC1735F93870C","flag":"5F"},{"resource":"00E59442A60B52F8","flag":"5F"},{"resource":"0040A17A06398CD3","flag":"5F"}],"extraBlueprintDependencies":[],"comments":[]}