{"tempHash":"0079D5ED321BC047","tbluHash":"00B32F3EC205DBD3","rootEntity":"d0e8754f54850000","entities":{"fc9817abdc35780a":{"parent":"d0e8754f54850000","name":"male_reg_body","factory":"003DCA5E22F37B5F","blueprint":"0041C89DFA9D7801","properties":{"1737952988":{"type":"IRenderMaterialEntity.EModifierOperation","value":"eReplace"},"1787395739":{"type":"IRenderMaterialEntity.EModifierOperation","value":"eReplace"},"2287298018":{"type":"IRenderMaterialEntity.EModifierOperation","value":"eReplace"},"ConstantColorRGB_01_Value_op":{"type":"IRenderMaterialEntity.EModifierOperation","value":"eReplace"},"Texture2DNormal_01_enab":{"type":"bool","value":true},"Texture2D_01_enab":{"type":"bool","value":true},"Active":{"type":"bool","value":true},"Texture2D_03_enab":{"type":"bool","value":true},"ConstantVector1D_01_Value_op":{"type":"IRenderMaterialEntity.EModifierOperation","value":"eReplace"},"ConstantVector1D_01_Value":{"type":"float32","value":0.550000011920929},"ConstantColorRGB_01_Value":{"type":"SColorRGB","value":"#ffffff"},"ConstantVector1D_05_Value":{"type":"float32","value":0.5899999737739563},"ConstantVector1D_03_Value":{"type":"float32","value":1.1100000143051147},"ConstantVector1D_04_Value":{"type":"float32","value":0.17000000178813934},"Texture2DNormal_01":{"type":"ZRuntimeResourceID","value":{"resource":"002A91695E748772","flag":"5F"}},"Texture2D_03":{"type":"ZRuntimeResourceID","value":{"resource":"00A07AE8903D816A","flag":"5F"}},"Texture2D_01":{"type":"ZRuntimeResourceID","value":{"resource":"0050DDCE91E6C6A3","flag":"5F"}},"Clients":{"type":"TArray<SEntityTemplateReference>","value":["d0e8754f54850000"],"postInit":true}}},"d0b16ee34555492f":{"parent":"d0e8754f54850000","name":"Mesh","factory":"[assembly:/templates/aspectdummy.aspect]([modules:/zbodypartentity.class].entitytype,[modules:/zclothcollidergroupaspect.class].entitytype).pc_entitytype","blueprint":"[assembly:/templates/aspectdummy.aspect]([modules:/zbodypartentity.class].entitytype,[modules:/zclothcollidergroupaspect.class].entitytype).pc_entityblueprint","properties":{"m_pMeshResource":{"type":"ZRuntimeResourceID","value":{"resource":"008D94AFCEEB4732","flag":"5F"}},"m_ClothColliders":{"type":"TArray<SEntityTemplateReference>","value":[]},"m_IsHiddenInVR":{"type":"bool","value":true}}},"7c1edae06b5d62b5":{"parent":"d0e8754f54850000","name":"male_reg_eyelashes","factory":"00AF6FD15BFAC222","blueprint":"00926F11E3C00813","properties":{"1294887455":{"type":"IRenderMaterialEntity.EModifierOperation","value":"eReplace"},"1787395739":{"type":"IRenderMaterialEntity.EModifierOperation","value":"eReplace"},"ConstantVector1D_03_Value":{"type":"float32","value":1.5},"Active":{"type":"bool","value":true},"ConstantVector1D_16_Value":{"type":"float32","value":2},"Clients":{"type":"TArray<SEntityTemplateReference>","value":["d0e8754f54850000"],"postInit":true}}},"149c00bdff4b2500":{"parent":"d0e8754f54850000","name":"fem_reg_diana_season2_cinematic_brows","factory":"[assembly:/_pro/characters/assets/individuals/diana_burnwood/materials/fem_reg_diana_season2_cinematic_brows.mi].pc_entitytype","blueprint":"[assembly:/_pro/characters/assets/individuals/diana_burnwood/materials/fem_reg_diana_season2_cinematic_brows.mi].pc_entityblueprint","properties":{"1737952988":{"type":"IRenderMaterialEntity.EModifierOperation","value":"eReplace"},"1787395739":{"type":"IRenderMaterialEntity.EModifierOperation","value":"eReplace"},"ConstantVector1D_01_Value_op":{"type":"IRenderMaterialEntity.EModifierOperation","value":"eReplace"},"ConstantVector1D_01_Value":{"type":"float32","value":1},"Texture2D_01_enab":{"type":"bool","value":true},"Texture2D_01":{"type":"ZRuntimeResourceID","value":{"resource":"00EA455CAE6342E8","flag":"5F"}},"ConstantVector1D_03_Value":{"type":"float32","value":0},"ConstantVector1D_05_Value":{"type":"float32","value":0},"Clients":{"type":"TArray<SEntityTemplateReference>","value":["d0e8754f54850000"],"postInit":true}}},"3ddf40ea938e91cd":{"parent":"d0e8754f54850000","name":"male_reg_head_47_s3","factory":"00DC32666D040183","blueprint":"006CBC65369AB8B7","properties":{"m_mTransform":{"type":"SMatrix43","value":{"rotation":{"x":0,"y":0,"z":0},"position":{"x":0,"y":0,"z":0}}},"ConstantColorRGB_01_Value_op":{"type":"IRenderMaterialEntity.EModifierOperation","value":"eReplace"},"ConstantColorRGB_01_Value":{"type":"SColorRGB","value":"#d9d4d2"},"Clients":{"type":"TArray<SEntityTemplateReference>","value":["d0e8754f54850000"],"postInit":true}}},"d0e8754f54850000":{"parent":null,"name":"Head_47","factory":"[modules:/zentity.class].pc_entitytype","blueprint":"[modules:/zentity.class].pc_entityblueprint","properties":{"ConstantColorRGB_01_Value_2":{"type":"SColorRGB","value":"#d9d4d2"}},"inputCopying":{"ConstantVector1D_04_Value":{"ConstantVector1D_04_Value":["fc9817abdc35780a"]}},"propertyAliases":{"ConstantColorRGB_01_Value_2":[{"originalProperty":"ConstantColorRGB_01_Value","originalEntity":"3ddf40ea938e91cd"}]},"exposedInterfaces":{"ZClothColliderGroupAspect":"d0b16ee34555492f","ZBodyPartEntity":"d0b16ee34555492f"}},"1d41f6f7948d59b1":{"parent":"d0e8754f54850000","name":"base_eye","factory":"00FDEC17A5A2BF5F","blueprint":"00C4E4179AE75353","properties":{"1405740434":{"type":"IRenderMaterialEntity.EModifierOperation","value":"eReplace"},"1762730872":{"type":"IRenderMaterialEntity.EModifierOperation","value":"eReplace"},"2078074699":{"type":"IRenderMaterialEntity.EModifierOperation","value":"eLeave"},"2590701087":{"type":"IRenderMaterialEntity.EModifierOperation","value":"eLeave"},"4103203329":{"type":"IRenderMaterialEntity.EModifierOperation","value":"eReplace"},"Clients":{"type":"TArray<SEntityTemplateReference>","value":["d0e8754f54850000"]},"Texture2D_01_enab":{"type":"bool","value":true},"Texture2D_01":{"type":"ZRuntimeResourceID","value":{"resource":"00956964149E802F","flag":"5F"}},"EyeShader_01_IrisBrightness":{"type":"float32","value":2},"EyeShader_01_PupilSize":{"type":"float32","value":0.1899999976158142},"EyeShader_01_ScleraSpecularPower":{"type":"float32","value":2},"EyeShader_01_ScleraSpecularIntensity":{"type":"float32","value":0.029999999329447743}}}},"propertyOverrides":[],"overrideDeletes":[],"pinConnectionOverrides":[],"pinConnectionOverrideDeletes":[],"externalScenes":[],"subType":"template","quickEntityVersion":3.1,"extraFactoryDependencies":[],"extraBlueprintDependencies":[],"comments":[]}