{"tempHash":"0016FAC5DA046612","tbluHash":"0060B5447459A3C8","rootEntity":"e4e177a0a52345e2","entities":{"c18bc6994ce8c272":{"parent":"f4b493da506ca3b","name":"C_TighTop_L","factory":"[assembly:/templates/aspectdummy.aspect]([modules:/zclothsphere.class].entitytype,[modules:/zboneattachaspect.class].entitytype).pc_entitytype","blueprint":"[assembly:/templates/aspectdummy.aspect]([modules:/zclothsphere.class].entitytype,[modules:/zboneattachaspect.class].entitytype).pc_entityblueprint","properties":{"m_fRadius":{"type":"float32","value":0.14000000059604645},"m_BoneName":{"type":"ZString","value":"LThighTwist"},"m_mTransform":{"type":"SMatrix43","value":{"rotation":{"x":-0.013980168849229811,"y":-0.013980168849229802,"z":-0.01976704411208629},"position":{"x":-0.0010809999657794833,"y":0.018688999116420746,"z":0.04836999997496605},"scale":{"x":1,"y":1,"z":1.0000000000000002}}},"m_eidParent":{"type":"SEntityTemplateReference","value":"f4b493da506ca3b","postInit":true}}},"ef4bf4e409a01673":{"parent":"e4e177a0a52345e2","name":"FX_Hitman_Wet_Logic_Character_01","factory":"0067CFB703A80787","blueprint":"00AA88C960CD2080","properties":{"HeadMaterialToOverride":{"type":"ZRuntimeResourceID","value":{"resource":"009F7978C601815A","flag":"5F"}},"HeadMaterialOverride":{"type":"TArray<SEntityTemplateReference>","value":["e4e177a0a52345e2"],"postInit":true}},"events":{"HitmanWetness":{"T":["2f1601d24bf82af9","ac7b2bdbbdb60d04","88718f8921dacb2c","722816d1a74476bd","34902b7f794167ca","bf81cba29dc3f886","ee352ff91bfe640","9ab3717d15007bfd"]}}},"ec1726212a3ab6cd":{"parent":"f4b493da506ca3b","name":"C_TighTop_R","factory":"[assembly:/templates/aspectdummy.aspect]([modules:/zclothsphere.class].entitytype,[modules:/zboneattachaspect.class].entitytype).pc_entitytype","blueprint":"[assembly:/templates/aspectdummy.aspect]([modules:/zclothsphere.class].entitytype,[modules:/zboneattachaspect.class].entitytype).pc_entityblueprint","properties":{"m_fRadius":{"type":"float32","value":0.14000000059604645},"m_BoneName":{"type":"ZString","value":"RThighTwist"},"m_mTransform":{"type":"SMatrix43","value":{"rotation":{"x":0,"y":0.031283494085073464,"z":0},"position":{"x":-0.001091000041924417,"y":0.01869799941778183,"z":-0.046723999083042145}}},"m_eidParent":{"type":"SEntityTemplateReference","value":"f4b493da506ca3b","postInit":true}}},"88718f8921dacb2c":{"parent":"e4e177a0a52345e2","name":"Min Kurta","factory":"[modules:/zmathlerp.class].pc_entitytype","blueprint":"[modules:/zmathlerp.class].pc_entityblueprint","properties":{"m_A":{"type":"float32","value":0},"m_B":{"type":"float32","value":0.05000000074505806},"m_fT":{"type":"float32","value":0}}},"aac77a77f774d58":{"parent":"5cf401e1158736de","name":"male_reg_suit_pants_anisotropic","factory":"00475ECD0A7CE94A","blueprint":"00D34BFD3AA1A4D6","properties":{"1737952988":{"type":"IRenderMaterialEntity.EModifierOperation","value":"eReplace"},"1787395739":{"type":"IRenderMaterialEntity.EModifierOperation","value":"eReplace"},"2287298018":{"type":"IRenderMaterialEntity.EModifierOperation","value":"eReplace"},"2359342559":{"type":"IRenderMaterialEntity.EModifierOperation","value":"eReplace"},"2456388972":{"type":"IRenderMaterialEntity.EModifierOperation","value":"eLeave"},"m_mTransform":{"type":"SMatrix43","value":{"rotation":{"x":0,"y":0,"z":0},"position":{"x":0,"y":0,"z":0}}},"ConstantColorRGB_02_Value_op":{"type":"IRenderMaterialEntity.EModifierOperation","value":"eReplace"},"ConstantColorRGB_02_Value":{"type":"SColorRGB","value":"#d47739"},"ConstantColorRGB_05_Value_op":{"type":"IRenderMaterialEntity.EModifierOperation","value":"eReplace"},"ConstantColorRGB_05_Value":{"type":"SColorRGB","value":"#ffb57d"},"ConstantVector1D_01_Value_op":{"type":"IRenderMaterialEntity.EModifierOperation","value":"eReplace"},"Texture2D_01_enab":{"type":"bool","value":true},"Texture2D_01":{"type":"ZRuntimeResourceID","value":{"resource":"00FA5412796BC919","flag":"5F"}},"Texture2D_03_enab":{"type":"bool","value":true},"Texture2D_03":{"type":"ZRuntimeResourceID","value":{"resource":"0013F0C8B8AAE0C8","flag":"5F"}},"ConstantVector1D_03_Value":{"type":"float32","value":3.380000114440918},"ConstantVector1D_05_Value":{"type":"float32","value":1.919999957084656},"ConstantVector1D_09_Value_op":{"type":"IRenderMaterialEntity.EModifierOperation","value":"eReplace"},"ConstantVector1D_01_Value":{"type":"float32","value":1.0399999618530271},"ConstantVector1D_09_Value":{"type":"float32","value":2.3499999046325684},"ConstantVector1D_07_Value_op":{"type":"IRenderMaterialEntity.EModifierOperation","value":"eLeave"},"ConstantVector1D_08_Value":{"type":"float32","value":0.029999999329447743},"ConstantVector1D_04_Value":{"type":"float32","value":-0.75},"Clients":{"type":"TArray<SEntityTemplateReference>","value":["5cf401e1158736de"],"postInit":true},"m_eidParent":{"type":"SEntityTemplateReference","value":"e4e177a0a52345e2","postInit":true}}},"5cf401e1158736de":{"parent":"e4e177a0a52345e2","name":"Mesh_Pants","factory":"[modules:/zbodypartentity.class].pc_entitytype","blueprint":"[modules:/zbodypartentity.class].pc_entityblueprint","properties":{"m_pMeshResource":{"type":"ZRuntimeResourceID","value":{"resource":"00E2D159F9700B40","flag":"5F"}}},"inputCopying":{"ConstantVector1D_04_Value":{"ConstantVector1D_04_Value":["aac77a77f774d58"]},"ConstantVector1D_06_Value":{"ConstantVector1D_06_Value":["aac77a77f774d58"]},"ConstantVector1D_01_Value":{"ConstantVector1D_01_Value":["aac77a77f774d58"]},"ConstantVector1D_09_Value":{"ConstantVector1D_09_Value":["aac77a77f774d58"]}}},"a35858dec2d94f8":{"parent":"f4b493da506ca3b","name":"CChain_Legs","factory":"[modules:/zclothspherechain.class].pc_entitytype","blueprint":"[modules:/zclothspherechain.class].pc_entityblueprint","properties":{"m_mTransform":{"type":"SMatrix43","value":{"rotation":{"x":0,"y":0,"z":0},"position":{"x":-1.290655973207322e-7,"y":2.171457902377938e-9,"z":0}}},"m_Spheres":{"type":"TArray<SEntityTemplateReference>","value":["d5bce69fa68f2f46","9693f7728b999ac2","43e0955482e040e8","ec1726212a3ab6cd","5b1e34aaabc668ce","f3a3605b6c902747","c18bc6994ce8c272","aa4891acd5a238d9","eb85e38ba4d7173f","6c9527150c8a787"],"postInit":true},"m_eidParent":{"type":"SEntityTemplateReference","value":"f4b493da506ca3b","postInit":true}}},"9ab3717d15007bfd":{"parent":"e4e177a0a52345e2","name":"Pri Spec Pants","factory":"[modules:/zmathlerp.class].pc_entitytype","blueprint":"[modules:/zmathlerp.class].pc_entityblueprint","properties":{"m_A":{"type":"float32","value":2.3499999046325684},"m_B":{"type":"float32","value":1.5},"m_fT":{"type":"float32","value":0}},"events":{"Lerp":{"ConstantVector1D_09_Value":["5cf401e1158736de"]}}},"43e0955482e040e8":{"parent":"f4b493da506ca3b","name":"C_TighMid_R","factory":"[assembly:/templates/aspectdummy.aspect]([modules:/zclothsphere.class].entitytype,[modules:/zboneattachaspect.class].entitytype).pc_entitytype","blueprint":"[assembly:/templates/aspectdummy.aspect]([modules:/zclothsphere.class].entitytype,[modules:/zboneattachaspect.class].entitytype).pc_entityblueprint","properties":{"m_fRadius":{"type":"float32","value":0.1169999986886978},"m_BoneName":{"type":"ZString","value":"RThighTwist1"},"m_mTransform":{"type":"SMatrix43","value":{"rotation":{"x":0,"y":0,"z":0},"position":{"x":0.06411000341176987,"y":0.007062999997287989,"z":-0.02131599932909012}}},"m_eidParent":{"type":"SEntityTemplateReference","value":"f4b493da506ca3b","postInit":true}}},"e4e177a0a52345e2":{"parent":null,"name":"OUTFIT_Agent47_Global_Guru_HeroA_V0","factory":"00C0753FBF784C66","blueprint":"007294473357329E","properties":{"m_LocalColliders":{"type":"TArray<SEntityTemplateReference>","value":[]},"m_mTransform":{"type":"SMatrix43","value":{"rotation":{"x":0,"y":0,"z":-7.7834272384643555},"position":{"x":40.93621826171875,"y":34.50709915161133,"z":0}}},"m_pBonesAndCollisionResource":{"type":"ZRuntimeResourceID","value":{"resource":"0017416135CF879C","flag":"5F"}},"m_aBodyParts":{"type":"TArray<SEntityTemplateReference>","value":["16804cb101d9fda4","5f34dcc02e16f61d","557bd0c281f30e77","5cf401e1158736de","540cc77e5d176477","43a70a0d0d509d58","cba89d3c0c0fe0c4","1eacab6a9351f16a","5c675237ac1af0e9"],"postInit":true}}},"a40483b69db4d7b":{"parent":"43a70a0d0d509d58","name":"male_reg_delivery_01_sunglasses_01","factory":"[assembly:/_pro/characters/assets/workers/delivery_01/materials/male_reg_delivery_01_sunglasses_01.mi].pc_entitytype","blueprint":"[assembly:/_pro/characters/assets/workers/delivery_01/materials/male_reg_delivery_01_sunglasses_01.mi].pc_entityblueprint","properties":{"1737952988":{"type":"IRenderMaterialEntity.EModifierOperation","value":"eReplace"},"1787395739":{"type":"IRenderMaterialEntity.EModifierOperation","value":"eReplace"},"2287298018":{"type":"IRenderMaterialEntity.EModifierOperation","value":"eReplace"},"2359342559":{"type":"IRenderMaterialEntity.EModifierOperation","value":"eReplace"},"m_mTransform":{"type":"SMatrix43","value":{"rotation":{"x":0,"y":0,"z":0},"position":{"x":0,"y":0,"z":0}}},"ConstantVector1D_04_Value":{"type":"float32","value":-0.7699999809265136},"ConstantVector1D_01_Value_op":{"type":"IRenderMaterialEntity.EModifierOperation","value":"eReplace"},"ConstantVector1D_01_Value":{"type":"float32","value":1.2400000095367432},"Texture2D_01_enab":{"type":"bool","value":true},"ConstantVector1D_06_Value":{"type":"float32","value":0.6600000262260437},"ConstantVector1D_05_Value":{"type":"float32","value":1.4700000286102295},"ConstantVector1D_03_Value":{"type":"float32","value":1.2200000286102295},"m_eidParent":{"type":"SEntityTemplateReference","value":"e4e177a0a52345e2"},"Clients":{"type":"TArray<SEntityTemplateReference>","value":["43a70a0d0d509d58"],"postInit":true}}},"5a82b8ece5f0f0bb":{"parent":"f4b493da506ca3b","name":"C_Spine1","factory":"[assembly:/templates/aspectdummy.aspect]([modules:/zclothcapsule.class].entitytype,[modules:/zboneattachaspect.class].entitytype).pc_entitytype","blueprint":"[assembly:/templates/aspectdummy.aspect]([modules:/zclothcapsule.class].entitytype,[modules:/zboneattachaspect.class].entitytype).pc_entityblueprint","properties":{"m_BoneName":{"type":"ZString","value":"Spine1"},"m_fRadiusX":{"type":"float32","value":0.20000000298023224},"m_fRadiusY":{"type":"float32","value":0.1449999958276749},"m_fTop":{"type":"float32","value":0.009999999776482582},"m_fBottom":{"type":"float32","value":0},"m_fRadiusZ":{"type":"float32","value":0.17000000178813934},"m_bEnableBottomRadii":{"type":"bool","value":false},"m_fRadiusXBottom":{"type":"float32","value":1},"m_fRadiusYBottom":{"type":"float32","value":1},"m_fRadiusZBottom":{"type":"float32","value":1},"m_mTransform":{"type":"SMatrix43","value":{"rotation":{"x":-0.03128349035978317,"y":0,"z":0},"position":{"x":0.0438929982483387,"y":0.04010999947786331,"z":-0.0009399999980814755}}},"m_eidParent":{"type":"SEntityTemplateReference","value":"f4b493da506ca3b","postInit":true}}},"2f1601d24bf82af9":{"parent":"e4e177a0a52345e2","name":"Base Normal Bump Scale","factory":"[modules:/zmathlerp.class].pc_entitytype","blueprint":"[modules:/zmathlerp.class].pc_entityblueprint","properties":{"m_A":{"type":"float32","value":1},"m_fT":{"type":"float32","value":0},"m_B":{"type":"float32","value":1.5700000524520874}},"events":{"Lerp":{"ConstantVector1D_06_Value":["5c675237ac1af0e9","5cf401e1158736de"]}}},"e93b89ea8c2fb7b8":{"parent":"5c675237ac1af0e9","name":"agent47_guru_kurta","factory":"00036C0ED0FEEA01","blueprint":"00275D784CB846F7","properties":{"1737952988":{"type":"IRenderMaterialEntity.EModifierOperation","value":"eReplace"},"1787395739":{"type":"IRenderMaterialEntity.EModifierOperation","value":"eReplace"},"2287298018":{"type":"IRenderMaterialEntity.EModifierOperation","value":"eReplace"},"2359342559":{"type":"IRenderMaterialEntity.EModifierOperation","value":"eReplace"},"m_mTransform":{"type":"SMatrix43","value":{"rotation":{"x":0,"y":0,"z":-35.244010925292976},"position":{"x":-2.844322919845581,"y":7.861485004425049,"z":1.5429790019989014}}},"ConstantVector1D_01_Value_op":{"type":"IRenderMaterialEntity.EModifierOperation","value":"eReplace"},"Clients":{"type":"TArray<SEntityTemplateReference>","value":["5c675237ac1af0e9"],"postInit":true},"m_eidParent":{"type":"SEntityTemplateReference","value":"5c675237ac1af0e9","postInit":true}}},"b73180491bf2710b":{"parent":"f4b493da506ca3b","name":"C_Spine","factory":"[assembly:/templates/aspectdummy.aspect]([modules:/zclothcapsule.class].entitytype,[modules:/zboneattachaspect.class].entitytype).pc_entitytype","blueprint":"[assembly:/templates/aspectdummy.aspect]([modules:/zclothcapsule.class].entitytype,[modules:/zboneattachaspect.class].entitytype).pc_entityblueprint","properties":{"m_BoneName":{"type":"ZString","value":"Spine"},"m_fRadiusX":{"type":"float32","value":0.18000000715255737},"m_fRadiusY":{"type":"float32","value":0.1449999958276749},"m_fTop":{"type":"float32","value":0.009999999776482582},"m_fBottom":{"type":"float32","value":0},"m_fRadiusZ":{"type":"float32","value":0.17000000178813934},"m_bEnableBottomRadii":{"type":"bool","value":false},"m_fRadiusXBottom":{"type":"float32","value":1},"m_fRadiusYBottom":{"type":"float32","value":1},"m_fRadiusZBottom":{"type":"float32","value":1},"m_mTransform":{"type":"SMatrix43","value":{"rotation":{"x":-0.057696826756000505,"y":0,"z":-0.0559779517352581},"position":{"x":0.000028000000384054147,"y":0.036247000098228455,"z":-0.008608000352978706}}},"m_eidParent":{"type":"SEntityTemplateReference","value":"f4b493da506ca3b","postInit":true}}},"cba89d3c0c0fe0c4":{"parent":"e4e177a0a52345e2","name":"Mesh_Guru_Necklace","factory":"[modules:/zbodypartentity.class].pc_entitytype","blueprint":"[modules:/zbodypartentity.class].pc_entityblueprint","properties":{"m_pMeshResource":{"type":"ZRuntimeResourceID","value":{"resource":"00324F814C434C0B","flag":"5F"}}}},"aa4891acd5a238d9":{"parent":"f4b493da506ca3b","name":"C_TighMid_L","factory":"[assembly:/templates/aspectdummy.aspect]([modules:/zclothsphere.class].entitytype,[modules:/zboneattachaspect.class].entitytype).pc_entitytype","blueprint":"[assembly:/templates/aspectdummy.aspect]([modules:/zclothsphere.class].entitytype,[modules:/zboneattachaspect.class].entitytype).pc_entityblueprint","properties":{"m_fRadius":{"type":"float32","value":0.1169999986886978},"m_BoneName":{"type":"ZString","value":"LThighTwist1"},"m_mTransform":{"type":"SMatrix43","value":{"rotation":{"x":0,"y":0,"z":0},"position":{"x":0.06437999755144119,"y":0.007575999945402145,"z":0.01384199969470501}}},"m_eidParent":{"type":"SEntityTemplateReference","value":"f4b493da506ca3b","postInit":true}}},"34902b7f794167ca":{"parent":"e4e177a0a52345e2","name":"Diffuse Pants","factory":"[modules:/zmathlerp.class].pc_entitytype","blueprint":"[modules:/zmathlerp.class].pc_entityblueprint","properties":{"m_A":{"type":"float32","value":0.5},"m_fT":{"type":"float32","value":0},"m_B":{"type":"float32","value":0.5699999928474426}},"events":{"Lerp":{"ConstantVector1D_01_Value":["5cf401e1158736de"]}}},"43a70a0d0d509d58":{"parent":"e4e177a0a52345e2","name":"Mesh_Guru_Glasses","factory":"[modules:/zbodypartentity.class].pc_entitytype","blueprint":"[modules:/zbodypartentity.class].pc_entityblueprint","properties":{"m_pMeshResource":{"type":"ZRuntimeResourceID","value":{"resource":"00C93DE39D4441B0","flag":"5F"}}}},"fe89de57ea723425":{"parent":"540cc77e5d176477","name":"agent47_guru_shirt","factory":"00E9004FFD25FC41","blueprint":"00460FE228DE233F","properties":{"m_mTransform":{"type":"SMatrix43","value":{"rotation":{"x":0,"y":0,"z":0},"position":{"x":0,"y":0,"z":0}}},"ConstantVector1D_01_Value_op":{"type":"IRenderMaterialEntity.EModifierOperation","value":"eReplace"},"ConstantVector1D_01_Value":{"type":"float32","value":0.5},"m_eidParent":{"type":"SEntityTemplateReference","value":"e4e177a0a52345e2"},"Clients":{"type":"TArray<SEntityTemplateReference>","value":["540cc77e5d176477"],"postInit":true}}},"d5bce69fa68f2f46":{"parent":"f4b493da506ca3b","name":"C_Foot_R","factory":"[assembly:/templates/aspectdummy.aspect]([modules:/zclothsphere.class].entitytype,[modules:/zboneattachaspect.class].entitytype).pc_entitytype","blueprint":"[assembly:/templates/aspectdummy.aspect]([modules:/zclothsphere.class].entitytype,[modules:/zboneattachaspect.class].entitytype).pc_entityblueprint","properties":{"m_fRadius":{"type":"float32","value":0.125},"m_BoneName":{"type":"ZString","value":"R_Foot"},"m_mTransform":{"type":"SMatrix43","value":{"rotation":{"x":0.013980168849229813,"y":0,"z":0},"position":{"x":0,"y":-0.010664000175893307,"z":-0.02481899969279766}}},"m_eidParent":{"type":"SEntityTemplateReference","value":"f4b493da506ca3b","postInit":true}}},"557bd0c281f30e77":{"parent":"e4e177a0a52345e2","name":"Torso_Neck","factory":"00D43167687E61AD","blueprint":"007E9340AD2C2425"},"5b1e34aaabc668ce":{"parent":"f4b493da506ca3b","name":"C_Pelvis_R","factory":"[assembly:/templates/aspectdummy.aspect]([modules:/zclothsphere.class].entitytype,[modules:/zboneattachaspect.class].entitytype).pc_entitytype","blueprint":"[assembly:/templates/aspectdummy.aspect]([modules:/zclothsphere.class].entitytype,[modules:/zboneattachaspect.class].entitytype).pc_entityblueprint","properties":{"m_fRadius":{"type":"float32","value":0.12600000202655792},"m_BoneName":{"type":"ZString","value":"Pelvis"},"m_mTransform":{"type":"SMatrix43","value":{"rotation":{"x":0,"y":0,"z":0},"position":{"x":0.03990299999713898,"y":0.021372999995946884,"z":-0.0514179989695549}}},"m_eidParent":{"type":"SEntityTemplateReference","value":"f4b493da506ca3b","postInit":true}}},"16804cb101d9fda4":{"parent":"e4e177a0a52345e2","name":"Shoes_Derby_Apron_RoundTip","factory":"00B1BAF877E8C318","blueprint":"008E56C0A0A10813","properties":{"ConstantVector1D_04_Value":{"type":"float32","value":0.14000000059604645},"ConstantVector1D_01_Value":{"type":"float32","value":50.97999954223633}}},"ac7b2bdbbdb60d04":{"parent":"e4e177a0a52345e2","name":"Min Head","factory":"[modules:/zmathlerp.class].pc_entitytype","blueprint":"[modules:/zmathlerp.class].pc_entityblueprint","properties":{"m_A":{"type":"float32","value":0},"m_B":{"type":"float32","value":0.30000001192092896},"m_fT":{"type":"float32","value":0}},"events":{"Lerp":{"ConstantVector1D_04_Value":["1eacab6a9351f16a"]}}},"881bdd8278eb9633":{"parent":"f4b493da506ca3b","name":"ColliderGroup","factory":"[modules:/zclothcollidergroup.class].pc_entitytype","blueprint":"[modules:/zclothcollidergroup.class].pc_entityblueprint","properties":{"m_ClothColliders":{"type":"TArray<SEntityTemplateReference>","value":["a35858dec2d94f8","5a82b8ece5f0f0bb","b73180491bf2710b"]},"m_eidParent":{"type":"SEntityTemplateReference","value":"f4b493da506ca3b","postInit":true}}},"6c9527150c8a787":{"parent":"f4b493da506ca3b","name":"C_Foot_L","factory":"[assembly:/templates/aspectdummy.aspect]([modules:/zclothsphere.class].entitytype,[modules:/zboneattachaspect.class].entitytype).pc_entitytype","blueprint":"[assembly:/templates/aspectdummy.aspect]([modules:/zclothsphere.class].entitytype,[modules:/zboneattachaspect.class].entitytype).pc_entityblueprint","properties":{"m_fRadius":{"type":"float32","value":0.125},"m_BoneName":{"type":"ZString","value":"L_Foot"},"m_mTransform":{"type":"SMatrix43","value":{"rotation":{"x":0,"y":0,"z":0},"position":{"x":0,"y":-0.003091000020503998,"z":0.028967000544071198}}},"m_eidParent":{"type":"SEntityTemplateReference","value":"f4b493da506ca3b","postInit":true}}},"722816d1a74476bd":{"parent":"e4e177a0a52345e2","name":"Base Diffuse","factory":"[modules:/zmathlerp.class].pc_entitytype","blueprint":"[modules:/zmathlerp.class].pc_entityblueprint","properties":{"m_A":{"type":"float32","value":0.5},"m_fT":{"type":"float32","value":0},"m_B":{"type":"float32","value":0.2800000011920929}},"events":{"Lerp":{"ConstantVector1D_01_Value":["5c675237ac1af0e9","540cc77e5d176477"]}}},"eb85e38ba4d7173f":{"parent":"f4b493da506ca3b","name":"C_Knee_L","factory":"[assembly:/templates/aspectdummy.aspect]([modules:/zclothsphere.class].entitytype,[modules:/zboneattachaspect.class].entitytype).pc_entitytype","blueprint":"[assembly:/templates/aspectdummy.aspect]([modules:/zclothsphere.class].entitytype,[modules:/zboneattachaspect.class].entitytype).pc_entityblueprint","properties":{"m_fRadius":{"type":"float32","value":0.10000000149011612},"m_BoneName":{"type":"ZString","value":"L_Calf"},"m_mTransform":{"type":"SMatrix43","value":{"rotation":{"x":0,"y":0,"z":0},"position":{"x":0.0023070001043379307,"y":-0.007249999791383743,"z":0.005865999963134527}}},"m_eidParent":{"type":"SEntityTemplateReference","value":"f4b493da506ca3b","postInit":true}}},"bf81cba29dc3f886":{"parent":"e4e177a0a52345e2","name":"Min Pants","factory":"[modules:/zmathlerp.class].pc_entitytype","blueprint":"[modules:/zmathlerp.class].pc_entityblueprint","properties":{"m_A":{"type":"float32","value":-0.75},"m_B":{"type":"float32","value":-0.6600000262260437},"m_fT":{"type":"float32","value":0}},"events":{"Lerp":{"ConstantVector1D_04_Value":["5cf401e1158736de"]}}},"540cc77e5d176477":{"parent":"e4e177a0a52345e2","name":"Mesh_Guru_Shirt","factory":"[modules:/zbodypartentity.class].pc_entitytype","blueprint":"[modules:/zbodypartentity.class].pc_entityblueprint","properties":{"m_pMeshResource":{"type":"ZRuntimeResourceID","value":{"resource":"001AD0098E52047B","flag":"5F"}}},"inputCopying":{"ConstantVector1D_01_Value":{"ConstantVector1D_01_Value":["fe89de57ea723425"]}},"propertyAliases":{"ConstantVector1D_01_Value":[{"originalProperty":"ConstantVector1D_01_Value","originalEntity":"fe89de57ea723425"}]}},"3247ca8f6b98b9ee":{"parent":"5c675237ac1af0e9","name":"Mesh","factory":"[assembly:/templates/aspectdummy.aspect]([modules:/zbodypartentity.class].entitytype,[modules:/zclothcollidergroupaspect.class].entitytype).pc_entitytype","blueprint":"[assembly:/templates/aspectdummy.aspect]([modules:/zbodypartentity.class].entitytype,[modules:/zclothcollidergroupaspect.class].entitytype).pc_entityblueprint","properties":{"m_pMeshResource":{"type":"ZRuntimeResourceID","value":{"resource":"00A2E790E941ABAF","flag":"5F"}},"m_ClothColliders":{"type":"TArray<SEntityTemplateReference>","value":["f4b493da506ca3b"],"postInit":true}}},"5f34dcc02e16f61d":{"parent":"e4e177a0a52345e2","name":"Agent47_Gloves_Driving","blueprint":"00F716010CB776C3","properties":{"m_pMeshResource":{"type":"ZRuntimeResourceID","value":{"resource":"00FBF04263964123","flag":"5F"}},"Diffuse_Color_01_Value":{"type":"SColorRGB","value":"#db6021"},"Texture2D_03":{"type":"ZRuntimeResourceID","value":{"resource":"[assembly:/_pro/characters/assets/hero/agent47/textures/agent47_gloves.texture?/specular_b.tex](ascolormap).pc_tex","flag":"5F"}},"ConstantVector1D_01_Value":{"type":"float32","value":20}},"factory":"008897FB54E3DB82"},"5c675237ac1af0e9":{"parent":"e4e177a0a52345e2","name":"Guru_Kurta","factory":"[modules:/zcompositeentity.class].pc_entitytype","blueprint":"[modules:/zcompositeentity.class].pc_entityblueprint","properties":{"m_eidParent":{"type":"SEntityTemplateReference","value":"e4e177a0a52345e2"}},"inputCopying":{"ConstantVector1D_04_Value":{"ConstantVector1D_04_Value":["e93b89ea8c2fb7b8"]},"ConstantVector1D_06_Value":{"ConstantVector1D_06_Value":["e93b89ea8c2fb7b8"]},"ConstantVector1D_01_Value":{"ConstantVector1D_01_Value":["e93b89ea8c2fb7b8"]},"ConstantVector1D_05_Value":{"ConstantVector1D_05_Value":["e93b89ea8c2fb7b8"]},"ConstantVector1D_03_Value":{"ConstantVector1D_03_Value":["e93b89ea8c2fb7b8"]}},"exposedInterfaces":{"ZClothColliderGroupAspect":"3247ca8f6b98b9ee","ZBodyPartEntity":"3247ca8f6b98b9ee"}},"99e9656e91ef2843":{"parent":"43a70a0d0d509d58","name":"agent47_guru_glasses","factory":"0063DB357E895A23","blueprint":"0024F6EC509F4231","properties":{"2359342559":{"type":"IRenderMaterialEntity.EModifierOperation","value":"eReplace"},"m_mTransform":{"type":"SMatrix43","value":{"rotation":{"x":0,"y":0,"z":0},"position":{"x":0,"y":0,"z":0}}},"Clients":{"type":"TArray<SEntityTemplateReference>","value":["43a70a0d0d509d58"]},"ConstantVector1D_06_Value":{"type":"float32","value":0.41999998688697815},"m_eidParent":{"type":"SEntityTemplateReference","value":"e4e177a0a52345e2"}}},"ee352ff91bfe640":{"parent":"e4e177a0a52345e2","name":"Sec Spec Kurta","factory":"[modules:/zmathlerp.class].pc_entitytype","blueprint":"[modules:/zmathlerp.class].pc_entityblueprint","properties":{"m_A":{"type":"float32","value":19.299999237060547},"m_B":{"type":"float32","value":15},"m_fT":{"type":"float32","value":0}},"events":{"Lerp":{"ConstantVector1D_03_Value":["5c675237ac1af0e9"]}}},"f3a3605b6c902747":{"parent":"f4b493da506ca3b","name":"C_Pelvis_L","factory":"[assembly:/templates/aspectdummy.aspect]([modules:/zclothsphere.class].entitytype,[modules:/zboneattachaspect.class].entitytype).pc_entitytype","blueprint":"[assembly:/templates/aspectdummy.aspect]([modules:/zclothsphere.class].entitytype,[modules:/zboneattachaspect.class].entitytype).pc_entityblueprint","properties":{"m_fRadius":{"type":"float32","value":0.12600000202655792},"m_BoneName":{"type":"ZString","value":"Pelvis"},"m_mTransform":{"type":"SMatrix43","value":{"rotation":{"x":0,"y":0,"z":0},"position":{"x":0.03991299867630005,"y":0.021375000476837158,"z":0.04998999834060669}}},"m_eidParent":{"type":"SEntityTemplateReference","value":"f4b493da506ca3b","postInit":true}}},"9693f7728b999ac2":{"parent":"f4b493da506ca3b","name":"C_Knee_R","factory":"[assembly:/templates/aspectdummy.aspect]([modules:/zclothsphere.class].entitytype,[modules:/zboneattachaspect.class].entitytype).pc_entitytype","blueprint":"[assembly:/templates/aspectdummy.aspect]([modules:/zclothsphere.class].entitytype,[modules:/zboneattachaspect.class].entitytype).pc_entityblueprint","properties":{"m_fRadius":{"type":"float32","value":0.10000000149011612},"m_BoneName":{"type":"ZString","value":"R_Calf"},"m_mTransform":{"type":"SMatrix43","value":{"rotation":{"x":0,"y":0,"z":0},"position":{"x":0.0026340000331401825,"y":-0.008138000033795834,"z":-0.00836899969726801}}},"m_eidParent":{"type":"SEntityTemplateReference","value":"f4b493da506ca3b","postInit":true}}},"f4b493da506ca3b":{"parent":"5c675237ac1af0e9","name":"Collider_Coat_Trench_Open","factory":"[modules:/zcompositeentity.class].pc_entitytype","blueprint":"[modules:/zcompositeentity.class].pc_entityblueprint","properties":{"m_eidParent":{"type":"SEntityTemplateReference","value":"5c675237ac1af0e9"}},"propertyAliases":{"m_linkedEntity":[{"originalProperty":"m_linkedEntity","originalEntity":"6c9527150c8a787"},{"originalProperty":"m_linkedEntity","originalEntity":"d5bce69fa68f2f46"},{"originalProperty":"m_linkedEntity","originalEntity":"b73180491bf2710b"},{"originalProperty":"m_linkedEntity","originalEntity":"eb85e38ba4d7173f"},{"originalProperty":"m_linkedEntity","originalEntity":"5a82b8ece5f0f0bb"},{"originalProperty":"m_linkedEntity","originalEntity":"9693f7728b999ac2"},{"originalProperty":"m_linkedEntity","originalEntity":"f3a3605b6c902747"},{"originalProperty":"m_linkedEntity","originalEntity":"aa4891acd5a238d9"},{"originalProperty":"m_linkedEntity","originalEntity":"43e0955482e040e8"},{"originalProperty":"m_linkedEntity","originalEntity":"ec1726212a3ab6cd"},{"originalProperty":"m_linkedEntity","originalEntity":"c18bc6994ce8c272"},{"originalProperty":"m_linkedEntity","originalEntity":"5b1e34aaabc668ce"}]},"exposedInterfaces":{"ZClothCollider":"881bdd8278eb9633","ZClothColliderGroup":"881bdd8278eb9633"}},"1eacab6a9351f16a":{"parent":"e4e177a0a52345e2","name":"Head_47","factory":"00537D16B5CE7286","blueprint":"00F2E4A932ECAA63"}},"propertyOverrides":[],"overrideDeletes":[],"pinConnectionOverrides":[],"pinConnectionOverrideDeletes":[],"externalScenes":[],"subType":"template","quickEntityVersion":3.1,"extraFactoryDependencies":[],"extraBlueprintDependencies":[],"comments":[]}