{"tempHash":"0014A9AA6665E629","tbluHash":"00186C0DD2902729","rootEntity":"dd1fc08f2be0b8f8","entities":{"e0ca02fbd28b318d":{"parent":"25720149e3eb1c70","name":"C_Knee_R","factory":"[assembly:/templates/aspectdummy.aspect]([modules:/zclothsphere.class].entitytype,[modules:/zboneattachaspect.class].entitytype).pc_entitytype","blueprint":"[assembly:/templates/aspectdummy.aspect]([modules:/zclothsphere.class].entitytype,[modules:/zboneattachaspect.class].entitytype).pc_entityblueprint","properties":{"m_fRadius":{"type":"float32","value":0.09000000357627869},"m_BoneName":{"type":"ZString","value":"RThighTwist2"},"m_mTransform":{"type":"SMatrix43","value":{"rotation":{"x":0.01976704358638215,"y":0,"z":0},"position":{"x":0.12606200575828552,"y":-0.011234999634325504,"z":-0.0020119999535381794}}},"m_linkedEntity":{"type":"SEntityTemplateReference","value":"dd1fc08f2be0b8f8","postInit":true},"m_eidParent":{"type":"SEntityTemplateReference","value":"25720149e3eb1c70","postInit":true}}},"caf87c03a293ad05":{"parent":"25720149e3eb1c70","name":"C_Shoulder_R","factory":"[assembly:/templates/aspectdummy.aspect]([modules:/zclothsphere.class].entitytype,[modules:/zboneattachaspect.class].entitytype).pc_entitytype","blueprint":"[assembly:/templates/aspectdummy.aspect]([modules:/zclothsphere.class].entitytype,[modules:/zboneattachaspect.class].entitytype).pc_entityblueprint","properties":{"m_fRadius":{"type":"float32","value":0.07000000029802322},"m_BoneName":{"type":"ZString","value":"R_UpperArm"},"m_linkedEntity":{"type":"SEntityTemplateReference","value":"dd1fc08f2be0b8f8","postInit":true},"m_eidParent":{"type":"SEntityTemplateReference","value":"25720149e3eb1c70","postInit":true}}},"efec401d0ff0fe22":{"parent":"dd1fc08f2be0b8f8","name":"male_reg_militia_basic_02_pants","factory":"[assembly:/_pro/characters/assets/guards/colorado/militia_basic/materials/male_reg_militia_basic_02_pants.mi].pc_entitytype","blueprint":"[assembly:/_pro/characters/assets/guards/colorado/militia_basic/materials/male_reg_militia_basic_02_pants.mi].pc_entityblueprint","properties":{"m_mTransform":{"type":"SMatrix43","value":{"rotation":{"x":0,"y":0,"z":0},"position":{"x":0,"y":0,"z":0}}},"ConstantVector1D_06_Value_op":{"type":"IRenderMaterialEntity.EModifierOperation","value":"eReplace"},"ConstantVector1D_14_Value_op":{"type":"IRenderMaterialEntity.EModifierOperation","value":"eReplace"},"ConstantVector1D_01_Value_op":{"type":"IRenderMaterialEntity.EModifierOperation","value":"eReplace"},"Clients":{"type":"TArray<SEntityTemplateReference>","value":["dd1fc08f2be0b8f8"],"postInit":true},"m_eidParent":{"type":"SEntityTemplateReference","value":"dd1fc08f2be0b8f8","postInit":true}}},"9a51f19e7aa7b8e8":{"parent":"25720149e3eb1c70","name":"CChain_Arms","factory":"[modules:/zclothspherechain.class].pc_entitytype","blueprint":"[modules:/zclothspherechain.class].pc_entityblueprint","properties":{"m_mTransform":{"type":"SMatrix43","value":{"rotation":{"x":0,"y":0,"z":0},"position":{"x":0,"y":0,"z":0}}},"m_Spheres":{"type":"TArray<SEntityTemplateReference>","value":["773270eefca9240d","2c0b8c6f1f175ff1","10e2d50dd7c63488","bfff3f16a699babf","60028805a576897a","caf87c03a293ad05","c1ee56d0d3e688a1","a9e1589c6b72773a","d5bb42dfe3e444ee"],"postInit":true},"m_eidParent":{"type":"SEntityTemplateReference","value":"25720149e3eb1c70","postInit":true}}},"0ca73f28e5d3784f":{"parent":"25720149e3eb1c70","name":"C_Spine2_L","factory":"[assembly:/templates/aspectdummy.aspect]([modules:/zclothsphere.class].entitytype,[modules:/zboneattachaspect.class].entitytype).pc_entitytype","blueprint":"[assembly:/templates/aspectdummy.aspect]([modules:/zclothsphere.class].entitytype,[modules:/zboneattachaspect.class].entitytype).pc_entityblueprint","properties":{"m_BoneName":{"type":"ZString","value":"Spine2"},"m_fRadius":{"type":"float32","value":0.15000000596046448},"m_mTransform":{"type":"SMatrix43","value":{"rotation":{"x":0.7218317539587317,"y":0.04915981154774293,"z":7.789388884865077},"position":{"x":-0.0348690003156662,"y":0.02468400076031685,"z":0.040442001074552536}}},"m_bEnabled":{"type":"bool","value":true},"m_linkedEntity":{"type":"SEntityTemplateReference","value":"dd1fc08f2be0b8f8","postInit":true},"m_eidParent":{"type":"SEntityTemplateReference","value":"25720149e3eb1c70","postInit":true}}},"65213975f53ba287":{"parent":"25720149e3eb1c70","name":"C_Knee_L","factory":"[assembly:/templates/aspectdummy.aspect]([modules:/zclothsphere.class].entitytype,[modules:/zboneattachaspect.class].entitytype).pc_entitytype","blueprint":"[assembly:/templates/aspectdummy.aspect]([modules:/zclothsphere.class].entitytype,[modules:/zboneattachaspect.class].entitytype).pc_entityblueprint","properties":{"m_fRadius":{"type":"float32","value":0.09000000357627869},"m_BoneName":{"type":"ZString","value":"LThighTwist2"},"m_mTransform":{"type":"SMatrix43","value":{"rotation":{"x":0,"y":0.019767042409995977,"z":0},"position":{"x":0.12600800395011902,"y":-0.011082000099122524,"z":-0.008000999689102173}}},"m_linkedEntity":{"type":"SEntityTemplateReference","value":"dd1fc08f2be0b8f8","postInit":true},"m_eidParent":{"type":"SEntityTemplateReference","value":"25720149e3eb1c70","postInit":true}}},"136c0e9d087e7c4e":{"parent":"25720149e3eb1c70","name":"C_TighTop_L","factory":"[assembly:/templates/aspectdummy.aspect]([modules:/zclothsphere.class].entitytype,[modules:/zboneattachaspect.class].entitytype).pc_entitytype","blueprint":"[assembly:/templates/aspectdummy.aspect]([modules:/zclothsphere.class].entitytype,[modules:/zboneattachaspect.class].entitytype).pc_entityblueprint","properties":{"m_fRadius":{"type":"float32","value":0.13199999928474426},"m_BoneName":{"type":"ZString","value":"LThighTwist"},"m_mTransform":{"type":"SMatrix43","value":{"rotation":{"x":0,"y":0.024236110570524532,"z":0},"position":{"x":0.015584999695420265,"y":0.013086999766528606,"z":0.03926499933004379}}},"m_linkedEntity":{"type":"SEntityTemplateReference","value":"dd1fc08f2be0b8f8","postInit":true},"m_eidParent":{"type":"SEntityTemplateReference","value":"25720149e3eb1c70","postInit":true}}},"c1ee56d0d3e688a1":{"parent":"25720149e3eb1c70","name":"C_Elbow_R","factory":"[assembly:/templates/aspectdummy.aspect]([modules:/zclothsphere.class].entitytype,[modules:/zboneattachaspect.class].entitytype).pc_entitytype","blueprint":"[assembly:/templates/aspectdummy.aspect]([modules:/zclothsphere.class].entitytype,[modules:/zboneattachaspect.class].entitytype).pc_entityblueprint","properties":{"m_fRadius":{"type":"float32","value":0.05999999865889549},"m_BoneName":{"type":"ZString","value":"R_Forearm"},"m_linkedEntity":{"type":"SEntityTemplateReference","value":"dd1fc08f2be0b8f8","postInit":true},"m_eidParent":{"type":"SEntityTemplateReference","value":"25720149e3eb1c70","postInit":true}}},"d5bb42dfe3e444ee":{"parent":"25720149e3eb1c70","name":"C_Palm_R","factory":"[assembly:/templates/aspectdummy.aspect]([modules:/zclothsphere.class].entitytype,[modules:/zboneattachaspect.class].entitytype).pc_entitytype","blueprint":"[assembly:/templates/aspectdummy.aspect]([modules:/zclothsphere.class].entitytype,[modules:/zboneattachaspect.class].entitytype).pc_entityblueprint","properties":{"m_fRadius":{"type":"float32","value":0.07000000029802322},"m_BoneName":{"type":"ZString","value":"R_Hand"},"m_mTransform":{"type":"SMatrix43","value":{"rotation":{"x":0,"y":0,"z":0},"position":{"x":0.07999999821186066,"y":0,"z":0}}},"m_linkedEntity":{"type":"SEntityTemplateReference","value":"dd1fc08f2be0b8f8","postInit":true},"m_eidParent":{"type":"SEntityTemplateReference","value":"25720149e3eb1c70","postInit":true}}},"aeee8298b6bee661":{"parent":"25720149e3eb1c70","name":"C_Calf_R","factory":"[assembly:/templates/aspectdummy.aspect]([modules:/zclothsphere.class].entitytype,[modules:/zboneattachaspect.class].entitytype).pc_entitytype","blueprint":"[assembly:/templates/aspectdummy.aspect]([modules:/zclothsphere.class].entitytype,[modules:/zboneattachaspect.class].entitytype).pc_entityblueprint","properties":{"m_fRadius":{"type":"float32","value":0.09000000357627869},"m_BoneName":{"type":"ZString","value":"R_Calf"},"m_mTransform":{"type":"SMatrix43","value":{"rotation":{"x":0,"y":0,"z":0},"position":{"x":0.45377299189567566,"y":-0.000006000000212225132,"z":-9.999999974752427e-7}}},"m_linkedEntity":{"type":"SEntityTemplateReference","value":"dd1fc08f2be0b8f8","postInit":true},"m_eidParent":{"type":"SEntityTemplateReference","value":"25720149e3eb1c70","postInit":true}}},"dfef7002a0d65c9e":{"parent":"25720149e3eb1c70","name":"C_Pelvis_L","factory":"[assembly:/templates/aspectdummy.aspect]([modules:/zclothsphere.class].entitytype,[modules:/zboneattachaspect.class].entitytype).pc_entitytype","blueprint":"[assembly:/templates/aspectdummy.aspect]([modules:/zclothsphere.class].entitytype,[modules:/zboneattachaspect.class].entitytype).pc_entityblueprint","properties":{"m_fRadius":{"type":"float32","value":0.12200000137090683},"m_BoneName":{"type":"ZString","value":"Pelvis"},"m_mTransform":{"type":"SMatrix43","value":{"rotation":{"x":0,"y":0,"z":0},"position":{"x":0.05926699936389923,"y":0.020124999806284904,"z":0.054134998470544815}}},"m_bEnabled":{"type":"bool","value":true},"m_linkedEntity":{"type":"SEntityTemplateReference","value":"dd1fc08f2be0b8f8","postInit":true},"m_eidParent":{"type":"SEntityTemplateReference","value":"25720149e3eb1c70","postInit":true}}},"c3140b3a2c263fd2":{"parent":"dd1fc08f2be0b8f8","name":"FX_Hitman_Wet_Logic_Character","factory":"0067CFB703A80787","blueprint":"00AA88C960CD2080","properties":{"HeadMaterialToOverride":{"type":"ZRuntimeResourceID","value":{"resource":"009F7978C601815A","flag":"5F"}},"HeadMaterialOverride":{"type":"TArray<SEntityTemplateReference>","value":["dd1fc08f2be0b8f8"],"postInit":true}},"events":{"HitmanWetness":{"T":["b76b84677647c8f7","c28cc2ef5afe4b1c","1a9b03773b5246d8","46bde4decde8576a","a1565e07c00024ac","a4ed3adb9f9cd549"]}}},"74c4d2aabeed84b4":{"parent":"25720149e3eb1c70","name":"C_Calf_L","factory":"[assembly:/templates/aspectdummy.aspect]([modules:/zclothsphere.class].entitytype,[modules:/zboneattachaspect.class].entitytype).pc_entitytype","blueprint":"[assembly:/templates/aspectdummy.aspect]([modules:/zclothsphere.class].entitytype,[modules:/zboneattachaspect.class].entitytype).pc_entityblueprint","properties":{"m_fRadius":{"type":"float32","value":0.09000000357627869},"m_BoneName":{"type":"ZString","value":"L_Calf"},"m_mTransform":{"type":"SMatrix43","value":{"rotation":{"x":0,"y":0,"z":0},"position":{"x":0.4564630091190338,"y":9.999999974752427e-7,"z":0.000019999999494757503}}},"m_linkedEntity":{"type":"SEntityTemplateReference","value":"dd1fc08f2be0b8f8","postInit":true},"m_eidParent":{"type":"SEntityTemplateReference","value":"25720149e3eb1c70","postInit":true}}},"4866f09897827c22":{"parent":"dd1fc08f2be0b8f8","name":"male_reg_protester_04_bandana_01","factory":"00F508A1CBD6E673","blueprint":"005A008B988E5D0B","properties":{"m_mTransform":{"type":"SMatrix43","value":{"rotation":{"x":0,"y":0,"z":0},"position":{"x":0,"y":0,"z":0}}},"ConstantVector1D_04_Value_op":{"type":"IRenderMaterialEntity.EModifierOperation","value":"eReplace"},"ConstantVector1D_05_Value_op":{"type":"IRenderMaterialEntity.EModifierOperation","value":"eReplace"},"ConstantVector1D_03_Value_op":{"type":"IRenderMaterialEntity.EModifierOperation","value":"eReplace"},"ConstantVector1D_01_Value_op":{"type":"IRenderMaterialEntity.EModifierOperation","value":"eReplace"},"ConstantVector1D_06_Value_op":{"type":"IRenderMaterialEntity.EModifierOperation","value":"eReplace"},"Active":{"type":"bool","value":true},"Override":{"type":"bool","value":false},"Clients":{"type":"TArray<SEntityTemplateReference>","value":["dd1fc08f2be0b8f8"],"postInit":true},"m_eidParent":{"type":"SEntityTemplateReference","value":"dd1fc08f2be0b8f8","postInit":true}}},"c28cc2ef5afe4b1c":{"parent":"dd1fc08f2be0b8f8","name":"DaseDiff","factory":"[modules:/zmathlerp.class].pc_entitytype","blueprint":"[modules:/zmathlerp.class].pc_entityblueprint","properties":{"m_B":{"type":"float32","value":0.4000000059604645},"m_fT":{"type":"float32","value":0},"m_A":{"type":"float32","value":0.5}},"events":{"Lerp":{"ConstantVector1D_01_Value":["419fe64346a8421c","efec401d0ff0fe22","4866f09897827c22"]}}},"3ab94b7184870983":{"parent":"dd1fc08f2be0b8f8","name":"ChildNetwork","factory":"[modules:/zchildnetworkentity.class].pc_entitytype","blueprint":"[modules:/zchildnetworkentity.class].pc_entityblueprint","properties":{"m_RuntimeNetworkResourceID":{"type":"ZRuntimeResourceID","value":{"resource":"[assembly:/animationnetworks/hitman01/idles/suitidle.aln].pc_rtn","flag":"9F"}}}},"647473b629225eb2":{"parent":"dd1fc08f2be0b8f8","name":"Shoes_Boots_Military","factory":"00A7DC37E14B3676","blueprint":"000315500CD95840","properties":{"m_pMeshResource":{"type":"ZRuntimeResourceID","value":{"resource":"00AA8B74103597DD","flag":"5F"}}}},"843f3613909c855c":{"parent":"dd1fc08f2be0b8f8","name":"Mesh_Pants_01","factory":"[modules:/zbodypartentity.class].pc_entitytype","blueprint":"[modules:/zbodypartentity.class].pc_entityblueprint","properties":{"m_pMeshResource":{"type":"ZRuntimeResourceID","value":{"resource":"00A06AF8B5255F39","flag":"5F"}}}},"e41c7b1309c669b7":{"parent":"18a4cd1fc256bfe6","name":"Sheep_Watch","factory":"00B54F085BDA34D6","blueprint":"00AF19A42FFEF2F0","properties":{"m_mTransform":{"type":"SMatrix43","value":{"rotation":{"x":-174.13908842765957,"y":-6.321711649527556,"z":90.14872782011399},"position":{"x":0.25557100772857666,"y":-0.0003239999932702631,"z":-0.0046640001237392426}}},"m_PrimitiveScale":{"type":"SVector3","value":{"x":1.1434099674224854,"y":1.2134100198745728,"z":1.1813199520111084}},"m_eidParent":{"type":"SEntityTemplateReference","value":"18a4cd1fc256bfe6","postInit":true}}},"6551e9777ba5393c":{"parent":"419fe64346a8421c","name":"male_reg_militia_technician_beltholster","factory":"[assembly:/_pro/characters/assets/guards/colorado/militia_technician/materials/male_reg_militia_technician_beltholster.mi].pc_entitytype","blueprint":"[assembly:/_pro/characters/assets/guards/colorado/militia_technician/materials/male_reg_militia_technician_beltholster.mi].pc_entityblueprint","properties":{"m_mTransform":{"type":"SMatrix43","value":{"rotation":{"x":0,"y":0,"z":0},"position":{"x":0,"y":0,"z":0}}},"ConstantVector1D_06_Value_op":{"type":"IRenderMaterialEntity.EModifierOperation","value":"eReplace"},"ConstantVector1D_04_Value_op":{"type":"IRenderMaterialEntity.EModifierOperation","value":"eReplace"},"ConstantVector1D_01_Value_op":{"type":"IRenderMaterialEntity.EModifierOperation","value":"eReplace"},"Clients":{"type":"TArray<SEntityTemplateReference>","value":["419fe64346a8421c"],"postInit":true},"m_eidParent":{"type":"SEntityTemplateReference","value":"dd1fc08f2be0b8f8","postInit":true}}},"60ef4a9b4ac6c952":{"parent":"25720149e3eb1c70","name":"C_Spine1_R","factory":"[assembly:/templates/aspectdummy.aspect]([modules:/zclothsphere.class].entitytype,[modules:/zboneattachaspect.class].entitytype).pc_entitytype","blueprint":"[assembly:/templates/aspectdummy.aspect]([modules:/zclothsphere.class].entitytype,[modules:/zboneattachaspect.class].entitytype).pc_entityblueprint","properties":{"m_BoneName":{"type":"ZString","value":"Spine1"},"m_fRadius":{"type":"float32","value":0.11500000208616257},"m_mTransform":{"type":"SMatrix43","value":{"rotation":{"x":0,"y":0,"z":0},"position":{"x":-0.030830999836325645,"y":0.04757799953222275,"z":-0.04226699844002724}}},"m_bEnabled":{"type":"bool","value":true},"m_linkedEntity":{"type":"SEntityTemplateReference","value":"dd1fc08f2be0b8f8","postInit":true},"m_eidParent":{"type":"SEntityTemplateReference","value":"25720149e3eb1c70","postInit":true}}},"e817580f914b2dd7":{"parent":"dd1fc08f2be0b8f8","name":"Sweater_RldSlv","factory":"0053E469529E6A70","blueprint":"00C351C68E997A8D","properties":{"Diffuse_Color_01_Value":{"type":"SColorRGB","value":"#ffffff"},"m_pMeshResource":{"type":"ZRuntimeResourceID","value":{"resource":"00C728055691D201","flag":"5F"}},"Texture2D_01":{"type":"ZRuntimeResourceID","value":{"resource":"008CF3B2C6AB6B5F","flag":"5F"}},"ConstantVector1D_01_Value":{"type":"float32","value":0.8600000143051147}}},"695deed4678bb5e1":{"parent":"25720149e3eb1c70","name":"C_Spine_L","factory":"[assembly:/templates/aspectdummy.aspect]([modules:/zclothsphere.class].entitytype,[modules:/zboneattachaspect.class].entitytype).pc_entitytype","blueprint":"[assembly:/templates/aspectdummy.aspect]([modules:/zclothsphere.class].entitytype,[modules:/zboneattachaspect.class].entitytype).pc_entityblueprint","properties":{"m_BoneName":{"type":"ZString","value":"Spine"},"m_fRadius":{"type":"float32","value":0.125},"m_mTransform":{"type":"SMatrix43","value":{"rotation":{"x":0,"y":0,"z":0},"position":{"x":-0.000007999999979801942,"y":0.038086000829935074,"z":0.04805599898099899}}},"m_bEnabled":{"type":"bool","value":true},"m_bCollisionGroup0":{"type":"bool","value":true},"m_linkedEntity":{"type":"SEntityTemplateReference","value":"dd1fc08f2be0b8f8","postInit":true},"m_eidParent":{"type":"SEntityTemplateReference","value":"25720149e3eb1c70","postInit":true}}},"ea0350bcdf793c3b":{"parent":"6c7ce5fd52533844","name":"Agent47_Bandana_02_Mesh","factory":"[assembly:/templates/aspectdummy.aspect]([modules:/zbodypartentity.class].entitytype,[modules:/zclothcollidergroupaspect.class].entitytype).pc_entitytype","blueprint":"[assembly:/templates/aspectdummy.aspect]([modules:/zbodypartentity.class].entitytype,[modules:/zclothcollidergroupaspect.class].entitytype).pc_entityblueprint","properties":{"m_pMeshResource":{"type":"ZRuntimeResourceID","value":{"resource":"004323EB5CD6C56E","flag":"5F"}},"m_ClothColliders":{"type":"TArray<SEntityTemplateReference>","value":["25720149e3eb1c70"],"postInit":true}}},"6c7ce5fd52533844":{"parent":"dd1fc08f2be0b8f8","name":"Agent47_Bandana_02","factory":"[modules:/zcompositeentity.class].pc_entitytype","blueprint":"[modules:/zcompositeentity.class].pc_entityblueprint","properties":{"m_mTransform":{"type":"SMatrix43","value":{"rotation":{"x":0,"y":0,"z":10.000222051925338},"position":{"x":-0.6643581986427307,"y":-2.1913371086120605,"z":0}}},"m_eidParent":{"type":"SEntityTemplateReference","value":"dd1fc08f2be0b8f8","postInit":true}},"exposedInterfaces":{"ZBodyPartEntity":"ea0350bcdf793c3b","ZClothColliderGroupAspect":"ea0350bcdf793c3b"}},"60028805a576897a":{"parent":"25720149e3eb1c70","name":"C_Neck","factory":"[assembly:/templates/aspectdummy.aspect]([modules:/zclothsphere.class].entitytype,[modules:/zboneattachaspect.class].entitytype).pc_entitytype","blueprint":"[assembly:/templates/aspectdummy.aspect]([modules:/zclothsphere.class].entitytype,[modules:/zboneattachaspect.class].entitytype).pc_entityblueprint","properties":{"m_fRadius":{"type":"float32","value":0.07999999821186066},"m_BoneName":{"type":"ZString","value":"Neck"},"m_linkedEntity":{"type":"SEntityTemplateReference","value":"dd1fc08f2be0b8f8","postInit":true},"m_eidParent":{"type":"SEntityTemplateReference","value":"25720149e3eb1c70","postInit":true}}},"15405cbf8bb5ab64":{"parent":"25720149e3eb1c70","name":"C_Pelvis_R","factory":"[assembly:/templates/aspectdummy.aspect]([modules:/zclothsphere.class].entitytype,[modules:/zboneattachaspect.class].entitytype).pc_entitytype","blueprint":"[assembly:/templates/aspectdummy.aspect]([modules:/zclothsphere.class].entitytype,[modules:/zboneattachaspect.class].entitytype).pc_entityblueprint","properties":{"m_fRadius":{"type":"float32","value":0.12200000137090683},"m_BoneName":{"type":"ZString","value":"Pelvis"},"m_mTransform":{"type":"SMatrix43","value":{"rotation":{"x":0,"y":0,"z":0},"position":{"x":0.059262000024318695,"y":0.020129000768065453,"z":-0.05662799999117851}}},"m_bEnabled":{"type":"bool","value":true},"m_linkedEntity":{"type":"SEntityTemplateReference","value":"dd1fc08f2be0b8f8","postInit":true},"m_eidParent":{"type":"SEntityTemplateReference","value":"25720149e3eb1c70","postInit":true}}},"232c64d3bc6c3bd5":{"parent":"dd1fc08f2be0b8f8","name":"base_eye","factory":"00FDEC17A5A2BF5F","blueprint":"00C4E4179AE75353","properties":{"m_mTransform":{"type":"SMatrix43","value":{"rotation":{"x":0,"y":0,"z":0},"position":{"x":0,"y":0,"z":0}}},"EyeShader_01_IrisBrightness_op":{"type":"IRenderMaterialEntity.EModifierOperation","value":"eReplace"},"EyeShader_01_IrisBrightness":{"type":"float32","value":2},"EyeShader_01_PupilSize_op":{"type":"IRenderMaterialEntity.EModifierOperation","value":"eReplace"},"EyeShader_01_PupilSize":{"type":"float32","value":0.17000000178813934},"EyeShader_01_IrisHueShift_op":{"type":"IRenderMaterialEntity.EModifierOperation","value":"eReplace"},"EyeShader_01_IrisHueShift":{"type":"float32","value":0.10000000149011612},"EyeShader_01_CorneaSpecularPower_op":{"type":"IRenderMaterialEntity.EModifierOperation","value":"eReplace"},"EyeShader_01_CorneaSpecularPower":{"type":"float32","value":1},"EyeShader_01_CorneaSpecularIntensity_op":{"type":"IRenderMaterialEntity.EModifierOperation","value":"eReplace"},"EyeShader_01_CorneaSpecularIntensity":{"type":"float32","value":0.02500000037252903},"EyeShader_01_ScleraSpecularIntensity_op":{"type":"IRenderMaterialEntity.EModifierOperation","value":"eReplace"},"EyeShader_01_ScleraSpecularIntensity":{"type":"float32","value":0.019999999552965164},"Texture2D_01_enab":{"type":"bool","value":true},"Texture2D_01":{"type":"ZRuntimeResourceID","value":{"resource":"00956964149E802F","flag":"5F"}},"Clients":{"type":"TArray<SEntityTemplateReference>","value":["dd1fc08f2be0b8f8"],"postInit":true},"m_eidParent":{"type":"SEntityTemplateReference","value":"dd1fc08f2be0b8f8","postInit":true}}},"773270eefca9240d":{"parent":"25720149e3eb1c70","name":"C_Palm_L","factory":"[assembly:/templates/aspectdummy.aspect]([modules:/zclothsphere.class].entitytype,[modules:/zboneattachaspect.class].entitytype).pc_entitytype","blueprint":"[assembly:/templates/aspectdummy.aspect]([modules:/zclothsphere.class].entitytype,[modules:/zboneattachaspect.class].entitytype).pc_entityblueprint","properties":{"m_fRadius":{"type":"float32","value":0.07000000029802322},"m_BoneName":{"type":"ZString","value":"L_Hand"},"m_mTransform":{"type":"SMatrix43","value":{"rotation":{"x":0,"y":0,"z":0},"position":{"x":0.07999999821186066,"y":0,"z":0}}},"m_linkedEntity":{"type":"SEntityTemplateReference","value":"dd1fc08f2be0b8f8","postInit":true},"m_eidParent":{"type":"SEntityTemplateReference","value":"25720149e3eb1c70","postInit":true}}},"18a4cd1fc256bfe6":{"parent":"dd1fc08f2be0b8f8","name":"Attacher_Wrist","factory":"[assembly:/templates/aspectdummy.aspect]([modules:/zcompositeentity.class].entitytype,[modules:/zboneattachaspect.class].entitytype).pc_entitytype","blueprint":"[assembly:/templates/aspectdummy.aspect]([modules:/zcompositeentity.class].entitytype,[modules:/zboneattachaspect.class].entitytype).pc_entityblueprint","properties":{"m_BoneName":{"type":"ZString","value":"L_Foretwist2"},"m_mTransform":{"type":"SMatrix43","value":{"rotation":{"x":0,"y":0,"z":0},"position":{"x":-0.21001799404621124,"y":-0.00002099999983329326,"z":0.0037899999879300594}}},"m_linkedEntity":{"type":"SEntityTemplateReference","value":"dd1fc08f2be0b8f8","postInit":true},"m_eidParent":{"type":"SEntityTemplateReference","value":"dd1fc08f2be0b8f8","postInit":true}}},"8b0d0467453dced7":{"parent":"dd1fc08f2be0b8f8","name":"Head_47","factory":"00537D16B5CE7286","blueprint":"00F2E4A932ECAA63"},"419fe64346a8421c":{"parent":"dd1fc08f2be0b8f8","name":"Mesh_Belt_Military","factory":"[modules:/zbodypartentity.class].pc_entitytype","blueprint":"[modules:/zbodypartentity.class].pc_entityblueprint","properties":{"m_pMeshResource":{"type":"ZRuntimeResourceID","value":{"resource":"00DCB335B8B7C0A8","flag":"5F"}}},"inputCopying":{"ConstantVector1D_06_Value":{"ConstantVector1D_06_Value":["6551e9777ba5393c"]},"ConstantVector1D_04_Value":{"ConstantVector1D_04_Value":["6551e9777ba5393c"]},"ConstantVector1D_01_Value":{"ConstantVector1D_01_Value":["6551e9777ba5393c"]}}},"1a9b03773b5246d8":{"parent":"dd1fc08f2be0b8f8","name":"Nrom","factory":"[modules:/zmathlerp.class].pc_entitytype","blueprint":"[modules:/zmathlerp.class].pc_entityblueprint","properties":{"m_A":{"type":"float32","value":1},"m_B":{"type":"float32","value":2},"m_fT":{"type":"float32","value":0}},"events":{"Lerp":{"ConstantVector1D_06_Value":["419fe64346a8421c","efec401d0ff0fe22","4866f09897827c22"]}}},"b1b41587fba14ee2":{"parent":"25720149e3eb1c70","name":"C_TighMid_L","factory":"[assembly:/templates/aspectdummy.aspect]([modules:/zclothsphere.class].entitytype,[modules:/zboneattachaspect.class].entitytype).pc_entitytype","blueprint":"[assembly:/templates/aspectdummy.aspect]([modules:/zclothsphere.class].entitytype,[modules:/zboneattachaspect.class].entitytype).pc_entityblueprint","properties":{"m_fRadius":{"type":"float32","value":0.10499999672174454},"m_BoneName":{"type":"ZString","value":"LThighTwist1"},"m_mTransform":{"type":"SMatrix43","value":{"rotation":{"x":0,"y":0.024236110570524532,"z":0},"position":{"x":0.05449200049042702,"y":0.025860000401735306,"z":0.00710699986666441}}},"m_bCollisionGroup0":{"type":"bool","value":true},"m_linkedEntity":{"type":"SEntityTemplateReference","value":"dd1fc08f2be0b8f8","postInit":true},"m_eidParent":{"type":"SEntityTemplateReference","value":"25720149e3eb1c70","postInit":true}}},"5ba2c168ff63fbd2":{"parent":"dd1fc08f2be0b8f8","name":"Arms_Elbow_Wrist","factory":"00FCC39B2F164A8C","blueprint":"0011153A1CE6AF9C","properties":{"m_pMeshResource":{"type":"ZRuntimeResourceID","value":{"resource":"005153F92B3B02EA","flag":"5F"}}}},"6d3fff0718bd62df":{"parent":"25720149e3eb1c70","name":"C_TighTop_R","factory":"[assembly:/templates/aspectdummy.aspect]([modules:/zclothsphere.class].entitytype,[modules:/zboneattachaspect.class].entitytype).pc_entitytype","blueprint":"[assembly:/templates/aspectdummy.aspect]([modules:/zclothsphere.class].entitytype,[modules:/zboneattachaspect.class].entitytype).pc_entityblueprint","properties":{"m_fRadius":{"type":"float32","value":0.13199999928474426},"m_BoneName":{"type":"ZString","value":"RThighTwist"},"m_mTransform":{"type":"SMatrix43","value":{"rotation":{"x":0,"y":0,"z":0},"position":{"x":0.01573299989104271,"y":0.015011999756097794,"z":-0.04212599992752075}}},"m_linkedEntity":{"type":"SEntityTemplateReference","value":"dd1fc08f2be0b8f8","postInit":true},"m_eidParent":{"type":"SEntityTemplateReference","value":"25720149e3eb1c70","postInit":true}}},"4f28e8b124c6f642":{"parent":"25720149e3eb1c70","name":"CChain_Spine_L","factory":"[modules:/zclothspherechain.class].pc_entitytype","blueprint":"[modules:/zclothspherechain.class].pc_entityblueprint","properties":{"m_Spheres":{"type":"TArray<SEntityTemplateReference>","value":["695deed4678bb5e1","1b2bc79a32553f90","0ca73f28e5d3784f"],"postInit":true},"m_eidParent":{"type":"SEntityTemplateReference","value":"25720149e3eb1c70","postInit":true}}},"9715c26410433753":{"parent":"25720149e3eb1c70","name":"CChain_Spine_R","factory":"[modules:/zclothspherechain.class].pc_entitytype","blueprint":"[modules:/zclothspherechain.class].pc_entityblueprint","properties":{"m_mTransform":{"type":"SMatrix43","value":{"rotation":{"x":0,"y":0,"z":0},"position":{"x":0,"y":0,"z":0}}},"m_Spheres":{"type":"TArray<SEntityTemplateReference>","value":["4f4c40f08241aabb","60ef4a9b4ac6c952","a6cf66d6cb020f88"],"postInit":true},"m_eidParent":{"type":"SEntityTemplateReference","value":"25720149e3eb1c70","postInit":true}}},"10e2d50dd7c63488":{"parent":"25720149e3eb1c70","name":"C_Elbow_L","factory":"[assembly:/templates/aspectdummy.aspect]([modules:/zclothsphere.class].entitytype,[modules:/zboneattachaspect.class].entitytype).pc_entitytype","blueprint":"[assembly:/templates/aspectdummy.aspect]([modules:/zclothsphere.class].entitytype,[modules:/zboneattachaspect.class].entitytype).pc_entityblueprint","properties":{"m_fRadius":{"type":"float32","value":0.05999999865889549},"m_BoneName":{"type":"ZString","value":"L_Forearm"},"m_linkedEntity":{"type":"SEntityTemplateReference","value":"dd1fc08f2be0b8f8","postInit":true},"m_eidParent":{"type":"SEntityTemplateReference","value":"25720149e3eb1c70","postInit":true}}},"dd1fc08f2be0b8f8":{"parent":null,"name":"OUTFIT_Agent47_Reward_Traveller_HeroA_v0","factory":"[assembly:/templates/aspectdummy.aspect]([modules:/zlinkedproxyentity.class].entitytype,[modules:/zclothcharacterentity.class].entitytype,[modules:/zheroidlenetworkaspect.class].entitytype).pc_entitytype","blueprint":"[assembly:/templates/aspectdummy.aspect]([modules:/zlinkedproxyentity.class].entitytype,[modules:/zclothcharacterentity.class].entitytype,[modules:/zheroidlenetworkaspect.class].entitytype).pc_entityblueprint","properties":{"m_ResourceID":{"type":"ZRuntimeResourceID","value":null},"m_fLODScale":{"type":"float32","value":1},"m_mTransform":{"type":"SMatrix43","value":{"rotation":{"x":0,"y":0,"z":-10.000222644963364},"position":{"x":82.88627624511719,"y":36.12009048461914,"z":-0.0006820000126026571}}},"m_pBonesAndCollisionResource":{"type":"ZRuntimeResourceID","value":{"resource":"0017416135CF879C","flag":"5F"}},"m_pIdleAnimNetworkEntity":{"type":"SEntityTemplateReference","value":"3ab94b7184870983"},"m_bUsePerVertexStiffness":{"type":"bool","value":true},"m_LocalColliders":{"type":"TArray<SEntityTemplateReference>","value":[]},"m_bGlobalCollidersEnabled":{"type":"bool","value":false},"m_fDamping":{"type":"float32","value":1},"m_fBendStiffness":{"type":"float32","value":1},"m_bUsePerVertexDamping":{"type":"bool","value":true},"m_fShearStiffness":{"type":"float32","value":1},"m_bUseSkinningPosNormalConstrains":{"type":"bool","value":true},"m_bUseSkinningNegNormalConstrains":{"type":"bool","value":true},"m_nIterations":{"type":"uint32","value":2},"m_fFrequency":{"type":"float32","value":90},"m_vTranslationScale":{"type":"SVector3","value":{"x":0.10000000149011612,"y":0.10000000149011612,"z":0.10000000149011612}},"m_vGravity":{"type":"SVector3","value":{"x":0,"y":0,"z":-13}},"m_fLODOffset":{"type":"float32","value":100},"m_fDragConstant":{"type":"float32","value":1},"m_eStretchConstrainType":{"type":"EClothStretchConstrainType","value":"eClothBendConstrainType_LRA"},"m_fAngularVelocityThreshold":{"type":"float32","value":60},"m_eRootBone":{"type":"BoneId.Enum","value":"PELVIS"},"m_bEnableAngularVelocityScale":{"type":"bool","value":true},"m_eBendConstrainType":{"type":"EClothBendConstrainType","value":"eClothBendConstrainType_Triangle"},"m_aBodyParts":{"type":"TArray<SEntityTemplateReference>","value":["8b0d0467453dced7","647473b629225eb2","5ba2c168ff63fbd2","e817580f914b2dd7","419fe64346a8421c","843f3613909c855c","6c7ce5fd52533844","feed27e2e1618694"]},"m_bRandomStartState":{"type":"bool","value":true},"m_fWindConstant":{"type":"float32","value":0.10000000149011612},"m_eRoomBehaviour":{"type":"ZSpatialEntity.ERoomBehaviour","value":"ROOM_DYNAMIC"}}},"46bde4decde8576a":{"parent":"dd1fc08f2be0b8f8","name":"DaseDiff 2","factory":"[modules:/zmathlerp.class].pc_entitytype","blueprint":"[modules:/zmathlerp.class].pc_entityblueprint","properties":{"m_B":{"type":"float32","value":0.30000001192092896},"m_fT":{"type":"float32","value":0},"m_A":{"type":"float32","value":0.5}},"events":{"Lerp":{"ConstantVector1D_01_Value":["419fe64346a8421c","efec401d0ff0fe22","4866f09897827c22"]}}},"a4ed3adb9f9cd549":{"parent":"dd1fc08f2be0b8f8","name":"DaseDiff 3","factory":"[modules:/zmathlerp.class].pc_entitytype","blueprint":"[modules:/zmathlerp.class].pc_entityblueprint","properties":{"m_B":{"type":"float32","value":0.5799999833106995},"m_fT":{"type":"float32","value":0},"m_A":{"type":"float32","value":0.8600000143051147}},"events":{"Lerp":{"ConstantVector1D_01_Value":["419fe64346a8421c","efec401d0ff0fe22","4866f09897827c22","e817580f914b2dd7"]}}},"a9e1589c6b72773a":{"parent":"25720149e3eb1c70","name":"C_Hand_R","factory":"[assembly:/templates/aspectdummy.aspect]([modules:/zclothsphere.class].entitytype,[modules:/zboneattachaspect.class].entitytype).pc_entitytype","blueprint":"[assembly:/templates/aspectdummy.aspect]([modules:/zclothsphere.class].entitytype,[modules:/zboneattachaspect.class].entitytype).pc_entityblueprint","properties":{"m_fRadius":{"type":"float32","value":0.05000000074505806},"m_BoneName":{"type":"ZString","value":"R_Hand"},"m_linkedEntity":{"type":"SEntityTemplateReference","value":"dd1fc08f2be0b8f8"},"m_eidParent":{"type":"SEntityTemplateReference","value":"25720149e3eb1c70","postInit":true}}},"4f4c40f08241aabb":{"parent":"25720149e3eb1c70","name":"C_Spine_R","factory":"[assembly:/templates/aspectdummy.aspect]([modules:/zclothsphere.class].entitytype,[modules:/zboneattachaspect.class].entitytype).pc_entitytype","blueprint":"[assembly:/templates/aspectdummy.aspect]([modules:/zclothsphere.class].entitytype,[modules:/zboneattachaspect.class].entitytype).pc_entityblueprint","properties":{"m_BoneName":{"type":"ZString","value":"Spine"},"m_linkedEntity":{"type":"SEntityTemplateReference","value":"dd1fc08f2be0b8f8"},"m_fRadius":{"type":"float32","value":0.125},"m_mTransform":{"type":"SMatrix43","value":{"rotation":{"x":0,"y":0,"z":0},"position":{"x":-9.999999974752427e-7,"y":0.045756999403238297,"z":-0.05067700147628784}}},"m_bEnabled":{"type":"bool","value":true},"m_bCollisionGroup0":{"type":"bool","value":true},"m_eidParent":{"type":"SEntityTemplateReference","value":"25720149e3eb1c70","postInit":true}}},"1b2bc79a32553f90":{"parent":"25720149e3eb1c70","name":"C_Spine1_L","factory":"[assembly:/templates/aspectdummy.aspect]([modules:/zclothsphere.class].entitytype,[modules:/zboneattachaspect.class].entitytype).pc_entitytype","blueprint":"[assembly:/templates/aspectdummy.aspect]([modules:/zclothsphere.class].entitytype,[modules:/zboneattachaspect.class].entitytype).pc_entityblueprint","properties":{"m_BoneName":{"type":"ZString","value":"Spine1"},"m_linkedEntity":{"type":"SEntityTemplateReference","value":"dd1fc08f2be0b8f8"},"m_fRadius":{"type":"float32","value":0.11500000208616257},"m_mTransform":{"type":"SMatrix43","value":{"rotation":{"x":0,"y":0,"z":0},"position":{"x":-0.03169099986553192,"y":0.05008700117468834,"z":0.045593999326229095}}},"m_bEnabled":{"type":"bool","value":true},"m_eidParent":{"type":"SEntityTemplateReference","value":"25720149e3eb1c70","postInit":true}}},"c5ee8fedecd14009":{"parent":"25720149e3eb1c70","name":"ColliderGroup","factory":"[modules:/zclothcollidergroup.class].pc_entitytype","blueprint":"[modules:/zclothcollidergroup.class].pc_entityblueprint","properties":{"m_ClothColliders":{"type":"TArray<SEntityTemplateReference>","value":["d4b80699657a163b","9715c26410433753","4f28e8b124c6f642"],"postInit":true},"m_eidParent":{"type":"SEntityTemplateReference","value":"25720149e3eb1c70","postInit":true}}},"d4b80699657a163b":{"parent":"25720149e3eb1c70","name":"CChain_Legs","factory":"[modules:/zclothspherechain.class].pc_entitytype","blueprint":"[modules:/zclothspherechain.class].pc_entityblueprint","properties":{"m_mTransform":{"type":"SMatrix43","value":{"rotation":{"x":0,"y":0,"z":0},"position":{"x":0,"y":0,"z":0}}},"m_bCollisionGroup0":{"type":"bool","value":true},"m_bEnabled":{"type":"bool","value":true},"m_Spheres":{"type":"TArray<SEntityTemplateReference>","value":["aeee8298b6bee661","e0ca02fbd28b318d","fadd2aa15f14dd9e","6d3fff0718bd62df","15405cbf8bb5ab64","dfef7002a0d65c9e","136c0e9d087e7c4e","b1b41587fba14ee2","65213975f53ba287","74c4d2aabeed84b4"],"postInit":true},"m_eidParent":{"type":"SEntityTemplateReference","value":"25720149e3eb1c70","postInit":true}}},"b76b84677647c8f7":{"parent":"dd1fc08f2be0b8f8","name":"baseRough","factory":"[modules:/zmathlerp.class].pc_entitytype","blueprint":"[modules:/zmathlerp.class].pc_entityblueprint","properties":{"m_B":{"type":"float32","value":0.25},"m_fT":{"type":"float32","value":0}},"events":{"Lerp":{"ConstantVector1D_04_Value":["8b0d0467453dced7","647473b629225eb2","419fe64346a8421c","4866f09897827c22"],"ConstantVector1D_14_Value":["efec401d0ff0fe22"]}}},"bfff3f16a699babf":{"parent":"25720149e3eb1c70","name":"C_Shoulder_L","factory":"[assembly:/templates/aspectdummy.aspect]([modules:/zclothsphere.class].entitytype,[modules:/zboneattachaspect.class].entitytype).pc_entitytype","blueprint":"[assembly:/templates/aspectdummy.aspect]([modules:/zclothsphere.class].entitytype,[modules:/zboneattachaspect.class].entitytype).pc_entityblueprint","properties":{"m_fRadius":{"type":"float32","value":0.07000000029802322},"m_BoneName":{"type":"ZString","value":"L_UpperArm"},"m_linkedEntity":{"type":"SEntityTemplateReference","value":"dd1fc08f2be0b8f8"},"m_eidParent":{"type":"SEntityTemplateReference","value":"25720149e3eb1c70","postInit":true}}},"bf9cbc1ae4eeebd1":{"parent":"647473b629225eb2","name":"agent47_sheep_boots","factory":"0015838E791A033A","blueprint":"00C7E5DE2E654DCD","properties":{"m_mTransform":{"type":"SMatrix43","value":{"rotation":{"x":0,"y":0,"z":4.955285873725194e-7},"position":{"x":0.0000010689600458135828,"y":-5.551078174903523e-7,"z":0}}},"Clients":{"type":"TArray<SEntityTemplateReference>","value":["dd1fc08f2be0b8f8"]},"Diffuse_Color_01_Value_op":{"type":"IRenderMaterialEntity.EModifierOperation","value":"eReplace"},"ConstantVector1D_01_Value_op":{"type":"IRenderMaterialEntity.EModifierOperation","value":"eReplace"},"ConstantVector1D_01_Value":{"type":"float32","value":0.75},"ConstantVector1D_14_Value_op":{"type":"IRenderMaterialEntity.EModifierOperation","value":"eReplace"},"ConstantVector1D_06_Value_op":{"type":"IRenderMaterialEntity.EModifierOperation","value":"eReplace"},"m_eidParent":{"type":"SEntityTemplateReference","value":"dd1fc08f2be0b8f8"}}},"fadd2aa15f14dd9e":{"parent":"25720149e3eb1c70","name":"C_TighMid_R","factory":"[assembly:/templates/aspectdummy.aspect]([modules:/zclothsphere.class].entitytype,[modules:/zboneattachaspect.class].entitytype).pc_entitytype","blueprint":"[assembly:/templates/aspectdummy.aspect]([modules:/zclothsphere.class].entitytype,[modules:/zboneattachaspect.class].entitytype).pc_entityblueprint","properties":{"m_fRadius":{"type":"float32","value":0.10499999672174454},"m_BoneName":{"type":"ZString","value":"RThighTwist1"},"m_linkedEntity":{"type":"SEntityTemplateReference","value":"dd1fc08f2be0b8f8"},"m_mTransform":{"type":"SMatrix43","value":{"rotation":{"x":0,"y":0,"z":0},"position":{"x":0.05401799827814102,"y":0.01887499913573265,"z":-0.011405999772250652}}},"m_eidParent":{"type":"SEntityTemplateReference","value":"25720149e3eb1c70","postInit":true}}},"a6cf66d6cb020f88":{"parent":"25720149e3eb1c70","name":"C_Spine2_R","factory":"[assembly:/templates/aspectdummy.aspect]([modules:/zclothsphere.class].entitytype,[modules:/zboneattachaspect.class].entitytype).pc_entitytype","blueprint":"[assembly:/templates/aspectdummy.aspect]([modules:/zclothsphere.class].entitytype,[modules:/zboneattachaspect.class].entitytype).pc_entityblueprint","properties":{"m_BoneName":{"type":"ZString","value":"Spine2"},"m_linkedEntity":{"type":"SEntityTemplateReference","value":"dd1fc08f2be0b8f8"},"m_fRadius":{"type":"float32","value":0.15000000596046448},"m_mTransform":{"type":"SMatrix43","value":{"rotation":{"x":0.6075190242261483,"y":0.04131030369781178,"z":7.77816180870083},"position":{"x":-0.034866999834775925,"y":0.024687999859452248,"z":-0.04030299931764603}}},"m_bEnabled":{"type":"bool","value":true},"m_eidParent":{"type":"SEntityTemplateReference","value":"25720149e3eb1c70","postInit":true}}},"a1565e07c00024ac":{"parent":"dd1fc08f2be0b8f8","name":"baseRough 2","factory":"[modules:/zmathlerp.class].pc_entitytype","blueprint":"[modules:/zmathlerp.class].pc_entityblueprint","properties":{"m_B":{"type":"float32","value":0.44999998807907104},"m_fT":{"type":"float32","value":0},"m_A":{"type":"float32","value":0}},"events":{"Lerp":{"ConstantVector1D_04_Value":["8b0d0467453dced7","647473b629225eb2","419fe64346a8421c","4866f09897827c22"],"ConstantVector1D_14_Value":["efec401d0ff0fe22","e817580f914b2dd7"]}}},"2c0b8c6f1f175ff1":{"parent":"25720149e3eb1c70","name":"C_Hand_L","factory":"[assembly:/templates/aspectdummy.aspect]([modules:/zclothsphere.class].entitytype,[modules:/zboneattachaspect.class].entitytype).pc_entitytype","blueprint":"[assembly:/templates/aspectdummy.aspect]([modules:/zclothsphere.class].entitytype,[modules:/zboneattachaspect.class].entitytype).pc_entityblueprint","properties":{"m_fRadius":{"type":"float32","value":0.05000000074505806},"m_BoneName":{"type":"ZString","value":"L_Hand"},"m_linkedEntity":{"type":"SEntityTemplateReference","value":"dd1fc08f2be0b8f8"},"m_eidParent":{"type":"SEntityTemplateReference","value":"25720149e3eb1c70","postInit":true}}},"25720149e3eb1c70":{"parent":"6c7ce5fd52533844","name":"Agent47_Banadana","factory":"[modules:/zcompositeentity.class].pc_entitytype","blueprint":"[modules:/zcompositeentity.class].pc_entityblueprint","properties":{"m_linkedEntity":{"type":"SEntityTemplateReference","value":"dd1fc08f2be0b8f8"},"m_eidParent":{"type":"SEntityTemplateReference","value":"6c7ce5fd52533844"}},"propertyAliases":{"m_linkedEntity":[{"originalProperty":"m_linkedEntity","originalEntity":"65213975f53ba287"},{"originalProperty":"m_linkedEntity","originalEntity":"e0ca02fbd28b318d"},{"originalProperty":"m_linkedEntity","originalEntity":"b1b41587fba14ee2"},{"originalProperty":"m_linkedEntity","originalEntity":"fadd2aa15f14dd9e"},{"originalProperty":"m_linkedEntity","originalEntity":"6d3fff0718bd62df"},{"originalProperty":"m_linkedEntity","originalEntity":"136c0e9d087e7c4e"},{"originalProperty":"m_linkedEntity","originalEntity":"dfef7002a0d65c9e"},{"originalProperty":"m_linkedEntity","originalEntity":"a6cf66d6cb020f88"},{"originalProperty":"m_linkedEntity","originalEntity":"60ef4a9b4ac6c952"},{"originalProperty":"m_linkedEntity","originalEntity":"4f4c40f08241aabb"},{"originalProperty":"m_linkedEntity","originalEntity":"695deed4678bb5e1"},{"originalProperty":"m_linkedEntity","originalEntity":"1b2bc79a32553f90"},{"originalProperty":"m_linkedEntity","originalEntity":"0ca73f28e5d3784f"},{"originalProperty":"m_linkedEntity","originalEntity":"c1ee56d0d3e688a1"},{"originalProperty":"m_linkedEntity","originalEntity":"10e2d50dd7c63488"},{"originalProperty":"m_linkedEntity","originalEntity":"2c0b8c6f1f175ff1"},{"originalProperty":"m_linkedEntity","originalEntity":"a9e1589c6b72773a"},{"originalProperty":"m_linkedEntity","originalEntity":"bfff3f16a699babf"},{"originalProperty":"m_linkedEntity","originalEntity":"caf87c03a293ad05"},{"originalProperty":"m_linkedEntity","originalEntity":"60028805a576897a"},{"originalProperty":"m_linkedEntity","originalEntity":"d5bb42dfe3e444ee"},{"originalProperty":"m_linkedEntity","originalEntity":"773270eefca9240d"},{"originalProperty":"m_linkedEntity","originalEntity":"74c4d2aabeed84b4"},{"originalProperty":"m_linkedEntity","originalEntity":"aeee8298b6bee661"},{"originalProperty":"m_linkedEntity","originalEntity":"15405cbf8bb5ab64"}]},"exposedInterfaces":{"ZClothCollider":"c5ee8fedecd14009","ZClothColliderGroup":"c5ee8fedecd14009"}},"feed27e2e1618694":{"parent":"dd1fc08f2be0b8f8","name":"Agent47_Gloves_Driving","factory":"008897FB54E3DB82","blueprint":"00F716010CB776C3","properties":{"m_pMeshResource":{"type":"ZRuntimeResourceID","value":{"resource":"0013AB6B4F5E01FB","flag":"5F"}},"Diffuse_Color_01_Value":{"type":"SColorRGB","value":"#676549"},"Texture2D_03":{"type":"ZRuntimeResourceID","value":{"resource":"[assembly:/_pro/characters/assets/hero/agent47/textures/agent47_gloves.texture?/specular_b.tex](ascolormap).pc_tex","flag":"5F"}},"ConstantVector1D_01_Value":{"type":"float32","value":22}}}},"propertyOverrides":[],"overrideDeletes":[],"pinConnectionOverrides":[],"pinConnectionOverrideDeletes":[],"externalScenes":[],"subType":"template","quickEntityVersion":3.1,"extraFactoryDependencies":[{"resource":"00E4A70FD88E836A","flag":"5F"},{"resource":"0036AD7573870B5C","flag":"5F"},{"resource":"[assembly:/_pro/characters/assets/guards/colorado/militia_technician/textures/male_reg_militia_technician_beltholster.texture?/normal_a.tex](asnormalmap).pc_tex","flag":"5F"},{"resource":"[assembly:/_pro/characters/assets/guards/colorado/militia_technician/textures/male_reg_militia_technician_beltholster.texture?/specular_a.tex](ascolormap).pc_tex","flag":"5F"},{"resource":"[assembly:/_pro/characters/assets/guards/colorado/militia_technician/textures/male_reg_militia_technician_beltholster.texture?/diffuse_a.tex](ascolormap).pc_tex","flag":"5F"},{"resource":"00818BA637895231","flag":"5F"},{"resource":"[assembly:/_pro/characters/assets/_genericparts/skin/textures/skin_detail.texture?/normal_a.tex](asnormalmap).pc_tex","flag":"5F"},{"resource":"[assembly:/_pro/characters/assets/_genericparts/skin/textures/skin_detail.texture?/variance_a.tex](asheightmap).pc_tex","flag":"5F"},{"resource":"008E0FCF89ED862E","flag":"5F"},{"resource":"002C7E7EE46D0CD2","flag":"5F"},{"resource":"005AB6CF7BFBA31D","flag":"5F"},{"resource":"[assembly:/_pro/characters/assets/guards/colorado/militia_elite/textures/male_reg_militia_elite_shoes.texture?/normal_a.tex](asnormalmap).pc_tex","flag":"5F"},{"resource":"[assembly:/_pro/characters/assets/guards/colorado/militia_elite/textures/male_reg_militia_elite_shoes.texture?/specular_a.tex](ascolormap).pc_tex","flag":"5F"},{"resource":"[assembly:/_pro/characters/assets/guards/colorado/militia_elite/textures/male_reg_militia_elite_shoes.texture?/diffuse_a.tex](ascolormap).pc_tex","flag":"5F"},{"resource":"00393E746025E96C","flag":"5F"},{"resource":"0052111F41C6C1FB","flag":"5F"},{"resource":"007F078871DFA6D5","flag":"5F"},{"resource":"007D850436B0A092","flag":"5F"},{"resource":"00D247582859CA87","flag":"5F"},{"resource":"00D20CA72E352D16","flag":"5F"},{"resource":"[assembly:/_pro/characters/assets/guards/colorado/militia_basic/textures/male_reg_militia_basic_02_pants.texture?/normal_a.tex](asnormalmap).pc_tex","flag":"5F"},{"resource":"[assembly:/_pro/characters/assets/guards/colorado/militia_basic/textures/male_reg_militia_basic_02_pants.texture?/specular_a.tex](ascolormap).pc_tex","flag":"5F"},{"resource":"[assembly:/_pro/characters/assets/guards/colorado/militia_basic/textures/male_reg_militia_basic_02_pants.texture?/diffuse_a.tex](ascolormap).pc_tex","flag":"5F"},{"resource":"00D738AED3CD0C53","flag":"5F"},{"resource":"00E9B072EB3F3C02","flag":"5F"},{"resource":"004E526EE2623A02","flag":"5F"},{"resource":"00D659EF1056382C","flag":"5F"}],"extraBlueprintDependencies":[],"comments":[]}