{"tempHash":"001FC0A8000350B1","tbluHash":"000DBBDC200A3D64","rootEntity":"d48e60f5dda09ac","entities":{"dfe08a617d467ea2":{"parent":"ead8cb7d0f20cb16","name":"C_Spine_R","factory":"[assembly:/templates/aspectdummy.aspect]([modules:/zclothsphere.class].entitytype,[modules:/zboneattachaspect.class].entitytype).pc_entitytype","blueprint":"[assembly:/templates/aspectdummy.aspect]([modules:/zclothsphere.class].entitytype,[modules:/zboneattachaspect.class].entitytype).pc_entityblueprint","properties":{"m_BoneName":{"type":"ZString","value":"Spine"},"m_fRadius":{"type":"float32","value":0.12999999523162842},"m_mTransform":{"type":"SMatrix43","value":{"rotation":{"x":-0.0541445491223199,"y":0.05047760715013112,"z":-0.05231108040821178},"position":{"x":-0.000011000000085914508,"y":0.030017999932169914,"z":-0.05071999877691269}}},"m_bEnabled":{"type":"bool","value":true},"m_bCollisionGroup0":{"type":"bool","value":true},"m_linkedEntity":{"type":"SEntityTemplateReference","value":"d48e60f5dda09ac","postInit":true},"m_eidParent":{"type":"SEntityTemplateReference","value":"ead8cb7d0f20cb16","postInit":true}}},"bae7736e38ce4881":{"parent":"ead8cb7d0f20cb16","name":"C_Spine1_R","factory":"[assembly:/templates/aspectdummy.aspect]([modules:/zclothsphere.class].entitytype,[modules:/zboneattachaspect.class].entitytype).pc_entitytype","blueprint":"[assembly:/templates/aspectdummy.aspect]([modules:/zclothsphere.class].entitytype,[modules:/zboneattachaspect.class].entitytype).pc_entityblueprint","properties":{"m_BoneName":{"type":"ZString","value":"Spine1"},"m_fRadius":{"type":"float32","value":0.125},"m_mTransform":{"type":"SMatrix43","value":{"rotation":{"x":0,"y":0,"z":0},"position":{"x":-0.030835000798106194,"y":0.03204600140452385,"z":-0.04226600006222725}}},"m_bEnabled":{"type":"bool","value":true},"m_linkedEntity":{"type":"SEntityTemplateReference","value":"d48e60f5dda09ac","postInit":true},"m_eidParent":{"type":"SEntityTemplateReference","value":"ead8cb7d0f20cb16","postInit":true}}},"6ed72483d68e9e1d":{"parent":"ead8cb7d0f20cb16","name":"C_Spine2_R","factory":"[assembly:/templates/aspectdummy.aspect]([modules:/zclothsphere.class].entitytype,[modules:/zboneattachaspect.class].entitytype).pc_entitytype","blueprint":"[assembly:/templates/aspectdummy.aspect]([modules:/zclothsphere.class].entitytype,[modules:/zboneattachaspect.class].entitytype).pc_entityblueprint","properties":{"m_BoneName":{"type":"ZString","value":"Spine2"},"m_fRadius":{"type":"float32","value":0.15000000596046448},"m_mTransform":{"type":"SMatrix43","value":{"rotation":{"x":0.6075190242261481,"y":0.041310303697811766,"z":7.778161808700826},"position":{"x":-0.034866999834775925,"y":0.024687999859452248,"z":-0.04030299931764603}}},"m_bEnabled":{"type":"bool","value":true},"m_linkedEntity":{"type":"SEntityTemplateReference","value":"d48e60f5dda09ac","postInit":true},"m_eidParent":{"type":"SEntityTemplateReference","value":"ead8cb7d0f20cb16","postInit":true}}},"3e4d1e7b2041f027":{"parent":"2b8ae32ae0b9b492","name":"agent47_skunk_tie","factory":"00E1C4A9C7CFF9B2","blueprint":"0006457096DE6092","properties":{"m_mTransform":{"type":"SMatrix43","value":{"rotation":{"x":0,"y":0,"z":0},"position":{"x":0,"y":0,"z":0}}},"Texture2D_01_enab":{"type":"bool","value":true},"Texture2D_01":{"type":"ZRuntimeResourceID","value":{"resource":"00D31B9C19A270D6","flag":"5F"}},"Texture2D_03_enab":{"type":"bool","value":true},"Texture2D_03":{"type":"ZRuntimeResourceID","value":{"resource":"00D31B9C19A270D6","flag":"5F"}},"ConstantVector1D_04_Value_op":{"type":"IRenderMaterialEntity.EModifierOperation","value":"eReplace"},"ConstantVector1D_04_Value":{"type":"float32","value":0},"ConstantVector1D_05_Value_op":{"type":"IRenderMaterialEntity.EModifierOperation","value":"eReplace"},"ConstantVector1D_05_Value":{"type":"float32","value":0.5099999904632568},"Clients":{"type":"TArray<SEntityTemplateReference>","value":["2b8ae32ae0b9b492"],"postInit":true},"m_eidParent":{"type":"SEntityTemplateReference","value":"d48e60f5dda09ac","postInit":true}}},"a77f19884c5d25ca":{"parent":"ead8cb7d0f20cb16","name":"ColliderGroup","factory":"[modules:/zclothcollidergroup.class].pc_entitytype","blueprint":"[modules:/zclothcollidergroup.class].pc_entityblueprint","properties":{"m_ClothColliders":{"type":"TArray<SEntityTemplateReference>","value":["b18db3e91d88e842","722fd48567674195","94659ed9f4f035fd","97d6316be553f110"],"postInit":true},"m_eidParent":{"type":"SEntityTemplateReference","value":"ead8cb7d0f20cb16","postInit":true}}},"a3f6997e67ece0d2":{"parent":"ead8cb7d0f20cb16","name":"C_Spine2_L","factory":"[assembly:/templates/aspectdummy.aspect]([modules:/zclothsphere.class].entitytype,[modules:/zboneattachaspect.class].entitytype).pc_entitytype","blueprint":"[assembly:/templates/aspectdummy.aspect]([modules:/zclothsphere.class].entitytype,[modules:/zboneattachaspect.class].entitytype).pc_entityblueprint","properties":{"m_BoneName":{"type":"ZString","value":"Spine2"},"m_fRadius":{"type":"float32","value":0.15000000596046448},"m_mTransform":{"type":"SMatrix43","value":{"rotation":{"x":0.7218317539587317,"y":0.04915981154774294,"z":7.789388884865077},"position":{"x":-0.0348690003156662,"y":0.02468400076031685,"z":0.040442001074552536}}},"m_bEnabled":{"type":"bool","value":true},"m_linkedEntity":{"type":"SEntityTemplateReference","value":"d48e60f5dda09ac","postInit":true},"m_eidParent":{"type":"SEntityTemplateReference","value":"ead8cb7d0f20cb16","postInit":true}}},"1baa2b91981e9ca6":{"parent":"ead8cb7d0f20cb16","name":"C_Spine1_L","factory":"[assembly:/templates/aspectdummy.aspect]([modules:/zclothsphere.class].entitytype,[modules:/zboneattachaspect.class].entitytype).pc_entitytype","blueprint":"[assembly:/templates/aspectdummy.aspect]([modules:/zclothsphere.class].entitytype,[modules:/zboneattachaspect.class].entitytype).pc_entityblueprint","properties":{"m_BoneName":{"type":"ZString","value":"Spine1"},"m_fRadius":{"type":"float32","value":0.125},"m_mTransform":{"type":"SMatrix43","value":{"rotation":{"x":0,"y":0,"z":0},"position":{"x":-0.03164999932050705,"y":0.032572001218795776,"z":0.03817800059914589}}},"m_bEnabled":{"type":"bool","value":true},"m_linkedEntity":{"type":"SEntityTemplateReference","value":"d48e60f5dda09ac","postInit":true},"m_eidParent":{"type":"SEntityTemplateReference","value":"ead8cb7d0f20cb16","postInit":true}}},"2b8ae32ae0b9b492":{"parent":"d48e60f5dda09ac","name":"Tie_Kelvin_Jacket_Fit_01","factory":"0017527791AB5E5C","blueprint":"0002AAB0DAC51755","properties":{"ConstantColorRGB_02_Value":{"type":"SColorRGB","value":"#ffffff"},"ConstantColorRGB_05_Value":{"type":"SColorRGB","value":"#ffffff"},"Texture2D_01":{"type":"ZRuntimeResourceID","value":{"resource":"00D31B9C19A270D6","flag":"5F"}},"Texture2D_03":{"type":"ZRuntimeResourceID","value":{"resource":"002D277A80921776","flag":"5F"}},"m_pMeshResource":{"type":"ZRuntimeResourceID","value":{"resource":"0019A8798AEC224F","flag":"5F"}},"Texture2DNormal_01":{"type":"ZRuntimeResourceID","value":{"resource":"0091E793D3996E1B","flag":"5F"}}},"inputCopying":{"ConstantVector1D_01_Value":{"ConstantVector1D_01_Value":["3e4d1e7b2041f027"]},"ConstantVector1D_06_Value":{"ConstantVector1D_06_Value":["3e4d1e7b2041f027"]},"ConstantVector1D_04_Value":{"ConstantVector1D_04_Value":["3e4d1e7b2041f027"]},"Activate":{"Activate":["3e4d1e7b2041f027"]}}},"9c646836ec2033fa":{"parent":"d48e60f5dda09ac","name":"Lerp 5","factory":"[modules:/zmathlerp.class].pc_entitytype","blueprint":"[modules:/zmathlerp.class].pc_entityblueprint","properties":{"m_B":{"type":"float32","value":0.4000000059604645},"m_fT":{"type":"float32","value":0}},"events":{"Lerp":{"ConstantVector1D_04_Value":["78df6370e466d375","eef61ac0509cf3f1"]}}},"94659ed9f4f035fd":{"parent":"ead8cb7d0f20cb16","name":"CChain_Spine_L","factory":"[modules:/zclothspherechain.class].pc_entitytype","blueprint":"[modules:/zclothspherechain.class].pc_entityblueprint","properties":{"m_mTransform":{"type":"SMatrix43","value":{"rotation":{"x":0,"y":0,"z":0},"position":{"x":-0.0000001290655973207322,"y":0.000000002171457902377938,"z":0}}},"m_Spheres":{"type":"TArray<SEntityTemplateReference>","value":["181012a340810bf","1baa2b91981e9ca6","a3f6997e67ece0d2"],"postInit":true},"m_eidParent":{"type":"SEntityTemplateReference","value":"ead8cb7d0f20cb16","postInit":true}}},"e778b1c24caab539":{"parent":"29a80e85fe575328","name":"Agent47_S2_Suit_Mesh","factory":"[assembly:/templates/aspectdummy.aspect]([modules:/zbodypartentity.class].entitytype,[modules:/zclothcollidergroupaspect.class].entitytype).pc_entitytype","blueprint":"[assembly:/templates/aspectdummy.aspect]([modules:/zbodypartentity.class].entitytype,[modules:/zclothcollidergroupaspect.class].entitytype).pc_entityblueprint","properties":{"m_pMeshResource":{"type":"ZRuntimeResourceID","value":{"resource":"007B2CD81BF68C03","flag":"5F"}},"m_ClothColliders":{"type":"TArray<SEntityTemplateReference>","value":["ead8cb7d0f20cb16"],"postInit":true}}},"5115a8d5506ead20":{"parent":"ead8cb7d0f20cb16","name":"C_Shoulder_R","factory":"[assembly:/templates/aspectdummy.aspect]([modules:/zclothsphere.class].entitytype,[modules:/zboneattachaspect.class].entitytype).pc_entitytype","blueprint":"[assembly:/templates/aspectdummy.aspect]([modules:/zclothsphere.class].entitytype,[modules:/zboneattachaspect.class].entitytype).pc_entityblueprint","properties":{"m_fRadius":{"type":"float32","value":0.07000000029802322},"m_BoneName":{"type":"ZString","value":"R_UpperArm"},"m_linkedEntity":{"type":"SEntityTemplateReference","value":"d48e60f5dda09ac","postInit":true},"m_eidParent":{"type":"SEntityTemplateReference","value":"ead8cb7d0f20cb16","postInit":true}}},"a3dc7744f1447f47":{"parent":"ead8cb7d0f20cb16","name":"C_Pelvis_R","factory":"[assembly:/templates/aspectdummy.aspect]([modules:/zclothsphere.class].entitytype,[modules:/zboneattachaspect.class].entitytype).pc_entitytype","blueprint":"[assembly:/templates/aspectdummy.aspect]([modules:/zclothsphere.class].entitytype,[modules:/zboneattachaspect.class].entitytype).pc_entityblueprint","properties":{"m_fRadius":{"type":"float32","value":0.13199999928474426},"m_BoneName":{"type":"ZString","value":"Pelvis"},"m_mTransform":{"type":"SMatrix43","value":{"rotation":{"x":-0.05597795813053337,"y":0,"z":-0.055978018140436084},"position":{"x":0.03649299964308739,"y":0.013976000249385834,"z":-0.05660500004887581}}},"m_bEnabled":{"type":"bool","value":true},"m_eidParent":{"type":"SEntityTemplateReference","value":"ead8cb7d0f20cb16","postInit":true}}},"d48e60f5dda09ac":{"parent":null,"name":"OUTFIT_Agent47_Reward_BBW_HeroA_v0","factory":"00C0753FBF784C66","blueprint":"007294473357329E","properties":{"m_LocalColliders":{"type":"TArray<SEntityTemplateReference>","value":[]},"m_mTransform":{"type":"SMatrix43","value":{"rotation":{"x":0,"y":0,"z":0},"position":{"x":76.66493225097656,"y":35.13731002807617,"z":0}}},"m_pBonesAndCollisionResource":{"type":"ZRuntimeResourceID","value":{"resource":"0017416135CF879C","flag":"5F"}},"m_aBodyParts":{"type":"TArray<SEntityTemplateReference>","value":["44ac9b8dbbd19599","28acff4ec7622ba3","8de26bbb0b437e0c","29a80e85fe575328","2b8ae32ae0b9b492","58967de3cf071ccd","420747f1f3397636","155d939e019b493d"],"postInit":true}}},"a882ccf40ec3d6a2":{"parent":"ead8cb7d0f20cb16","name":"C_Elbow_L","factory":"[assembly:/templates/aspectdummy.aspect]([modules:/zclothsphere.class].entitytype,[modules:/zboneattachaspect.class].entitytype).pc_entitytype","blueprint":"[assembly:/templates/aspectdummy.aspect]([modules:/zclothsphere.class].entitytype,[modules:/zboneattachaspect.class].entitytype).pc_entityblueprint","properties":{"m_fRadius":{"type":"float32","value":0.05999999865889549},"m_BoneName":{"type":"ZString","value":"L_Forearm"},"m_linkedEntity":{"type":"SEntityTemplateReference","value":"d48e60f5dda09ac"},"m_eidParent":{"type":"SEntityTemplateReference","value":"ead8cb7d0f20cb16","postInit":true}}},"40d505182cb1e6c1":{"parent":"ead8cb7d0f20cb16","name":"C_Neck","factory":"[assembly:/templates/aspectdummy.aspect]([modules:/zclothsphere.class].entitytype,[modules:/zboneattachaspect.class].entitytype).pc_entitytype","blueprint":"[assembly:/templates/aspectdummy.aspect]([modules:/zclothsphere.class].entitytype,[modules:/zboneattachaspect.class].entitytype).pc_entityblueprint","properties":{"m_fRadius":{"type":"float32","value":0.07999999821186066},"m_BoneName":{"type":"ZString","value":"Neck"},"m_linkedEntity":{"type":"SEntityTemplateReference","value":"d48e60f5dda09ac"},"m_eidParent":{"type":"SEntityTemplateReference","value":"ead8cb7d0f20cb16","postInit":true}}},"2154acb221ee82b":{"parent":"ead8cb7d0f20cb16","name":"C_Shoulder_L","factory":"[assembly:/templates/aspectdummy.aspect]([modules:/zclothsphere.class].entitytype,[modules:/zboneattachaspect.class].entitytype).pc_entitytype","blueprint":"[assembly:/templates/aspectdummy.aspect]([modules:/zclothsphere.class].entitytype,[modules:/zboneattachaspect.class].entitytype).pc_entityblueprint","properties":{"m_fRadius":{"type":"float32","value":0.07000000029802322},"m_BoneName":{"type":"ZString","value":"L_UpperArm"},"m_linkedEntity":{"type":"SEntityTemplateReference","value":"d48e60f5dda09ac"},"m_eidParent":{"type":"SEntityTemplateReference","value":"ead8cb7d0f20cb16","postInit":true}}},"9d8b0bb2b852390d":{"parent":"29a80e85fe575328","name":"buttons_01","factory":"[assembly:/_pro/characters/assets/_apparel/accessories/buttons/materials/buttons_01.mi].pc_entitytype","blueprint":"[assembly:/_pro/characters/assets/_apparel/accessories/buttons/materials/buttons_01.mi].pc_entityblueprint","properties":{"m_mTransform":{"type":"SMatrix43","value":{"rotation":{"x":0,"y":0,"z":0.8963714613605972},"position":{"x":1.4024629592895508,"y":0.15234500169754028,"z":0}}},"Texture2D_01_enab":{"type":"bool","value":false},"Diffuse_Color_01_Value_op":{"type":"IRenderMaterialEntity.EModifierOperation","value":"eReplace"},"Diffuse_Color_01_Value":{"type":"SColorRGB","value":"#3b3b3b"},"Clients":{"type":"TArray<SEntityTemplateReference>","value":["29a80e85fe575328"],"postInit":true},"m_eidParent":{"type":"SEntityTemplateReference","value":"29a80e85fe575328","postInit":true}}},"8ca4e46868996aaa":{"parent":"d48e60f5dda09ac","name":"Lerp 4","factory":"[modules:/zmathlerp.class].pc_entitytype","blueprint":"[modules:/zmathlerp.class].pc_entityblueprint","properties":{"m_fT":{"type":"float32","value":0},"m_A":{"type":"float32","value":1},"m_B":{"type":"float32","value":2}},"events":{"Lerp":{"ConstantVector1D_06_Value":["8de26bbb0b437e0c","78df6370e466d375","eef61ac0509cf3f1"]}}},"181012a340810bf":{"parent":"ead8cb7d0f20cb16","name":"C_Spine_L","factory":"[assembly:/templates/aspectdummy.aspect]([modules:/zclothsphere.class].entitytype,[modules:/zboneattachaspect.class].entitytype).pc_entitytype","blueprint":"[assembly:/templates/aspectdummy.aspect]([modules:/zclothsphere.class].entitytype,[modules:/zboneattachaspect.class].entitytype).pc_entityblueprint","properties":{"m_BoneName":{"type":"ZString","value":"Spine"},"m_linkedEntity":{"type":"SEntityTemplateReference","value":"d48e60f5dda09ac"},"m_fRadius":{"type":"float32","value":0.12999999523162842},"m_mTransform":{"type":"SMatrix43","value":{"rotation":{"x":0,"y":0,"z":0},"position":{"x":-0.000007999999979801942,"y":0.03147900104522705,"z":0.04797400161623955}}},"m_bEnabled":{"type":"bool","value":true},"m_bCollisionGroup0":{"type":"bool","value":true},"m_eidParent":{"type":"SEntityTemplateReference","value":"ead8cb7d0f20cb16","postInit":true}}},"7006131f00b384db":{"parent":"ead8cb7d0f20cb16","name":"C_Knee_L","factory":"[assembly:/templates/aspectdummy.aspect]([modules:/zclothsphere.class].entitytype,[modules:/zboneattachaspect.class].entitytype).pc_entitytype","blueprint":"[assembly:/templates/aspectdummy.aspect]([modules:/zclothsphere.class].entitytype,[modules:/zboneattachaspect.class].entitytype).pc_entityblueprint","properties":{"m_fRadius":{"type":"float32","value":0.10000000149011612},"m_BoneName":{"type":"ZString","value":"LThighTwist2"},"m_linkedEntity":{"type":"SEntityTemplateReference","value":"d48e60f5dda09ac"},"m_mTransform":{"type":"SMatrix43","value":{"rotation":{"x":0,"y":0.019767042409995977,"z":0},"position":{"x":0.12600800395011902,"y":-0.011082000099122524,"z":-0.008000999689102173}}},"m_eidParent":{"type":"SEntityTemplateReference","value":"ead8cb7d0f20cb16","postInit":true}}},"8322a291bc15e83":{"parent":"ead8cb7d0f20cb16","name":"C_Palm_L","factory":"[assembly:/templates/aspectdummy.aspect]([modules:/zclothsphere.class].entitytype,[modules:/zboneattachaspect.class].entitytype).pc_entitytype","blueprint":"[assembly:/templates/aspectdummy.aspect]([modules:/zclothsphere.class].entitytype,[modules:/zboneattachaspect.class].entitytype).pc_entityblueprint","properties":{"m_fRadius":{"type":"float32","value":0.07000000029802322},"m_BoneName":{"type":"ZString","value":"L_Hand"},"m_linkedEntity":{"type":"SEntityTemplateReference","value":"d48e60f5dda09ac"},"m_mTransform":{"type":"SMatrix43","value":{"rotation":{"x":0,"y":0,"z":0},"position":{"x":0.07999999821186066,"y":0,"z":0}}},"m_eidParent":{"type":"SEntityTemplateReference","value":"ead8cb7d0f20cb16","postInit":true}}},"571c9e76f275cb10":{"parent":"ead8cb7d0f20cb16","name":"C_TighTop_R","factory":"[assembly:/templates/aspectdummy.aspect]([modules:/zclothsphere.class].entitytype,[modules:/zboneattachaspect.class].entitytype).pc_entitytype","blueprint":"[assembly:/templates/aspectdummy.aspect]([modules:/zclothsphere.class].entitytype,[modules:/zboneattachaspect.class].entitytype).pc_entityblueprint","properties":{"m_fRadius":{"type":"float32","value":0.13199999928474426},"m_BoneName":{"type":"ZString","value":"RThighTwist"},"m_linkedEntity":{"type":"SEntityTemplateReference","value":"d48e60f5dda09ac"},"m_mTransform":{"type":"SMatrix43","value":{"rotation":{"x":0,"y":0,"z":0},"position":{"x":0.001167000038549304,"y":0.015010000206530094,"z":-0.0352259986102581}}},"m_eidParent":{"type":"SEntityTemplateReference","value":"ead8cb7d0f20cb16","postInit":true}}},"8de26bbb0b437e0c":{"parent":"d48e60f5dda09ac","name":"Shirt_Dress_BtnUp_Tkd_Cut_Jacket","factory":"0011644483049F85","blueprint":"000083C995DF8DF6","properties":{"Diffuse_Color_01_Value":{"type":"SColorRGB","value":"#ffffff"},"Diffuse_Color_02_Value":{"type":"SColorRGB","value":"#ffffff"},"m_pMeshResource":{"type":"ZRuntimeResourceID","value":{"resource":"00B01768DC4A1EB4","flag":"5F"}}}},"78df6370e466d375":{"parent":"d48e60f5dda09ac","name":"male_reg_suit_pants_anisotropic","factory":"00475ECD0A7CE94A","blueprint":"00D34BFD3AA1A4D6","properties":{"m_mTransform":{"type":"SMatrix43","value":{"rotation":{"x":0,"y":0,"z":0},"position":{"x":-4.802986145019531,"y":7.744181156158447,"z":0.3697110116481781}}},"Clients":{"type":"TArray<SEntityTemplateReference>","value":["d48e60f5dda09ac"]},"Active":{"type":"bool","value":false},"ConstantVector1D_01_Value_op":{"type":"IRenderMaterialEntity.EModifierOperation","value":"eReplace"},"ConstantVector1D_06_Value_op":{"type":"IRenderMaterialEntity.EModifierOperation","value":"eReplace"},"ConstantVector1D_04_Value_op":{"type":"IRenderMaterialEntity.EModifierOperation","value":"eReplace"},"m_eidParent":{"type":"SEntityTemplateReference","value":"d48e60f5dda09ac"}}},"bb6556fe1a08172f":{"parent":"ead8cb7d0f20cb16","name":"C_Pelvis_L","factory":"[assembly:/templates/aspectdummy.aspect]([modules:/zclothsphere.class].entitytype,[modules:/zboneattachaspect.class].entitytype).pc_entitytype","blueprint":"[assembly:/templates/aspectdummy.aspect]([modules:/zclothsphere.class].entitytype,[modules:/zboneattachaspect.class].entitytype).pc_entityblueprint","properties":{"m_fRadius":{"type":"float32","value":0.13199999928474426},"m_BoneName":{"type":"ZString","value":"Pelvis"},"m_linkedEntity":{"type":"SEntityTemplateReference","value":"d48e60f5dda09ac"},"m_mTransform":{"type":"SMatrix43","value":{"rotation":{"x":-0.05597795813053337,"y":0,"z":-0.055978018140436084},"position":{"x":0.03649799898266792,"y":0.013976000249385834,"z":0.05415799841284752}}},"m_bEnabled":{"type":"bool","value":true},"m_eidParent":{"type":"SEntityTemplateReference","value":"ead8cb7d0f20cb16","postInit":true}}},"4dd89bbad0ca3d55":{"parent":"155d939e019b493d","name":"agent47_wolfmask_nails","factory":"[assembly:/_pro/characters/assets/hero/agent47/materials/agent47_wolfmask_nails.mi].pc_entitytype","blueprint":"[assembly:/_pro/characters/assets/hero/agent47/materials/agent47_wolfmask_nails.mi].pc_entityblueprint","properties":{"m_mTransform":{"type":"SMatrix43","value":{"rotation":{"x":0,"y":0,"z":0},"position":{"x":0,"y":0,"z":0}}},"Clients":{"type":"TArray<SEntityTemplateReference>","value":["d48e60f5dda09ac"]},"ConstantVector1D_01_Value":{"type":"float32","value":0.5},"Texture2D_01":{"type":"ZRuntimeResourceID","value":{"resource":"004796978FFF88BF","flag":"5F"}},"Texture2D_01_enab":{"type":"bool","value":true},"Texture2D_03":{"type":"ZRuntimeResourceID","value":{"resource":"00AE7653A37914B3","flag":"5F"}},"Texture2D_03_enab":{"type":"bool","value":true},"Texture2DNormal_01":{"type":"ZRuntimeResourceID","value":{"resource":"0044A907B2FDDF20","flag":"5F"}},"Texture2DNormal_01_enab":{"type":"bool","value":true},"m_eidParent":{"type":"SEntityTemplateReference","value":"d48e60f5dda09ac"}}},"2623ca1d41699b06":{"parent":"ead8cb7d0f20cb16","name":"C_Knee_R","factory":"[assembly:/templates/aspectdummy.aspect]([modules:/zclothsphere.class].entitytype,[modules:/zboneattachaspect.class].entitytype).pc_entitytype","blueprint":"[assembly:/templates/aspectdummy.aspect]([modules:/zclothsphere.class].entitytype,[modules:/zboneattachaspect.class].entitytype).pc_entityblueprint","properties":{"m_fRadius":{"type":"float32","value":0.10000000149011612},"m_BoneName":{"type":"ZString","value":"RThighTwist2"},"m_linkedEntity":{"type":"SEntityTemplateReference","value":"d48e60f5dda09ac"},"m_mTransform":{"type":"SMatrix43","value":{"rotation":{"x":0.01976704358638215,"y":0,"z":0},"position":{"x":0.12606200575828552,"y":-0.011234999634325504,"z":-0.0020119999535381794}}},"m_eidParent":{"type":"SEntityTemplateReference","value":"ead8cb7d0f20cb16","postInit":true}}},"45a467df7d109c57":{"parent":"ead8cb7d0f20cb16","name":"C_TighMid_L","factory":"[assembly:/templates/aspectdummy.aspect]([modules:/zclothsphere.class].entitytype,[modules:/zboneattachaspect.class].entitytype).pc_entitytype","blueprint":"[assembly:/templates/aspectdummy.aspect]([modules:/zclothsphere.class].entitytype,[modules:/zboneattachaspect.class].entitytype).pc_entityblueprint","properties":{"m_fRadius":{"type":"float32","value":0.11500000208616257},"m_BoneName":{"type":"ZString","value":"LThighTwist1"},"m_linkedEntity":{"type":"SEntityTemplateReference","value":"d48e60f5dda09ac"},"m_mTransform":{"type":"SMatrix43","value":{"rotation":{"x":0,"y":0,"z":0},"position":{"x":0.05449200049042702,"y":0.016682999208569527,"z":0.012148999609053135}}},"m_bCollisionGroup0":{"type":"bool","value":true},"m_eidParent":{"type":"SEntityTemplateReference","value":"ead8cb7d0f20cb16","postInit":true}}},"2ea804b9ef424e65":{"parent":"d48e60f5dda09ac","name":"Lerp 3","factory":"[modules:/zmathlerp.class].pc_entitytype","blueprint":"[modules:/zmathlerp.class].pc_entityblueprint","properties":{"m_fT":{"type":"float32","value":0},"m_A":{"type":"float32","value":0.5},"m_B":{"type":"float32","value":0.20000000298023224}},"events":{"Lerp":{"ConstantVector1D_01_Value":["8de26bbb0b437e0c","420747f1f3397636","2b8ae32ae0b9b492","78df6370e466d375","eef61ac0509cf3f1"]}}},"2f78f8de54c3fae2":{"parent":"155d939e019b493d","name":"agent47_wolfmask_01","factory":"[assembly:/_pro/characters/assets/hero/agent47/materials/agent47_wolfmask.mi].pc_entitytype","blueprint":"[assembly:/_pro/characters/assets/hero/agent47/materials/agent47_wolfmask.mi].pc_entityblueprint","properties":{"m_mTransform":{"type":"SMatrix43","value":{"rotation":{"x":0,"y":0,"z":0},"position":{"x":0,"y":0,"z":0}}},"Clients":{"type":"TArray<SEntityTemplateReference>","value":["d48e60f5dda09ac"]},"Texture2DNormal_01_enab":{"type":"bool","value":true},"Texture2DNormal_01":{"type":"ZRuntimeResourceID","value":{"resource":"0044A907B2FDDF20","flag":"5F"}},"Texture2D_03":{"type":"ZRuntimeResourceID","value":{"resource":"00AE7653A37914B3","flag":"5F"}},"Texture2D_03_enab":{"type":"bool","value":true},"Texture2D_01":{"type":"ZRuntimeResourceID","value":{"resource":"004796978FFF88BF","flag":"5F"}},"Texture2D_01_enab":{"type":"bool","value":true},"ConstantVector1D_04_Value":{"type":"float32","value":0.36000001430511475},"ConstantVector1D_04_Value_op":{"type":"IRenderMaterialEntity.EModifierOperation","value":"eReplace"},"Diffuse_Color_01_Value":{"type":"SColorRGB","value":"#242424"},"Diffuse_Color_01_Value_op":{"type":"IRenderMaterialEntity.EModifierOperation","value":"eReplace"},"m_eidParent":{"type":"SEntityTemplateReference","value":"d48e60f5dda09ac"}}},"155d939e019b493d":{"parent":"d48e60f5dda09ac","name":"Mesh_Mask","factory":"[modules:/zbodypartentity.class].pc_entitytype","blueprint":"[modules:/zbodypartentity.class].pc_entityblueprint","properties":{"m_pMeshResource":{"type":"ZRuntimeResourceID","value":{"resource":"0060AFDF3C46A4D7","flag":"5F"}},"m_IsHiddenInVR":{"type":"bool","value":true}},"inputCopying":{"Activate":{"Activate":["2f78f8de54c3fae2"]},"ConstantVector1D_01_Value":{"ConstantVector1D_01_Value":["2f78f8de54c3fae2"]},"ConstantVector1D_06_Value":{"ConstantVector1D_06_Value":["2f78f8de54c3fae2"]},"ConstantVector1D_04_Value":{"ConstantVector1D_04_Value":["2f78f8de54c3fae2"]}}},"aeb5661e011fc7a8":{"parent":"d48e60f5dda09ac","name":"FX_Hitman_Wet_Logic_Character","factory":"0067CFB703A80787","blueprint":"00AA88C960CD2080","properties":{"HeadMaterialOverride":{"type":"TArray<SEntityTemplateReference>","value":["d48e60f5dda09ac"]},"HeadMaterialToOverride":{"type":"ZRuntimeResourceID","value":{"resource":"009F7978C601815A","flag":"5F"}}},"events":{"HitmanWetness":{"T":["fa51632b7c4c1885","f1f8a2c23334b549","2ea804b9ef424e65","8ca4e46868996aaa","9c646836ec2033fa"]},"ChangedDisguiseTrigger":{"Activate":["2b8ae32ae0b9b492","78df6370e466d375","eef61ac0509cf3f1"]}}},"1d1025d926fae000":{"parent":"ead8cb7d0f20cb16","name":"C_TighTop_L","factory":"[assembly:/templates/aspectdummy.aspect]([modules:/zclothsphere.class].entitytype,[modules:/zboneattachaspect.class].entitytype).pc_entitytype","blueprint":"[assembly:/templates/aspectdummy.aspect]([modules:/zclothsphere.class].entitytype,[modules:/zboneattachaspect.class].entitytype).pc_entityblueprint","properties":{"m_fRadius":{"type":"float32","value":0.13199999928474426},"m_BoneName":{"type":"ZString","value":"LThighTwist"},"m_linkedEntity":{"type":"SEntityTemplateReference","value":"d48e60f5dda09ac"},"m_mTransform":{"type":"SMatrix43","value":{"rotation":{"x":0,"y":0.019767042409995977,"z":0},"position":{"x":0.001016999944113195,"y":0.013093000277876854,"z":0.035888999700546265}}},"m_eidParent":{"type":"SEntityTemplateReference","value":"ead8cb7d0f20cb16","postInit":true}}},"b18db3e91d88e842":{"parent":"ead8cb7d0f20cb16","name":"CChain_Legs","factory":"[modules:/zclothspherechain.class].pc_entitytype","blueprint":"[modules:/zclothspherechain.class].pc_entityblueprint","properties":{"m_mTransform":{"type":"SMatrix43","value":{"rotation":{"x":0,"y":0,"z":0},"position":{"x":-0.0000001290655973207322,"y":0.000000002171457902377938,"z":0}}},"m_bCollisionGroup0":{"type":"bool","value":true},"m_bEnabled":{"type":"bool","value":true},"m_Spheres":{"type":"TArray<SEntityTemplateReference>","value":["2623ca1d41699b06","f474a31d343b7b51","571c9e76f275cb10","a3dc7744f1447f47","bb6556fe1a08172f","1d1025d926fae000","45a467df7d109c57","7006131f00b384db"],"postInit":true},"m_eidParent":{"type":"SEntityTemplateReference","value":"ead8cb7d0f20cb16","postInit":true}}},"c0a96bb95a410379":{"parent":"ead8cb7d0f20cb16","name":"C_Elbow_R","factory":"[assembly:/templates/aspectdummy.aspect]([modules:/zclothsphere.class].entitytype,[modules:/zboneattachaspect.class].entitytype).pc_entitytype","blueprint":"[assembly:/templates/aspectdummy.aspect]([modules:/zclothsphere.class].entitytype,[modules:/zboneattachaspect.class].entitytype).pc_entityblueprint","properties":{"m_fRadius":{"type":"float32","value":0.05999999865889549},"m_BoneName":{"type":"ZString","value":"R_Forearm"},"m_linkedEntity":{"type":"SEntityTemplateReference","value":"d48e60f5dda09ac"},"m_eidParent":{"type":"SEntityTemplateReference","value":"ead8cb7d0f20cb16","postInit":true}}},"f474a31d343b7b51":{"parent":"ead8cb7d0f20cb16","name":"C_TighMid_R","factory":"[assembly:/templates/aspectdummy.aspect]([modules:/zclothsphere.class].entitytype,[modules:/zboneattachaspect.class].entitytype).pc_entitytype","blueprint":"[assembly:/templates/aspectdummy.aspect]([modules:/zclothsphere.class].entitytype,[modules:/zboneattachaspect.class].entitytype).pc_entityblueprint","properties":{"m_fRadius":{"type":"float32","value":0.11500000208616257},"m_BoneName":{"type":"ZString","value":"RThighTwist1"},"m_linkedEntity":{"type":"SEntityTemplateReference","value":"d48e60f5dda09ac"},"m_mTransform":{"type":"SMatrix43","value":{"rotation":{"x":0.013980169653958504,"y":0,"z":0},"position":{"x":0.054016001522541046,"y":0.009703000076115131,"z":-0.01396500039845705}}},"m_eidParent":{"type":"SEntityTemplateReference","value":"ead8cb7d0f20cb16","postInit":true}}},"420747f1f3397636":{"parent":"d48e60f5dda09ac","name":"Hands","factory":"009A6D9F7927FB89","blueprint":"00F49463DEA8D412"},"f1f8a2c23334b549":{"parent":"d48e60f5dda09ac","name":"Lerp","factory":"[modules:/zmathlerp.class].pc_entitytype","blueprint":"[modules:/zmathlerp.class].pc_entityblueprint","properties":{"m_B":{"type":"float32","value":0.4000000059604645},"m_fT":{"type":"float32","value":0}},"events":{"Lerp":{"ConstantVector1D_14_Value":["8de26bbb0b437e0c"],"ConstantVector1D_04_Value":["44ac9b8dbbd19599","420747f1f3397636","2b8ae32ae0b9b492"]}}},"29a80e85fe575328":{"parent":"d48e60f5dda09ac","name":"Agent47_Skunk_Jacket","factory":"[modules:/zcompositeentity.class].pc_entitytype","blueprint":"[modules:/zcompositeentity.class].pc_entityblueprint","properties":{"m_mTransform":{"type":"SMatrix43","value":{"rotation":{"x":0,"y":0,"z":0},"position":{"x":0,"y":0,"z":0}}},"m_eidParent":{"type":"SEntityTemplateReference","value":"d48e60f5dda09ac"}},"exposedInterfaces":{"ZClothColliderGroupAspect":"e778b1c24caab539","ZBodyPartEntity":"e778b1c24caab539"}},"fa51632b7c4c1885":{"parent":"d48e60f5dda09ac","name":"Lerp 2","factory":"[modules:/zmathlerp.class].pc_entitytype","blueprint":"[modules:/zmathlerp.class].pc_entityblueprint","properties":{"m_A":{"type":"float32","value":0.14000000059604645},"m_B":{"type":"float32","value":0.6000000238418579},"m_fT":{"type":"float32","value":0}},"events":{"Lerp":{"ConstantVector1D_04_Value":["28acff4ec7622ba3"]}}},"6803447e802dbc9a":{"parent":"ead8cb7d0f20cb16","name":"C_Hand_R","factory":"[assembly:/templates/aspectdummy.aspect]([modules:/zclothsphere.class].entitytype,[modules:/zboneattachaspect.class].entitytype).pc_entitytype","blueprint":"[assembly:/templates/aspectdummy.aspect]([modules:/zclothsphere.class].entitytype,[modules:/zboneattachaspect.class].entitytype).pc_entityblueprint","properties":{"m_fRadius":{"type":"float32","value":0.05000000074505806},"m_BoneName":{"type":"ZString","value":"R_Hand"},"m_linkedEntity":{"type":"SEntityTemplateReference","value":"d48e60f5dda09ac"},"m_eidParent":{"type":"SEntityTemplateReference","value":"ead8cb7d0f20cb16","postInit":true}}},"44ac9b8dbbd19599":{"parent":"d48e60f5dda09ac","name":"Head_47","factory":"00537D16B5CE7286","blueprint":"00F2E4A932ECAA63"},"28acff4ec7622ba3":{"parent":"d48e60f5dda09ac","name":"Shoes_Derby_CapToe_SquareTip","factory":"0033E9BBFCA7B067","blueprint":"0002D822B863CAA8","properties":{"Diffuse_Color_01_Value":{"type":"SColorRGB","value":"#4c4528"},"ConstantVector1D_04_Value":{"type":"float32","value":0.33000001311302185},"m_pMeshResource":{"type":"ZRuntimeResourceID","value":{"resource":"0015789424CAA4F7","flag":"5F"}},"ConstantVector1D_05_Value":{"type":"float32","value":1.1799999475479126}}},"722fd48567674195":{"parent":"ead8cb7d0f20cb16","name":"CChain_Spine_R","factory":"[modules:/zclothspherechain.class].pc_entitytype","blueprint":"[modules:/zclothspherechain.class].pc_entityblueprint","properties":{"m_Spheres":{"type":"TArray<SEntityTemplateReference>","value":["dfe08a617d467ea2","bae7736e38ce4881","6ed72483d68e9e1d"]},"m_mTransform":{"type":"SMatrix43","value":{"rotation":{"x":0,"y":0,"z":0},"position":{"x":-0.0000001290655973207322,"y":0.000000002171457902377938,"z":0}}},"m_eidParent":{"type":"SEntityTemplateReference","value":"ead8cb7d0f20cb16","postInit":true}}},"eef61ac0509cf3f1":{"parent":"d48e60f5dda09ac","name":"male_reg_suit_jacket_01_closed_anisotropic","factory":"006B1597F1644AD3","blueprint":"0031DDC42BCE981A","properties":{"m_mTransform":{"type":"SMatrix43","value":{"rotation":{"x":0,"y":0,"z":0},"position":{"x":-4.220692157745361,"y":7.759294033050537,"z":0.4939359128475189}}},"Clients":{"type":"TArray<SEntityTemplateReference>","value":["d48e60f5dda09ac"]},"Active":{"type":"bool","value":false},"ConstantVector1D_04_Value_op":{"type":"IRenderMaterialEntity.EModifierOperation","value":"eReplace"},"ConstantVector1D_06_Value_op":{"type":"IRenderMaterialEntity.EModifierOperation","value":"eReplace"},"ConstantVector1D_01_Value_op":{"type":"IRenderMaterialEntity.EModifierOperation","value":"eReplace"},"m_eidParent":{"type":"SEntityTemplateReference","value":"d48e60f5dda09ac"}}},"3ac605fad7d38b99":{"parent":"ead8cb7d0f20cb16","name":"C_Palm_R","factory":"[assembly:/templates/aspectdummy.aspect]([modules:/zclothsphere.class].entitytype,[modules:/zboneattachaspect.class].entitytype).pc_entitytype","blueprint":"[assembly:/templates/aspectdummy.aspect]([modules:/zclothsphere.class].entitytype,[modules:/zboneattachaspect.class].entitytype).pc_entityblueprint","properties":{"m_fRadius":{"type":"float32","value":0.07000000029802322},"m_BoneName":{"type":"ZString","value":"R_Hand"},"m_linkedEntity":{"type":"SEntityTemplateReference","value":"d48e60f5dda09ac"},"m_mTransform":{"type":"SMatrix43","value":{"rotation":{"x":0,"y":0,"z":0},"position":{"x":0.07999999821186066,"y":0,"z":0}}},"m_eidParent":{"type":"SEntityTemplateReference","value":"ead8cb7d0f20cb16","postInit":true}}},"97d6316be553f110":{"parent":"ead8cb7d0f20cb16","name":"CChain_Arms","factory":"[modules:/zclothspherechain.class].pc_entitytype","blueprint":"[modules:/zclothspherechain.class].pc_entityblueprint","properties":{"m_mTransform":{"type":"SMatrix43","value":{"rotation":{"x":0,"y":0,"z":0},"position":{"x":0,"y":0,"z":0}}},"m_Spheres":{"type":"TArray<SEntityTemplateReference>","value":["8322a291bc15e83","711aae5044dcf269","a882ccf40ec3d6a2","2154acb221ee82b","40d505182cb1e6c1","5115a8d5506ead20","c0a96bb95a410379","6803447e802dbc9a","3ac605fad7d38b99"],"postInit":true},"m_eidParent":{"type":"SEntityTemplateReference","value":"ead8cb7d0f20cb16","postInit":true}}},"58967de3cf071ccd":{"parent":"d48e60f5dda09ac","name":"Mesh_Pants","factory":"[modules:/zbodypartentity.class].pc_entitytype","blueprint":"[modules:/zbodypartentity.class].pc_entityblueprint","properties":{"m_pMeshResource":{"type":"ZRuntimeResourceID","value":{"resource":"00E2D159F9700B40","flag":"5F"}}}},"711aae5044dcf269":{"parent":"ead8cb7d0f20cb16","name":"C_Hand_L","factory":"[assembly:/templates/aspectdummy.aspect]([modules:/zclothsphere.class].entitytype,[modules:/zboneattachaspect.class].entitytype).pc_entitytype","blueprint":"[assembly:/templates/aspectdummy.aspect]([modules:/zclothsphere.class].entitytype,[modules:/zboneattachaspect.class].entitytype).pc_entityblueprint","properties":{"m_fRadius":{"type":"float32","value":0.05000000074505806},"m_BoneName":{"type":"ZString","value":"L_Hand"},"m_linkedEntity":{"type":"SEntityTemplateReference","value":"d48e60f5dda09ac"},"m_eidParent":{"type":"SEntityTemplateReference","value":"ead8cb7d0f20cb16","postInit":true}}},"ead8cb7d0f20cb16":{"parent":"29a80e85fe575328","name":"Agent47_S2_Suit_Collider","factory":"[modules:/zcompositeentity.class].pc_entitytype","blueprint":"[modules:/zcompositeentity.class].pc_entityblueprint","properties":{"m_mTransform":{"type":"SMatrix43","value":{"rotation":{"x":0,"y":0,"z":0},"position":{"x":0,"y":0,"z":0}}},"m_linkedEntity":{"type":"SEntityTemplateReference","value":"d48e60f5dda09ac"},"m_eidParent":{"type":"SEntityTemplateReference","value":"29a80e85fe575328"}},"propertyAliases":{"m_linkedEntity":[{"originalProperty":"m_linkedEntity","originalEntity":"7006131f00b384db"},{"originalProperty":"m_linkedEntity","originalEntity":"2623ca1d41699b06"},{"originalProperty":"m_linkedEntity","originalEntity":"45a467df7d109c57"},{"originalProperty":"m_linkedEntity","originalEntity":"f474a31d343b7b51"},{"originalProperty":"m_linkedEntity","originalEntity":"571c9e76f275cb10"},{"originalProperty":"m_linkedEntity","originalEntity":"1d1025d926fae000"},{"originalProperty":"m_linkedEntity","originalEntity":"bb6556fe1a08172f"},{"originalProperty":"m_linkedEntity","originalEntity":"6ed72483d68e9e1d"},{"originalProperty":"m_linkedEntity","originalEntity":"bae7736e38ce4881"},{"originalProperty":"m_linkedEntity","originalEntity":"dfe08a617d467ea2"},{"originalProperty":"m_linkedEntity","originalEntity":"181012a340810bf"},{"originalProperty":"m_linkedEntity","originalEntity":"1baa2b91981e9ca6"},{"originalProperty":"m_linkedEntity","originalEntity":"a3f6997e67ece0d2"},{"originalProperty":"m_linkedEntity","originalEntity":"c0a96bb95a410379"},{"originalProperty":"m_linkedEntity","originalEntity":"a882ccf40ec3d6a2"},{"originalProperty":"m_linkedEntity","originalEntity":"711aae5044dcf269"},{"originalProperty":"m_linkedEntity","originalEntity":"6803447e802dbc9a"},{"originalProperty":"m_linkedEntity","originalEntity":"2154acb221ee82b"},{"originalProperty":"m_linkedEntity","originalEntity":"5115a8d5506ead20"},{"originalProperty":"m_linkedEntity","originalEntity":"40d505182cb1e6c1"},{"originalProperty":"m_linkedEntity","originalEntity":"3ac605fad7d38b99"},{"originalProperty":"m_linkedEntity","originalEntity":"8322a291bc15e83"}]},"exposedInterfaces":{"ZClothCollider":"a77f19884c5d25ca","ZClothColliderGroup":"a77f19884c5d25ca"}}},"propertyOverrides":[],"overrideDeletes":[],"pinConnectionOverrides":[],"pinConnectionOverrideDeletes":[],"externalScenes":[],"subType":"template","quickEntityVersion":3.1,"extraFactoryDependencies":[{"resource":"007D850436B0A092","flag":"5F"},{"resource":"00D247582859CA87","flag":"5F"},{"resource":"00D20CA72E352D16","flag":"5F"},{"resource":"0045F839B337D2B6","flag":"5F"},{"resource":"00188997D678EF0B","flag":"5F"},{"resource":"006F835120511247","flag":"5F"},{"resource":"006A9072F2C78523","flag":"5F"},{"resource":"005A3A86E39FBFB7","flag":"5F"},{"resource":"006258232B3126D5","flag":"5F"},{"resource":"[assembly:/_pro/characters/assets/hero/agent47/textures/shoes_suit.texture?/diffuse_a.tex](ascolormap).pc_tex","flag":"5F"},{"resource":"[assembly:/_pro/characters/assets/hero/agent47/textures/shoes_suit.texture?/specular_a.tex](ascolormap).pc_tex","flag":"5F"},{"resource":"[assembly:/_pro/characters/assets/hero/agent47/textures/shoes_suit.texture?/normal_a.tex](asnormalmap).pc_tex","flag":"5F"},{"resource":"[assembly:/_pro/characters/assets/_apparel/accessories/buttons/textures/buttons_01.texture?/normal_a.tex](asnormalmap).pc_tex","flag":"5F"},{"resource":"[assembly:/_pro/characters/assets/_apparel/accessories/buttons/textures/buttons_01.texture?/specular_a.tex](ascolormap).pc_tex","flag":"5F"},{"resource":"[assembly:/_pro/characters/assets/_apparel/accessories/buttons/textures/buttons_01.texture?/diffuse_a.tex](ascolormap).pc_tex","flag":"5F"},{"resource":"00011DE6E784E34C","flag":"5F"},{"resource":"004FB94B910DAD5D","flag":"5F"},{"resource":"0013F0C8B8AAE0C8","flag":"5F"},{"resource":"00F6A6C76C74C59F","flag":"5F"},{"resource":"[assembly:/_pro/environment/textures/constants/directional_a.texture?/normal_b.tex](ascompoundnormal).pc_tex","flag":"5F"},{"resource":"0032E038407EE7B9","flag":"5F"},{"resource":"004DB0FF86B9CBBA","flag":"5F"},{"resource":"009F84494AA82457","flag":"5F"}],"extraBlueprintDependencies":[],"comments":[]}