{"tempHash":"0054333F51138137","tbluHash":"008BB6C23A19A925","patch":[{"RemoveEntityByID":"72d64371630a8fd7"},{"SubEntityOperation":["c1cdd61823d16198",{"SetName":"Shoes_Derby_Wing_RoundTip"}]},{"SubEntityOperation":["c1cdd61823d16198",{"SetFactory":"0063C50D6FA4D391"}]},{"SubEntityOperation":["c1cdd61823d16198",{"SetBlueprint":"00AC65A09DF02DA6"}]},{"SubEntityOperation":["c1cdd61823d16198",{"RemovePropertyByName":"m_pMeshResource"}]},{"SubEntityOperation":["c1cdd61823d16198",{"AddProperty":["Diffuse_Color_01_Value",{"type":"SColorRGB","value":"#946c4d"}]}]},{"SubEntityOperation":["c1cdd61823d16198",{"RemoveAllInputCopyConnectionsForInput":"ConstantVector1D_04_Value"}]}],"patchVersion":6}