{"tempHash":"003BC52EC2CF29DD","tbluHash":"00519CA1F4FCA88C","rootEntity":"360ea9298513fa58","entities":{"24dc0b6fb178bf05":{"parent":"c848838efc472af8","name":"hat_fedora_variation","blueprint":"00CEA5959F0D35D8","properties":{"m_mTransform":{"type":"SMatrix43","value":{"rotation":{"x":-91.91748319672638,"y":89.9241305966882,"z":-89.54164354338006},"position":{"x":0.08571799844503403,"y":0.024800000712275505,"z":-0.0001539999939268455}}},"ConstantColorRGB_01_Value":{"type":"SColorRGB","value":"#c2b5a3"},"m_PrimitiveScale":{"type":"SVector3","value":{"x":0.9583749771118164,"y":0.9583749771118164,"z":0.9583749771118164}},"m_rLinkedProxyEntity":{"type":"SEntityTemplateReference","value":"360ea9298513fa58","postInit":true},"m_eidParent":{"type":"SEntityTemplateReference","value":"c848838efc472af8","postInit":true}},"factory":"0073E74924F432CC"},"96d9dce0bb873993":{"parent":"360ea9298513fa58","name":"Lerp 4","blueprint":"[modules:/zmathlerp.class].pc_entityblueprint","properties":{"m_fT":{"type":"float32","value":0},"m_B":{"type":"float32","value":2},"m_A":{"type":"float32","value":1}},"events":{"Lerp":{"ConstantVector1D_06_Value":["2f3ab541acc875fd","c848838efc472af8"]}},"factory":"[modules:/zmathlerp.class].pc_entitytype"},"ff2bd949f37c0f2a":{"parent":"8339628e20bdf192","name":"male_reg_agent47_sapienza_shirt_01","blueprint":"[assembly:/_pro/characters/assets/hero/agent47/materials/male_reg_agent47_sapienza_shirt_01.mi].pc_entityblueprint","properties":{"m_mTransform":{"type":"SMatrix43","value":{"rotation":{"x":0,"y":0,"z":0},"position":{"x":0,"y":0,"z":0}}},"Texture2D_01":{"type":"ZRuntimeResourceID","value":{"resource":"007BBD74EA36E9C0","flag":"5F"}},"Texture2D_01_enab":{"type":"bool","value":true},"Diffuse_Color_01_Value":{"type":"SColorRGB","value":"#d9cdca"},"Diffuse_Color_01_Value_op":{"type":"IRenderMaterialEntity.EModifierOperation","value":"eReplace"},"ConstantVector1D_04_Value_op":{"type":"IRenderMaterialEntity.EModifierOperation","value":"eReplace"},"ConstantVector1D_06_Value_op":{"type":"IRenderMaterialEntity.EModifierOperation","value":"eReplace"},"ConstantVector1D_01_Value_op":{"type":"IRenderMaterialEntity.EModifierOperation","value":"eReplace"},"Clients":{"type":"TArray<SEntityTemplateReference>","value":["8339628e20bdf192"],"postInit":true},"m_eidParent":{"type":"SEntityTemplateReference","value":"360ea9298513fa58","postInit":true}},"factory":"[assembly:/_pro/characters/assets/hero/agent47/materials/male_reg_agent47_sapienza_shirt_01.mi].pc_entitytype"},"fd7e31fd4cab672b":{"parent":"360ea9298513fa58","name":"Legs_Calf_Ankle","blueprint":"00EDBCE578B30E4D","factory":"00E8120ED5E9C062"},"f318640083dd2b82":{"parent":"360ea9298513fa58","name":"Legs_Ankle_Shoe","blueprint":"0021DE526F3B8B7D","factory":"00ABDD120246BCDC"},"3132dbb98f4f03c6":{"parent":"c848838efc472af8","name":"glasses_aviator_fullframe_bridge","blueprint":"00E028A01FECA84D","properties":{"m_mTransform":{"type":"SMatrix43","value":{"rotation":{"x":19.01829317323286,"y":89.60697951681614,"z":156.88543471548496},"position":{"x":0.07622899860143661,"y":0.01590999960899353,"z":-0.00015799999528098851}}},"Texture2D_03":{"type":"ZRuntimeResourceID","value":{"resource":"0081346560A6031B","flag":"5F"}},"Texture2D_01_1":{"type":"ZRuntimeResourceID","value":{"resource":"009B0D95DF6A500E","flag":"5F"}},"Texture2D_01":{"type":"ZRuntimeResourceID","value":{"resource":"0009762FCD5989A3","flag":"5F"}},"Diffuse_Tint_Value_1":{"type":"SColorRGB","value":"#ebd5c0"},"m_PrimitiveScale":{"type":"SVector3","value":{"x":0.9376279711723328,"y":0.8773499727249146,"z":0.9444959759712219}},"m_eidParent":{"type":"SEntityTemplateReference","value":"c848838efc472af8","postInit":true}},"factory":"00048AC085AE6F1F"},"2e965ae4192f0c37":{"parent":"360ea9298513fa58","name":"Head_47","blueprint":"00F2E4A932ECAA63","factory":"00537D16B5CE7286"},"eca7209d16a837b5":{"parent":"360ea9298513fa58","name":"Lerp","blueprint":"[modules:/zmathlerp.class].pc_entityblueprint","properties":{"m_fT":{"type":"float32","value":0},"m_B":{"type":"float32","value":0.30000001192092896}},"events":{"Lerp":{"ConstantVector1D_04_Value":["8339628e20bdf192","5e947a1e1f2f996f","c848838efc472af8"],"ConstantVector1D_14_Value":["2f3ab541acc875fd"]}},"factory":"[modules:/zmathlerp.class].pc_entitytype"},"6f54cf8e2c9aacae":{"parent":"360ea9298513fa58","name":"Part_Glasses","blueprint":"[modules:/zbodypartentity.class].pc_entityblueprint","properties":{"m_pMeshResource":{"type":"ZRuntimeResourceID","value":{"resource":"[assembly:/_pro/characters/assets/hero/agent47/geometry/male_reg_agent47_sapienza.wl2?/glasses.weightedprim](bodypart).pc_weightedprim","flag":"5F"}},"m_IsHiddenInVR":{"type":"bool","value":true}},"factory":"[modules:/zbodypartentity.class].pc_entitytype"},"89856c5c3bde71a9":{"parent":"360ea9298513fa58","name":"Shirt_Dress_Sleeves_Short","blueprint":"0091CAB79EBBE562","properties":{"Diffuse_Hue_Shift_01_Value":{"type":"float32","value":0}},"factory":"00EC93EE94F09578"},"a8800dd35e77f61e":{"parent":"db2f9bbbb44b04b4","name":"Watch_Stone","blueprint":"007DD70C233C978B","properties":{"m_mTransform":{"type":"SMatrix43","value":{"rotation":{"x":-0.15830894476402935,"y":0.147307568790113,"z":-85.88019491348895},"position":{"x":0.062178000807762146,"y":0.0005639999872073531,"z":0.003936000168323517}}},"m_eidParent":{"type":"SEntityTemplateReference","value":"db2f9bbbb44b04b4","postInit":true}},"factory":"00223BFE91C07EAF"},"ed3736b399b1448d":{"parent":"360ea9298513fa58","name":"Shoes_Loafer_Penny","blueprint":"005B31A52C2F6C88","properties":{"Diffuse_Color_01_Value":{"type":"SColorRGB","value":"#8f6c56"},"ConstantVector1D_04_Value":{"type":"float32","value":0.17000000178813934},"ConstantVector1D_05_Value":{"type":"float32","value":0.3100000023841858},"m_pMeshResource":{"type":"ZRuntimeResourceID","value":{"resource":"000442AA7E275E35","flag":"5F"}}},"factory":"005F7BC595CAD77F"},"4134ce0bb7528448":{"parent":"360ea9298513fa58","name":"Lerp 6","blueprint":"[modules:/zmathlerp.class].pc_entityblueprint","properties":{"m_A":{"type":"float32","value":0.17000000178813934},"m_B":{"type":"float32","value":0.800000011920929},"m_fT":{"type":"float32","value":0}},"events":{"Lerp":{"ConstantVector1D_04_Value":["ed3736b399b1448d"]}},"factory":"[modules:/zmathlerp.class].pc_entitytype"},"dec22d350b4675fe":{"parent":"8339628e20bdf192","name":"buttons_03_shirt","blueprint":"[assembly:/_pro/characters/assets/_apparel/accessories/buttons/materials/buttons_03_shirt.mi].pc_entityblueprint","properties":{"m_mTransform":{"type":"SMatrix43","value":{"rotation":{"x":0,"y":0,"z":0},"position":{"x":0,"y":0,"z":0}}},"Diffuse_Color_01_Value_op":{"type":"IRenderMaterialEntity.EModifierOperation","value":"eReplace"},"Diffuse_Color_01_Value":{"type":"SColorRGB","value":"#e3d8cc"},"Clients":{"type":"TArray<SEntityTemplateReference>","value":["8339628e20bdf192"],"postInit":true},"m_eidParent":{"type":"SEntityTemplateReference","value":"360ea9298513fa58","postInit":true}},"factory":"[assembly:/_pro/characters/assets/_apparel/accessories/buttons/materials/buttons_03_shirt.mi].pc_entitytype"},"db2f9bbbb44b04b4":{"parent":"360ea9298513fa58","name":"L_Wrist","blueprint":"[assembly:/templates/aspectdummy.aspect]([modules:/zcompositeentity.class].entitytype,[modules:/zboneattachaspect.class].entitytype).pc_entityblueprint","properties":{"m_BoneName":{"type":"ZString","value":"L_Foretwist2"},"m_mTransform":{"type":"SMatrix43","value":{"rotation":{"x":0,"y":0,"z":0},"position":{"x":0,"y":0,"z":0}}},"m_linkedEntity":{"type":"SEntityTemplateReference","value":"360ea9298513fa58","postInit":true},"m_eidParent":{"type":"SEntityTemplateReference","value":"360ea9298513fa58","postInit":true}},"factory":"[assembly:/templates/aspectdummy.aspect]([modules:/zcompositeentity.class].entitytype,[modules:/zboneattachaspect.class].entitytype).pc_entitytype"},"995e0a0caf24287c":{"parent":"360ea9298513fa58","name":"Arms_Shoulder_Hand","blueprint":"0038B023C4284F44","properties":{"m_pMeshResource":{"type":"ZRuntimeResourceID","value":{"resource":"0008D8A9654F808D","flag":"5F"}}},"factory":"00D0A46D325392B0"},"5b35a2a069ce88a":{"parent":"360ea9298513fa58","name":"Lerp 1","blueprint":"[modules:/zmathlerp.class].pc_entityblueprint","properties":{"m_A":{"type":"float32","value":25},"m_fT":{"type":"float32","value":0},"m_B":{"type":"float32","value":10}},"events":{"Lerp":{"ConstantVector1D_01_Value":["5e947a1e1f2f996f"]}},"factory":"[modules:/zmathlerp.class].pc_entitytype"},"8339628e20bdf192":{"parent":"360ea9298513fa58","name":"Part_Shirt","blueprint":"[modules:/zbodypartentity.class].pc_entityblueprint","properties":{"m_pMeshResource":{"type":"ZRuntimeResourceID","value":{"resource":"00A105ED4B631755","flag":"5F"}}},"inputCopying":{"ConstantVector1D_04_Value":{"ConstantVector1D_04_Value":["ff2bd949f37c0f2a"]},"ConstantVector1D_06_Value":{"ConstantVector1D_06_Value":["ff2bd949f37c0f2a"]},"ConstantVector1D_01_Value":{"ConstantVector1D_01_Value":["ff2bd949f37c0f2a"]}},"factory":"[modules:/zbodypartentity.class].pc_entitytype"},"3711f5127dba2a6f":{"parent":"360ea9298513fa58","name":"Lerp 2","blueprint":"[modules:/zmathlerp.class].pc_entityblueprint","properties":{"m_fT":{"type":"float32","value":0},"m_B":{"type":"float32","value":0.20000000298023224},"m_A":{"type":"float32","value":0.5}},"events":{"Lerp":{"ConstantVector1D_01_Value":["8339628e20bdf192"]}},"factory":"[modules:/zmathlerp.class].pc_entitytype"},"f2085f6cf0373a22":{"parent":"360ea9298513fa58","name":"Agent47_Shirt_Polo","blueprint":"0061336095D82769","factory":"00B536DCD14AACBA"},"c848838efc472af8":{"parent":"360ea9298513fa58","name":"Attacher_Head","blueprint":"[assembly:/templates/aspectdummy.aspect]([modules:/zcompositeentity.class].entitytype,[modules:/zboneattachaspect.class].entitytype).pc_entityblueprint","properties":{"m_BoneName":{"type":"ZString","value":"Head"},"m_mTransform":{"type":"SMatrix43","value":{"rotation":{"x":0,"y":0,"z":0},"position":{"x":0,"y":0,"z":0}}},"m_linkedEntity":{"type":"SEntityTemplateReference","value":"360ea9298513fa58","postInit":true},"m_eidParent":{"type":"SEntityTemplateReference","value":"360ea9298513fa58","postInit":true}},"inputCopying":{"ConstantVector1D_04_Value":{"ConstantVector1D_04_Value":["24dc0b6fb178bf05"]},"ConstantVector1D_01_Value":{"ConstantVector1D_01_Value":["24dc0b6fb178bf05"]},"ConstantVector1D_06_Value":{"ConstantVector1D_06_Value":["24dc0b6fb178bf05"]}},"factory":"[assembly:/templates/aspectdummy.aspect]([modules:/zcompositeentity.class].entitytype,[modules:/zboneattachaspect.class].entitytype).pc_entitytype"},"7c0486cf133e8728":{"parent":"360ea9298513fa58","name":"Lerp 8","blueprint":"[modules:/zmathlerp.class].pc_entityblueprint","properties":{"m_A":{"type":"float32","value":0.6499999761581421},"m_B":{"type":"float32","value":0.3499999940395355},"m_fT":{"type":"float32","value":0}},"events":{"Lerp":{"ConstantVector1D_01_Value":["c848838efc472af8"]}},"factory":"[modules:/zmathlerp.class].pc_entitytype"},"5e947a1e1f2f996f":{"parent":"360ea9298513fa58","name":"Belt_StrapBuckle","blueprint":"005F1B0540C7F863","properties":{"Diffuse_Color_01_Value":{"type":"SColorRGB","value":"#63443b"},"m_pMeshResource":{"type":"ZRuntimeResourceID","value":{"resource":"00FC8BE69C666623","flag":"5F"}}},"factory":"0017355DDB3D75A3"},"2f3ab541acc875fd":{"parent":"360ea9298513fa58","name":"Pants_Dress_Regular_NoBrk","blueprint":"0042F784FA484B44","properties":{"Diffuse_Color_01_Value_1":{"type":"SColorRGB","value":"#b8a091"},"Diffuse_Hue_Shift_01_Value_1":{"type":"float32","value":0},"Diffuse_Saturation_01_Value_1":{"type":"float32","value":0},"Diffuse_Color_01_Value":{"type":"SColorRGB","value":"#c7b4a3"},"Texture2D_01":{"type":"ZRuntimeResourceID","value":{"resource":"00F08D3650DDBA49","flag":"5F"}},"ConstantVector1D_01_Value":{"type":"float32","value":0.5},"m_pMeshResource":{"type":"ZRuntimeResourceID","value":{"resource":"001989C42833C238","flag":"5F"}}},"factory":"007AFD22CAA820F2"},"86fdb2849da5471b":{"parent":"360ea9298513fa58","name":"Lerp 3","blueprint":"[modules:/zmathlerp.class].pc_entityblueprint","properties":{"m_fT":{"type":"float32","value":0},"m_B":{"type":"float32","value":2},"m_A":{"type":"float32","value":0.800000011920929}},"events":{"Lerp":{"ConstantVector1D_06_Value":["8339628e20bdf192"]}},"factory":"[modules:/zmathlerp.class].pc_entitytype"},"8edf288618c7d60b":{"parent":"360ea9298513fa58","name":"Shoulder_Holster_Leather_Single","blueprint":"004FFCEDCC06AC94","properties":{"Diffuse_Color_01_Value":{"type":"SColorRGB","value":"#ffffff"}},"factory":"000B7E245499F679"},"15de3be4af690a89":{"parent":"360ea9298513fa58","name":"FX_Hitman_Wet_Logic_Character","blueprint":"00AA88C960CD2080","properties":{"HeadMaterialToOverride":{"type":"ZRuntimeResourceID","value":{"resource":"009F7978C601815A","flag":"5F"}}},"events":{"HitmanWetness":{"T":["eca7209d16a837b5","79f51bd345a9882d","3711f5127dba2a6f","86fdb2849da5471b","96d9dce0bb873993","5b35a2a069ce88a","4134ce0bb7528448","6e26a31c39391ad0","7c0486cf133e8728"]}},"factory":"0067CFB703A80787"},"79f51bd345a9882d":{"parent":"360ea9298513fa58","name":"Lerp 5","blueprint":"[modules:/zmathlerp.class].pc_entityblueprint","properties":{"m_fT":{"type":"float32","value":0},"m_B":{"type":"float32","value":0.15000000596046448},"m_A":{"type":"float32","value":0.5}},"events":{"Lerp":{"ConstantVector1D_01_Value":["2f3ab541acc875fd"]}},"factory":"[modules:/zmathlerp.class].pc_entitytype"},"6937cc533173b08c":{"parent":"360ea9298513fa58","name":"Hair_Full_Receding_M_SweptBack","blueprint":"009081A4F0BD7093","properties":{"ConstantColorRGB_02_Value":{"type":"SColorRGB","value":"#402a22"},"ConstantColorRGB_05_Value":{"type":"SColorRGB","value":"#fcddd7"},"ConstantColorRGB_03_Value":{"type":"SColorRGB","value":"#402a22"},"m_pMeshResource":{"type":"ZRuntimeResourceID","value":{"resource":"[assembly:/_pro/characters/assets/individuals/mumbai/kashmirian/geometry/male_reg_kashmirian.wl2?/hair.weightedprim](bodypart).pc_weightedprim","flag":"5F"}},"ConstantVector1D_05_Value":{"type":"float32","value":0.41999998688697815}},"factory":"00596BFC9820F56B"},"6e26a31c39391ad0":{"parent":"360ea9298513fa58","name":"Lerp 7","blueprint":"[modules:/zmathlerp.class].pc_entityblueprint","properties":{"m_fT":{"type":"float32","value":0},"m_B":{"type":"float32","value":8},"m_A":{"type":"float32","value":15}},"events":{"Lerp":{"ConstantVector1D_01_Value":["ed3736b399b1448d"]}},"factory":"[modules:/zmathlerp.class].pc_entitytype"},"bd637e9a60e69027":{"parent":"360ea9298513fa58","name":"Attacher_Chest","blueprint":"[assembly:/templates/aspectdummy.aspect]([modules:/zcompositeentity.class].entitytype,[modules:/zboneattachaspect.class].entitytype).pc_entityblueprint","properties":{"m_BoneName":{"type":"ZString","value":"Spine2"},"m_linkedEntity":{"type":"SEntityTemplateReference","value":"360ea9298513fa58","postInit":true},"m_eidParent":{"type":"SEntityTemplateReference","value":"360ea9298513fa58","postInit":true}},"factory":"[assembly:/templates/aspectdummy.aspect]([modules:/zcompositeentity.class].entitytype,[modules:/zboneattachaspect.class].entitytype).pc_entitytype"},"360ea9298513fa58":{"parent":null,"name":"OUTFIT_Agent47_Hotsummer19_HeroA_v0","blueprint":"007294473357329E","properties":{"m_LocalColliders":{"type":"TArray<SEntityTemplateReference>","value":[]},"m_mTransform":{"type":"SMatrix43","value":{"rotation":{"x":0,"y":0,"z":0},"position":{"x":45.45766067504883,"y":9.082609176635742,"z":0}}},"m_pBonesAndCollisionResource":{"type":"ZRuntimeResourceID","value":{"resource":"0017416135CF879C","flag":"5F"}},"m_aBodyParts":{"type":"TArray<SEntityTemplateReference>","value":["2f3ab541acc875fd","ed3736b399b1448d","995e0a0caf24287c","92859c29b34a7170","f318640083dd2b82","5e947a1e1f2f996f","8339628e20bdf192","fd7e31fd4cab672b","2e965ae4192f0c37","feed280eecc54d41"],"postInit":true}},"factory":"00C0753FBF784C66"},"92859c29b34a7170":{"parent":"360ea9298513fa58","name":"Torso_Neck_LowCut","blueprint":"00CC398F7A37A27F","factory":"00AC8D5EB0F5A755"},"92d0b8cd0f5908ac":{"parent":"360ea9298513fa58","name":"Shirt_Dress_Torso_BtnUp_Tkd_3open","blueprint":"00B4A9BD02A90D81","properties":{"Diffuse_Hue_Shift_01_Value":{"type":"float32","value":0},"Diffuse_Color_01_Value":{"type":"SColorRGB","value":"#f5f3f2"}},"factory":"0048C4FC007FC707"},"feed280eecc54d41":{"parent":"360ea9298513fa58","name":"Agent47_Gloves_Driving","blueprint":"00F716010CB776C3","properties":{"m_pMeshResource":{"type":"ZRuntimeResourceID","value":{"resource":"002967FF1FFB7036","flag":"5F"}}},"factory":"008897FB54E3DB82"}},"propertyOverrides":[],"overrideDeletes":[],"pinConnectionOverrides":[],"pinConnectionOverrideDeletes":[],"externalScenes":[],"subType":"template","quickEntityVersion":3.1,"extraFactoryDependencies":[{"resource":"0051A1136DC9485E","flag":"5F"},{"resource":"0038489FB50578DB","flag":"5F"},{"resource":"[assembly:/_pro/characters/assets/_apparel/accessories/buttons/textures/buttons_01.texture?/normal_a.tex](asnormalmap).pc_tex","flag":"5F"},{"resource":"[assembly:/_pro/characters/assets/_apparel/accessories/buttons/textures/buttons_01.texture?/specular_a.tex](ascolormap).pc_tex","flag":"5F"},{"resource":"[assembly:/_pro/characters/assets/_apparel/accessories/buttons/textures/buttons_01.texture?/diffuse_a.tex](ascolormap).pc_tex","flag":"5F"},{"resource":"[assembly:/_pro/characters/assets/hero/agent47/textures/male_reg_agent47_sapienza_shirt.texture?/normal_a.tex](asnormalmap).pc_tex","flag":"5F"},{"resource":"[assembly:/_pro/characters/assets/hero/agent47/textures/male_reg_agent47_sapienza_shirt.texture?/specular_a.tex](ascolormap).pc_tex","flag":"5F"},{"resource":"[assembly:/_pro/characters/assets/individuals/marrakesh/old_head_master/textures/male_reg_old_head_master_shoes_01.texture?/diffuse_a.tex](ascolormap).pc_tex","flag":"5F"},{"resource":"[assembly:/_pro/characters/assets/individuals/marrakesh/old_head_master/textures/male_reg_old_head_master_shoes_01.texture?/specular_a.tex](ascolormap).pc_tex","flag":"5F"},{"resource":"[assembly:/_pro/characters/assets/individuals/marrakesh/old_head_master/textures/male_reg_old_head_master_shoes_01.texture?/normal_a.tex](asnormalmap).pc_tex","flag":"5F"},{"resource":"001083E516801F5E","flag":"5F"},{"resource":"00FFC5352D7A5D64","flag":"5F"},{"resource":"00E4CE86EE7A5CC2","flag":"5F"},{"resource":"0045F839B337D2B6","flag":"5F"},{"resource":"006F835120511247","flag":"5F"},{"resource":"004B531A1A65B221","flag":"5F"},{"resource":"00F7CD08AB2506C7","flag":"5F"},{"resource":"00B3C3C3BDCF1F4D","flag":"5F"},{"resource":"007ED19D3E183A9D","flag":"5F"},{"resource":"002633D5A806AC20","flag":"5F"},{"resource":"00B4084D01DD7F3C","flag":"5F"},{"resource":"00B1180B1BBD5BC7","flag":"5F"},{"resource":"006F77B2B1322E4C","flag":"5F"},{"resource":"00AE15B3B8457635","flag":"5F"},{"resource":"004B97334EC9DF94","flag":"5F"},{"resource":"00BB43F1B17767D5","flag":"5F"},{"resource":"00A9AACE6819FD05","flag":"5F"},{"resource":"004CF88A75B64F61","flag":"5F"},{"resource":"00587E69ED872EB7","flag":"5F"},{"resource":"00E79695D844F94F","flag":"5F"},{"resource":"[assembly:/_pro/characters/assets/hero/agent47/textures/male_reg_agent47_tutorial_holstersingle_01.texture?/specular_a.tex](ascolormap).pc_tex","flag":"5F"},{"resource":"[assembly:/_pro/characters/assets/hero/agent47/textures/male_reg_agent47_tutorial_holstersingle_01.texture?/normal_a.tex](asnormalmap).pc_tex","flag":"5F"},{"resource":"[assembly:/_pro/characters/assets/hero/agent47/textures/male_reg_agent47_tutorial_holstersingle_01.texture?/diffuse_a.tex](ascolormap).pc_tex","flag":"5F"},{"resource":"000B633B8879DE76","flag":"5F"},{"resource":"00679D69366FD556","flag":"5F"},{"resource":"007D850436B0A092","flag":"5F"},{"resource":"00D247582859CA87","flag":"5F"},{"resource":"00D20CA72E352D16","flag":"5F"}],"extraBlueprintDependencies":[],"comments":[]}