{"tempHash":"006B79CA29EA5B3E","tbluHash":"000E2C28D0210079","rootEntity":"cb57e85251e5f666","entities":{"479f73e39726c41c":{"parent":"cb57e85251e5f666","name":"Lerp 7","factory":"[modules:/zmathlerp.class].pc_entitytype","blueprint":"[modules:/zmathlerp.class].pc_entityblueprint","properties":{"m_fT":{"type":"float32","value":0},"m_B":{"type":"float32","value":0.30000001192092896},"m_A":{"type":"float32","value":0.800000011920929}},"events":{"Lerp":{"Diffuse_Albedo_Pants":["93975a81ba3f67ce"]}}},"fe10bf0ee4126304":{"parent":"cb57e85251e5f666","name":"Lerp","factory":"[modules:/zmathlerp.class].pc_entitytype","blueprint":"[modules:/zmathlerp.class].pc_entityblueprint","properties":{"m_fT":{"type":"float32","value":0},"m_B":{"type":"float32","value":0.4000000059604645},"m_A":{"type":"float32","value":0.05000000074505806}},"events":{"Lerp":{"Roughness_Min_Pants":["93975a81ba3f67ce"],"Specular_Roughness_Min_Shoes":["ae0bbb3728badf55"]}}},"36540892af5def3b":{"parent":"cb57e85251e5f666","name":"Lerp 8","factory":"[modules:/zmathlerp.class].pc_entitytype","blueprint":"[modules:/zmathlerp.class].pc_entityblueprint","properties":{"m_fT":{"type":"float32","value":0},"m_B":{"type":"float32","value":0.6000000238418579},"m_A":{"type":"float32","value":-0.25}},"events":{"Lerp":{"Roughness_Min_Shirt":["f66cc8087b66f0a0"]}}},"6593b09f17c4ea13":{"parent":"ae0bbb3728badf55","name":"male_reg_marcoabiatti_shoes_01","factory":"[assembly:/_pro/characters/assets/individuals/italy/marco_abiatti/materials/male_reg_marcoabiatti_shoes_01.mi].pc_entitytype","blueprint":"[assembly:/_pro/characters/assets/individuals/italy/marco_abiatti/materials/male_reg_marcoabiatti_shoes_01.mi].pc_entityblueprint","properties":{"m_mTransform":{"type":"SMatrix43","value":{"rotation":{"x":0,"y":0,"z":0},"position":{"x":0,"y":0,"z":0}}},"Diffuse_Color_01_Value_op":{"type":"IRenderMaterialEntity.EModifierOperation","value":"eReplace"},"ConstantVector1D_01_Value_op":{"type":"IRenderMaterialEntity.EModifierOperation","value":"eReplace"},"Texture2D_03_enab":{"type":"bool","value":true},"Texture2DNormal_01_enab":{"type":"bool","value":true},"Texture2D_01_enab":{"type":"bool","value":true},"Diffuse_Saturation_01_Value_op":{"type":"IRenderMaterialEntity.EModifierOperation","value":"eReplace"},"Diffuse_Hue_Shift_01_Value_op":{"type":"IRenderMaterialEntity.EModifierOperation","value":"eReplace"},"ConstantVector1D_05_Value_op":{"type":"IRenderMaterialEntity.EModifierOperation","value":"eReplace"},"ConstantVector1D_04_Value_op":{"type":"IRenderMaterialEntity.EModifierOperation","value":"eReplace"},"Diffuse_Hue_Shift_01_Value":{"type":"float32","value":0},"Diffuse_Saturation_01_Value":{"type":"float32","value":1},"Texture2D_01":{"type":"ZRuntimeResourceID","value":{"resource":"[assembly:/_pro/characters/assets/individuals/italy/marco_abiatti/textures/male_reg_marcoabiatti_shoes_01.texture?/diffuse_white.tex](ascolormap).pc_tex","flag":"5F"}},"Diffuse_Color_01_Value":{"type":"SColorRGB","value":"#a15e48"},"ConstantVector1D_01_Value":{"type":"float32","value":0.550000011920929},"Texture2D_03":{"type":"ZRuntimeResourceID","value":{"resource":"[assembly:/_pro/characters/assets/individuals/italy/marco_abiatti/textures/male_reg_marcoabiatti_shoes_01.texture?/specular_a.tex](ascolormap).pc_tex","flag":"5F"}},"Texture2DNormal_01":{"type":"ZRuntimeResourceID","value":{"resource":"[assembly:/_pro/characters/assets/individuals/italy/marco_abiatti/textures/male_reg_marcoabiatti_shoes_01.texture?/normal_a.tex](asnormalmap).pc_tex","flag":"5F"}},"ConstantVector1D_04_Value":{"type":"float32","value":0},"ConstantVector1D_05_Value":{"type":"float32","value":0.699999988079071},"Clients":{"type":"TArray<SEntityTemplateReference>","value":["ae0bbb3728badf55"],"postInit":true},"m_eidParent":{"type":"SEntityTemplateReference","value":"ae0bbb3728badf55","postInit":true}}},"439e407eac035e5e":{"parent":"cb57e85251e5f666","name":"base_eye","factory":"00FDEC17A5A2BF5F","blueprint":"00C4E4179AE75353","properties":{"m_mTransform":{"type":"SMatrix43","value":{"rotation":{"x":0,"y":0,"z":0},"position":{"x":0,"y":0,"z":0}}},"EyeShader_01_IrisBrightness_op":{"type":"IRenderMaterialEntity.EModifierOperation","value":"eReplace"},"EyeShader_01_IrisBrightness":{"type":"float32","value":2},"EyeShader_01_PupilSize_op":{"type":"IRenderMaterialEntity.EModifierOperation","value":"eReplace"},"EyeShader_01_PupilSize":{"type":"float32","value":0.17000000178813934},"EyeShader_01_IrisHueShift_op":{"type":"IRenderMaterialEntity.EModifierOperation","value":"eReplace"},"EyeShader_01_IrisHueShift":{"type":"float32","value":0.10000000149011612},"EyeShader_01_CorneaSpecularPower_op":{"type":"IRenderMaterialEntity.EModifierOperation","value":"eReplace"},"EyeShader_01_CorneaSpecularPower":{"type":"float32","value":1},"EyeShader_01_CorneaSpecularIntensity_op":{"type":"IRenderMaterialEntity.EModifierOperation","value":"eReplace"},"EyeShader_01_CorneaSpecularIntensity":{"type":"float32","value":0.02500000037252903},"EyeShader_01_ScleraSpecularIntensity_op":{"type":"IRenderMaterialEntity.EModifierOperation","value":"eReplace"},"EyeShader_01_ScleraSpecularIntensity":{"type":"float32","value":0.019999999552965164},"Texture2D_01_enab":{"type":"bool","value":true},"Texture2D_01":{"type":"ZRuntimeResourceID","value":{"resource":"00956964149E802F","flag":"5F"}},"Clients":{"type":"TArray<SEntityTemplateReference>","value":["cb57e85251e5f666"],"postInit":true},"m_eidParent":{"type":"SEntityTemplateReference","value":"cb57e85251e5f666","postInit":true}}},"d2b2ab43d7db9b60":{"parent":"cb57e85251e5f666","name":"Agent47_Gloves_Driving","blueprint":"00F716010CB776C3","properties":{"m_pMeshResource":{"type":"ZRuntimeResourceID","value":{"resource":"00FBF04263964123","flag":"5F"}}},"factory":"008897FB54E3DB82"},"9251f6b2f5a8d634":{"parent":"cb57e85251e5f666","name":"male_reg_eyelashes","factory":"00AF6FD15BFAC222","blueprint":"00926F11E3C00813","properties":{"m_mTransform":{"type":"SMatrix43","value":{"rotation":{"x":0,"y":0,"z":0},"position":{"x":0,"y":0,"z":0}}},"ConstantVector1D_15_Value_op":{"type":"IRenderMaterialEntity.EModifierOperation","value":"eReplace"},"ConstantVector1D_16_Value_op":{"type":"IRenderMaterialEntity.EModifierOperation","value":"eReplace"},"ConstantVector1D_16_Value":{"type":"float32","value":1.5},"Clients":{"type":"TArray<SEntityTemplateReference>","value":["cb57e85251e5f666"],"postInit":true},"m_eidParent":{"type":"SEntityTemplateReference","value":"cb57e85251e5f666","postInit":true}}},"947d15dddc41079b":{"parent":"93975a81ba3f67ce","name":"male_reg_suit_pants_01","factory":"002B6C6816C684D3","blueprint":"00B0E0B01326CDAF","properties":{"m_mTransform":{"type":"SMatrix43","value":{"rotation":{"x":0,"y":0,"z":0},"position":{"x":0,"y":0,"z":0}}},"ConstantVector1D_01_Value_op":{"type":"IRenderMaterialEntity.EModifierOperation","value":"eReplace"},"ConstantVector1D_01_Value":{"type":"float32","value":0.800000011920929},"Active":{"type":"bool","value":true},"ConstantVector1D_16_Value_op":{"type":"IRenderMaterialEntity.EModifierOperation","value":"eReplace"},"ConstantVector1D_16_Value":{"type":"float32","value":0.5},"ConstantVector1D_03_Value_op":{"type":"IRenderMaterialEntity.EModifierOperation","value":"eLeave"},"ConstantVector1D_03_Value":{"type":"float32","value":1},"ConstantVector1D_14_Value_op":{"type":"IRenderMaterialEntity.EModifierOperation","value":"eReplace"},"ConstantVector1D_14_Value":{"type":"float32","value":0.05000000074505806},"Texture2D_01_enab":{"type":"bool","value":true},"Texture2D_01":{"type":"ZRuntimeResourceID","value":{"resource":"001E9B389156E297","flag":"5F"}},"Diffuse_Color_01_Value_op":{"type":"IRenderMaterialEntity.EModifierOperation","value":"eReplace"},"ConstantVector1D_13_Value_op":{"type":"IRenderMaterialEntity.EModifierOperation","value":"eReplace"},"ConstantVector1D_13_Value":{"type":"float32","value":0},"Texture2D_03_enab":{"type":"bool","value":true},"ConstantVector1D_15_Value_op":{"type":"IRenderMaterialEntity.EModifierOperation","value":"eReplace"},"ConstantVector1D_15_Value":{"type":"float32","value":5},"Diffuse_Saturation_01_Value_op":{"type":"IRenderMaterialEntity.EModifierOperation","value":"eLeave"},"Diffuse_Color_01_Value":{"type":"SColorRGB","value":"#e3ccb3"},"Texture2DNormal_01_enab":{"type":"bool","value":true},"Texture2DNormal_01":{"type":"ZRuntimeResourceID","value":{"resource":"00A1FA135FF58305","flag":"5F"}},"ConstantVector1D_23_Value_op":{"type":"IRenderMaterialEntity.EModifierOperation","value":"eLeave"},"ConstantVector1D_23_Value":{"type":"float32","value":0},"ConstantVector1D_06_Value_op":{"type":"IRenderMaterialEntity.EModifierOperation","value":"eReplace"},"Clients":{"type":"TArray<SEntityTemplateReference>","value":["93975a81ba3f67ce"],"postInit":true},"m_eidParent":{"type":"SEntityTemplateReference","value":"cb57e85251e5f666","postInit":true}}},"12682be2e62d60e0":{"parent":"cb57e85251e5f666","name":"ChildNetwork","factory":"[modules:/zchildnetworkentity.class].pc_entitytype","blueprint":"[modules:/zchildnetworkentity.class].pc_entityblueprint","properties":{"m_RuntimeNetworkResourceID":{"type":"ZRuntimeResourceID","value":{"resource":"[assembly:/animationnetworks/hitman01/idles/suitidle.aln].pc_rtn","flag":"9F"}}}},"cb57e85251e5f666":{"parent":null,"name":"OUTFIT_Agent47_Stingray_Reward_Islandsuit_HeroA_V0","factory":"[assembly:/templates/aspectdummy.aspect]([modules:/zlinkedproxyentity.class].entitytype,[modules:/zclothcharacterentity.class].entitytype,[modules:/zheroidlenetworkaspect.class].entitytype).pc_entitytype","blueprint":"[assembly:/templates/aspectdummy.aspect]([modules:/zlinkedproxyentity.class].entitytype,[modules:/zclothcharacterentity.class].entitytype,[modules:/zheroidlenetworkaspect.class].entitytype).pc_entityblueprint","properties":{"m_ResourceID":{"type":"ZRuntimeResourceID","value":null},"m_fLODScale":{"type":"float32","value":1},"m_mTransform":{"type":"SMatrix43","value":{"rotation":{"x":0,"y":0,"z":-3.7096842837803172},"position":{"x":64.01547241210938,"y":6.143993854522705,"z":0}}},"m_pBonesAndCollisionResource":{"type":"ZRuntimeResourceID","value":{"resource":"0017416135CF879C","flag":"5F"}},"m_bUsePerVertexStiffness":{"type":"bool","value":true},"m_LocalColliders":{"type":"TArray<SEntityTemplateReference>","value":[]},"m_bGlobalCollidersEnabled":{"type":"bool","value":false},"m_fDamping":{"type":"float32","value":1},"m_fBendStiffness":{"type":"float32","value":1},"m_bUsePerVertexDamping":{"type":"bool","value":true},"m_fShearStiffness":{"type":"float32","value":1},"m_bUseSkinningPosNormalConstrains":{"type":"bool","value":true},"m_bUseSkinningNegNormalConstrains":{"type":"bool","value":true},"m_nIterations":{"type":"uint32","value":2},"m_fFrequency":{"type":"float32","value":90},"m_vTranslationScale":{"type":"SVector3","value":{"x":0.10000000149011612,"y":0.10000000149011612,"z":0.10000000149011612}},"m_vGravity":{"type":"SVector3","value":{"x":0,"y":0,"z":-13}},"m_fLODOffset":{"type":"float32","value":100},"m_fDragConstant":{"type":"float32","value":1},"m_eStretchConstrainType":{"type":"EClothStretchConstrainType","value":"eClothBendConstrainType_LRA"},"m_fAngularVelocityThreshold":{"type":"float32","value":60},"m_eRootBone":{"type":"BoneId.Enum","value":"PELVIS"},"m_bEnableAngularVelocityScale":{"type":"bool","value":true},"m_eBendConstrainType":{"type":"EClothBendConstrainType","value":"eClothBendConstrainType_Triangle"},"m_pIdleAnimNetworkEntity":{"type":"SEntityTemplateReference","value":"12682be2e62d60e0"},"m_bRandomStartState":{"type":"bool","value":true},"m_fWindConstant":{"type":"float32","value":0.10000000149011612},"m_aBodyParts":{"type":"TArray<SEntityTemplateReference>","value":["f66cc8087b66f0a0","ae0bbb3728badf55","9482e1e823bd362b","93975a81ba3f67ce","5b3584c44091879e","d2b2ab43d7db9b60"],"postInit":true}}},"3e56620e869c6af5":{"parent":"cb57e85251e5f666","name":"Lerp 2","factory":"[modules:/zmathlerp.class].pc_entitytype","blueprint":"[modules:/zmathlerp.class].pc_entityblueprint","properties":{"m_fT":{"type":"float32","value":0},"m_B":{"type":"float32","value":2},"m_A":{"type":"float32","value":1}},"events":{"Lerp":{"Normal_Bump_Scale_Pants":["93975a81ba3f67ce"]}}},"5116b613e5f0b7d7":{"parent":"cb57e85251e5f666","name":"Lerp 5","factory":"[modules:/zmathlerp.class].pc_entitytype","blueprint":"[modules:/zmathlerp.class].pc_entityblueprint","properties":{"m_fT":{"type":"float32","value":0},"m_B":{"type":"float32","value":0.30000001192092896},"m_A":{"type":"float32","value":0.8500000238418579}},"events":{"Lerp":{"Diffuse_Albedo_JacketOpen":["f66cc8087b66f0a0"]}}},"17a1a2bd14668571":{"parent":"7502c2a30ec99f7","name":"glasses_47_miami","factory":"00D0D8A9FA7D6B43","blueprint":"00127637484C9445","properties":{"m_mTransform":{"type":"SMatrix43","value":{"rotation":{"x":0,"y":89.90213720978818,"z":173.35846158856168},"position":{"x":0.07975500077009201,"y":0.00867099966853857,"z":0.00005400000009103678}}},"m_PrimitiveScale":{"type":"SVector3","value":{"x":0.9563239812850952,"y":0.9750000238418579,"z":0.9750000238418579}},"m_eidParent":{"type":"SEntityTemplateReference","value":"7502c2a30ec99f7","postInit":true}}},"9482e1e823bd362b":{"parent":"cb57e85251e5f666","name":"legs_ankle_shoe","factory":"00ABDD120246BCDC","blueprint":"0021DE526F3B8B7D"},"ecd81fe04dd98374":{"parent":"93975a81ba3f67ce","name":"agent47_pants_buttons_back","factory":"[assembly:/_pro/characters/assets/hero/agent47/materials/agent47_pants_buttons_back.mi].pc_entitytype","blueprint":"[assembly:/_pro/characters/assets/hero/agent47/materials/agent47_pants_buttons_back.mi].pc_entityblueprint","properties":{"m_mTransform":{"type":"SMatrix43","value":{"rotation":{"x":0,"y":0,"z":0},"position":{"x":0,"y":0,"z":0}}},"Diffuse_Color_01_Value_op":{"type":"IRenderMaterialEntity.EModifierOperation","value":"eReplace"},"Diffuse_Color_01_Value":{"type":"SColorRGB","value":"#74787a"},"m_eidParent":{"type":"SEntityTemplateReference","value":"cb57e85251e5f666"},"Clients":{"type":"TArray<SEntityTemplateReference>","value":["93975a81ba3f67ce"],"postInit":true}}},"f66cc8087b66f0a0":{"parent":"cb57e85251e5f666","name":"Agent47_S2_Suit_NoTie","factory":"00A0366B8B0933A5","blueprint":"004C5E391B4B1E50","properties":{"ConstantColorRGB_05_Value":{"type":"SColorRGB","value":"#942c3c"},"ConstantVector1D_03_Value":{"type":"float32","value":30},"ConstantColorRGB_02_Value":{"type":"SColorRGB","value":"#ab1a2f"},"ConstantVector1D_04_Value":{"type":"float32","value":0.20000000298023224},"Diffuse_Color_01_Value":{"type":"SColorRGB","value":"#e3ccb3"},"ConstantVector1D_01_Value_1":{"type":"float32","value":0.8500000238418579},"Texture2D_01":{"type":"ZRuntimeResourceID","value":{"resource":"007E379042079434","flag":"5F"}},"ConstantVector1D_01_Value_3":{"type":"float32","value":0.5},"Texture2DNormal_01_1":{"type":"ZRuntimeResourceID","value":{"resource":"00730B6008CA4353","flag":"5F"}},"Texture2D_03_1":{"type":"ZRuntimeResourceID","value":{"resource":"0095E4E030DE1F90","flag":"5F"}},"ConstantVector1D_01_Value_2":{"type":"float32","value":0.14000000059604645},"Diffuse_Color_01_Value_3":{"type":"SColorRGB","value":"#e3c2a3"},"ConstantVector1D_15_Value":{"type":"float32","value":0.20000000298023224}}},"7502c2a30ec99f7":{"parent":"cb57e85251e5f666","name":"Attacher_Head","factory":"[assembly:/templates/aspectdummy.aspect]([modules:/zcompositeentity.class].entitytype,[modules:/zboneattachaspect.class].entitytype).pc_entitytype","blueprint":"[assembly:/templates/aspectdummy.aspect]([modules:/zcompositeentity.class].entitytype,[modules:/zboneattachaspect.class].entitytype).pc_entityblueprint","properties":{"m_BoneName":{"type":"ZString","value":"Head"},"m_linkedEntity":{"type":"SEntityTemplateReference","value":"cb57e85251e5f666"},"m_eidParent":{"type":"SEntityTemplateReference","value":"cb57e85251e5f666"}}},"5b3584c44091879e":{"parent":"cb57e85251e5f666","name":"Head_47","factory":"00537D16B5CE7286","blueprint":"00F2E4A932ECAA63"},"e969085862508acb":{"parent":"cb57e85251e5f666","name":"Lerp 4","factory":"[modules:/zmathlerp.class].pc_entitytype","blueprint":"[modules:/zmathlerp.class].pc_entityblueprint","properties":{"m_fT":{"type":"float32","value":0},"m_B":{"type":"float32","value":0.30000001192092896},"m_A":{"type":"float32","value":-0.25}},"events":{"Lerp":{"Roughness_Min_JacketOpen":["f66cc8087b66f0a0"]}}},"40ed023075777469":{"parent":"ae0bbb3728badf55","name":"Mesh","factory":"[assembly:/templates/aspectdummy.aspect]([modules:/zbodypartentity.class].entitytype,[modules:/zclothcollidergroupaspect.class].entitytype).pc_entitytype","blueprint":"[assembly:/templates/aspectdummy.aspect]([modules:/zbodypartentity.class].entitytype,[modules:/zclothcollidergroupaspect.class].entitytype).pc_entityblueprint","properties":{"m_pMeshResource":{"type":"ZRuntimeResourceID","value":{"resource":"00E2AE809883F439","flag":"5F"}},"m_ClothColliders":{"type":"TArray<SEntityTemplateReference>","value":[]}}},"ae0bbb3728badf55":{"parent":"cb57e85251e5f666","name":"Shoes_Derby_Wing_RoundTip","factory":"[modules:/zcompositeentity.class].pc_entitytype","blueprint":"[modules:/zcompositeentity.class].pc_entityblueprint","properties":{"Texture2D_01":{"type":"ZRuntimeResourceID","value":{"resource":"[assembly:/_pro/characters/assets/individuals/italy/marco_abiatti/textures/male_reg_marcoabiatti_shoes_01.texture?/diffuse_white.tex](ascolormap).pc_tex","flag":"5F"}},"ConstantVector1D_01_Value":{"type":"float32","value":0.550000011920929},"Diffuse_Color_01_Value":{"type":"SColorRGB","value":"#a15e48"},"m_eidParent":{"type":"SEntityTemplateReference","value":"cb57e85251e5f666"}},"inputCopying":{"Specular_Roughness_Min_Shoes":{"ConstantVector1D_04_Value":["6593b09f17c4ea13"]},"Diffuse_Albedo_Shoes":{"ConstantVector1D_01_Value":["6593b09f17c4ea13"]}},"propertyAliases":{"m_pMeshResource":[{"originalProperty":"m_pMeshResource","originalEntity":"40ed023075777469"}],"Diffuse_Hue_Shift_01_Value":[{"originalProperty":"Diffuse_Hue_Shift_01_Value","originalEntity":"6593b09f17c4ea13"}],"Diffuse_Saturation_01_Value":[{"originalProperty":"Diffuse_Saturation_01_Value","originalEntity":"6593b09f17c4ea13"}],"Texture2D_01":[{"originalProperty":"Texture2D_01","originalEntity":"6593b09f17c4ea13"}],"Diffuse_Color_01_Value":[{"originalProperty":"Diffuse_Color_01_Value","originalEntity":"6593b09f17c4ea13"}],"ConstantVector1D_01_Value":[{"originalProperty":"ConstantVector1D_01_Value","originalEntity":"6593b09f17c4ea13"}],"Texture2D_03":[{"originalProperty":"Texture2D_03","originalEntity":"6593b09f17c4ea13"}],"Texture2DNormal_01":[{"originalProperty":"Texture2DNormal_01","originalEntity":"6593b09f17c4ea13"}],"ConstantVector1D_04_Value":[{"originalProperty":"ConstantVector1D_04_Value","originalEntity":"6593b09f17c4ea13"}],"ConstantVector1D_05_Value":[{"originalProperty":"ConstantVector1D_05_Value","originalEntity":"6593b09f17c4ea13"}]},"exposedInterfaces":{"ZBodyPartEntity":"40ed023075777469","ZClothColliderGroupAspect":"40ed023075777469"}},"c70b09ad5bcf8970":{"parent":"cb57e85251e5f666","name":"Lerp 6","factory":"[modules:/zmathlerp.class].pc_entitytype","blueprint":"[modules:/zmathlerp.class].pc_entityblueprint","properties":{"m_fT":{"type":"float32","value":0},"m_B":{"type":"float32","value":2},"m_A":{"type":"float32","value":1}},"events":{"Lerp":{"Normal_Bump_Scale_JacketOpen":["f66cc8087b66f0a0"],"Normal_Bump_Scale_Shirt":["f66cc8087b66f0a0"]}}},"16a5867d164c1e8d":{"parent":"cb57e85251e5f666","name":"Lerp 3","factory":"[modules:/zmathlerp.class].pc_entitytype","blueprint":"[modules:/zmathlerp.class].pc_entityblueprint","properties":{"m_fT":{"type":"float32","value":0},"m_B":{"type":"float32","value":0.20000000298023224},"m_A":{"type":"float32","value":0.5}},"events":{"Lerp":{"Diffuse_Albedo_Shirt":["f66cc8087b66f0a0"]}}},"aacf76ac9c3881e5":{"parent":"cb57e85251e5f666","name":"FX_Hitman_Wet_Logic_Character","factory":"0067CFB703A80787","blueprint":"00AA88C960CD2080","properties":{"HeadMaterialToOverride":{"type":"ZRuntimeResourceID","value":{"resource":"009F7978C601815A","flag":"5F"}},"HeadMaterialOverride":{"type":"TArray<SEntityTemplateReference>","value":["cb57e85251e5f666"]}},"events":{"HitmanWetness":{"T":["fe10bf0ee4126304","3e56620e869c6af5","16a5867d164c1e8d","e969085862508acb","5116b613e5f0b7d7","c70b09ad5bcf8970","479f73e39726c41c","36540892af5def3b"]}}},"93975a81ba3f67ce":{"parent":"cb57e85251e5f666","name":"Mesh_Pant","factory":"[modules:/zbodypartentity.class].pc_entitytype","blueprint":"[modules:/zbodypartentity.class].pc_entityblueprint","properties":{"m_pMeshResource":{"type":"ZRuntimeResourceID","value":{"resource":"00C42A009B8ECE2F","flag":"5F"}},"m_pMaterialOrgResource0":{"type":"ZRuntimeResourceID","value":{"resource":"00223289E988864A","flag":"5F"}},"m_pMaterialOrgResource1":{"type":"ZRuntimeResourceID","value":{"resource":"00223289E988864A","flag":"5F"}},"m_pMaterialOrgResource2":{"type":"ZRuntimeResourceID","value":{"resource":"00223289E988864A","flag":"5F"}},"m_pMaterialOrgResource3":{"type":"ZRuntimeResourceID","value":{"resource":"00223289E988864A","flag":"5F"}},"m_pMaterialOverrideResource0":{"type":"ZRuntimeResourceID","value":{"resource":"00FDDADB72B29CBB","flag":"5F"}},"m_pMaterialOverrideResource1":{"type":"ZRuntimeResourceID","value":{"resource":"00FDDADB72B29CBB","flag":"5F"}},"m_pMaterialOverrideResource2":{"type":"ZRuntimeResourceID","value":{"resource":"00FDDADB72B29CBB","flag":"5F"}},"m_pMaterialOverrideResource3":{"type":"ZRuntimeResourceID","value":{"resource":"00FDDADB72B29CBB","flag":"5F"}}},"inputCopying":{"Roughness_Min_Pants":{"ConstantVector1D_14_Value":["947d15dddc41079b"]},"Normal_Bump_Scale_Pants":{"ConstantVector1D_06_Value":["947d15dddc41079b"]},"Diffuse_Albedo_Pants":{"ConstantVector1D_01_Value":["947d15dddc41079b"]}}}},"propertyOverrides":[],"overrideDeletes":[],"pinConnectionOverrides":[],"pinConnectionOverrideDeletes":[],"externalScenes":[],"subType":"template","quickEntityVersion":3.1,"extraFactoryDependencies":[{"resource":"[assembly:/_pro/characters/assets/_base/pro_fem_regular/textures/female_reg_eyelashes.texture?/normal_a.tex](asnormalmap).pc_tex","flag":"5F"},{"resource":"[assembly:/_pro/characters/assets/_base/pro_fem_regular/textures/female_reg_eyelashes.texture?/normal_a.tex](ascolormap).pc_tex","flag":"5F"},{"resource":"[assembly:/_pro/characters/assets/_base/pro_fem_regular/textures/female_reg_eyelashes.texture?/diffuse_a.tex](ascolormap).pc_tex","flag":"5F"},{"resource":"[assembly:/_pro/environment/textures/detailmaps/default.texture?/detail_a.tex](ascompoundnormal).pc_tex","flag":"5F"},{"resource":"00818BA637895231","flag":"5F"},{"resource":"[assembly:/_pro/characters/assets/_genericparts/skin/textures/skin_detail.texture?/normal_a.tex](asnormalmap).pc_tex","flag":"5F"},{"resource":"[assembly:/_pro/characters/assets/_genericparts/skin/textures/skin_detail.texture?/variance_a.tex](asheightmap).pc_tex","flag":"5F"},{"resource":"008E0FCF89ED862E","flag":"5F"},{"resource":"002C7E7EE46D0CD2","flag":"5F"},{"resource":"003ABC2468A52DBA","flag":"5F"},{"resource":"[assembly:/_pro/characters/assets/hero/agent47/textures/agent47_miami_sunglasses.texture?/diffuse_a.tex](ascolormap).pc_tex","flag":"5F"},{"resource":"[assembly:/_pro/characters/assets/_apparel/accessories/buttons/textures/buttons_01.texture?/normal_a.tex](asnormalmap).pc_tex","flag":"5F"},{"resource":"[assembly:/_pro/characters/assets/_apparel/accessories/buttons/textures/buttons_01.texture?/specular_a.tex](ascolormap).pc_tex","flag":"5F"},{"resource":"[assembly:/_pro/characters/assets/_apparel/accessories/buttons/textures/buttons_01.texture?/diffuse_a.tex](ascolormap).pc_tex","flag":"5F"},{"resource":"0051A1136DC9485E","flag":"5F"},{"resource":"000B633B8879DE76","flag":"5F"},{"resource":"007D850436B0A092","flag":"5F"},{"resource":"00D247582859CA87","flag":"5F"},{"resource":"00D20CA72E352D16","flag":"5F"},{"resource":"00B40E9503CF9271","flag":"5F"},{"resource":"[assembly:/_pro/characters/assets/individuals/paris/philip/textures/male_reg_philip_01_tie_01.texture?/specular_f.tex](ascolormap).pc_tex","flag":"5F"},{"resource":"[assembly:/_pro/characters/assets/individuals/paris/philip/textures/male_reg_philip_01_tie_01.texture?/normal_a.tex](asnormalmap).pc_tex","flag":"5F"},{"resource":"00B215B6E9FA3E9C","flag":"5F"}],"extraBlueprintDependencies":[],"comments":[]}