{"tempHash":"00847D96009C7062","tbluHash":"007B98C6271A0BA5","patch":[{"RemoveEntityByID":"7c99091f9653b989"},{"RemoveEntityByID":"da43f79be1f88f11"},{"SubEntityOperation":["af9ab15d42109df3",{"RemoveEventConnection":["HitmanWetness","T","da43f79be1f88f11"]}]},{"SubEntityOperation":["29af9d551058bdef",{"RemoveAllEventConnectionsForEvent":"Lerp"}]},{"SubEntityOperation":["9606208b24b28e6a",{"PatchArrayPropertyValue":["m_aBodyParts",[{"RemoveItemByValue":"7c99091f9653b989"}]]}]},{"SubEntityOperation":["fbbe55e018bee6c2",{"RemoveAllEventConnectionsForTrigger":["Lerp","ConstantVector1D_04_Value"]}]}],"patchVersion":6}