{"tempHash":"00330B9A68A548A3","tbluHash":"00FFD4710A4768E0","rootEntity":"83ecfed31559338d","entities":{"e0d1b89c28c40b33":{"parent":"83ecfed31559338d","name":"Lerp 2","factory":"[modules:/zmathlerp.class].pc_entitytype","blueprint":"[modules:/zmathlerp.class].pc_entityblueprint","properties":{"m_fT":{"type":"float32","value":0},"m_A":{"type":"float32","value":0},"m_B":{"type":"float32","value":0.30000001192092896}},"events":{"Lerp":{"ConstantVector1D_04_Value":["87148728350c85c4","4a2f6254ae0d3c81","e37236bc4c8ed900"]}}},"f6cf5f7097500404":{"parent":"83ecfed31559338d","name":"Head_47","factory":"00537D16B5CE7286","blueprint":"00F2E4A932ECAA63"},"474b996a7984724f":{"parent":"83ecfed31559338d","name":"ChildNetwork","factory":"[modules:/zchildnetworkentity.class].pc_entitytype","blueprint":"[modules:/zchildnetworkentity.class].pc_entityblueprint","properties":{"m_RuntimeNetworkResourceID":{"type":"ZRuntimeResourceID","value":{"resource":"[assembly:/animationnetworks/hitman01/idles/suitidle.aln].pc_rtn","flag":"9F"}}}},"4acf86cb2eafa943":{"parent":"87148728350c85c4","name":"male_reg_socks_01","factory":"000191174AD4F0BC","blueprint":"006B6ED99EF0ADEB","properties":{"2287298018":{"type":"IRenderMaterialEntity.EModifierOperation","value":"eReplace"},"m_mTransform":{"type":"SMatrix43","value":{"rotation":{"x":0,"y":0,"z":0},"position":{"x":0,"y":0,"z":0}}},"ConstantVector1D_01_Value_op":{"type":"IRenderMaterialEntity.EModifierOperation","value":"eReplace"},"ConstantVector1D_01_Value":{"type":"float32","value":0.009999999776482582},"Clients":{"type":"TArray<SEntityTemplateReference>","value":["87148728350c85c4"],"postInit":true},"m_eidParent":{"type":"SEntityTemplateReference","value":"83ecfed31559338d","postInit":true}}},"6e043096f9e4f44d":{"parent":"83ecfed31559338d","name":"Gloves_Leather","factory":"00BEE701448762C1","blueprint":"005D2B1CBD509E61","properties":{"Diffuse_Color_01_Value":{"type":"SColorRGB","value":"#2e2e2e"}}},"83ecfed31559338d":{"parent":null,"name":"OUTFIT_Agent47_Global_Envy_HeroA_v0","factory":"[assembly:/templates/aspectdummy.aspect]([modules:/zlinkedproxyentity.class].entitytype,[modules:/zclothcharacterentity.class].entitytype,[modules:/zheroidlenetworkaspect.class].entitytype).pc_entitytype","blueprint":"[assembly:/templates/aspectdummy.aspect]([modules:/zlinkedproxyentity.class].entitytype,[modules:/zclothcharacterentity.class].entitytype,[modules:/zheroidlenetworkaspect.class].entitytype).pc_entityblueprint","properties":{"m_ResourceID":{"type":"ZRuntimeResourceID","value":null},"m_fLODScale":{"type":"float32","value":1},"m_mTransform":{"type":"SMatrix43","value":{"rotation":{"x":0,"y":0,"z":-10.080753326416016},"position":{"x":55.728118896484375,"y":34.74264907836914,"z":0}}},"m_pBonesAndCollisionResource":{"type":"ZRuntimeResourceID","value":{"resource":"0017416135CF879C","flag":"5F"}},"m_bUsePerVertexStiffness":{"type":"bool","value":true},"m_LocalColliders":{"type":"TArray<SEntityTemplateReference>","value":[]},"m_bGlobalCollidersEnabled":{"type":"bool","value":false},"m_fDamping":{"type":"float32","value":1},"m_fBendStiffness":{"type":"float32","value":1},"m_bUsePerVertexDamping":{"type":"bool","value":true},"m_fShearStiffness":{"type":"float32","value":1},"m_bUseSkinningPosNormalConstrains":{"type":"bool","value":true},"m_bUseSkinningNegNormalConstrains":{"type":"bool","value":true},"m_nIterations":{"type":"uint32","value":2},"m_fFrequency":{"type":"float32","value":90},"m_vTranslationScale":{"type":"SVector3","value":{"x":0.10000000149011612,"y":0.10000000149011612,"z":0.10000000149011612}},"m_vGravity":{"type":"SVector3","value":{"x":0,"y":0,"z":-13}},"m_fLODOffset":{"type":"float32","value":100},"m_fDragConstant":{"type":"float32","value":1},"m_eStretchConstrainType":{"type":"EClothStretchConstrainType","value":"eClothBendConstrainType_LRA"},"m_fAngularVelocityThreshold":{"type":"float32","value":60},"m_eRootBone":{"type":"BoneId.Enum","value":"PELVIS"},"m_bEnableAngularVelocityScale":{"type":"bool","value":true},"m_eBendConstrainType":{"type":"EClothBendConstrainType","value":"eClothBendConstrainType_Triangle"},"m_pIdleAnimNetworkEntity":{"type":"SEntityTemplateReference","value":"474b996a7984724f"},"m_bRandomStartState":{"type":"bool","value":true},"m_fWindConstant":{"type":"float32","value":0.10000000149011612},"m_aBodyParts":{"type":"TArray<SEntityTemplateReference>","value":["2cecbc8d7d7760a6","e37236bc4c8ed900","87148728350c85c4","4a2f6254ae0d3c81","6e043096f9e4f44d","f6cf5f7097500404","22072a0fb3a5d55a"],"postInit":true}}},"87148728350c85c4":{"parent":"83ecfed31559338d","name":"Mesh_Socks","factory":"[modules:/zbodypartentity.class].pc_entitytype","blueprint":"[modules:/zbodypartentity.class].pc_entityblueprint","properties":{"m_pMeshResource":{"type":"ZRuntimeResourceID","value":{"resource":"0063B05E0712FBB3","flag":"5F"}}},"inputCopying":{"ConstantVector1D_04_Value":{"ConstantVector1D_04_Value":["4acf86cb2eafa943"]},"ConstantVector1D_01_Value":{"ConstantVector1D_01_Value":["4acf86cb2eafa943"]}}},"b76d29c7dc417051":{"parent":"83ecfed31559338d","name":"base_eye","factory":"00FDEC17A5A2BF5F","blueprint":"00C4E4179AE75353","properties":{"1405740434":{"type":"IRenderMaterialEntity.EModifierOperation","value":"eReplace"},"1762730872":{"type":"IRenderMaterialEntity.EModifierOperation","value":"eReplace"},"2036633045":{"type":"IRenderMaterialEntity.EModifierOperation","value":"eReplace"},"2298771567":{"type":"IRenderMaterialEntity.EModifierOperation","value":"eReplace"},"3480721934":{"type":"IRenderMaterialEntity.EModifierOperation","value":"eReplace"},"4103203329":{"type":"IRenderMaterialEntity.EModifierOperation","value":"eReplace"},"m_mTransform":{"type":"SMatrix43","value":{"rotation":{"x":0,"y":0,"z":0},"position":{"x":0,"y":0,"z":0}}},"Clients":{"type":"TArray<SEntityTemplateReference>","value":["83ecfed31559338d"]},"EyeShader_01_IrisBrightness":{"type":"float32","value":2},"EyeShader_01_PupilSize":{"type":"float32","value":0.17000000178813934},"EyeShader_01_IrisHueShift":{"type":"float32","value":0.10000000149011612},"EyeShader_01_CorneaSpecularPower":{"type":"float32","value":1},"EyeShader_01_CorneaSpecularIntensity":{"type":"float32","value":0.02500000037252903},"EyeShader_01_ScleraSpecularIntensity":{"type":"float32","value":0.019999999552965164},"Texture2D_01_enab":{"type":"bool","value":true},"Texture2D_01":{"type":"ZRuntimeResourceID","value":{"resource":"00956964149E802F","flag":"5F"}},"m_eidParent":{"type":"SEntityTemplateReference","value":"83ecfed31559338d"}}},"22072a0fb3a5d55a":{"parent":"83ecfed31559338d","name":"Agent47_S2_Suit_NoTie","factory":"00A0366B8B0933A5","blueprint":"004C5E391B4B1E50","properties":{"ConstantColorRGB_05_Value":{"type":"SColorRGB","value":"#3e4061"},"ConstantVector1D_03_Value":{"type":"float32","value":10},"ConstantColorRGB_02_Value":{"type":"SColorRGB","value":"#595cb2"},"ConstantVector1D_04_Value":{"type":"float32","value":0.25999999046325684},"Diffuse_Color_01_Value":{"type":"SColorRGB","value":"#779e86"},"ConstantVector1D_01_Value_1":{"type":"float32","value":1},"Texture2D_01":{"type":"ZRuntimeResourceID","value":{"resource":"00F6D00A0B36EC5D","flag":"5F"}},"m_pMeshResource":{"type":"ZRuntimeResourceID","value":{"resource":"00A0DC674E56E4B9","flag":"5F"}},"Diffuse_Saturation_01_Value":{"type":"float32","value":0},"Texture2D_03_1":{"type":"ZRuntimeResourceID","value":{"resource":"00CDABEC4946FC2C","flag":"5F"}},"ConstantVector1D_01_Value_2":{"type":"float32","value":0.02500000037252903},"Texture2DNormal_01_1":{"type":"ZRuntimeResourceID","value":{"resource":"00F43214257B52E6","flag":"5F"}},"ConstantVector1D_15_Value":{"type":"float32","value":5},"ConstantVector1D_14_Value":{"type":"float32","value":-0.2300000041723251}}},"cf6208595bfbbef4":{"parent":"83ecfed31559338d","name":"Lerp 4","factory":"[modules:/zmathlerp.class].pc_entitytype","blueprint":"[modules:/zmathlerp.class].pc_entityblueprint","properties":{"m_fT":{"type":"float32","value":0},"m_A":{"type":"float32","value":0.05000000074505806},"m_B":{"type":"float32","value":0.30000001192092896}},"events":{"Lerp":{"ConstantVector1D_14_Value":["2cecbc8d7d7760a6"]}}},"d76b5e98f2eb6b22":{"parent":"2cecbc8d7d7760a6","name":"male_reg_suit_pants_01","factory":"0074A1B094FC4120","blueprint":"0007754D66EDCF32","properties":{"1239136802":{"type":"IRenderMaterialEntity.EModifierOperation","value":"eReplace"},"1294887455":{"type":"IRenderMaterialEntity.EModifierOperation","value":"eReplace"},"1565884279":{"type":"IRenderMaterialEntity.EModifierOperation","value":"eReplace"},"1787395739":{"type":"IRenderMaterialEntity.EModifierOperation","value":"eReplace"},"2359342559":{"type":"IRenderMaterialEntity.EModifierOperation","value":"eReplace"},"2786709788":{"type":"IRenderMaterialEntity.EModifierOperation","value":"eReplace"},"2869403995":{"type":"IRenderMaterialEntity.EModifierOperation","value":"eReplace"},"3516673141":{"type":"IRenderMaterialEntity.EModifierOperation","value":"eReplace"},"m_mTransform":{"type":"SMatrix43","value":{"rotation":{"x":0,"y":0,"z":0},"position":{"x":9.988899230957031,"y":-8.244298934936523,"z":0}}},"ConstantVector1D_01_Value_op":{"type":"IRenderMaterialEntity.EModifierOperation","value":"eReplace"},"ConstantVector1D_01_Value":{"type":"float32","value":0.699999988079071},"Active":{"type":"bool","value":true},"ConstantVector1D_16_Value":{"type":"float32","value":0.5},"ConstantVector1D_03_Value":{"type":"float32","value":2},"ConstantVector1D_14_Value":{"type":"float32","value":-0.10000000149011612},"Texture2D_01_enab":{"type":"bool","value":true},"Texture2D_01":{"type":"ZRuntimeResourceID","value":{"resource":"00C43DA2FFEF925E","flag":"5F"}},"Diffuse_Color_01_Value":{"type":"SColorRGB","value":"#779e86"},"ConstantVector1D_13_Value":{"type":"float32","value":0},"Texture2D_03_enab":{"type":"bool","value":true},"ConstantVector1D_15_Value":{"type":"float32","value":5},"Diffuse_Saturation_01_Value":{"type":"float32","value":0},"Texture2DNormal_01":{"type":"ZRuntimeResourceID","value":{"resource":"00C31416E49E0D4A","flag":"5F"}},"Texture2DNormal_01_enab":{"type":"bool","value":true},"Texture2D_03":{"type":"ZRuntimeResourceID","value":{"resource":"00664709E1F7A326","flag":"5F"}},"m_eidParent":{"type":"SEntityTemplateReference","value":"83ecfed31559338d"},"Clients":{"type":"TArray<SEntityTemplateReference>","value":["2cecbc8d7d7760a6"],"postInit":true}}},"2cecbc8d7d7760a6":{"parent":"83ecfed31559338d","name":"Mesh_Pant","factory":"[modules:/zbodypartentity.class].pc_entitytype","blueprint":"[modules:/zbodypartentity.class].pc_entityblueprint","properties":{"m_pMeshResource":{"type":"ZRuntimeResourceID","value":{"resource":"00530A403BFCA4F9","flag":"5F"}}},"inputCopying":{"ConstantVector1D_14_Value":{"ConstantVector1D_14_Value":["d76b5e98f2eb6b22"]},"ConstantVector1D_01_Value":{"ConstantVector1D_01_Value":["d76b5e98f2eb6b22"]},"ConstantVector1D_06_Value":{"ConstantVector1D_06_Value":["d76b5e98f2eb6b22"]}}},"3311cf0b5f4a0f31":{"parent":"83ecfed31559338d","name":"Lerp 3","factory":"[modules:/zmathlerp.class].pc_entitytype","blueprint":"[modules:/zmathlerp.class].pc_entityblueprint","properties":{"m_fT":{"type":"float32","value":0},"m_A":{"type":"float32","value":1},"m_B":{"type":"float32","value":2}},"events":{"Lerp":{"ConstantVector1D_06_Value":["4a2f6254ae0d3c81","2cecbc8d7d7760a6"]}}},"c6ff31feaa6e1b7":{"parent":"83ecfed31559338d","name":"Attacher_Head","factory":"[assembly:/templates/aspectdummy.aspect]([modules:/zcompositeentity.class].entitytype,[modules:/zboneattachaspect.class].entitytype).pc_entitytype","blueprint":"[assembly:/templates/aspectdummy.aspect]([modules:/zcompositeentity.class].entitytype,[modules:/zboneattachaspect.class].entitytype).pc_entityblueprint","properties":{"m_BoneName":{"type":"ZString","value":"Head"},"m_linkedEntity":{"type":"SEntityTemplateReference","value":"83ecfed31559338d"},"m_eidParent":{"type":"SEntityTemplateReference","value":"83ecfed31559338d"}}},"2b46b936975a0398":{"parent":"dd56f99e79b86199","name":"lens_basic","factory":"[assembly:/_pro/characters/assets/_apparel/accessories/glasses/materials/lens_basic.mi].pc_entitytype","blueprint":"[assembly:/_pro/characters/assets/_apparel/accessories/glasses/materials/lens_basic.mi].pc_entityblueprint","properties":{"201768358":{"type":"IRenderMaterialEntity.EModifierOperation","value":"eReplace"},"m_mTransform":{"type":"SMatrix43","value":{"rotation":{"x":0.0000000727626030538886,"y":-0.000000025729109509597947,"z":-0.00000014334698050788575},"position":{"x":-0.0000005692111244570697,"y":-0.000001041275027091615,"z":-0.000000039197420420578055}}},"Diffuse_Tint_Value":{"type":"SColorRGB","value":"#525252"},"ConstantVector1D_01_Value":{"type":"float32","value":0},"ConstantVector1D_01_Value_op":{"type":"IRenderMaterialEntity.EModifierOperation","value":"eReplace"},"Texture2D_01_enab":{"type":"bool","value":true},"Clients":{"type":"TArray<SEntityTemplateReference>","value":["dd56f99e79b86199"],"postInit":true},"m_eidParent":{"type":"SEntityTemplateReference","value":"dd56f99e79b86199","postInit":true}}},"8fc1ddbdb36cd8ab":{"parent":"e37236bc4c8ed900","name":"male_reg_bangkok_hotelsecurity_shoes","factory":"[assembly:/_pro/characters/assets/guards/bangkok/hotel_security/materials/male_reg_bangkok_hotelsecurity_shoes.mi].pc_entitytype","blueprint":"[assembly:/_pro/characters/assets/guards/bangkok/hotel_security/materials/male_reg_bangkok_hotelsecurity_shoes.mi].pc_entityblueprint","properties":{"1737952988":{"type":"IRenderMaterialEntity.EModifierOperation","value":"eReplace"},"2287298018":{"type":"IRenderMaterialEntity.EModifierOperation","value":"eReplace"},"m_mTransform":{"type":"SMatrix43","value":{"rotation":{"x":0,"y":0,"z":0},"position":{"x":0,"y":0,"z":0}}},"ConstantVector1D_05_Value":{"type":"float32","value":0.5099999904632568},"Texture2D_01_enab":{"type":"bool","value":true},"Texture2D_01":{"type":"ZRuntimeResourceID","value":{"resource":"0056D10B3D6AFAD8","flag":"5F"}},"Texture2DNormal_01_enab":{"type":"bool","value":true},"Texture2DNormal_01":{"type":"ZRuntimeResourceID","value":{"resource":"0012B1C58624FB9D","flag":"5F"}},"Texture2D_03_enab":{"type":"bool","value":true},"Texture2D_03":{"type":"ZRuntimeResourceID","value":{"resource":"0066A12C24F2E2F9","flag":"5F"}},"ConstantVector1D_01_Value_op":{"type":"IRenderMaterialEntity.EModifierOperation","value":"eReplace"},"m_eidParent":{"type":"SEntityTemplateReference","value":"83ecfed31559338d"},"Clients":{"type":"TArray<SEntityTemplateReference>","value":["e37236bc4c8ed900"],"postInit":true}}},"e37236bc4c8ed900":{"parent":"83ecfed31559338d","name":"Mesh_Shoes01","factory":"[modules:/zbodypartentity.class].pc_entitytype","blueprint":"[modules:/zbodypartentity.class].pc_entityblueprint","properties":{"m_pMeshResource":{"type":"ZRuntimeResourceID","value":{"resource":"00C536224D4F37E1","flag":"5F"}}},"inputCopying":{"ConstantVector1D_04_Value":{"ConstantVector1D_04_Value":["8fc1ddbdb36cd8ab"]},"ConstantVector1D_01_Value":{"ConstantVector1D_01_Value":["8fc1ddbdb36cd8ab"]}}},"5d8d9073a7de0a5c":{"parent":"83ecfed31559338d","name":"FX_Hitman_Wet_Logic_Character","factory":"0067CFB703A80787","blueprint":"00AA88C960CD2080","properties":{"HeadMaterialToOverride":{"type":"ZRuntimeResourceID","value":{"resource":"009F7978C601815A","flag":"5F"}},"HeadMaterialOverride":{"type":"TArray<SEntityTemplateReference>","value":["83ecfed31559338d"]}},"events":{"HitmanWetness":{"T":["566dd8bfa4344870","e0d1b89c28c40b33","3311cf0b5f4a0f31","cf6208595bfbbef4","f6d2432f64c8c0d5"]}}},"f6d2432f64c8c0d5":{"parent":"83ecfed31559338d","name":"Lerp 5","factory":"[modules:/zmathlerp.class].pc_entitytype","blueprint":"[modules:/zmathlerp.class].pc_entityblueprint","properties":{"m_fT":{"type":"float32","value":0},"m_A":{"type":"float32","value":0.699999988079071},"m_B":{"type":"float32","value":0.4000000059604645}},"events":{"Lerp":{"ConstantVector1D_01_Value":["2cecbc8d7d7760a6"]}}},"1b9b530303e3d230":{"parent":"4a2f6254ae0d3c81","name":"shandy_hoodie_01","factory":"00A150A12EEA78AE","blueprint":"0045A5CA72218549","properties":{"1737952988":{"type":"IRenderMaterialEntity.EModifierOperation","value":"eReplace"},"2287298018":{"type":"IRenderMaterialEntity.EModifierOperation","value":"eReplace"},"2359342559":{"type":"IRenderMaterialEntity.EModifierOperation","value":"eReplace"},"3516673141":{"type":"IRenderMaterialEntity.EModifierOperation","value":"eReplace"},"m_mTransform":{"type":"SMatrix43","value":{"rotation":{"x":0,"y":0,"z":0},"position":{"x":0,"y":0,"z":0}}},"Diffuse_Color_01_Value":{"type":"SColorRGB","value":"#292929"},"Texture2D_01_enab":{"type":"bool","value":true},"Texture2D_01":{"type":"ZRuntimeResourceID","value":{"resource":"00CDC1BA78CC711D","flag":"5F"}},"ConstantVector1D_05_Value":{"type":"float32","value":0.5},"ConstantVector1D_01_Value_op":{"type":"IRenderMaterialEntity.EModifierOperation","value":"eReplace"},"m_eidParent":{"type":"SEntityTemplateReference","value":"83ecfed31559338d"},"Clients":{"type":"TArray<SEntityTemplateReference>","value":["4a2f6254ae0d3c81"],"postInit":true}}},"4a2f6254ae0d3c81":{"parent":"83ecfed31559338d","name":"Mesh_Hoodie","factory":"[modules:/zbodypartentity.class].pc_entitytype","blueprint":"[modules:/zbodypartentity.class].pc_entityblueprint","properties":{"m_pMeshResource":{"type":"ZRuntimeResourceID","value":{"resource":"00FD508E216DEA00","flag":"5F"}}},"inputCopying":{"ConstantVector1D_04_Value":{"ConstantVector1D_04_Value":["1b9b530303e3d230"]},"ConstantVector1D_01_Value":{"ConstantVector1D_01_Value":["1b9b530303e3d230"]},"ConstantVector1D_06_Value":{"ConstantVector1D_06_Value":["1b9b530303e3d230"]}}},"566dd8bfa4344870":{"parent":"83ecfed31559338d","name":"Lerp","factory":"[modules:/zmathlerp.class].pc_entitytype","blueprint":"[modules:/zmathlerp.class].pc_entityblueprint","properties":{"m_fT":{"type":"float32","value":0},"m_A":{"type":"float32","value":12},"m_B":{"type":"float32","value":5}}},"469b91706193f6a3":{"parent":"83ecfed31559338d","name":"male_reg_eyelashes","factory":"00AF6FD15BFAC222","blueprint":"00926F11E3C00813","properties":{"1294887455":{"type":"IRenderMaterialEntity.EModifierOperation","value":"eReplace"},"2786709788":{"type":"IRenderMaterialEntity.EModifierOperation","value":"eReplace"},"m_mTransform":{"type":"SMatrix43","value":{"rotation":{"x":0,"y":0,"z":0},"position":{"x":0,"y":0,"z":0}}},"Clients":{"type":"TArray<SEntityTemplateReference>","value":["83ecfed31559338d"]},"ConstantVector1D_16_Value":{"type":"float32","value":1.5},"m_eidParent":{"type":"SEntityTemplateReference","value":"83ecfed31559338d"}}},"333bb44766a207eb":{"parent":"dd56f99e79b86199","name":"male_reg_agent47_sapienza_glasses","factory":"[assembly:/_pro/characters/assets/hero/agent47/materials/male_reg_agent47_sapienza_glasses.mi].pc_entitytype","blueprint":"[assembly:/_pro/characters/assets/hero/agent47/materials/male_reg_agent47_sapienza_glasses.mi].pc_entityblueprint","properties":{"3516673141":{"type":"IRenderMaterialEntity.EModifierOperation","value":"eLeave"},"m_mTransform":{"type":"SMatrix43","value":{"rotation":{"x":0,"y":0,"z":0},"position":{"x":0,"y":0,"z":0}}},"Diffuse_Color_01_Value":{"type":"SColorRGB","value":"#ffffff"},"ConstantVector1D_01_Value_op":{"type":"IRenderMaterialEntity.EModifierOperation","value":"eReplace"},"ConstantVector1D_01_Value":{"type":"float32","value":0.6299999952316284},"Clients":{"type":"TArray<SEntityTemplateReference>","value":["dd56f99e79b86199"],"postInit":true},"m_eidParent":{"type":"SEntityTemplateReference","value":"dd56f99e79b86199","postInit":true}}},"dd56f99e79b86199":{"parent":"c6ff31feaa6e1b7","name":"glasses_aviator_fullframe_bridge","factory":"00D0D8A9FA7D6B43","blueprint":"00127637484C9445","properties":{"m_mTransform":{"type":"SMatrix43","value":{"rotation":{"x":-126.37891387939447,"y":89.15396118164035,"z":-57.806457519531854},"position":{"x":0.07819999754428864,"y":0.006914000026881695,"z":-0.00036199999158270657},"scale":{"x":1.0000000000000002,"y":1.0000000000000007,"z":1.0000000000000002}}},"m_eidParent":{"type":"SEntityTemplateReference","value":"c6ff31feaa6e1b7"},"m_PrimitiveScale":{"type":"SVector3","value":{"x":0.9563239812850952,"y":0.975000023841858,"z":0.975000023841858}},"m_rLinkedProxyEntity":{"type":"SEntityTemplateReference","value":null},"m_ResourceID":{"type":"ZRuntimeResourceID","value":{"resource":"004CF88A75B64F61","flag":"5F"}},"Diffuse_Tint_Value":{"type":"SColorRGB","value":"#000000"},"ConstantVector1D_01_Value":{"type":"float32","value":0}}}},"propertyOverrides":[],"overrideDeletes":[],"pinConnectionOverrides":[],"pinConnectionOverrideDeletes":[],"externalScenes":[],"subType":"template","quickEntityVersion":3.1,"extraFactoryDependencies":[],"extraBlueprintDependencies":[],"comments":[]}