{"tempHash":"00605BD5EF358E40","tbluHash":"007FE95865364152","rootEntity":"270dd190b8831caa","entities":{"fc0bc9f1fc53f544":{"parent":"615da5b899399320","name":"C_TighTop_R","factory":"[assembly:/templates/aspectdummy.aspect]([modules:/zclothsphere.class].entitytype,[modules:/zboneattachaspect.class].entitytype).pc_entitytype","blueprint":"[assembly:/templates/aspectdummy.aspect]([modules:/zclothsphere.class].entitytype,[modules:/zboneattachaspect.class].entitytype).pc_entityblueprint","properties":{"m_fRadius":{"type":"float32","value":0.13199999928474426},"m_BoneName":{"type":"ZString","value":"RThighTwist"},"m_mTransform":{"type":"SMatrix43","value":{"rotation":{"x":0,"y":0,"z":0},"position":{"x":0.001167000038549304,"y":0.015010000206530094,"z":-0.0352259986102581}}},"m_linkedEntity":{"type":"SEntityTemplateReference","value":"270dd190b8831caa","postInit":true},"m_eidParent":{"type":"SEntityTemplateReference","value":"615da5b899399320","postInit":true}}},"1277828ae5885d4e":{"parent":"9499342c8e55d182","name":"C_Spine","factory":"[assembly:/templates/aspectdummy.aspect]([modules:/zclothcapsule.class].entitytype,[modules:/zboneattachaspect.class].entitytype).pc_entitytype","blueprint":"[assembly:/templates/aspectdummy.aspect]([modules:/zclothcapsule.class].entitytype,[modules:/zboneattachaspect.class].entitytype).pc_entityblueprint","properties":{"m_BoneName":{"type":"ZString","value":"Spine"},"m_fRadiusX":{"type":"float32","value":0.18000000715255737},"m_fRadiusY":{"type":"float32","value":0.13500000536441803},"m_fTop":{"type":"float32","value":0.009999999776482582},"m_fBottom":{"type":"float32","value":0},"m_fRadiusZ":{"type":"float32","value":0.15000000596046448},"m_bEnableBottomRadii":{"type":"bool","value":false},"m_fRadiusXBottom":{"type":"float32","value":1},"m_fRadiusYBottom":{"type":"float32","value":1},"m_fRadiusZBottom":{"type":"float32","value":1},"m_mTransform":{"type":"SMatrix43","value":{"rotation":{"x":0,"y":0,"z":0},"position":{"x":0.00003360227128723636,"y":0.038269009441137314,"z":-0.00861200038343668}}},"m_bEnabled":{"type":"bool","value":true},"m_linkedEntity":{"type":"SEntityTemplateReference","value":"270dd190b8831caa","postInit":true},"m_eidParent":{"type":"SEntityTemplateReference","value":"9499342c8e55d182","postInit":true}}},"d10ad69e75529f78":{"parent":"615da5b899399320","name":"C_Spine2_R","factory":"[assembly:/templates/aspectdummy.aspect]([modules:/zclothsphere.class].entitytype,[modules:/zboneattachaspect.class].entitytype).pc_entitytype","blueprint":"[assembly:/templates/aspectdummy.aspect]([modules:/zclothsphere.class].entitytype,[modules:/zboneattachaspect.class].entitytype).pc_entityblueprint","properties":{"m_BoneName":{"type":"ZString","value":"Spine2"},"m_fRadius":{"type":"float32","value":0.15000000596046448},"m_mTransform":{"type":"SMatrix43","value":{"rotation":{"x":0.607518970966339,"y":0.041310258209705346,"z":7.778167724609376},"position":{"x":-0.034866999834775925,"y":0.024687999859452248,"z":-0.04030299931764603},"scale":{"x":1,"y":0.9999999999999999,"z":0.9999999999999999}}},"m_bEnabled":{"type":"bool","value":true},"m_linkedEntity":{"type":"SEntityTemplateReference","value":"270dd190b8831caa","postInit":true},"m_eidParent":{"type":"SEntityTemplateReference","value":"615da5b899399320","postInit":true}}},"39a05a5e89b78157":{"parent":"9499342c8e55d182","name":"C_ShoulderR","factory":"[assembly:/templates/aspectdummy.aspect]([modules:/zclothsphere.class].entitytype,[modules:/zboneattachaspect.class].entitytype).pc_entitytype","blueprint":"[assembly:/templates/aspectdummy.aspect]([modules:/zclothsphere.class].entitytype,[modules:/zboneattachaspect.class].entitytype).pc_entityblueprint","properties":{"m_fRadius":{"type":"float32","value":0.07999999821186066},"m_BoneName":{"type":"ZString","value":"R_Clavicle"},"m_mTransform":{"type":"SMatrix43","value":{"rotation":{"x":0,"y":0,"z":0},"position":{"x":0.14000500738620758,"y":-0.004430999979376793,"z":-0.024809999391436577}}},"m_bEnabled":{"type":"bool","value":true},"m_linkedEntity":{"type":"SEntityTemplateReference","value":"270dd190b8831caa","postInit":true},"m_eidParent":{"type":"SEntityTemplateReference","value":"9499342c8e55d182","postInit":true}}},"4498f27073ffccff":{"parent":"9499342c8e55d182","name":"ColliderGroup","factory":"[modules:/zclothcollidergroup.class].pc_entitytype","blueprint":"[modules:/zclothcollidergroup.class].pc_entityblueprint","properties":{"m_ClothColliders":{"type":"TArray<SEntityTemplateReference>","value":["3ebbfac4ca55f11f","d945d98ecf1803ee","ba17e75f2107edb6","7d95b2746983a4d","1277828ae5885d4e","d1e9cb3977b479e8","b1c733040274916c","1d1cf8536d97248a","5711a89a0246b852"],"postInit":true},"m_eidParent":{"type":"SEntityTemplateReference","value":"9499342c8e55d182","postInit":true}}},"7c5fef6b18a9df80":{"parent":"9499342c8e55d182","name":"C_Foot_L","factory":"[assembly:/templates/aspectdummy.aspect]([modules:/zclothsphere.class].entitytype,[modules:/zboneattachaspect.class].entitytype).pc_entitytype","blueprint":"[assembly:/templates/aspectdummy.aspect]([modules:/zclothsphere.class].entitytype,[modules:/zboneattachaspect.class].entitytype).pc_entityblueprint","properties":{"m_fRadius":{"type":"float32","value":0.10999999940395357},"m_BoneName":{"type":"ZString","value":"L_Foot"},"m_mTransform":{"type":"SMatrix43","value":{"rotation":{"x":0,"y":0,"z":0},"position":{"x":-0.0000001290655973207322,"y":0.000000002171457902377938,"z":0}}},"m_bEnabled":{"type":"bool","value":true},"m_linkedEntity":{"type":"SEntityTemplateReference","value":"270dd190b8831caa","postInit":true},"m_eidParent":{"type":"SEntityTemplateReference","value":"9499342c8e55d182","postInit":true}}},"cf7da575fa3eea44":{"parent":"270dd190b8831caa","name":"Bow min","factory":"[modules:/zmathlerp.class].pc_entitytype","blueprint":"[modules:/zmathlerp.class].pc_entityblueprint","properties":{"m_A":{"type":"float32","value":0.5600000023841858},"m_B":{"type":"float32","value":0.6200000047683716},"m_fT":{"type":"float32","value":0}},"events":{"Lerp":{"ConstantVector1D_04_Value":["6bf5d8a69027ee9a"]}}},"d1e9cb3977b479e8":{"parent":"9499342c8e55d182","name":"CChainHead_Neck","factory":"[modules:/zclothspherechain.class].pc_entitytype","blueprint":"[modules:/zclothspherechain.class].pc_entityblueprint","properties":{"m_Spheres":{"type":"TArray<SEntityTemplateReference>","value":["c62a3b4b741c41c1","9d5867d05a6373ea","b1c733040274916c"],"postInit":true},"m_eidParent":{"type":"SEntityTemplateReference","value":"9499342c8e55d182","postInit":true}}},"37c4926faa93279b":{"parent":"9499342c8e55d182","name":"C_Knee_R","factory":"[assembly:/templates/aspectdummy.aspect]([modules:/zclothsphere.class].entitytype,[modules:/zboneattachaspect.class].entitytype).pc_entitytype","blueprint":"[assembly:/templates/aspectdummy.aspect]([modules:/zclothsphere.class].entitytype,[modules:/zboneattachaspect.class].entitytype).pc_entityblueprint","properties":{"m_fRadius":{"type":"float32","value":0.10000000149011612},"m_BoneName":{"type":"ZString","value":"R_Calf"},"m_mTransform":{"type":"SMatrix43","value":{"rotation":{"x":0,"y":0,"z":0},"position":{"x":0.0013312119990587234,"y":-0.010140989907085896,"z":-0.0023399998899549246}}},"m_bEnabled":{"type":"bool","value":true},"m_linkedEntity":{"type":"SEntityTemplateReference","value":"270dd190b8831caa","postInit":true},"m_eidParent":{"type":"SEntityTemplateReference","value":"9499342c8e55d182","postInit":true}}},"d945d98ecf1803ee":{"parent":"9499342c8e55d182","name":"CChain_RightArm","factory":"[modules:/zclothspherechain.class].pc_entitytype","blueprint":"[modules:/zclothspherechain.class].pc_entityblueprint","properties":{"m_mTransform":{"type":"SMatrix43","value":{"rotation":{"x":0,"y":0,"z":0},"position":{"x":-0.0000001290655973207322,"y":0.000000002171457902377938,"z":0}}},"m_bCollisionGroup0":{"type":"bool","value":true},"m_bCollisionGroup1":{"type":"bool","value":false},"m_bEnabled":{"type":"bool","value":true},"m_Spheres":{"type":"TArray<SEntityTemplateReference>","value":["b1c733040274916c","39a05a5e89b78157","7942bf24c39abb8d","f8a31647ad7ecfb8"],"postInit":true},"m_eidParent":{"type":"SEntityTemplateReference","value":"9499342c8e55d182","postInit":true}}},"9287f90e0d92dd7b":{"parent":"615da5b899399320","name":"CChain_Legs","factory":"[modules:/zclothspherechain.class].pc_entitytype","blueprint":"[modules:/zclothspherechain.class].pc_entityblueprint","properties":{"m_mTransform":{"type":"SMatrix43","value":{"rotation":{"x":0,"y":0,"z":0},"position":{"x":-0.0000001290655973207322,"y":0.000000002171457902377938,"z":0}}},"m_bCollisionGroup0":{"type":"bool","value":true},"m_bEnabled":{"type":"bool","value":true},"m_Spheres":{"type":"TArray<SEntityTemplateReference>","value":["95078458e23dab18","ec85a7001413e88f","fc0bc9f1fc53f544","787bd2afe69d439b","2f5fb6beb8fd7da8","2d4db31f2410e5c5","12f0bf711d3a430","e2b5710ababb8a6c"],"postInit":true},"m_eidParent":{"type":"SEntityTemplateReference","value":"615da5b899399320","postInit":true}}},"cce38dc6481323f6":{"parent":"615da5b899399320","name":"C_Hand_L","factory":"[assembly:/templates/aspectdummy.aspect]([modules:/zclothsphere.class].entitytype,[modules:/zboneattachaspect.class].entitytype).pc_entitytype","blueprint":"[assembly:/templates/aspectdummy.aspect]([modules:/zclothsphere.class].entitytype,[modules:/zboneattachaspect.class].entitytype).pc_entityblueprint","properties":{"m_fRadius":{"type":"float32","value":0.05000000074505806},"m_BoneName":{"type":"ZString","value":"L_Hand"},"m_linkedEntity":{"type":"SEntityTemplateReference","value":"270dd190b8831caa","postInit":true},"m_eidParent":{"type":"SEntityTemplateReference","value":"615da5b899399320","postInit":true}}},"631d4f87819a794d":{"parent":"615da5b899399320","name":"C_Neck","factory":"[assembly:/templates/aspectdummy.aspect]([modules:/zclothsphere.class].entitytype,[modules:/zboneattachaspect.class].entitytype).pc_entitytype","blueprint":"[assembly:/templates/aspectdummy.aspect]([modules:/zclothsphere.class].entitytype,[modules:/zboneattachaspect.class].entitytype).pc_entityblueprint","properties":{"m_fRadius":{"type":"float32","value":0.07999999821186066},"m_BoneName":{"type":"ZString","value":"Neck"},"m_linkedEntity":{"type":"SEntityTemplateReference","value":"270dd190b8831caa","postInit":true},"m_eidParent":{"type":"SEntityTemplateReference","value":"615da5b899399320","postInit":true}}},"3ebbfac4ca55f11f":{"parent":"9499342c8e55d182","name":"CChain_Legs","factory":"[modules:/zclothspherechain.class].pc_entitytype","blueprint":"[modules:/zclothspherechain.class].pc_entityblueprint","properties":{"m_mTransform":{"type":"SMatrix43","value":{"rotation":{"x":0,"y":0,"z":0},"position":{"x":-0.0000001290655973207322,"y":0.000000002171457902377938,"z":0}}},"m_Spheres":{"type":"TArray<SEntityTemplateReference>","value":["f88068d349d3bc6d","37c4926faa93279b","168c7961b1ebd0b2","b5ce8b00c82884da","e08da6cf75b317c3"],"postInit":true},"m_eidParent":{"type":"SEntityTemplateReference","value":"9499342c8e55d182","postInit":true}}},"922c86a46f0b7785":{"parent":"270dd190b8831caa","name":"Shirt_Dress_BtnUp_Tkd_Cut_Jacket","factory":"0011644483049F85","blueprint":"000083C995DF8DF6","properties":{"Diffuse_Color_01_Value":{"type":"SColorRGB","value":"#ffffff"},"Diffuse_Color_02_Value":{"type":"SColorRGB","value":"#ffffff"},"m_pMeshResource":{"type":"ZRuntimeResourceID","value":{"resource":"00B01768DC4A1EB4","flag":"5F"}}}},"a6db9795ca5db774":{"parent":"9499342c8e55d182","name":"C_Hand_L","factory":"[assembly:/templates/aspectdummy.aspect]([modules:/zclothsphere.class].entitytype,[modules:/zboneattachaspect.class].entitytype).pc_entitytype","blueprint":"[assembly:/templates/aspectdummy.aspect]([modules:/zclothsphere.class].entitytype,[modules:/zboneattachaspect.class].entitytype).pc_entityblueprint","properties":{"m_fRadius":{"type":"float32","value":0.05999999865889549},"m_BoneName":{"type":"ZString","value":"L_Hand"},"m_mTransform":{"type":"SMatrix43","value":{"rotation":{"x":0,"y":0,"z":0},"position":{"x":0.1123398020863533,"y":0.024796010926365852,"z":0.003324999939650297}}},"m_bEnabled":{"type":"bool","value":true},"m_linkedEntity":{"type":"SEntityTemplateReference","value":"270dd190b8831caa","postInit":true},"m_eidParent":{"type":"SEntityTemplateReference","value":"9499342c8e55d182","postInit":true}}},"7f61179fca59dd93":{"parent":"615da5b899399320","name":"C_Palm_R","factory":"[assembly:/templates/aspectdummy.aspect]([modules:/zclothsphere.class].entitytype,[modules:/zboneattachaspect.class].entitytype).pc_entitytype","blueprint":"[assembly:/templates/aspectdummy.aspect]([modules:/zclothsphere.class].entitytype,[modules:/zboneattachaspect.class].entitytype).pc_entityblueprint","properties":{"m_fRadius":{"type":"float32","value":0.07000000029802322},"m_BoneName":{"type":"ZString","value":"R_Hand"},"m_mTransform":{"type":"SMatrix43","value":{"rotation":{"x":0,"y":0,"z":0},"position":{"x":0.07999999821186066,"y":0,"z":0}}},"m_linkedEntity":{"type":"SEntityTemplateReference","value":"270dd190b8831caa","postInit":true},"m_eidParent":{"type":"SEntityTemplateReference","value":"615da5b899399320","postInit":true}}},"9b164e2cee7e49c1":{"parent":"615da5b899399320","name":"C_Palm_L","factory":"[assembly:/templates/aspectdummy.aspect]([modules:/zclothsphere.class].entitytype,[modules:/zboneattachaspect.class].entitytype).pc_entitytype","blueprint":"[assembly:/templates/aspectdummy.aspect]([modules:/zclothsphere.class].entitytype,[modules:/zboneattachaspect.class].entitytype).pc_entityblueprint","properties":{"m_fRadius":{"type":"float32","value":0.07000000029802322},"m_BoneName":{"type":"ZString","value":"L_Hand"},"m_mTransform":{"type":"SMatrix43","value":{"rotation":{"x":0,"y":0,"z":0},"position":{"x":0.07999999821186066,"y":0,"z":0}}},"m_linkedEntity":{"type":"SEntityTemplateReference","value":"270dd190b8831caa","postInit":true},"m_eidParent":{"type":"SEntityTemplateReference","value":"615da5b899399320","postInit":true}}},"31d7d5a89fa163b9":{"parent":"615da5b899399320","name":"CChain_Spine_L","factory":"[modules:/zclothspherechain.class].pc_entitytype","blueprint":"[modules:/zclothspherechain.class].pc_entityblueprint","properties":{"m_mTransform":{"type":"SMatrix43","value":{"rotation":{"x":0,"y":0,"z":0},"position":{"x":-0.0000001290655973207322,"y":0.000000002171457902377938,"z":0}}},"m_Spheres":{"type":"TArray<SEntityTemplateReference>","value":["c818e8ac8ee4d059","6a6b76cb7af6066b","a6924eb7020ef816"],"postInit":true},"m_eidParent":{"type":"SEntityTemplateReference","value":"615da5b899399320","postInit":true}}},"6a6b76cb7af6066b":{"parent":"615da5b899399320","name":"C_Spine1_L","factory":"[assembly:/templates/aspectdummy.aspect]([modules:/zclothsphere.class].entitytype,[modules:/zboneattachaspect.class].entitytype).pc_entitytype","blueprint":"[assembly:/templates/aspectdummy.aspect]([modules:/zclothsphere.class].entitytype,[modules:/zboneattachaspect.class].entitytype).pc_entityblueprint","properties":{"m_BoneName":{"type":"ZString","value":"Spine1"},"m_fRadius":{"type":"float32","value":0.125},"m_mTransform":{"type":"SMatrix43","value":{"rotation":{"x":0,"y":0,"z":0},"position":{"x":-0.03164999932050705,"y":0.032572001218795776,"z":0.03817800059914589}}},"m_bEnabled":{"type":"bool","value":true},"m_linkedEntity":{"type":"SEntityTemplateReference","value":"270dd190b8831caa","postInit":true},"m_eidParent":{"type":"SEntityTemplateReference","value":"615da5b899399320","postInit":true}}},"20660d99d452fc22":{"parent":"615da5b899399320","name":"C_Spine1_R","factory":"[assembly:/templates/aspectdummy.aspect]([modules:/zclothsphere.class].entitytype,[modules:/zboneattachaspect.class].entitytype).pc_entitytype","blueprint":"[assembly:/templates/aspectdummy.aspect]([modules:/zclothsphere.class].entitytype,[modules:/zboneattachaspect.class].entitytype).pc_entityblueprint","properties":{"m_BoneName":{"type":"ZString","value":"Spine1"},"m_fRadius":{"type":"float32","value":0.125},"m_mTransform":{"type":"SMatrix43","value":{"rotation":{"x":0,"y":0,"z":0},"position":{"x":-0.030835000798106194,"y":0.03204600140452385,"z":-0.04226600006222725}}},"m_bEnabled":{"type":"bool","value":true},"m_linkedEntity":{"type":"SEntityTemplateReference","value":"270dd190b8831caa","postInit":true},"m_eidParent":{"type":"SEntityTemplateReference","value":"615da5b899399320","postInit":true}}},"c818e8ac8ee4d059":{"parent":"615da5b899399320","name":"C_Spine_L","factory":"[assembly:/templates/aspectdummy.aspect]([modules:/zclothsphere.class].entitytype,[modules:/zboneattachaspect.class].entitytype).pc_entitytype","blueprint":"[assembly:/templates/aspectdummy.aspect]([modules:/zclothsphere.class].entitytype,[modules:/zboneattachaspect.class].entitytype).pc_entityblueprint","properties":{"m_BoneName":{"type":"ZString","value":"Spine"},"m_fRadius":{"type":"float32","value":0.12999999523162842},"m_mTransform":{"type":"SMatrix43","value":{"rotation":{"x":0,"y":0,"z":0},"position":{"x":-0.000007999999979801942,"y":0.03147900104522705,"z":0.04797400161623955}}},"m_bEnabled":{"type":"bool","value":true},"m_bCollisionGroup0":{"type":"bool","value":true},"m_linkedEntity":{"type":"SEntityTemplateReference","value":"270dd190b8831caa","postInit":true},"m_eidParent":{"type":"SEntityTemplateReference","value":"615da5b899399320","postInit":true}}},"b1c733040274916c":{"parent":"9499342c8e55d182","name":"C_Neck","factory":"[assembly:/templates/aspectdummy.aspect]([modules:/zclothsphere.class].entitytype,[modules:/zboneattachaspect.class].entitytype).pc_entitytype","blueprint":"[assembly:/templates/aspectdummy.aspect]([modules:/zclothsphere.class].entitytype,[modules:/zboneattachaspect.class].entitytype).pc_entityblueprint","properties":{"m_fRadius":{"type":"float32","value":0.07999999821186066},"m_BoneName":{"type":"ZString","value":"Neck"},"m_mTransform":{"type":"SMatrix43","value":{"rotation":{"x":0,"y":0,"z":0},"position":{"x":-0.007079999893903732,"y":-0.010920999571681023,"z":0}}},"m_bEnabled":{"type":"bool","value":true},"m_linkedEntity":{"type":"SEntityTemplateReference","value":"270dd190b8831caa","postInit":true},"m_eidParent":{"type":"SEntityTemplateReference","value":"9499342c8e55d182","postInit":true}}},"7d95b2746983a4d":{"parent":"9499342c8e55d182","name":"C_Spine1","factory":"[assembly:/templates/aspectdummy.aspect]([modules:/zclothcapsule.class].entitytype,[modules:/zboneattachaspect.class].entitytype).pc_entitytype","blueprint":"[assembly:/templates/aspectdummy.aspect]([modules:/zclothcapsule.class].entitytype,[modules:/zboneattachaspect.class].entitytype).pc_entityblueprint","properties":{"m_BoneName":{"type":"ZString","value":"Spine1"},"m_fRadiusX":{"type":"float32","value":0.30000001192092896},"m_fRadiusY":{"type":"float32","value":0.1550000011920929},"m_fTop":{"type":"float32","value":0.009999999776482582},"m_fBottom":{"type":"float32","value":0},"m_fRadiusZ":{"type":"float32","value":0.2199999988079071},"m_bEnableBottomRadii":{"type":"bool","value":false},"m_fRadiusXBottom":{"type":"float32","value":1},"m_fRadiusYBottom":{"type":"float32","value":1},"m_fRadiusZBottom":{"type":"float32","value":1},"m_mTransform":{"type":"SMatrix43","value":{"rotation":{"x":0,"y":0,"z":0},"position":{"x":0.04414723068475723,"y":0.037369001656770706,"z":-0.0009399999980814755}}},"m_bEnabled":{"type":"bool","value":true},"m_linkedEntity":{"type":"SEntityTemplateReference","value":"270dd190b8831caa","postInit":true},"m_eidParent":{"type":"SEntityTemplateReference","value":"9499342c8e55d182","postInit":true}}},"2f5fb6beb8fd7da8":{"parent":"615da5b899399320","name":"C_Pelvis_L","factory":"[assembly:/templates/aspectdummy.aspect]([modules:/zclothsphere.class].entitytype,[modules:/zboneattachaspect.class].entitytype).pc_entitytype","blueprint":"[assembly:/templates/aspectdummy.aspect]([modules:/zclothsphere.class].entitytype,[modules:/zboneattachaspect.class].entitytype).pc_entityblueprint","properties":{"m_fRadius":{"type":"float32","value":0.13199999928474426},"m_BoneName":{"type":"ZString","value":"Pelvis"},"m_mTransform":{"type":"SMatrix43","value":{"rotation":{"x":-0.05597795173525809,"y":0,"z":-0.055977951735258075},"position":{"x":0.03649799898266792,"y":0.013976000249385834,"z":0.05415799841284752}}},"m_bEnabled":{"type":"bool","value":true},"m_linkedEntity":{"type":"SEntityTemplateReference","value":"270dd190b8831caa","postInit":true},"m_eidParent":{"type":"SEntityTemplateReference","value":"615da5b899399320","postInit":true}}},"5dde83c53bd8ad08":{"parent":"9499342c8e55d182","name":"C_TighMid_L","factory":"[assembly:/templates/aspectdummy.aspect]([modules:/zclothsphere.class].entitytype,[modules:/zboneattachaspect.class].entitytype).pc_entitytype","blueprint":"[assembly:/templates/aspectdummy.aspect]([modules:/zclothsphere.class].entitytype,[modules:/zboneattachaspect.class].entitytype).pc_entityblueprint","properties":{"m_fRadius":{"type":"float32","value":0.10000000149011612},"m_BoneName":{"type":"ZString","value":"LThighTwist1"},"m_mTransform":{"type":"SMatrix43","value":{"rotation":{"x":0,"y":0,"z":0},"position":{"x":0.05405848100781441,"y":0.01088900025933981,"z":0.004368999972939491}}},"m_bEnabled":{"type":"bool","value":true},"m_linkedEntity":{"type":"SEntityTemplateReference","value":"270dd190b8831caa","postInit":true},"m_eidParent":{"type":"SEntityTemplateReference","value":"9499342c8e55d182","postInit":true}}},"4d9ff0cd9ae05cf8":{"parent":"270dd190b8831caa","name":"Shoes_Derby_CapToe_SquareTip","factory":"0033E9BBFCA7B067","blueprint":"0002D822B863CAA8","properties":{"Diffuse_Color_01_Value":{"type":"SColorRGB","value":"#2e2e2e"},"ConstantVector1D_04_Value":{"type":"float32","value":0.14000000059604645},"m_pMeshResource":{"type":"ZRuntimeResourceID","value":{"resource":"0015789424CAA4F7","flag":"5F"}}}},"ccf7a225d9a89719":{"parent":"9499342c8e55d182","name":"C_TighTop_L","factory":"[assembly:/templates/aspectdummy.aspect]([modules:/zclothsphere.class].entitytype,[modules:/zboneattachaspect.class].entitytype).pc_entitytype","blueprint":"[assembly:/templates/aspectdummy.aspect]([modules:/zclothsphere.class].entitytype,[modules:/zboneattachaspect.class].entitytype).pc_entityblueprint","properties":{"m_fRadius":{"type":"float32","value":0.09000000357627869},"m_BoneName":{"type":"ZString","value":"LThighTwist"},"m_mTransform":{"type":"SMatrix43","value":{"rotation":{"x":0,"y":0,"z":0},"position":{"x":0.0002653092087712139,"y":0.002712012967094779,"z":0.031115999445319176}}},"m_bEnabled":{"type":"bool","value":true},"m_linkedEntity":{"type":"SEntityTemplateReference","value":"270dd190b8831caa","postInit":true},"m_eidParent":{"type":"SEntityTemplateReference","value":"9499342c8e55d182","postInit":true}}},"168c7961b1ebd0b2":{"parent":"9499342c8e55d182","name":"C_TighMid_R","factory":"[assembly:/templates/aspectdummy.aspect]([modules:/zclothsphere.class].entitytype,[modules:/zboneattachaspect.class].entitytype).pc_entitytype","blueprint":"[assembly:/templates/aspectdummy.aspect]([modules:/zclothsphere.class].entitytype,[modules:/zboneattachaspect.class].entitytype).pc_entityblueprint","properties":{"m_fRadius":{"type":"float32","value":0.10000000149011612},"m_BoneName":{"type":"ZString","value":"RThighTwist1"},"m_mTransform":{"type":"SMatrix43","value":{"rotation":{"x":0,"y":0,"z":0},"position":{"x":0.05358782038092613,"y":0.003908995073288679,"z":-0.008275000378489494}}},"m_bEnabled":{"type":"bool","value":true},"m_linkedEntity":{"type":"SEntityTemplateReference","value":"270dd190b8831caa","postInit":true},"m_eidParent":{"type":"SEntityTemplateReference","value":"9499342c8e55d182","postInit":true}}},"9d5867d05a6373ea":{"parent":"9499342c8e55d182","name":"C_Head_Lower","factory":"[assembly:/templates/aspectdummy.aspect]([modules:/zclothsphere.class].entitytype,[modules:/zboneattachaspect.class].entitytype).pc_entitytype","blueprint":"[assembly:/templates/aspectdummy.aspect]([modules:/zclothsphere.class].entitytype,[modules:/zboneattachaspect.class].entitytype).pc_entityblueprint","properties":{"m_fRadius":{"type":"float32","value":0.07999999821186066},"m_BoneName":{"type":"ZString","value":"Head"},"m_mTransform":{"type":"SMatrix43","value":{"rotation":{"x":0,"y":0,"z":0},"position":{"x":0.018286999315023422,"y":0.03781700134277344,"z":-0.0000009999999974752427}}},"m_bEnabled":{"type":"bool","value":true},"m_linkedEntity":{"type":"SEntityTemplateReference","value":"270dd190b8831caa","postInit":true},"m_eidParent":{"type":"SEntityTemplateReference","value":"9499342c8e55d182","postInit":true}}},"270dd190b8831caa":{"parent":null,"name":"OUTFIT_Agent47_Global_Gluttony_HeroA_v0","factory":"00C0753FBF784C66","blueprint":"007294473357329E","properties":{"m_LocalColliders":{"type":"TArray<SEntityTemplateReference>","value":[]},"m_mTransform":{"type":"SMatrix43","value":{"rotation":{"x":0,"y":0,"z":-4.114220142364503},"position":{"x":52.721771240234375,"y":34.56602096557617,"z":-0.009480999782681465}}},"m_pBonesAndCollisionResource":{"type":"ZRuntimeResourceID","value":{"resource":"0017416135CF879C","flag":"5F"}},"m_aBodyParts":{"type":"TArray<SEntityTemplateReference>","value":["dd3907bdcca781e2","4d9ff0cd9ae05cf8","922c86a46f0b7785","dfb40e58e9901020","2facdf692f3fdd72","6bf5d8a69027ee9a","14419e963bb6fd8e","343980cb59e40b99"],"postInit":true}}},"e2b5710ababb8a6c":{"parent":"615da5b899399320","name":"C_Knee_L","factory":"[assembly:/templates/aspectdummy.aspect]([modules:/zclothsphere.class].entitytype,[modules:/zboneattachaspect.class].entitytype).pc_entitytype","blueprint":"[assembly:/templates/aspectdummy.aspect]([modules:/zclothsphere.class].entitytype,[modules:/zboneattachaspect.class].entitytype).pc_entityblueprint","properties":{"m_fRadius":{"type":"float32","value":0.10000000149011612},"m_BoneName":{"type":"ZString","value":"LThighTwist2"},"m_linkedEntity":{"type":"SEntityTemplateReference","value":"270dd190b8831caa"},"m_mTransform":{"type":"SMatrix43","value":{"rotation":{"x":0,"y":0.019767044112086293,"z":0},"position":{"x":0.12600800395011902,"y":-0.011082000099122524,"z":-0.008000999689102173}}},"m_eidParent":{"type":"SEntityTemplateReference","value":"615da5b899399320","postInit":true}}},"fe25b2940832159b":{"parent":"14419e963bb6fd8e","name":"agent47_gluttony_cape","factory":"00CC738C035ABB75","blueprint":"0024A794DC8A11D5","properties":{"1239136802":{"type":"IRenderMaterialEntity.EModifierOperation","value":"eReplace"},"2359342559":{"type":"IRenderMaterialEntity.EModifierOperation","value":"eReplace"},"m_mTransform":{"type":"SMatrix43","value":{"rotation":{"x":0,"y":0,"z":0},"position":{"x":0,"y":0,"z":0}}},"ConstantVector1D_01_Value_op":{"type":"IRenderMaterialEntity.EModifierOperation","value":"eReplace"},"Clients":{"type":"TArray<SEntityTemplateReference>","value":["14419e963bb6fd8e"],"postInit":true},"m_eidParent":{"type":"SEntityTemplateReference","value":"14419e963bb6fd8e","postInit":true}}},"fb903811599fbb0b":{"parent":"270dd190b8831caa","name":"Cape Min","factory":"[modules:/zmathlerp.class].pc_entitytype","blueprint":"[modules:/zmathlerp.class].pc_entityblueprint","properties":{"m_A":{"type":"float32","value":0.05999999865889549},"m_B":{"type":"float32","value":0.3799999952316284},"m_fT":{"type":"float32","value":0}},"events":{"Lerp":{"ConstantVector1D_14_Value":["14419e963bb6fd8e"]}}},"5711a89a0246b852":{"parent":"9499342c8e55d182","name":"CChain_Legs_L","factory":"[modules:/zclothspherechain.class].pc_entitytype","blueprint":"[modules:/zclothspherechain.class].pc_entityblueprint","properties":{"m_mTransform":{"type":"SMatrix43","value":{"rotation":{"x":0,"y":0,"z":0},"position":{"x":-0.000003226723947591381,"y":-0.0000011930060281883925,"z":0}}},"m_Spheres":{"type":"TArray<SEntityTemplateReference>","value":["e08da6cf75b317c3","ccf7a225d9a89719","5dde83c53bd8ad08","d41d063e384bb2c7","7c5fef6b18a9df80"],"postInit":true},"m_eidParent":{"type":"SEntityTemplateReference","value":"9499342c8e55d182","postInit":true}}},"2d4db31f2410e5c5":{"parent":"615da5b899399320","name":"C_TighTop_L","factory":"[assembly:/templates/aspectdummy.aspect]([modules:/zclothsphere.class].entitytype,[modules:/zboneattachaspect.class].entitytype).pc_entitytype","blueprint":"[assembly:/templates/aspectdummy.aspect]([modules:/zclothsphere.class].entitytype,[modules:/zboneattachaspect.class].entitytype).pc_entityblueprint","properties":{"m_fRadius":{"type":"float32","value":0.13199999928474426},"m_BoneName":{"type":"ZString","value":"LThighTwist"},"m_linkedEntity":{"type":"SEntityTemplateReference","value":"270dd190b8831caa"},"m_mTransform":{"type":"SMatrix43","value":{"rotation":{"x":0,"y":0.019767044112086293,"z":0},"position":{"x":0.001016999944113195,"y":0.013093000277876854,"z":0.035888999700546265}}},"m_eidParent":{"type":"SEntityTemplateReference","value":"615da5b899399320","postInit":true}}},"2a71e7af4660e6b2":{"parent":"615da5b899399320","name":"CChain_Spine_R","factory":"[modules:/zclothspherechain.class].pc_entitytype","blueprint":"[modules:/zclothspherechain.class].pc_entityblueprint","properties":{"m_mTransform":{"type":"SMatrix43","value":{"rotation":{"x":0,"y":0,"z":0},"position":{"x":-0.0000001290655973207322,"y":0.000000002171457902377938,"z":0}}},"m_Spheres":{"type":"TArray<SEntityTemplateReference>","value":["91814ac73537787","20660d99d452fc22","d10ad69e75529f78"],"postInit":true},"m_eidParent":{"type":"SEntityTemplateReference","value":"615da5b899399320","postInit":true}}},"e2342e1b644d63dd":{"parent":"dfb40e58e9901020","name":"Mesh","factory":"[assembly:/templates/aspectdummy.aspect]([modules:/zbodypartentity.class].entitytype,[modules:/zclothcollidergroupaspect.class].entitytype).pc_entitytype","blueprint":"[assembly:/templates/aspectdummy.aspect]([modules:/zbodypartentity.class].entitytype,[modules:/zclothcollidergroupaspect.class].entitytype).pc_entityblueprint","properties":{"m_pMeshResource":{"type":"ZRuntimeResourceID","value":{"resource":"00C37FFD36BC50DB","flag":"5F"}},"m_ClothColliders":{"type":"TArray<SEntityTemplateReference>","value":["615da5b899399320"],"postInit":true}}},"f8a31647ad7ecfb8":{"parent":"9499342c8e55d182","name":"C_Hand_R","factory":"[assembly:/templates/aspectdummy.aspect]([modules:/zclothsphere.class].entitytype,[modules:/zboneattachaspect.class].entitytype).pc_entitytype","blueprint":"[assembly:/templates/aspectdummy.aspect]([modules:/zclothsphere.class].entitytype,[modules:/zboneattachaspect.class].entitytype).pc_entityblueprint","properties":{"m_fRadius":{"type":"float32","value":0.05999999865889549},"m_BoneName":{"type":"ZString","value":"R_Hand"},"m_linkedEntity":{"type":"SEntityTemplateReference","value":"270dd190b8831caa"},"m_mTransform":{"type":"SMatrix43","value":{"rotation":{"x":0,"y":0,"z":0},"position":{"x":0.1123398020863533,"y":0.024796010926365852,"z":0.003324999939650297}}},"m_bEnabled":{"type":"bool","value":true},"m_eidParent":{"type":"SEntityTemplateReference","value":"9499342c8e55d182","postInit":true}}},"488ef6c0223fbafe":{"parent":"270dd190b8831caa","name":"Cape Normal Bump Scale","factory":"[modules:/zmathlerp.class].pc_entitytype","blueprint":"[modules:/zmathlerp.class].pc_entityblueprint","properties":{"m_A":{"type":"float32","value":1},"m_fT":{"type":"float32","value":0},"m_B":{"type":"float32","value":1.440000057220459}},"events":{"Lerp":{"ConstantVector1D_06_Value":["14419e963bb6fd8e","dfb40e58e9901020","2facdf692f3fdd72"]}}},"83690f2395de6d16":{"parent":"14419e963bb6fd8e","name":"Mesh","factory":"[assembly:/templates/aspectdummy.aspect]([modules:/zbodypartentity.class].entitytype,[modules:/zclothcollidergroupaspect.class].entitytype).pc_entitytype","blueprint":"[assembly:/templates/aspectdummy.aspect]([modules:/zbodypartentity.class].entitytype,[modules:/zclothcollidergroupaspect.class].entitytype).pc_entityblueprint","properties":{"m_pMeshResource":{"type":"ZRuntimeResourceID","value":{"resource":"0071CD21F106BD5E","flag":"5F"}},"m_ClothColliders":{"type":"TArray<SEntityTemplateReference>","value":["9499342c8e55d182"],"postInit":true}}},"14419e963bb6fd8e":{"parent":"270dd190b8831caa","name":"Gluttony_Cape","factory":"[modules:/zcompositeentity.class].pc_entitytype","blueprint":"[modules:/zcompositeentity.class].pc_entityblueprint","properties":{"m_eidParent":{"type":"SEntityTemplateReference","value":"270dd190b8831caa"}},"inputCopying":{"ConstantVector1D_06_Value":{"ConstantVector1D_06_Value":["fe25b2940832159b"]},"ConstantVector1D_01_Value":{"ConstantVector1D_01_Value":["fe25b2940832159b"]},"ConstantVector1D_14_Value":{"ConstantVector1D_14_Value":["fe25b2940832159b"]}},"exposedInterfaces":{"ZBodyPartEntity":"83690f2395de6d16","ZClothColliderGroupAspect":"83690f2395de6d16"}},"79ce00f1e58871b6":{"parent":"615da5b899399320","name":"C_Elbow_R","factory":"[assembly:/templates/aspectdummy.aspect]([modules:/zclothsphere.class].entitytype,[modules:/zboneattachaspect.class].entitytype).pc_entitytype","blueprint":"[assembly:/templates/aspectdummy.aspect]([modules:/zclothsphere.class].entitytype,[modules:/zboneattachaspect.class].entitytype).pc_entityblueprint","properties":{"m_fRadius":{"type":"float32","value":0.05999999865889549},"m_BoneName":{"type":"ZString","value":"R_Forearm"},"m_linkedEntity":{"type":"SEntityTemplateReference","value":"270dd190b8831caa"},"m_eidParent":{"type":"SEntityTemplateReference","value":"615da5b899399320","postInit":true}}},"6bf5d8a69027ee9a":{"parent":"270dd190b8831caa","name":"Tie_Bow_Sailor","factory":"008F099514F7CFCE","blueprint":"00A347DD2DB7ACB0","properties":{"m_pMeshResource":{"type":"ZRuntimeResourceID","value":{"resource":"00C9B3A488AAFF25","flag":"5F"}},"ConstantColorRGB_02_Value":{"type":"SColorRGB","value":"#38385e"},"ConstantColorRGB_05_Value":{"type":"SColorRGB","value":"#d1daff"},"ConstantVector1D_05_Value":{"type":"float32","value":1},"ConstantVector1D_09_Value":{"type":"float32","value":0.550000011920929},"ConstantVector1D_03_Value":{"type":"float32","value":3.619999885559082}}},"c62a3b4b741c41c1":{"parent":"9499342c8e55d182","name":"C_Head_Top","factory":"[assembly:/templates/aspectdummy.aspect]([modules:/zclothsphere.class].entitytype,[modules:/zboneattachaspect.class].entitytype).pc_entitytype","blueprint":"[assembly:/templates/aspectdummy.aspect]([modules:/zclothsphere.class].entitytype,[modules:/zboneattachaspect.class].entitytype).pc_entityblueprint","properties":{"m_fRadius":{"type":"float32","value":0.08500000089406966},"m_BoneName":{"type":"ZString","value":"Head"},"m_mTransform":{"type":"SMatrix43","value":{"rotation":{"x":0,"y":0,"z":0},"position":{"x":0.08580199629068375,"y":0.02185400016605854,"z":0}}},"m_linkedEntity":{"type":"SEntityTemplateReference","value":"270dd190b8831caa"},"m_bEnabled":{"type":"bool","value":true},"m_eidParent":{"type":"SEntityTemplateReference","value":"9499342c8e55d182","postInit":true}}},"12f0bf711d3a430":{"parent":"615da5b899399320","name":"C_TighMid_L","factory":"[assembly:/templates/aspectdummy.aspect]([modules:/zclothsphere.class].entitytype,[modules:/zboneattachaspect.class].entitytype).pc_entitytype","blueprint":"[assembly:/templates/aspectdummy.aspect]([modules:/zclothsphere.class].entitytype,[modules:/zboneattachaspect.class].entitytype).pc_entityblueprint","properties":{"m_fRadius":{"type":"float32","value":0.11500000208616255},"m_BoneName":{"type":"ZString","value":"LThighTwist1"},"m_linkedEntity":{"type":"SEntityTemplateReference","value":"270dd190b8831caa"},"m_mTransform":{"type":"SMatrix43","value":{"rotation":{"x":0,"y":0,"z":0},"position":{"x":0.05449200049042702,"y":0.016682999208569527,"z":0.012148999609053135}}},"m_bCollisionGroup0":{"type":"bool","value":true},"m_eidParent":{"type":"SEntityTemplateReference","value":"615da5b899399320","postInit":true}}},"38573f3e1cc41b20":{"parent":"2facdf692f3fdd72","name":"agent47_gluttony_pants","factory":"00D20237A10D9F8F","blueprint":"001E282C0613B2C9","properties":{"2287298018":{"type":"IRenderMaterialEntity.EModifierOperation","value":"eReplace"},"2359342559":{"type":"IRenderMaterialEntity.EModifierOperation","value":"eReplace"},"m_mTransform":{"type":"SMatrix43","value":{"rotation":{"x":0,"y":0,"z":0},"position":{"x":0,"y":0,"z":0}}},"ConstantVector1D_01_Value_op":{"type":"IRenderMaterialEntity.EModifierOperation","value":"eReplace"},"m_eidParent":{"type":"SEntityTemplateReference","value":"270dd190b8831caa"},"Clients":{"type":"TArray<SEntityTemplateReference>","value":["2facdf692f3fdd72"],"postInit":true}}},"2facdf692f3fdd72":{"parent":"270dd190b8831caa","name":"Mesh_Pants","factory":"[modules:/zbodypartentity.class].pc_entitytype","blueprint":"[modules:/zbodypartentity.class].pc_entityblueprint","properties":{"m_pMeshResource":{"type":"ZRuntimeResourceID","value":{"resource":"0056A8BF1E62E525","flag":"5F"}}},"inputCopying":{"ConstantVector1D_06_Value":{"ConstantVector1D_06_Value":["38573f3e1cc41b20"]},"ConstantVector1D_01_Value":{"ConstantVector1D_01_Value":["38573f3e1cc41b20"]},"ConstantVector1D_04_Value":{"ConstantVector1D_04_Value":["38573f3e1cc41b20"]}}},"ef5ed509da0a131d":{"parent":"615da5b899399320","name":"CChain_Arms","factory":"[modules:/zclothspherechain.class].pc_entitytype","blueprint":"[modules:/zclothspherechain.class].pc_entityblueprint","properties":{"m_mTransform":{"type":"SMatrix43","value":{"rotation":{"x":0,"y":0,"z":0},"position":{"x":0,"y":0,"z":0}}},"m_Spheres":{"type":"TArray<SEntityTemplateReference>","value":["9b164e2cee7e49c1","cce38dc6481323f6","7edfe86e6b4b83e1","a658e6c626becb03","631d4f87819a794d","2b252a8a8c83ff51","79ce00f1e58871b6","6a6471e3031512d","7f61179fca59dd93"],"postInit":true},"m_eidParent":{"type":"SEntityTemplateReference","value":"615da5b899399320","postInit":true}}},"68e87bbd15eb27fb":{"parent":"9499342c8e55d182","name":"C_ShoulderL","factory":"[assembly:/templates/aspectdummy.aspect]([modules:/zclothsphere.class].entitytype,[modules:/zboneattachaspect.class].entitytype).pc_entitytype","blueprint":"[assembly:/templates/aspectdummy.aspect]([modules:/zclothsphere.class].entitytype,[modules:/zboneattachaspect.class].entitytype).pc_entityblueprint","properties":{"m_fRadius":{"type":"float32","value":0.10999999940395357},"m_BoneName":{"type":"ZString","value":"L_Clavicle"},"m_linkedEntity":{"type":"SEntityTemplateReference","value":"270dd190b8831caa"},"m_mTransform":{"type":"SMatrix43","value":{"rotation":{"x":0,"y":0,"z":0},"position":{"x":0.14000000059604645,"y":-0.004000000189989805,"z":0.02500000037252903}}},"m_bEnabled":{"type":"bool","value":true},"m_eidParent":{"type":"SEntityTemplateReference","value":"9499342c8e55d182","postInit":true}}},"2b252a8a8c83ff51":{"parent":"615da5b899399320","name":"C_Shoulder_R","factory":"[assembly:/templates/aspectdummy.aspect]([modules:/zclothsphere.class].entitytype,[modules:/zboneattachaspect.class].entitytype).pc_entitytype","blueprint":"[assembly:/templates/aspectdummy.aspect]([modules:/zclothsphere.class].entitytype,[modules:/zboneattachaspect.class].entitytype).pc_entityblueprint","properties":{"m_fRadius":{"type":"float32","value":0.07000000029802322},"m_BoneName":{"type":"ZString","value":"R_UpperArm"},"m_linkedEntity":{"type":"SEntityTemplateReference","value":"270dd190b8831caa"},"m_eidParent":{"type":"SEntityTemplateReference","value":"615da5b899399320","postInit":true}}},"b5ce8b00c82884da":{"parent":"9499342c8e55d182","name":"C_TighTop_R","factory":"[assembly:/templates/aspectdummy.aspect]([modules:/zclothsphere.class].entitytype,[modules:/zboneattachaspect.class].entitytype).pc_entitytype","blueprint":"[assembly:/templates/aspectdummy.aspect]([modules:/zclothsphere.class].entitytype,[modules:/zboneattachaspect.class].entitytype).pc_entityblueprint","properties":{"m_fRadius":{"type":"float32","value":0.09000000357627869},"m_BoneName":{"type":"ZString","value":"RThighTwist"},"m_linkedEntity":{"type":"SEntityTemplateReference","value":"270dd190b8831caa"},"m_mTransform":{"type":"SMatrix43","value":{"rotation":{"x":0,"y":0,"z":0},"position":{"x":0.00041341400356031954,"y":0.004629016853868961,"z":-0.030789999291300774}}},"m_bEnabled":{"type":"bool","value":true},"m_eidParent":{"type":"SEntityTemplateReference","value":"9499342c8e55d182","postInit":true}}},"d41d063e384bb2c7":{"parent":"9499342c8e55d182","name":"C_Knee_L","factory":"[assembly:/templates/aspectdummy.aspect]([modules:/zclothsphere.class].entitytype,[modules:/zboneattachaspect.class].entitytype).pc_entitytype","blueprint":"[assembly:/templates/aspectdummy.aspect]([modules:/zclothsphere.class].entitytype,[modules:/zboneattachaspect.class].entitytype).pc_entityblueprint","properties":{"m_fRadius":{"type":"float32","value":0.10000000149011612},"m_BoneName":{"type":"ZString","value":"L_Calf"},"m_linkedEntity":{"type":"SEntityTemplateReference","value":"270dd190b8831caa"},"m_mTransform":{"type":"SMatrix43","value":{"rotation":{"x":0,"y":0,"z":0},"position":{"x":0.0012861849972978234,"y":-0.009987999685108662,"z":-0.007672999985516071}}},"m_bEnabled":{"type":"bool","value":true},"m_eidParent":{"type":"SEntityTemplateReference","value":"9499342c8e55d182","postInit":true}}},"343980cb59e40b99":{"parent":"270dd190b8831caa","name":"Head_47","factory":"00537D16B5CE7286","blueprint":"00F2E4A932ECAA63"},"e08da6cf75b317c3":{"parent":"9499342c8e55d182","name":"C_Pelvis","factory":"[assembly:/templates/aspectdummy.aspect]([modules:/zclothsphere.class].entitytype,[modules:/zboneattachaspect.class].entitytype).pc_entitytype","blueprint":"[assembly:/templates/aspectdummy.aspect]([modules:/zclothsphere.class].entitytype,[modules:/zboneattachaspect.class].entitytype).pc_entityblueprint","properties":{"m_fRadius":{"type":"float32","value":0.2199999988079071},"m_BoneName":{"type":"ZString","value":"Pelvis"},"m_linkedEntity":{"type":"SEntityTemplateReference","value":"270dd190b8831caa"},"m_mTransform":{"type":"SMatrix43","value":{"rotation":{"x":0,"y":0,"z":0},"position":{"x":-0.013777240179479122,"y":0.012130980379879475,"z":0.005022000055760145}}},"m_bEnabled":{"type":"bool","value":true},"m_eidParent":{"type":"SEntityTemplateReference","value":"9499342c8e55d182","postInit":true}}},"f88068d349d3bc6d":{"parent":"9499342c8e55d182","name":"C_Foot_R","factory":"[assembly:/templates/aspectdummy.aspect]([modules:/zclothsphere.class].entitytype,[modules:/zboneattachaspect.class].entitytype).pc_entitytype","blueprint":"[assembly:/templates/aspectdummy.aspect]([modules:/zclothsphere.class].entitytype,[modules:/zboneattachaspect.class].entitytype).pc_entityblueprint","properties":{"m_fRadius":{"type":"float32","value":0.10999999940395357},"m_BoneName":{"type":"ZString","value":"R_Foot"},"m_linkedEntity":{"type":"SEntityTemplateReference","value":"270dd190b8831caa"},"m_mTransform":{"type":"SMatrix43","value":{"rotation":{"x":0,"y":0,"z":0},"position":{"x":-0.0000001290655973207322,"y":0.000000002171457902377938,"z":0}}},"m_bEnabled":{"type":"bool","value":true},"m_eidParent":{"type":"SEntityTemplateReference","value":"9499342c8e55d182","postInit":true}}},"19e1c4058e67fd2a":{"parent":"dfb40e58e9901020","name":"agent47_gluttony_jacket","factory":"00153B9F25CAF32C","blueprint":"0063C26BE7366A48","properties":{"2287298018":{"type":"IRenderMaterialEntity.EModifierOperation","value":"eReplace"},"2359342559":{"type":"IRenderMaterialEntity.EModifierOperation","value":"eReplace"},"m_mTransform":{"type":"SMatrix43","value":{"rotation":{"x":0,"y":0,"z":0},"position":{"x":0,"y":0,"z":0}}},"ConstantVector1D_01_Value_op":{"type":"IRenderMaterialEntity.EModifierOperation","value":"eReplace"},"Clients":{"type":"TArray<SEntityTemplateReference>","value":["dfb40e58e9901020"],"postInit":true},"m_eidParent":{"type":"SEntityTemplateReference","value":"dfb40e58e9901020","postInit":true}}},"dfb40e58e9901020":{"parent":"270dd190b8831caa","name":"Agent47_Skunk_Jacket","factory":"[modules:/zcompositeentity.class].pc_entitytype","blueprint":"[modules:/zcompositeentity.class].pc_entityblueprint","properties":{"m_mTransform":{"type":"SMatrix43","value":{"rotation":{"x":0,"y":0,"z":0},"position":{"x":0,"y":0,"z":0}}},"m_eidParent":{"type":"SEntityTemplateReference","value":"270dd190b8831caa"}},"inputCopying":{"ConstantVector1D_06_Value":{"ConstantVector1D_06_Value":["19e1c4058e67fd2a"]},"ConstantVector1D_04_Value":{"ConstantVector1D_04_Value":["19e1c4058e67fd2a"]},"ConstantVector1D_01_Value":{"ConstantVector1D_01_Value":["19e1c4058e67fd2a"]}},"exposedInterfaces":{"ZClothColliderGroupAspect":"e2342e1b644d63dd","ZBodyPartEntity":"e2342e1b644d63dd"}},"c1c22f6a242f5c6b":{"parent":"270dd190b8831caa","name":"Min Head","factory":"[modules:/zmathlerp.class].pc_entitytype","blueprint":"[modules:/zmathlerp.class].pc_entityblueprint","properties":{"m_A":{"type":"float32","value":0},"m_B":{"type":"float32","value":0.30000001192092896},"m_fT":{"type":"float32","value":0}},"events":{"Lerp":{"ConstantVector1D_04_Value":["343980cb59e40b99"]}}},"6a6471e3031512d":{"parent":"615da5b899399320","name":"C_Hand_R","factory":"[assembly:/templates/aspectdummy.aspect]([modules:/zclothsphere.class].entitytype,[modules:/zboneattachaspect.class].entitytype).pc_entitytype","blueprint":"[assembly:/templates/aspectdummy.aspect]([modules:/zclothsphere.class].entitytype,[modules:/zboneattachaspect.class].entitytype).pc_entityblueprint","properties":{"m_fRadius":{"type":"float32","value":0.05000000074505806},"m_BoneName":{"type":"ZString","value":"R_Hand"},"m_linkedEntity":{"type":"SEntityTemplateReference","value":"270dd190b8831caa"},"m_eidParent":{"type":"SEntityTemplateReference","value":"615da5b899399320","postInit":true}}},"787bd2afe69d439b":{"parent":"615da5b899399320","name":"C_Pelvis_R","factory":"[assembly:/templates/aspectdummy.aspect]([modules:/zclothsphere.class].entitytype,[modules:/zboneattachaspect.class].entitytype).pc_entitytype","blueprint":"[assembly:/templates/aspectdummy.aspect]([modules:/zclothsphere.class].entitytype,[modules:/zboneattachaspect.class].entitytype).pc_entityblueprint","properties":{"m_fRadius":{"type":"float32","value":0.13199999928474426},"m_BoneName":{"type":"ZString","value":"Pelvis"},"m_mTransform":{"type":"SMatrix43","value":{"rotation":{"x":-0.05597795173525809,"y":0,"z":-0.055977951735258075},"position":{"x":0.03649299964308739,"y":0.013976000249385834,"z":-0.05660500004887581}}},"m_bEnabled":{"type":"bool","value":true},"m_eidParent":{"type":"SEntityTemplateReference","value":"615da5b899399320","postInit":true}}},"7b803486fd01072f":{"parent":"270dd190b8831caa","name":"Base Normal Bump Scale","factory":"[modules:/zmathlerp.class].pc_entitytype","blueprint":"[modules:/zmathlerp.class].pc_entityblueprint","properties":{"m_A":{"type":"float32","value":1},"m_fT":{"type":"float32","value":0},"m_B":{"type":"float32","value":1.440000057220459}},"events":{"Lerp":{"ConstantVector1D_06_Value":["922c86a46f0b7785"]}}},"21241ffb3b272eea":{"parent":"9499342c8e55d182","name":"C_Elbow_L","factory":"[assembly:/templates/aspectdummy.aspect]([modules:/zclothsphere.class].entitytype,[modules:/zboneattachaspect.class].entitytype).pc_entitytype","blueprint":"[assembly:/templates/aspectdummy.aspect]([modules:/zclothsphere.class].entitytype,[modules:/zboneattachaspect.class].entitytype).pc_entityblueprint","properties":{"m_fRadius":{"type":"float32","value":0.10000000149011612},"m_BoneName":{"type":"ZString","value":"L_ForeTwist"},"m_linkedEntity":{"type":"SEntityTemplateReference","value":"270dd190b8831caa"},"m_mTransform":{"type":"SMatrix43","value":{"rotation":{"x":0,"y":0,"z":0},"position":{"x":0.009096999652683735,"y":-0.0018449999624863267,"z":-0.026746999472379684}}},"m_bEnabled":{"type":"bool","value":true},"m_eidParent":{"type":"SEntityTemplateReference","value":"9499342c8e55d182","postInit":true}}},"95078458e23dab18":{"parent":"615da5b899399320","name":"C_Knee_R","factory":"[assembly:/templates/aspectdummy.aspect]([modules:/zclothsphere.class].entitytype,[modules:/zboneattachaspect.class].entitytype).pc_entitytype","blueprint":"[assembly:/templates/aspectdummy.aspect]([modules:/zclothsphere.class].entitytype,[modules:/zboneattachaspect.class].entitytype).pc_entityblueprint","properties":{"m_fRadius":{"type":"float32","value":0.10000000149011612},"m_BoneName":{"type":"ZString","value":"RThighTwist2"},"m_linkedEntity":{"type":"SEntityTemplateReference","value":"270dd190b8831caa"},"m_mTransform":{"type":"SMatrix43","value":{"rotation":{"x":0.019767044112086293,"y":0,"z":0},"position":{"x":0.12606200575828552,"y":-0.011234999634325504,"z":-0.0020119999535381794}}},"m_eidParent":{"type":"SEntityTemplateReference","value":"615da5b899399320","postInit":true}}},"1d1cf8536d97248a":{"parent":"9499342c8e55d182","name":"CChain_LeftArm","factory":"[modules:/zclothspherechain.class].pc_entitytype","blueprint":"[modules:/zclothspherechain.class].pc_entityblueprint","properties":{"m_Spheres":{"type":"TArray<SEntityTemplateReference>","value":["a6db9795ca5db774","21241ffb3b272eea","68e87bbd15eb27fb","b1c733040274916c"]},"m_mTransform":{"type":"SMatrix43","value":{"rotation":{"x":0,"y":0,"z":0},"position":{"x":-0.00000016075250641733874,"y":0.0000000035905429740523687,"z":0}}},"m_bCollisionGroup1":{"type":"bool","value":false},"m_bCollisionGroup0":{"type":"bool","value":true},"m_bEnabled":{"type":"bool","value":true},"m_eidParent":{"type":"SEntityTemplateReference","value":"9499342c8e55d182","postInit":true}}},"ed80c2810087fb49":{"parent":"270dd190b8831caa","name":"Suit Min","factory":"[modules:/zmathlerp.class].pc_entitytype","blueprint":"[modules:/zmathlerp.class].pc_entityblueprint","properties":{"m_A":{"type":"float32","value":0.2199999988079071},"m_B":{"type":"float32","value":0.3799999952316284},"m_fT":{"type":"float32","value":0}},"events":{"Lerp":{"ConstantVector1D_04_Value":["dfb40e58e9901020","2facdf692f3fdd72"]}}},"42d59a544fdbb0a8":{"parent":"615da5b899399320","name":"ColliderGroup","factory":"[modules:/zclothcollidergroup.class].pc_entitytype","blueprint":"[modules:/zclothcollidergroup.class].pc_entityblueprint","properties":{"m_ClothColliders":{"type":"TArray<SEntityTemplateReference>","value":["9287f90e0d92dd7b","2a71e7af4660e6b2","31d7d5a89fa163b9","ef5ed509da0a131d"]},"m_eidParent":{"type":"SEntityTemplateReference","value":"615da5b899399320","postInit":true}}},"5c53d6a26bdf9604":{"parent":"270dd190b8831caa","name":"Cape Diffuse","factory":"[modules:/zmathlerp.class].pc_entitytype","blueprint":"[modules:/zmathlerp.class].pc_entityblueprint","properties":{"m_A":{"type":"float32","value":0.5},"m_fT":{"type":"float32","value":0},"m_B":{"type":"float32","value":0.3400000035762787}},"events":{"Lerp":{"ConstantVector1D_01_Value":["14419e963bb6fd8e","dfb40e58e9901020","2facdf692f3fdd72"]}}},"ba17e75f2107edb6":{"parent":"9499342c8e55d182","name":"C_Spine2","factory":"[assembly:/templates/aspectdummy.aspect]([modules:/zclothcapsule.class].entitytype,[modules:/zboneattachaspect.class].entitytype).pc_entitytype","blueprint":"[assembly:/templates/aspectdummy.aspect]([modules:/zclothcapsule.class].entitytype,[modules:/zboneattachaspect.class].entitytype).pc_entityblueprint","properties":{"m_BoneName":{"type":"ZString","value":"Spine2"},"m_linkedEntity":{"type":"SEntityTemplateReference","value":"270dd190b8831caa"},"m_fRadiusX":{"type":"float32","value":0.20000000298023224},"m_fRadiusY":{"type":"float32","value":0.17499999701976776},"m_fTop":{"type":"float32","value":0.009999999776482582},"m_fBottom":{"type":"float32","value":0},"m_fRadiusZ":{"type":"float32","value":0.23999999463558197},"m_bEnableBottomRadii":{"type":"bool","value":false},"m_fRadiusXBottom":{"type":"float32","value":1},"m_fRadiusYBottom":{"type":"float32","value":1},"m_fRadiusZBottom":{"type":"float32","value":1},"m_mTransform":{"type":"SMatrix43","value":{"rotation":{"x":0.034205574542284026,"y":0.0022918309550732383,"z":7.749483585357667},"position":{"x":-0.03952600061893463,"y":0.020016999915242195,"z":-0.0013830000534653664},"scale":{"x":0.9999999999999999,"y":1,"z":1}}},"m_bEnabled":{"type":"bool","value":true},"m_eidParent":{"type":"SEntityTemplateReference","value":"9499342c8e55d182","postInit":true}}},"630bfaa566def1ca":{"parent":"dfb40e58e9901020","name":"buttons_01","factory":"[assembly:/_pro/characters/assets/_apparel/accessories/buttons/materials/buttons_01.mi].pc_entitytype","blueprint":"[assembly:/_pro/characters/assets/_apparel/accessories/buttons/materials/buttons_01.mi].pc_entityblueprint","properties":{"3516673141":{"type":"IRenderMaterialEntity.EModifierOperation","value":"eReplace"},"m_mTransform":{"type":"SMatrix43","value":{"rotation":{"x":0,"y":0,"z":0.8963714838027953},"position":{"x":1.4024629592895508,"y":0.15234500169754028,"z":0}}},"Clients":{"type":"TArray<SEntityTemplateReference>","value":["dfb40e58e9901020"]},"Texture2D_01_enab":{"type":"bool","value":false},"Diffuse_Color_01_Value":{"type":"SColorRGB","value":"#3b3b3b"},"m_eidParent":{"type":"SEntityTemplateReference","value":"dfb40e58e9901020"}}},"7942bf24c39abb8d":{"parent":"9499342c8e55d182","name":"C_Elbow_R","factory":"[assembly:/templates/aspectdummy.aspect]([modules:/zclothsphere.class].entitytype,[modules:/zboneattachaspect.class].entitytype).pc_entitytype","blueprint":"[assembly:/templates/aspectdummy.aspect]([modules:/zclothsphere.class].entitytype,[modules:/zboneattachaspect.class].entitytype).pc_entityblueprint","properties":{"m_fRadius":{"type":"float32","value":0.10000000149011612},"m_BoneName":{"type":"ZString","value":"R_ForeTwist"},"m_linkedEntity":{"type":"SEntityTemplateReference","value":"270dd190b8831caa"},"m_mTransform":{"type":"SMatrix43","value":{"rotation":{"x":0,"y":0,"z":0},"position":{"x":0.02037299983203411,"y":0.004102999810129404,"z":-0.0010760000441223383}}},"m_bEnabled":{"type":"bool","value":true},"m_eidParent":{"type":"SEntityTemplateReference","value":"9499342c8e55d182","postInit":true}}},"9499342c8e55d182":{"parent":"14419e963bb6fd8e","name":"OmarAlGhazali_Collider","factory":"[modules:/zcompositeentity.class].pc_entitytype","blueprint":"[modules:/zcompositeentity.class].pc_entityblueprint","properties":{"m_linkedEntity":{"type":"SEntityTemplateReference","value":"270dd190b8831caa"},"Knee_R_Radius":{"type":"float32","value":0.10000000149011612},"Knee_L_Radius":{"type":"float32","value":0.10000000149011612},"Foot_R_Radius":{"type":"float32","value":0.10999999940395357},"Foot_L_Radius":{"type":"float32","value":0.10999999940395357},"Thigh_Mid_R_Radius":{"type":"float32","value":0.10000000149011612},"Thigh_Mid_L_Radius":{"type":"float32","value":0.10000000149011612},"Hand_L_Radius":{"type":"float32","value":0.05999999865889549},"Hand_R_Radius":{"type":"float32","value":0.05999999865889549},"Elbow_L_Radius":{"type":"float32","value":0.10000000149011612},"Elbow_R_Radius":{"type":"float32","value":0.10000000149011612},"Shoulder_R_Radius":{"type":"float32","value":0.07999999821186066},"Shoulder_L_Radius":{"type":"float32","value":0.10999999940395357},"Pelvis_Radius":{"type":"float32","value":0.2199999988079071},"Thigh_Top_L_Radius":{"type":"float32","value":0.09000000357627869},"Thigh_Top_R_Radius":{"type":"float32","value":0.09000000357627869},"Spine_Low_RadiusZ":{"type":"float32","value":0.15000000596046448},"Head_Low_Radius":{"type":"float32","value":0.07999999821186066},"Head_Top_Radius":{"type":"float32","value":0.08500000089406966},"Spine_Top_RadiusY":{"type":"float32","value":0.17499999701976776},"Spine_Top_RadiusZ":{"type":"float32","value":0.23999999463558197},"Spine_Mid_RadiusZ":{"type":"float32","value":0.2199999988079071},"Spine_Mid_RadiusY":{"type":"float32","value":0.1550000011920929},"m_eidParent":{"type":"SEntityTemplateReference","value":"14419e963bb6fd8e"}},"propertyAliases":{"m_linkedEntity":[{"originalProperty":"m_linkedEntity","originalEntity":"a6db9795ca5db774"},{"originalProperty":"m_linkedEntity","originalEntity":"7c5fef6b18a9df80"},{"originalProperty":"m_linkedEntity","originalEntity":"f88068d349d3bc6d"},{"originalProperty":"m_linkedEntity","originalEntity":"39a05a5e89b78157"},{"originalProperty":"m_linkedEntity","originalEntity":"f8a31647ad7ecfb8"},{"originalProperty":"m_linkedEntity","originalEntity":"1277828ae5885d4e"},{"originalProperty":"m_linkedEntity","originalEntity":"d41d063e384bb2c7"},{"originalProperty":"m_linkedEntity","originalEntity":"7d95b2746983a4d"},{"originalProperty":"m_linkedEntity","originalEntity":"37c4926faa93279b"},{"originalProperty":"m_linkedEntity","originalEntity":"ba17e75f2107edb6"},{"originalProperty":"m_linkedEntity","originalEntity":"e08da6cf75b317c3"},{"originalProperty":"m_linkedEntity","originalEntity":"68e87bbd15eb27fb"},{"originalProperty":"m_linkedEntity","originalEntity":"5dde83c53bd8ad08"},{"originalProperty":"m_linkedEntity","originalEntity":"168c7961b1ebd0b2"},{"originalProperty":"m_linkedEntity","originalEntity":"b5ce8b00c82884da"},{"originalProperty":"m_linkedEntity","originalEntity":"ccf7a225d9a89719"},{"originalProperty":"m_linkedEntity","originalEntity":"c62a3b4b741c41c1"},{"originalProperty":"m_linkedEntity","originalEntity":"9d5867d05a6373ea"},{"originalProperty":"m_linkedEntity","originalEntity":"b1c733040274916c"},{"originalProperty":"m_linkedEntity","originalEntity":"21241ffb3b272eea"},{"originalProperty":"m_linkedEntity","originalEntity":"7942bf24c39abb8d"}],"Neck_Radius":[{"originalProperty":"m_fRadius","originalEntity":"b1c733040274916c"}],"Head_Low_Radius":[{"originalProperty":"m_fRadius","originalEntity":"9d5867d05a6373ea"}],"Head_Top_Radius":[{"originalProperty":"m_fRadius","originalEntity":"c62a3b4b741c41c1"}],"Head_Top_Position":[{"originalProperty":"m_mTransform","originalEntity":"c62a3b4b741c41c1"}],"Hand_R_Radius":[{"originalProperty":"m_fRadius","originalEntity":"f8a31647ad7ecfb8"}],"Hand_L_Radius":[{"originalProperty":"m_fRadius","originalEntity":"a6db9795ca5db774"}],"Elbow_R_Radius":[{"originalProperty":"m_fRadius","originalEntity":"7942bf24c39abb8d"}],"Elbow_L_Radius":[{"originalProperty":"m_fRadius","originalEntity":"21241ffb3b272eea"}],"Shoulder_R_Radius":[{"originalProperty":"m_fRadius","originalEntity":"39a05a5e89b78157"}],"Head_Low_Position":[{"originalProperty":"m_mTransform","originalEntity":"9d5867d05a6373ea"}],"Shoulder_L_Radius":[{"originalProperty":"m_fRadius","originalEntity":"68e87bbd15eb27fb"}],"Neck_Position":[{"originalProperty":"m_mTransform","originalEntity":"b1c733040274916c"}],"Shoulder_L_Position":[{"originalProperty":"m_mTransform","originalEntity":"68e87bbd15eb27fb"}],"Shoulder_R_Position":[{"originalProperty":"m_mTransform","originalEntity":"39a05a5e89b78157"}],"Elbow_R_Enabled":[{"originalProperty":"m_bEnabled","originalEntity":"7942bf24c39abb8d"}],"Elbow_L_Enabled":[{"originalProperty":"m_bEnabled","originalEntity":"21241ffb3b272eea"}],"Hand_L_Position":[{"originalProperty":"m_mTransform","originalEntity":"a6db9795ca5db774"}],"Hand_R_Position":[{"originalProperty":"m_mTransform","originalEntity":"f8a31647ad7ecfb8"}],"Spine_Top_Position":[{"originalProperty":"m_mTransform","originalEntity":"ba17e75f2107edb6"}],"Spine_Mid_Position":[{"originalProperty":"m_mTransform","originalEntity":"7d95b2746983a4d"}],"Spine_Low_Position":[{"originalProperty":"m_mTransform","originalEntity":"1277828ae5885d4e"}],"Pelvis_Position":[{"originalProperty":"m_mTransform","originalEntity":"e08da6cf75b317c3"}],"Thigh_Top_L_Position":[{"originalProperty":"m_mTransform","originalEntity":"ccf7a225d9a89719"}],"Thigh_Top_R_Position":[{"originalProperty":"m_mTransform","originalEntity":"b5ce8b00c82884da"}],"Thigh_Mid_L_Position":[{"originalProperty":"m_mTransform","originalEntity":"5dde83c53bd8ad08"}],"Thigh_Mid_R_Position":[{"originalProperty":"m_mTransform","originalEntity":"168c7961b1ebd0b2"}],"Knee_L_Position":[{"originalProperty":"m_mTransform","originalEntity":"d41d063e384bb2c7"}],"Knee_R_Position":[{"originalProperty":"m_mTransform","originalEntity":"37c4926faa93279b"}],"Foot_L_Position":[{"originalProperty":"m_mTransform","originalEntity":"7c5fef6b18a9df80"}],"Foot_R_Position":[{"originalProperty":"m_mTransform","originalEntity":"f88068d349d3bc6d"}],"Spine_Top_RadiusX":[{"originalProperty":"m_fRadiusX","originalEntity":"ba17e75f2107edb6"}],"Spine_Top_RadiusY":[{"originalProperty":"m_fRadiusY","originalEntity":"ba17e75f2107edb6"}],"Spine_Top_RadiusZ":[{"originalProperty":"m_fRadiusZ","originalEntity":"ba17e75f2107edb6"}],"Spine_Mid_RadiusX":[{"originalProperty":"m_fRadiusX","originalEntity":"7d95b2746983a4d"}],"Spine_Mid_RadiusY":[{"originalProperty":"m_fRadiusY","originalEntity":"7d95b2746983a4d"}],"Spine_Mid_RadiusZ":[{"originalProperty":"m_fRadiusZ","originalEntity":"7d95b2746983a4d"}],"Spine_Low_RadiusX":[{"originalProperty":"m_fRadiusX","originalEntity":"1277828ae5885d4e"}],"Spine_Low_RadiusY":[{"originalProperty":"m_fRadiusY","originalEntity":"1277828ae5885d4e"}],"Spine_Low_RadiusZ":[{"originalProperty":"m_fRadiusZ","originalEntity":"1277828ae5885d4e"}],"Pelvis_Radius":[{"originalProperty":"m_fRadius","originalEntity":"e08da6cf75b317c3"}],"Thigh_Top_L_Radius":[{"originalProperty":"m_fRadius","originalEntity":"ccf7a225d9a89719"}],"Thigh_Top_R_Radius":[{"originalProperty":"m_fRadius","originalEntity":"b5ce8b00c82884da"}],"Thigh_Mid_L_Radius":[{"originalProperty":"m_fRadius","originalEntity":"5dde83c53bd8ad08"}],"Thigh_Mid_R_Radius":[{"originalProperty":"m_fRadius","originalEntity":"168c7961b1ebd0b2"}],"Knee_L_Radius":[{"originalProperty":"m_fRadius","originalEntity":"d41d063e384bb2c7"}],"Knee_R_Radius":[{"originalProperty":"m_fRadius","originalEntity":"37c4926faa93279b"}],"Foot_L_Radius":[{"originalProperty":"m_fRadius","originalEntity":"7c5fef6b18a9df80"}],"Foot_R_Radius":[{"originalProperty":"m_fRadius","originalEntity":"f88068d349d3bc6d"}],"Head_Top_Enabled":[{"originalProperty":"m_bEnabled","originalEntity":"c62a3b4b741c41c1"}],"Head_Low_Enabled":[{"originalProperty":"m_bEnabled","originalEntity":"9d5867d05a6373ea"}],"Neck_Enabled":[{"originalProperty":"m_bEnabled","originalEntity":"b1c733040274916c"}],"Shoulder_L_Enabled":[{"originalProperty":"m_bEnabled","originalEntity":"68e87bbd15eb27fb"}],"Shoulder_R_Enabled":[{"originalProperty":"m_bEnabled","originalEntity":"39a05a5e89b78157"}],"Elbow_R_Position":[{"originalProperty":"m_mTransform","originalEntity":"7942bf24c39abb8d"}],"Elbow_L_Position":[{"originalProperty":"m_mTransform","originalEntity":"21241ffb3b272eea"}],"Spine_Top_Enabled":[{"originalProperty":"m_bEnabled","originalEntity":"ba17e75f2107edb6"}],"Hand_R_Enabled":[{"originalProperty":"m_bEnabled","originalEntity":"f8a31647ad7ecfb8"}],"Hand_L_Enabled":[{"originalProperty":"m_bEnabled","originalEntity":"a6db9795ca5db774"}],"Spine_Mid_Enabled":[{"originalProperty":"m_bEnabled","originalEntity":"7d95b2746983a4d"}],"Spine_Low_Enabled":[{"originalProperty":"m_bEnabled","originalEntity":"1277828ae5885d4e"}],"Pelvis_Enabled":[{"originalProperty":"m_bEnabled","originalEntity":"e08da6cf75b317c3"}],"Thigh_Top_L_Enabled":[{"originalProperty":"m_bEnabled","originalEntity":"ccf7a225d9a89719"}],"Thigh_Top_R_Enabled":[{"originalProperty":"m_bEnabled","originalEntity":"b5ce8b00c82884da"}],"Thigh_Mid_L_Enabled":[{"originalProperty":"m_bEnabled","originalEntity":"5dde83c53bd8ad08"}],"Thigh_Mid_R_Enabled":[{"originalProperty":"m_bEnabled","originalEntity":"168c7961b1ebd0b2"}],"Knee_L_Enabled":[{"originalProperty":"m_bEnabled","originalEntity":"d41d063e384bb2c7"}],"Knee_R_Enabled":[{"originalProperty":"m_bEnabled","originalEntity":"37c4926faa93279b"}],"Foot_L_Enabled":[{"originalProperty":"m_bEnabled","originalEntity":"7c5fef6b18a9df80"}],"Foot_R_Enabled":[{"originalProperty":"m_bEnabled","originalEntity":"f88068d349d3bc6d"}],"Arm_L_Chain_Enable":[{"originalProperty":"m_bEnabled","originalEntity":"1d1cf8536d97248a"}],"Arm_R_Chain_Enable":[{"originalProperty":"m_bEnabled","originalEntity":"d945d98ecf1803ee"}]},"exposedInterfaces":{"ZClothCollider":"4498f27073ffccff","ZClothColliderGroup":"4498f27073ffccff"}},"f4aed1940c00332c":{"parent":"270dd190b8831caa","name":"FX_Hitman_Wet_Logic_Character_01","factory":"0067CFB703A80787","blueprint":"00AA88C960CD2080","properties":{"HeadMaterialToOverride":{"type":"ZRuntimeResourceID","value":{"resource":"009F7978C601815A","flag":"5F"}},"HeadMaterialOverride":{"type":"TArray<SEntityTemplateReference>","value":["270dd190b8831caa"]}},"events":{"HitmanWetness":{"T":["488ef6c0223fbafe","ed80c2810087fb49","5c53d6a26bdf9604","7b803486fd01072f","fb903811599fbb0b","cf7da575fa3eea44","c1c22f6a242f5c6b"]}}},"a6924eb7020ef816":{"parent":"615da5b899399320","name":"C_Spine2_L","factory":"[assembly:/templates/aspectdummy.aspect]([modules:/zclothsphere.class].entitytype,[modules:/zboneattachaspect.class].entitytype).pc_entitytype","blueprint":"[assembly:/templates/aspectdummy.aspect]([modules:/zclothsphere.class].entitytype,[modules:/zboneattachaspect.class].entitytype).pc_entityblueprint","properties":{"m_BoneName":{"type":"ZString","value":"Spine2"},"m_linkedEntity":{"type":"SEntityTemplateReference","value":"270dd190b8831caa"},"m_fRadius":{"type":"float32","value":0.15000000596046448},"m_mTransform":{"type":"SMatrix43","value":{"rotation":{"x":0.7218316793441774,"y":0.04915978386998179,"z":7.789383888244627},"position":{"x":-0.0348690003156662,"y":0.02468400076031685,"z":0.040442001074552536},"scale":{"x":1,"y":1.0000000000000002,"z":0.9999999999999999}}},"m_bEnabled":{"type":"bool","value":true},"m_eidParent":{"type":"SEntityTemplateReference","value":"615da5b899399320","postInit":true}}},"91814ac73537787":{"parent":"615da5b899399320","name":"C_Spine_R","factory":"[assembly:/templates/aspectdummy.aspect]([modules:/zclothsphere.class].entitytype,[modules:/zboneattachaspect.class].entitytype).pc_entitytype","blueprint":"[assembly:/templates/aspectdummy.aspect]([modules:/zclothsphere.class].entitytype,[modules:/zboneattachaspect.class].entitytype).pc_entityblueprint","properties":{"m_BoneName":{"type":"ZString","value":"Spine"},"m_linkedEntity":{"type":"SEntityTemplateReference","value":"270dd190b8831caa"},"m_fRadius":{"type":"float32","value":0.12999999523162842},"m_mTransform":{"type":"SMatrix43","value":{"rotation":{"x":-0.054144546389579766,"y":0.05047758668661118,"z":-0.05231108516454695},"position":{"x":-0.000011000000085914508,"y":0.030017999932169914,"z":-0.05071999877691269},"scale":{"x":1,"y":1.0000000000000002,"z":1}}},"m_bEnabled":{"type":"bool","value":true},"m_bCollisionGroup0":{"type":"bool","value":true},"m_eidParent":{"type":"SEntityTemplateReference","value":"615da5b899399320","postInit":true}}},"dd3907bdcca781e2":{"parent":"270dd190b8831caa","name":"Agent47_Gloves_Driving","factory":"008897FB54E3DB82","blueprint":"00F716010CB776C3","properties":{"m_pMeshResource":{"type":"ZRuntimeResourceID","value":{"resource":"00FBF04263964123","flag":"5F"}},"Diffuse_Color_01_Value":{"type":"SColorRGB","value":"#e3a53e"},"Texture2D_03":{"type":"ZRuntimeResourceID","value":{"resource":"[assembly:/_pro/characters/assets/hero/agent47/textures/agent47_gloves.texture?/specular_b.tex](ascolormap).pc_tex","flag":"5F"}},"ConstantVector1D_01_Value":{"type":"float32","value":20}}},"a658e6c626becb03":{"parent":"615da5b899399320","name":"C_Shoulder_L","factory":"[assembly:/templates/aspectdummy.aspect]([modules:/zclothsphere.class].entitytype,[modules:/zboneattachaspect.class].entitytype).pc_entitytype","blueprint":"[assembly:/templates/aspectdummy.aspect]([modules:/zclothsphere.class].entitytype,[modules:/zboneattachaspect.class].entitytype).pc_entityblueprint","properties":{"m_fRadius":{"type":"float32","value":0.07000000029802322},"m_BoneName":{"type":"ZString","value":"L_UpperArm"},"m_linkedEntity":{"type":"SEntityTemplateReference","value":"270dd190b8831caa"},"m_eidParent":{"type":"SEntityTemplateReference","value":"615da5b899399320","postInit":true}}},"7edfe86e6b4b83e1":{"parent":"615da5b899399320","name":"C_Elbow_L","factory":"[assembly:/templates/aspectdummy.aspect]([modules:/zclothsphere.class].entitytype,[modules:/zboneattachaspect.class].entitytype).pc_entitytype","blueprint":"[assembly:/templates/aspectdummy.aspect]([modules:/zclothsphere.class].entitytype,[modules:/zboneattachaspect.class].entitytype).pc_entityblueprint","properties":{"m_fRadius":{"type":"float32","value":0.05999999865889549},"m_BoneName":{"type":"ZString","value":"L_Forearm"},"m_linkedEntity":{"type":"SEntityTemplateReference","value":"270dd190b8831caa"},"m_eidParent":{"type":"SEntityTemplateReference","value":"615da5b899399320","postInit":true}}},"ec85a7001413e88f":{"parent":"615da5b899399320","name":"C_TighMid_R","factory":"[assembly:/templates/aspectdummy.aspect]([modules:/zclothsphere.class].entitytype,[modules:/zboneattachaspect.class].entitytype).pc_entitytype","blueprint":"[assembly:/templates/aspectdummy.aspect]([modules:/zclothsphere.class].entitytype,[modules:/zboneattachaspect.class].entitytype).pc_entityblueprint","properties":{"m_fRadius":{"type":"float32","value":0.11500000208616255},"m_BoneName":{"type":"ZString","value":"RThighTwist1"},"m_linkedEntity":{"type":"SEntityTemplateReference","value":"270dd190b8831caa"},"m_mTransform":{"type":"SMatrix43","value":{"rotation":{"x":0.013980168849229813,"y":0,"z":0},"position":{"x":0.054016001522541046,"y":0.009703000076115131,"z":-0.01396500039845705}}},"m_eidParent":{"type":"SEntityTemplateReference","value":"615da5b899399320","postInit":true}}},"615da5b899399320":{"parent":"dfb40e58e9901020","name":"Agent47_S2_Suit_Collider","factory":"[modules:/zcompositeentity.class].pc_entitytype","blueprint":"[modules:/zcompositeentity.class].pc_entityblueprint","properties":{"m_mTransform":{"type":"SMatrix43","value":{"rotation":{"x":0,"y":0,"z":0},"position":{"x":0,"y":0,"z":0}}},"m_linkedEntity":{"type":"SEntityTemplateReference","value":"270dd190b8831caa"},"m_eidParent":{"type":"SEntityTemplateReference","value":"dfb40e58e9901020"}},"propertyAliases":{"m_linkedEntity":[{"originalProperty":"m_linkedEntity","originalEntity":"e2b5710ababb8a6c"},{"originalProperty":"m_linkedEntity","originalEntity":"95078458e23dab18"},{"originalProperty":"m_linkedEntity","originalEntity":"12f0bf711d3a430"},{"originalProperty":"m_linkedEntity","originalEntity":"ec85a7001413e88f"},{"originalProperty":"m_linkedEntity","originalEntity":"fc0bc9f1fc53f544"},{"originalProperty":"m_linkedEntity","originalEntity":"2d4db31f2410e5c5"},{"originalProperty":"m_linkedEntity","originalEntity":"2f5fb6beb8fd7da8"},{"originalProperty":"m_linkedEntity","originalEntity":"d10ad69e75529f78"},{"originalProperty":"m_linkedEntity","originalEntity":"20660d99d452fc22"},{"originalProperty":"m_linkedEntity","originalEntity":"91814ac73537787"},{"originalProperty":"m_linkedEntity","originalEntity":"c818e8ac8ee4d059"},{"originalProperty":"m_linkedEntity","originalEntity":"6a6b76cb7af6066b"},{"originalProperty":"m_linkedEntity","originalEntity":"a6924eb7020ef816"},{"originalProperty":"m_linkedEntity","originalEntity":"79ce00f1e58871b6"},{"originalProperty":"m_linkedEntity","originalEntity":"7edfe86e6b4b83e1"},{"originalProperty":"m_linkedEntity","originalEntity":"cce38dc6481323f6"},{"originalProperty":"m_linkedEntity","originalEntity":"6a6471e3031512d"},{"originalProperty":"m_linkedEntity","originalEntity":"a658e6c626becb03"},{"originalProperty":"m_linkedEntity","originalEntity":"2b252a8a8c83ff51"},{"originalProperty":"m_linkedEntity","originalEntity":"631d4f87819a794d"},{"originalProperty":"m_linkedEntity","originalEntity":"7f61179fca59dd93"},{"originalProperty":"m_linkedEntity","originalEntity":"9b164e2cee7e49c1"}]},"exposedInterfaces":{"ZClothCollider":"42d59a544fdbb0a8","ZClothColliderGroup":"42d59a544fdbb0a8"}}},"propertyOverrides":[],"overrideDeletes":[],"pinConnectionOverrides":[],"pinConnectionOverrideDeletes":[],"externalScenes":[],"subType":"template","quickEntityVersion":3.1,"extraFactoryDependencies":[],"extraBlueprintDependencies":[],"comments":[]}