{"tempHash":"00D923AE2CC57C2E","tbluHash":"00E804F7DB232B66","rootEntity":"f9d3cd30d295b958","entities":{"cffa4b21f41a8d3b":{"parent":"f1234c5762f3c900","name":"fem_reg_protester_03_watch_01","factory":"00FB7703EEE9CD19","blueprint":"007ACFCCDE9615BE","properties":{"m_mTransform":{"type":"SMatrix43","value":{"rotation":{"x":0,"y":0,"z":0},"position":{"x":0,"y":0,"z":0}}},"Diffuse_Color_01_Value_op":{"type":"IRenderMaterialEntity.EModifierOperation","value":"eReplace"},"Diffuse_Color_01_Value":{"type":"SColorRGB","value":"#bd2a44"},"Texture2D_01":{"type":"ZRuntimeResourceID","value":{"resource":"[assembly:/_pro/environment/textures/constants/color_white.texture?/diffuse_a.tex](ascolormap).pc_tex","flag":"5F"}},"Texture2D_01_enab":{"type":"bool","value":true},"ConstantVector1D_01_Value_op":{"type":"IRenderMaterialEntity.EModifierOperation","value":"eReplace"},"ConstantVector1D_01_Value":{"type":"float32","value":0.5},"Clients":{"type":"TArray<SEntityTemplateReference>","value":["f1234c5762f3c900"],"postInit":true},"m_eidParent":{"type":"SEntityTemplateReference","value":"f1234c5762f3c900","postInit":true}}},"9a55a58d6eabbaef":{"parent":"f9d3cd30d295b958","name":"Shoes_Sneakers_Running","factory":"0020B1EE3222169A","blueprint":"0063987782F9EC56","properties":{"Diffuse_Color_01_Value":{"type":"SColorRGB","value":"#d6d6d6"},"Diffuse_Saturation_01_Value":{"type":"float32","value":0},"Diffuse_Hue_Shift_01_Value":{"type":"float32","value":0},"Texture2D_01":{"type":"ZRuntimeResourceID","value":{"resource":"[assembly:/_pro/characters/assets/_genericparts/male/casual_01/textures/male_casual_01_shoes_02.texture?/diffuse_a.tex](ascolormap).pc_tex","flag":"5F"}},"ConstantVector1D_01_Value":{"type":"float32","value":0.9300000071525574}}},"eed21ca3e9c26c88":{"parent":"f9d3cd30d295b958","name":"Suit Diffuse","factory":"[modules:/zmathlerp.class].pc_entitytype","blueprint":"[modules:/zmathlerp.class].pc_entityblueprint","properties":{"m_A":{"type":"float32","value":0.5},"m_fT":{"type":"float32","value":0},"m_B":{"type":"float32","value":0.38999998569488525}},"events":{"Lerp":{"ConstantVector1D_01_Value":["853aba4a9dde2a52"]}}},"4ba276e273e6cefd":{"parent":"f9d3cd30d295b958","name":"Tanktop_Oversized_WideShldr","factory":"00D780B6E0195F5A","blueprint":"00858B9B3E650057","properties":{"Diffuse_Color_01_Value":{"type":"SColorRGB","value":"#ffffff"},"Texture2D_01":{"type":"ZRuntimeResourceID","value":{"resource":"00462325EC0FF5C3","flag":"5F"}}}},"2ab4d9cdd9b84437":{"parent":"906de7c72c1cc50d","name":"hat_bucket_01","factory":"00F3DEDEA26A75A1","blueprint":"0021AD1C6AE525BB","properties":{"m_mTransform":{"type":"SMatrix43","value":{"rotation":{"x":21.595856799080188,"y":88.83466068695675,"z":165.5647996590089},"position":{"x":0.0926859974861145,"y":0.024650000035762787,"z":0.000048999998398358},"scale":{"x":1.0000000000000002,"y":1.0000000000000007,"z":1.0000000000000004}}},"Diffuse_Color_01_Value":{"type":"SColorRGB","value":"#c7c7c7"},"m_PrimitiveScale":{"type":"SVector3","value":{"x":0.9583749771118164,"y":0.9583749771118164,"z":0.9583749771118164}},"Diffuse_Saturation_01_Value":{"type":"float32","value":0},"m_eidParent":{"type":"SEntityTemplateReference","value":"906de7c72c1cc50d","postInit":true}}},"f9d3cd30d295b958":{"parent":null,"name":"OUTFIT_Fox_Hero_RaverOutfit_M_HeroA_v0","factory":"00C0753FBF784C66","blueprint":"007294473357329E","properties":{"m_mTransform":{"type":"SMatrix43","value":{"rotation":{"x":0,"y":0,"z":0},"position":{"x":2.969446897506714,"y":0.18602600693702698,"z":0}}},"m_pBonesAndCollisionResource":{"type":"ZRuntimeResourceID","value":{"resource":"0017416135CF879C","flag":"5F"}},"m_aBodyParts":{"type":"TArray<SEntityTemplateReference>","value":["dfe2e3602a6e6e0","4ba276e273e6cefd","9a55a58d6eabbaef","197984f5b392ed4d","853aba4a9dde2a52","feedc0999aa70e35"],"postInit":true}}},"8e0f43d14e83eaff":{"parent":"55069465688a6426","name":"Bracelet_Plastic","factory":"006019AD4EBE6956","blueprint":"00CC6C21BD728D0A","properties":{"m_mTransform":{"type":"SMatrix43","value":{"rotation":{"x":151.9889504341392,"y":-3.884191874264421,"z":93.09760791085489},"position":{"x":0.08431799709796906,"y":-0.0006329999887384474,"z":-0.0027050001081079245},"scale":{"x":1.0000000000000002,"y":1.0000000000000002,"z":1.0000000000000002}}},"m_PrimitiveScale":{"type":"SVector3","value":{"x":1.0176700353622437,"y":0.5658689737319946,"z":1.093250036239624}},"m_eidParent":{"type":"SEntityTemplateReference","value":"55069465688a6426","postInit":true}}},"86c0fd30d02a3945":{"parent":"f9d3cd30d295b958","name":"Base Min","factory":"[modules:/zmathlerp.class].pc_entitytype","blueprint":"[modules:/zmathlerp.class].pc_entityblueprint","properties":{"m_A":{"type":"float32","value":0},"m_B":{"type":"float32","value":0.20000000298023224},"m_fT":{"type":"float32","value":0}},"events":{"Lerp":{"ConstantVector1D_14_Value":["4ba276e273e6cefd"]}}},"675f549d38829ecd":{"parent":"f9d3cd30d295b958","name":"FX_Hitman_Wet_Logic_Character_01","factory":"0067CFB703A80787","blueprint":"00AA88C960CD2080","properties":{"HeadMaterialToOverride":{"type":"ZRuntimeResourceID","value":{"resource":"009F7978C601815A","flag":"5F"}},"HeadMaterialOverride":{"type":"TArray<SEntityTemplateReference>","value":["f9d3cd30d295b958"]}},"events":{"HitmanWetness":{"T":["15e12c3dd4e3e3d3","86c0fd30d02a3945","83b5956d201171ff","eed21ca3e9c26c88","71afeeb8934bfde1","89c053b9a9165d92","627d2c69f29e72a1"]}}},"627d2c69f29e72a1":{"parent":"f9d3cd30d295b958","name":"Base Min 2","factory":"[modules:/zmathlerp.class].pc_entitytype","blueprint":"[modules:/zmathlerp.class].pc_entityblueprint","properties":{"m_A":{"type":"float32","value":0.03999999910593033},"m_B":{"type":"float32","value":0.3799999952316284},"m_fT":{"type":"float32","value":0}},"events":{"Lerp":{"ConstantVector1D_14_Value":["853aba4a9dde2a52"],"ConstantVector1D_04_Value":["9a55a58d6eabbaef","906de7c72c1cc50d"]}}},"906de7c72c1cc50d":{"parent":"f9d3cd30d295b958","name":"Attacher_Head","factory":"[assembly:/templates/aspectdummy.aspect]([modules:/zcompositeentity.class].entitytype,[modules:/zboneattachaspect.class].entitytype).pc_entitytype","blueprint":"[assembly:/templates/aspectdummy.aspect]([modules:/zcompositeentity.class].entitytype,[modules:/zboneattachaspect.class].entitytype).pc_entityblueprint","properties":{"m_BoneName":{"type":"ZString","value":"Head"},"m_linkedEntity":{"type":"SEntityTemplateReference","value":"f9d3cd30d295b958"},"m_mTransform":{"type":"SMatrix43","value":{"rotation":{"x":0,"y":0,"z":0},"position":{"x":0,"y":0,"z":0}}},"m_eidParent":{"type":"SEntityTemplateReference","value":"f9d3cd30d295b958"}},"inputCopying":{"ConstantVector1D_04_Value":{"ConstantVector1D_14_Value":["2ab4d9cdd9b84437"]},"ConstantVector1D_06_Value":{"ConstantVector1D_06_Value":["2ab4d9cdd9b84437"]}}},"89c053b9a9165d92":{"parent":"f9d3cd30d295b958","name":"Diffuse","factory":"[modules:/zmathlerp.class].pc_entitytype","blueprint":"[modules:/zmathlerp.class].pc_entityblueprint","properties":{"m_A":{"type":"float32","value":0.5},"m_fT":{"type":"float32","value":0},"m_B":{"type":"float32","value":0.25}},"events":{"Lerp":{"ConstantVector1D_01_Value":["4ba276e273e6cefd"]}}},"83b5956d201171ff":{"parent":"f9d3cd30d295b958","name":"Min Head","factory":"[modules:/zmathlerp.class].pc_entitytype","blueprint":"[modules:/zmathlerp.class].pc_entityblueprint","properties":{"m_A":{"type":"float32","value":0},"m_B":{"type":"float32","value":0.30000001192092896},"m_fT":{"type":"float32","value":0}},"events":{"Lerp":{"ConstantVector1D_04_Value":["dfe2e3602a6e6e0"]}}},"dfe2e3602a6e6e0":{"parent":"f9d3cd30d295b958","name":"Head_47","factory":"00537D16B5CE7286","blueprint":"00F2E4A932ECAA63","properties":{"ConstantColorRGB_01_Value_2":{"type":"SColorRGB","value":"#e6dcd8"}}},"f1234c5762f3c900":{"parent":"55069465688a6426","name":"Bracelet_Plastic_01","factory":"006019AD4EBE6956","blueprint":"00CC6C21BD728D0A","properties":{"m_mTransform":{"type":"SMatrix43","value":{"rotation":{"x":161.2650951214588,"y":-1.5669472669925586,"z":91.65331511400375},"position":{"x":0.0693420022726059,"y":0.0003129999968223274,"z":-0.0009519999730400741},"scale":{"x":1,"y":1,"z":1.0000000000000002}}},"m_PrimitiveScale":{"type":"SVector3","value":{"x":1.0176700353622437,"y":0.5658689737319946,"z":1.093250036239624}},"m_eidParent":{"type":"SEntityTemplateReference","value":"55069465688a6426","postInit":true}}},"dd7d7037591e61e1":{"parent":"f9d3cd30d295b958","name":"male_reg_locals_04_hat_02","factory":"[assembly:/_pro/characters/assets/civilians/italy/local_mens/materials/male_reg_locals_04_hat_02.mi].pc_entitytype","blueprint":"[assembly:/_pro/characters/assets/civilians/italy/local_mens/materials/male_reg_locals_04_hat_02.mi].pc_entityblueprint","properties":{"m_mTransform":{"type":"SMatrix43","value":{"rotation":{"x":21.595856799080188,"y":88.83466068695675,"z":165.5647996590089},"position":{"x":0.09268950670957565,"y":0.02465057000517845,"z":0.000049000020226230845},"scale":{"x":1.0000000000000002,"y":1.0000000000000007,"z":1.0000000000000004}}},"Clients":{"type":"TArray<SEntityTemplateReference>","value":["2ab4d9cdd9b84437"]},"ConstantVector1D_06_Value_op":{"type":"IRenderMaterialEntity.EModifierOperation","value":"eReplace"},"ConstantVector1D_14_Value_op":{"type":"IRenderMaterialEntity.EModifierOperation","value":"eReplace"},"ConstantVector1D_01_Value_op":{"type":"IRenderMaterialEntity.EModifierOperation","value":"eReplace"},"Override":{"type":"bool","value":false},"Global":{"type":"bool","value":false},"OverrideInherit":{"type":"bool","value":false},"Static":{"type":"bool","value":false},"Texture2DNormal_01_enab":{"type":"bool","value":false},"ConstantVector1D_15_Value_op":{"type":"IRenderMaterialEntity.EModifierOperation","value":"eReplace"},"Diffuse_Color_01_Value_op":{"type":"IRenderMaterialEntity.EModifierOperation","value":"eReplace"},"Texture2D_01_enab":{"type":"bool","value":false},"Texture2D_03_enab":{"type":"bool","value":false},"m_eidParent":{"type":"SEntityTemplateReference","value":"f9d3cd30d295b958"}}},"853aba4a9dde2a52":{"parent":"f9d3cd30d295b958","name":"Pants_Jeans_Baggy","factory":"008F804EFB47CB9A","blueprint":"00FED5E5CA92B3C5","properties":{"Diffuse_Color_01_Value":{"type":"SColorRGB","value":"#b0b0b0"},"Diffuse_Saturation_01_Value":{"type":"float32","value":0},"ConstantVector1D_01_Value":{"type":"float32","value":0.6299999952316284},"Texture2D_01":{"type":"ZRuntimeResourceID","value":{"resource":"003365359954D879","flag":"5F"}},"m_pMeshResource":{"type":"ZRuntimeResourceID","value":{"resource":"00F0EE5C6C6FE4F7","flag":"5F"}},"ConstantVector1D_03_Value":{"type":"float32","value":0.49000000953674316},"ConstantVector1D_16_Value":{"type":"float32","value":0.3799999952316284}}},"55069465688a6426":{"parent":"f9d3cd30d295b958","name":"R_Wrist_Attacher","factory":"[assembly:/templates/aspectdummy.aspect]([modules:/zcompositeentity.class].entitytype,[modules:/zboneattachaspect.class].entitytype).pc_entitytype","blueprint":"[assembly:/templates/aspectdummy.aspect]([modules:/zcompositeentity.class].entitytype,[modules:/zboneattachaspect.class].entitytype).pc_entityblueprint","properties":{"m_BoneName":{"type":"ZString","value":"R_Foretwist2"},"m_linkedEntity":{"type":"SEntityTemplateReference","value":"f9d3cd30d295b958"},"m_mTransform":{"type":"SMatrix43","value":{"rotation":{"x":0,"y":0,"z":0},"position":{"x":0,"y":0,"z":0}}},"m_eidParent":{"type":"SEntityTemplateReference","value":"f9d3cd30d295b958"}}},"197984f5b392ed4d":{"parent":"f9d3cd30d295b958","name":"UpperBody","factory":"00E1AF913D40CF42","blueprint":"003BE20739D6D5EF","properties":{"m_pMeshResource":{"type":"ZRuntimeResourceID","value":{"resource":"0096D9BC511329ED","flag":"5F"}}}},"92e2cd102e96b52a":{"parent":"906de7c72c1cc50d","name":"glasses_rectangular_halfframe","factory":"00B536B4A59EF689","blueprint":"0086BB5A1714613E","properties":{"m_mTransform":{"type":"SMatrix43","value":{"rotation":{"x":21.554208766434684,"y":89.59115314636982,"z":152.38123234729014},"position":{"x":0.07990799844264984,"y":0.01961199939250946,"z":-0.00042100000428035855},"scale":{"x":0.9999999999999997,"y":0.9999999999999991,"z":0.9999999999999996}}},"m_PrimitiveScale":{"type":"SVector3","value":{"x":0.9412639737129211,"y":0.8812190294265747,"z":0.9374629855155945}},"Diffuse_Tint_Value":{"type":"SColorRGB","value":"#b8b3e8"},"m_eidParent":{"type":"SEntityTemplateReference","value":"906de7c72c1cc50d"}}},"15e12c3dd4e3e3d3":{"parent":"f9d3cd30d295b958","name":"Suit Normal Bump Scale","factory":"[modules:/zmathlerp.class].pc_entitytype","blueprint":"[modules:/zmathlerp.class].pc_entityblueprint","properties":{"m_A":{"type":"float32","value":1.1299999952316284},"m_fT":{"type":"float32","value":0},"m_B":{"type":"float32","value":1.440000057220459}},"events":{"Lerp":{"ConstantVector1D_06_Value":["853aba4a9dde2a52","906de7c72c1cc50d"]}}},"2372fe21ae455862":{"parent":"8e0f43d14e83eaff","name":"fem_reg_protester_03_watch_01","factory":"00FB7703EEE9CD19","blueprint":"007ACFCCDE9615BE","properties":{"m_mTransform":{"type":"SMatrix43","value":{"rotation":{"x":0,"y":0,"z":0},"position":{"x":0,"y":0,"z":0}}},"Clients":{"type":"TArray<SEntityTemplateReference>","value":["8e0f43d14e83eaff"]},"Diffuse_Color_01_Value_op":{"type":"IRenderMaterialEntity.EModifierOperation","value":"eReplace"},"Diffuse_Color_01_Value":{"type":"SColorRGB","value":"#bd2a44"},"Texture2D_01":{"type":"ZRuntimeResourceID","value":{"resource":"[assembly:/_pro/environment/textures/constants/color_white.texture?/diffuse_a.tex](ascolormap).pc_tex","flag":"5F"}},"Texture2D_01_enab":{"type":"bool","value":true},"ConstantVector1D_01_Value_op":{"type":"IRenderMaterialEntity.EModifierOperation","value":"eReplace"},"ConstantVector1D_01_Value":{"type":"float32","value":0.5},"m_eidParent":{"type":"SEntityTemplateReference","value":"8e0f43d14e83eaff"}}},"395f3fce8891c310":{"parent":"f9d3cd30d295b958","name":"Arms_Shoulder_Hand","factory":"00D0A46D325392B0","blueprint":"0038B023C4284F44"},"71afeeb8934bfde1":{"parent":"f9d3cd30d295b958","name":"Base Normal Bump Scale","factory":"[modules:/zmathlerp.class].pc_entitytype","blueprint":"[modules:/zmathlerp.class].pc_entityblueprint","properties":{"m_A":{"type":"float32","value":1},"m_fT":{"type":"float32","value":0},"m_B":{"type":"float32","value":1.5}},"events":{"Lerp":{"ConstantVector1D_06_Value":["4ba276e273e6cefd"]}}},"feedc0999aa70e35":{"parent":"f9d3cd30d295b958","name":"Agent47_Gloves_Driving","factory":"008897FB54E3DB82","blueprint":"00F716010CB776C3","properties":{"m_pMeshResource":{"type":"ZRuntimeResourceID","value":{"resource":"002967FF1FFB7036","flag":"5F"}}}}},"propertyOverrides":[],"overrideDeletes":[],"pinConnectionOverrides":[],"pinConnectionOverrideDeletes":[],"externalScenes":[],"subType":"template","quickEntityVersion":3.1,"extraFactoryDependencies":[{"resource":"002E8ED09B3DDB39","flag":"5F"},{"resource":"005EBE4D76DABC0C","flag":"5F"},{"resource":"00F1196EC92D4AAF","flag":"5F"},{"resource":"007D850436B0A092","flag":"5F"},{"resource":"00D247582859CA87","flag":"5F"},{"resource":"00D20CA72E352D16","flag":"5F"},{"resource":"00822995E10A15DB","flag":"5F"},{"resource":"00DB7B3C1B3D3D1E","flag":"5F"},{"resource":"0002A22415FDA687","flag":"5F"},{"resource":"[assembly:/_pro/characters/assets/_genericparts/male/casual_01/textures/male_casual_01_shoes_02.texture?/specular_a.tex](ascolormap).pc_tex","flag":"5F"},{"resource":"[assembly:/_pro/characters/assets/_genericparts/male/casual_01/textures/male_casual_01_shoes_02.texture?/normal_a.tex](asnormalmap).pc_tex","flag":"5F"},{"resource":"0057961B6E597F0E","flag":"5F"},{"resource":"00493A3ED49C91A7","flag":"5F"},{"resource":"00FEFAB2AF01C1B0","flag":"5F"},{"resource":"0079105A70784151","flag":"5F"},{"resource":"00EBB2E95E079091","flag":"5F"},{"resource":"002D21E639676099","flag":"5F"},{"resource":"[assembly:/_pro/characters/assets/_apparel/accessories/glasses/textures/lens_basic.texture?/diffuse_a.tex](ascolormap).pc_tex","flag":"5F"},{"resource":"002E4A6122AA5FBF","flag":"5F"},{"resource":"00E3DCCCB9318C54","flag":"5F"},{"resource":"005AD0FC144D383B","flag":"5F"},{"resource":"00F1F070E180AD4F","flag":"5F"},{"resource":"00C1356C6FD65D00","flag":"5F"}],"extraBlueprintDependencies":[],"comments":[]}