{"tempHash":"00EB7EBCDEAAD38B","tbluHash":"0067C59644D3DF46","rootEntity":"7479db7f27ed3828","entities":{"f10148cd62490a91":{"parent":"7479db7f27ed3828","name":"Min Head","blueprint":"[modules:/zmathlerp.class].pc_entityblueprint","properties":{"m_A":{"type":"float32","value":0},"m_B":{"type":"float32","value":0.30000001192092896},"m_fT":{"type":"float32","value":0}},"events":{"Lerp":{"ConstantVector1D_04_Value":["7b19cf5d511f82f9"]}},"factory":"[modules:/zmathlerp.class].pc_entitytype"},"bbc295766bee561d":{"parent":"7479db7f27ed3828","name":"base_hair","blueprint":"0005F23475432C1C","properties":{"1737952988":{"type":"IRenderMaterialEntity.EModifierOperation","value":"eReplace"},"2287298018":{"type":"IRenderMaterialEntity.EModifierOperation","value":"eReplace"},"m_mTransform":{"type":"SMatrix43","value":{"rotation":{"x":-1.4136438369750977,"y":-1.013078808784485,"z":174.65371704101563},"position":{"x":-0.24299240112304688,"y":0.26979631185531616,"z":-0.01288842037320137}}},"ConstantColorRGB_02_Value_op":{"type":"IRenderMaterialEntity.EModifierOperation","value":"eReplace"},"Global":{"type":"bool","value":false},"Override":{"type":"bool","value":false},"ConstantColorRGB_05_Value_op":{"type":"IRenderMaterialEntity.EModifierOperation","value":"eReplace"},"Active":{"type":"bool","value":true},"ConstantColorRGB_02_Value":{"type":"SColorRGB","value":"#262626"},"ConstantColorRGB_05_Value":{"type":"SColorRGB","value":"#ffffff"},"Clients":{"type":"TArray<SEntityTemplateReference>","value":["7479db7f27ed3828"],"postInit":true},"m_eidParent":{"type":"SEntityTemplateReference","value":"7479db7f27ed3828","postInit":true}},"factory":"00E71D84A55D0739"},"7479db7f27ed3828":{"parent":null,"name":"OUTFIT_Agent47_Reward_Ruby_Rude_HeroA_v0","blueprint":"007294473357329E","properties":{"m_LocalColliders":{"type":"TArray<SEntityTemplateReference>","value":[]},"m_mTransform":{"type":"SMatrix43","value":{"rotation":{"x":0,"y":0,"z":-0.034262873232364655},"position":{"x":72.13836669921875,"y":34.78976821899414,"z":0}}},"m_vBodypartBoundingMarginMax":{"type":"SVector3","value":{"x":0,"y":0,"z":0.009999999776482582}},"m_aBodyParts":{"type":"TArray<SEntityTemplateReference>","value":["4ae614a4cbfb4571","152d795101ff48db","197d8df8960df068","720dd762748a25c0","7b19cf5d511f82f9"],"postInit":true}},"factory":"00C0753FBF784C66"},"402c1c49ec2914b6":{"parent":"7479db7f27ed3828","name":"Suit Diffuse","blueprint":"[modules:/zmathlerp.class].pc_entityblueprint","properties":{"m_A":{"type":"float32","value":0.550000011920929},"m_fT":{"type":"float32","value":0},"m_B":{"type":"float32","value":0.38999998569488525}},"events":{"Lerp":{"ConstantVector1D_01_Value":["152d795101ff48db","197d8df8960df068"]}},"factory":"[modules:/zmathlerp.class].pc_entitytype"},"88cccb82042d859b":{"parent":"152d795101ff48db","name":"tracksuit_jacket_closed","blueprint":"009262565A38346E","properties":{"1787395739":{"type":"IRenderMaterialEntity.EModifierOperation","value":"eReplace"},"m_mTransform":{"type":"SMatrix43","value":{"rotation":{"x":0,"y":0,"z":0},"position":{"x":0,"y":0,"z":0}}},"Texture2D_01_enab":{"type":"bool","value":true},"Texture2D_01":{"type":"ZRuntimeResourceID","value":{"resource":"00A429D0C7897EDF","flag":"5F"}},"ConstantVector1D_03_Value":{"type":"float32","value":0.4000000059604645},"ConstantVector1D_01_Value":{"type":"float32","value":1},"ConstantVector1D_01_Value_op":{"type":"IRenderMaterialEntity.EModifierOperation","value":"eReplace"},"m_eidParent":{"type":"SEntityTemplateReference","value":"7479db7f27ed3828"},"Clients":{"type":"TArray<SEntityTemplateReference>","value":["152d795101ff48db"],"postInit":true}},"factory":"00E707BA75E50804"},"152d795101ff48db":{"parent":"7479db7f27ed3828","name":"Mesh_tracksuit_01","blueprint":"[modules:/zbodypartentity.class].pc_entityblueprint","properties":{"m_pMeshResource":{"type":"ZRuntimeResourceID","value":{"resource":"000B622BF611742E","flag":"5F"}}},"inputCopying":{"ConstantVector1D_06_Value":{"ConstantVector1D_06_Value":["88cccb82042d859b"]},"ConstantVector1D_14_Value":{"ConstantVector1D_14_Value":["88cccb82042d859b"]},"ConstantVector1D_01_Value":{"ConstantVector1D_01_Value":["88cccb82042d859b"]}},"factory":"[modules:/zbodypartentity.class].pc_entitytype"},"afbc2372caa81fd6":{"parent":"7479db7f27ed3828","name":"Attacher_R_Forearm","blueprint":"[assembly:/templates/aspectdummy.aspect]([modules:/zcompositeentity.class].entitytype,[modules:/zboneattachaspect.class].entitytype).pc_entityblueprint","properties":{"m_BoneName":{"type":"ZString","value":"R_Forearm"},"m_linkedEntity":{"type":"SEntityTemplateReference","value":"7479db7f27ed3828"},"m_mTransform":{"type":"SMatrix43","value":{"rotation":{"x":0,"y":0,"z":0},"position":{"x":-6.63755770347052e-8,"y":3.551505045606973e-8,"z":0}}},"m_eidParent":{"type":"SEntityTemplateReference","value":"7479db7f27ed3828"}},"factory":"[assembly:/templates/aspectdummy.aspect]([modules:/zcompositeentity.class].entitytype,[modules:/zboneattachaspect.class].entitytype).pc_entitytype"},"154e3bbc5154326b":{"parent":"7479db7f27ed3828","name":"Diffuse","blueprint":"[modules:/zmathlerp.class].pc_entityblueprint","properties":{"m_A":{"type":"float32","value":0.5},"m_fT":{"type":"float32","value":0},"m_B":{"type":"float32","value":0.33000001311302185}},"factory":"[modules:/zmathlerp.class].pc_entitytype"},"ae0173cf153b9195":{"parent":"7479db7f27ed3828","name":"Suit Normal Bump Scale","blueprint":"[modules:/zmathlerp.class].pc_entityblueprint","properties":{"m_A":{"type":"float32","value":1.1299999952316284},"m_fT":{"type":"float32","value":0},"m_B":{"type":"float32","value":1.440000057220459}},"events":{"Lerp":{"ConstantVector1D_06_Value":["152d795101ff48db","197d8df8960df068"]}},"factory":"[modules:/zmathlerp.class].pc_entitytype"},"5c07d12259a7fd5a":{"parent":"197d8df8960df068","name":"base_male_shirt_regular","blueprint":"0082486920F31969","properties":{"2359342559":{"type":"IRenderMaterialEntity.EModifierOperation","value":"eReplace"},"m_mTransform":{"type":"SMatrix43","value":{"rotation":{"x":0,"y":0,"z":0},"position":{"x":0,"y":0,"z":0}}},"ConstantVector1D_01_Value_op":{"type":"IRenderMaterialEntity.EModifierOperation","value":"eReplace"},"ConstantVector1D_01_Value":{"type":"float32","value":1},"ConstantVector1D_06_Value":{"type":"float32","value":0.5},"m_eidParent":{"type":"SEntityTemplateReference","value":"7479db7f27ed3828"},"Clients":{"type":"TArray<SEntityTemplateReference>","value":["197d8df8960df068"],"postInit":true}},"factory":"00526FE8FCF776FA"},"7b19cf5d511f82f9":{"parent":"7479db7f27ed3828","name":"Head_47","blueprint":"00F2E4A932ECAA63","factory":"00537D16B5CE7286"},"fc83784a223fe3d5":{"parent":"7479db7f27ed3828","name":"FX_Hitman_Wet_Logic_Character_01","blueprint":"00AA88C960CD2080","properties":{"HeadMaterialToOverride":{"type":"ZRuntimeResourceID","value":{"resource":"009F7978C601815A","flag":"5F"}},"HeadMaterialOverride":{"type":"TArray<SEntityTemplateReference>","value":["7479db7f27ed3828"]}},"events":{"HitmanWetness":{"T":["ae0173cf153b9195","66c29dd92bfde819","f10148cd62490a91","402c1c49ec2914b6","5a19da251e48adde","154e3bbc5154326b","d1d77a39d5e92bad"]}},"factory":"0067CFB703A80787"},"d1d77a39d5e92bad":{"parent":"7479db7f27ed3828","name":"Base Min 2","blueprint":"[modules:/zmathlerp.class].pc_entityblueprint","properties":{"m_A":{"type":"float32","value":0.03999999910593033},"m_B":{"type":"float32","value":0.3799999952316284},"m_fT":{"type":"float32","value":0}},"events":{"Lerp":{"ConstantVector1D_14_Value":["152d795101ff48db","197d8df8960df068"]}},"factory":"[modules:/zmathlerp.class].pc_entitytype"},"f0309412632e3c0a":{"parent":"7479db7f27ed3828","name":"Attacher_L_Forearm","blueprint":"[assembly:/templates/aspectdummy.aspect]([modules:/zcompositeentity.class].entitytype,[modules:/zboneattachaspect.class].entitytype).pc_entityblueprint","properties":{"m_BoneName":{"type":"ZString","value":"L_Forearm"},"m_linkedEntity":{"type":"SEntityTemplateReference","value":"7479db7f27ed3828"},"m_mTransform":{"type":"SMatrix43","value":{"rotation":{"x":0,"y":0,"z":2.1655122139918603e-8},"position":{"x":-7.216065256443471e-8,"y":3.524673175547832e-8,"z":0}}},"m_eidParent":{"type":"SEntityTemplateReference","value":"7479db7f27ed3828"}},"factory":"[assembly:/templates/aspectdummy.aspect]([modules:/zcompositeentity.class].entitytype,[modules:/zboneattachaspect.class].entitytype).pc_entitytype"},"66c29dd92bfde819":{"parent":"7479db7f27ed3828","name":"Base Min","blueprint":"[modules:/zmathlerp.class].pc_entityblueprint","properties":{"m_A":{"type":"float32","value":0},"m_B":{"type":"float32","value":0.20000000298023224},"m_fT":{"type":"float32","value":0}},"events":{"Lerp":{"ConstantVector1D_04_Value":["720dd762748a25c0"]}},"factory":"[modules:/zmathlerp.class].pc_entitytype"},"51e74af11516f815":{"parent":"7479db7f27ed3828","name":"agent47_eyebrows","blueprint":"[assembly:/_pro/characters/assets/hero/agent47/materials/agent47_eyebrows.mi].pc_entityblueprint","properties":{"2368669741":{"type":"IRenderMaterialEntity.EModifierOperation","value":"eReplace"},"m_mTransform":{"type":"SMatrix43","value":{"rotation":{"x":0,"y":0,"z":0},"position":{"x":0,"y":0,"z":0}}},"Clients":{"type":"TArray<SEntityTemplateReference>","value":["7479db7f27ed3828"]},"Lerp_06_s":{"type":"float32","value":0.75},"m_eidParent":{"type":"SEntityTemplateReference","value":"7479db7f27ed3828"}},"factory":"[assembly:/_pro/characters/assets/hero/agent47/materials/agent47_eyebrows.mi].pc_entitytype"},"4ae614a4cbfb4571":{"parent":"7479db7f27ed3828","name":"Gloves_Leather","factory":"00BEE701448762C1","blueprint":"005D2B1CBD509E61","properties":{"Diffuse_Color_01_Value":{"type":"SColorRGB","value":"#2e2e2e"},"m_pMeshResource":{"type":"ZRuntimeResourceID","value":{"resource":"005DFA0B8CB97FE5","flag":"5F"}}}},"5a19da251e48adde":{"parent":"7479db7f27ed3828","name":"Base Normal Bump Scale","blueprint":"[modules:/zmathlerp.class].pc_entityblueprint","properties":{"m_A":{"type":"float32","value":1},"m_fT":{"type":"float32","value":0},"m_B":{"type":"float32","value":1.440000057220459}},"events":{"Lerp":{"ConstantVector1D_06_Value":["720dd762748a25c0"]}},"factory":"[modules:/zmathlerp.class].pc_entitytype"},"c0e2beec586be6b8":{"parent":"197d8df8960df068","name":"tracksuit_pants","blueprint":"00426B1E3381ED4F","properties":{"3516673141":{"type":"IRenderMaterialEntity.EModifierOperation","value":"eLeave"},"m_mTransform":{"type":"SMatrix43","value":{"rotation":{"x":0,"y":0,"z":0},"position":{"x":0,"y":0,"z":0}}},"ConstantVector1D_01_Value_op":{"type":"IRenderMaterialEntity.EModifierOperation","value":"eReplace"},"ConstantVector1D_01_Value":{"type":"float32","value":1},"Texture2D_01_enab":{"type":"bool","value":true},"Texture2D_01":{"type":"ZRuntimeResourceID","value":{"resource":"00E96E045484E5CD","flag":"5F"}},"Diffuse_Color_01_Value":{"type":"SColorRGB","value":"#ffffff"},"m_eidParent":{"type":"SEntityTemplateReference","value":"7479db7f27ed3828"},"Clients":{"type":"TArray<SEntityTemplateReference>","value":["197d8df8960df068"],"postInit":true}},"factory":"00EF834E3C20C807"},"197d8df8960df068":{"parent":"7479db7f27ed3828","name":"Mesh_tracksuit_pants","blueprint":"[modules:/zbodypartentity.class].pc_entityblueprint","properties":{"m_pMeshResource":{"type":"ZRuntimeResourceID","value":{"resource":"001BD118979989B0","flag":"5F"}}},"inputCopying":{"ConstantVector1D_06_Value":{"ConstantVector1D_06_Value":["c0e2beec586be6b8","5c07d12259a7fd5a"]},"ConstantVector1D_14_Value":{"ConstantVector1D_14_Value":["c0e2beec586be6b8","5c07d12259a7fd5a"]},"ConstantVector1D_01_Value":{"ConstantVector1D_01_Value":["c0e2beec586be6b8","5c07d12259a7fd5a"]}},"factory":"[modules:/zbodypartentity.class].pc_entitytype"},"d9781b57112b5675":{"parent":"7479db7f27ed3828","name":"Attacher_Head","blueprint":"[assembly:/templates/aspectdummy.aspect]([modules:/zcompositeentity.class].entitytype,[modules:/zboneattachaspect.class].entitytype).pc_entityblueprint","properties":{"m_BoneName":{"type":"ZString","value":"Head"},"m_linkedEntity":{"type":"SEntityTemplateReference","value":"7479db7f27ed3828"},"m_eidParent":{"type":"SEntityTemplateReference","value":"7479db7f27ed3828"}},"factory":"[assembly:/templates/aspectdummy.aspect]([modules:/zcompositeentity.class].entitytype,[modules:/zboneattachaspect.class].entitytype).pc_entitytype"},"e32fad2c3c498959":{"parent":"720dd762748a25c0","name":"shoes_sneaker_high","blueprint":"[assembly:/_pro/characters/assets/individuals/bulldog/privateinvestigator/materials/shoes_sneaker_high.mi].pc_entityblueprint","properties":{"2287298018":{"type":"IRenderMaterialEntity.EModifierOperation","value":"eReplace"},"3516673141":{"type":"IRenderMaterialEntity.EModifierOperation","value":"eLeave"},"m_mTransform":{"type":"SMatrix43","value":{"rotation":{"x":0,"y":0,"z":2.560276426630259e-12},"position":{"x":-0.0000024005689738260116,"y":-0.00000272081501861976,"z":0}}},"Clients":{"type":"TArray<SEntityTemplateReference>","value":["7479db7f27ed3828"]},"Texture2D_01_enab":{"type":"bool","value":true},"Texture2D_01":{"type":"ZRuntimeResourceID","value":{"resource":"[assembly:/_pro/characters/assets/individuals/bulldog/privateinvestigator/textures/shoes_sneaker_high.texture?/specular_a.tex](ascolormap).pc_tex","flag":"5F"}},"ConstantVector1D_01_Value":{"type":"float32","value":5},"ConstantVector1D_01_Value_op":{"type":"IRenderMaterialEntity.EModifierOperation","value":"eReplace"},"Diffuse_Color_01_Value":{"type":"SColorRGB","value":"#ffffff"},"ConstantVector1D_05_Value":{"type":"float32","value":1},"ConstantVector1D_04_Value":{"type":"float32","value":0.2800000011920929},"m_eidParent":{"type":"SEntityTemplateReference","value":"7479db7f27ed3828"}},"factory":"[assembly:/_pro/characters/assets/individuals/bulldog/privateinvestigator/materials/shoes_sneaker_high.mi].pc_entitytype"},"720dd762748a25c0":{"parent":"7479db7f27ed3828","name":"Shoes","blueprint":"[modules:/zbodypartentity.class].pc_entityblueprint","properties":{"m_pMeshResource":{"type":"ZRuntimeResourceID","value":{"resource":"[assembly:/_pro/characters/assets/individuals/bulldog/privateinvestigator/geometry/male_reg_privateinvestigator.wl2?/shoes.weightedprim](bodypart).pc_weightedprim","flag":"5F"}}},"inputCopying":{"ConstantVector1D_06_Value":{"ConstantVector1D_06_Value":["e32fad2c3c498959"]},"ConstantVector1D_01_Value":{"ConstantVector1D_01_Value":["e32fad2c3c498959"]},"ConstantVector1D_04_Value":{"ConstantVector1D_04_Value":["e32fad2c3c498959"]}},"factory":"[modules:/zbodypartentity.class].pc_entitytype"}},"propertyOverrides":[],"overrideDeletes":[],"pinConnectionOverrides":[],"pinConnectionOverrideDeletes":[],"externalScenes":[],"subType":"template","quickEntityVersion":3.1,"extraFactoryDependencies":[],"extraBlueprintDependencies":[],"comments":[]}