{"tempHash":"005B3BB56EE69F3A","tbluHash":"00A1CA1B14819854","rootEntity":"2be59e71e6737922","entities":{"1729cd929fcd06bf":{"parent":"c9be4c872396b6c6","name":"male_reg_agent47_sapienza_glasses","factory":"[assembly:/_pro/characters/assets/hero/agent47/materials/male_reg_agent47_sapienza_glasses.mi].pc_entitytype","blueprint":"[assembly:/_pro/characters/assets/hero/agent47/materials/male_reg_agent47_sapienza_glasses.mi].pc_entityblueprint","properties":{"3516673141":{"type":"IRenderMaterialEntity.EModifierOperation","value":"eLeave"},"m_mTransform":{"type":"SMatrix43","value":{"rotation":{"x":0,"y":0,"z":0},"position":{"x":0,"y":0,"z":0}}},"Diffuse_Color_01_Value":{"type":"SColorRGB","value":"#ffffff"},"ConstantVector1D_01_Value_op":{"type":"IRenderMaterialEntity.EModifierOperation","value":"eReplace"},"ConstantVector1D_01_Value":{"type":"float32","value":0.6299999952316284},"Clients":{"type":"TArray<SEntityTemplateReference>","value":["c9be4c872396b6c6"],"postInit":true},"m_eidParent":{"type":"SEntityTemplateReference","value":"c9be4c872396b6c6","postInit":true}}},"fad987a3f4d6bc1d":{"parent":"2be59e71e6737922","name":"Mesh_Hoodie","factory":"[modules:/zbodypartentity.class].pc_entitytype","blueprint":"[modules:/zbodypartentity.class].pc_entityblueprint","properties":{"m_pMeshResource":{"type":"ZRuntimeResourceID","value":{"resource":"00DC8835BBA4DA18","flag":"5F"}}}},"28a68713dad5bbfa":{"parent":"2be59e71e6737922","name":"Lerp 3","factory":"[modules:/zmathlerp.class].pc_entitytype","blueprint":"[modules:/zmathlerp.class].pc_entityblueprint","properties":{"m_fT":{"type":"float32","value":0},"m_A":{"type":"float32","value":1},"m_B":{"type":"float32","value":2}},"events":{"Lerp":{"ConstantVector1D_06_Value":["43f05476e0d46b7e"]}}},"f3364db3cf2cc446":{"parent":"43f05476e0d46b7e","name":"male_reg_suit_pants_01","factory":"0074A1B094FC4120","blueprint":"0007754D66EDCF32","properties":{"1239136802":{"type":"IRenderMaterialEntity.EModifierOperation","value":"eReplace"},"1294887455":{"type":"IRenderMaterialEntity.EModifierOperation","value":"eReplace"},"1565884279":{"type":"IRenderMaterialEntity.EModifierOperation","value":"eReplace"},"1787395739":{"type":"IRenderMaterialEntity.EModifierOperation","value":"eReplace"},"2359342559":{"type":"IRenderMaterialEntity.EModifierOperation","value":"eReplace"},"2786709788":{"type":"IRenderMaterialEntity.EModifierOperation","value":"eLeave"},"2869403995":{"type":"IRenderMaterialEntity.EModifierOperation","value":"eReplace"},"3516673141":{"type":"IRenderMaterialEntity.EModifierOperation","value":"eReplace"},"m_mTransform":{"type":"SMatrix43","value":{"rotation":{"x":0,"y":0,"z":0},"position":{"x":9.988899230957031,"y":-8.244298934936523,"z":0}}},"ConstantVector1D_01_Value_op":{"type":"IRenderMaterialEntity.EModifierOperation","value":"eReplace"},"ConstantVector1D_01_Value":{"type":"float32","value":0.5},"Active":{"type":"bool","value":true},"ConstantVector1D_16_Value":{"type":"float32","value":0.5},"ConstantVector1D_03_Value":{"type":"float32","value":2},"ConstantVector1D_14_Value":{"type":"float32","value":-0.25},"Texture2D_01_enab":{"type":"bool","value":true},"Texture2D_01":{"type":"ZRuntimeResourceID","value":{"resource":"00F6A6C76C74C59F","flag":"5F"}},"Diffuse_Color_01_Value":{"type":"SColorRGB","value":"#2b2b2b"},"ConstantVector1D_13_Value":{"type":"float32","value":0},"Texture2D_03_enab":{"type":"bool","value":true},"ConstantVector1D_15_Value":{"type":"float32","value":1},"Diffuse_Saturation_01_Value":{"type":"float32","value":0},"Texture2DNormal_01":{"type":"ZRuntimeResourceID","value":{"resource":"004FB94B910DAD5D","flag":"5F"}},"Texture2DNormal_01_enab":{"type":"bool","value":true},"Texture2D_03":{"type":"ZRuntimeResourceID","value":{"resource":"0013F0C8B8AAE0C8","flag":"5F"}},"Clients":{"type":"TArray<SEntityTemplateReference>","value":["43f05476e0d46b7e"],"postInit":true},"m_eidParent":{"type":"SEntityTemplateReference","value":"2be59e71e6737922","postInit":true}}},"c73c8d9f5050d9c3":{"parent":"2be59e71e6737922","name":"Head_47","factory":"00537D16B5CE7286","blueprint":"00F2E4A932ECAA63"},"d9c9bd427bb6c366":{"parent":"fad987a3f4d6bc1d","name":"male_casual_01_hoody_01","factory":"[assembly:/_pro/characters/assets/_genericparts/male/casual_01/materials/male_casual_01_hoody_01.mi].pc_entitytype","blueprint":"[assembly:/_pro/characters/assets/_genericparts/male/casual_01/materials/male_casual_01_hoody_01.mi].pc_entityblueprint","properties":{"3516673141":{"type":"IRenderMaterialEntity.EModifierOperation","value":"eLeave"},"m_mTransform":{"type":"SMatrix43","value":{"rotation":{"x":0,"y":0,"z":-3.549358496002242e-7},"position":{"x":-0.000001747820988384774,"y":-1.072084998554601e-7,"z":0}}},"Texture2D_01":{"type":"ZRuntimeResourceID","value":{"resource":"0072CEC326A99E25","flag":"5F"}},"Texture2D_01_enab":{"type":"bool","value":true},"Texture2D_03":{"type":"ZRuntimeResourceID","value":{"resource":"00C561FE5FA210EA","flag":"5F"}},"Texture2D_03_enab":{"type":"bool","value":true},"Clients":{"type":"TArray<SEntityTemplateReference>","value":["2be59e71e6737922"],"postInit":true},"m_eidParent":{"type":"SEntityTemplateReference","value":"2be59e71e6737922","postInit":true}}},"a5a6899a4d9fa8be":{"parent":"86c7695fc2b0389c","name":"male_reg_socks_01","factory":"000191174AD4F0BC","blueprint":"006B6ED99EF0ADEB","properties":{"2287298018":{"type":"IRenderMaterialEntity.EModifierOperation","value":"eReplace"},"m_mTransform":{"type":"SMatrix43","value":{"rotation":{"x":0,"y":0,"z":0},"position":{"x":0,"y":0,"z":0}}},"ConstantVector1D_01_Value_op":{"type":"IRenderMaterialEntity.EModifierOperation","value":"eReplace"},"ConstantVector1D_01_Value":{"type":"float32","value":0.009999999776482582},"Clients":{"type":"TArray<SEntityTemplateReference>","value":["86c7695fc2b0389c"],"postInit":true},"m_eidParent":{"type":"SEntityTemplateReference","value":"2be59e71e6737922","postInit":true}}},"2c9999c8cfda8918":{"parent":"2be59e71e6737922","name":"ChildNetwork","factory":"[modules:/zchildnetworkentity.class].pc_entitytype","blueprint":"[modules:/zchildnetworkentity.class].pc_entityblueprint","properties":{"m_RuntimeNetworkResourceID":{"type":"ZRuntimeResourceID","value":{"resource":"[assembly:/animationnetworks/hitman01/idles/suitidle.aln].pc_rtn","flag":"9F"}}}},"c9be4c872396b6c6":{"parent":"36e82d5e25f0841e","name":"glasses_aviator_fullframe_bridge","factory":"00D0D8A9FA7D6B43","blueprint":"00127637484C9445","properties":{"m_mTransform":{"type":"SMatrix43","value":{"rotation":{"x":-4.8101282119750985,"y":0,"z":0},"position":{"x":0.000007000000096013537,"y":-0.02033800072968006,"z":1.7057549953460693}}},"m_PrimitiveScale":{"type":"SVector3","value":{"x":0.9563239812850952,"y":0.975000023841858,"z":0.975000023841858}},"m_ResourceID":{"type":"ZRuntimeResourceID","value":{"resource":"004CF88A75B64F61","flag":"5F"}},"Diffuse_Tint_Value":{"type":"SColorRGB","value":"#000000"},"ConstantVector1D_01_Value":{"type":"float32","value":0},"m_eidParent":{"type":"SEntityTemplateReference","value":"36e82d5e25f0841e","postInit":true}}},"86c7695fc2b0389c":{"parent":"2be59e71e6737922","name":"Mesh_Socks","factory":"[modules:/zbodypartentity.class].pc_entitytype","blueprint":"[modules:/zbodypartentity.class].pc_entityblueprint","properties":{"m_pMeshResource":{"type":"ZRuntimeResourceID","value":{"resource":"0063B05E0712FBB3","flag":"5F"}}},"inputCopying":{"ConstantVector1D_04_Value":{"ConstantVector1D_04_Value":["a5a6899a4d9fa8be"]},"ConstantVector1D_01_Value":{"ConstantVector1D_01_Value":["a5a6899a4d9fa8be"]}}},"36e82d5e25f0841e":{"parent":"2be59e71e6737922","name":"Attacher_Head","factory":"[assembly:/templates/aspectdummy.aspect]([modules:/zcompositeentity.class].entitytype,[modules:/zboneattachaspect.class].entitytype).pc_entitytype","blueprint":"[assembly:/templates/aspectdummy.aspect]([modules:/zcompositeentity.class].entitytype,[modules:/zboneattachaspect.class].entitytype).pc_entityblueprint","properties":{"m_BoneName":{"type":"ZString","value":"Head"},"m_mTransform":{"type":"SMatrix43","value":{"rotation":{"x":180,"y":89.99999879258172,"z":0},"position":{"x":-1.6259080171585083,"y":-0.01357400044798851,"z":-0.000039999998989515007},"scale":{"x":1.0000000000000004,"y":1.0000000000000009,"z":1.0000000000000004}}},"m_linkedEntity":{"type":"SEntityTemplateReference","value":"2be59e71e6737922","postInit":true},"m_eidParent":{"type":"SEntityTemplateReference","value":"2be59e71e6737922","postInit":true}}},"43f05476e0d46b7e":{"parent":"2be59e71e6737922","name":"Mesh_Pant","factory":"[modules:/zbodypartentity.class].pc_entitytype","blueprint":"[modules:/zbodypartentity.class].pc_entityblueprint","properties":{"m_pMeshResource":{"type":"ZRuntimeResourceID","value":{"resource":"00530A403BFCA4F9","flag":"5F"}}},"inputCopying":{"ConstantVector1D_14_Value":{"ConstantVector1D_14_Value":["f3364db3cf2cc446"]},"ConstantVector1D_01_Value":{"ConstantVector1D_01_Value":["f3364db3cf2cc446"]},"ConstantVector1D_06_Value":{"ConstantVector1D_06_Value":["f3364db3cf2cc446"]}}},"41107d5069b7081d":{"parent":"2be59e71e6737922","name":"Lerp 2","factory":"[modules:/zmathlerp.class].pc_entitytype","blueprint":"[modules:/zmathlerp.class].pc_entityblueprint","properties":{"m_fT":{"type":"float32","value":0},"m_A":{"type":"float32","value":0},"m_B":{"type":"float32","value":0.30000001192092896}},"events":{"Lerp":{"ConstantVector1D_04_Value":["86c7695fc2b0389c","a1c912930ce4c93d"]}}},"360a1e7bf54667fc":{"parent":"a1c912930ce4c93d","name":"male_reg_bangkok_hotelsecurity_shoes","factory":"[assembly:/_pro/characters/assets/guards/bangkok/hotel_security/materials/male_reg_bangkok_hotelsecurity_shoes.mi].pc_entitytype","blueprint":"[assembly:/_pro/characters/assets/guards/bangkok/hotel_security/materials/male_reg_bangkok_hotelsecurity_shoes.mi].pc_entityblueprint","properties":{"1737952988":{"type":"IRenderMaterialEntity.EModifierOperation","value":"eReplace"},"2287298018":{"type":"IRenderMaterialEntity.EModifierOperation","value":"eReplace"},"m_mTransform":{"type":"SMatrix43","value":{"rotation":{"x":0,"y":0,"z":0},"position":{"x":0,"y":0,"z":0}}},"ConstantVector1D_05_Value":{"type":"float32","value":0.5099999904632568},"Texture2D_01_enab":{"type":"bool","value":true},"Texture2D_01":{"type":"ZRuntimeResourceID","value":{"resource":"0056D10B3D6AFAD8","flag":"5F"}},"Texture2DNormal_01_enab":{"type":"bool","value":true},"Texture2DNormal_01":{"type":"ZRuntimeResourceID","value":{"resource":"0012B1C58624FB9D","flag":"5F"}},"Texture2D_03_enab":{"type":"bool","value":true},"Texture2D_03":{"type":"ZRuntimeResourceID","value":{"resource":"0066A12C24F2E2F9","flag":"5F"}},"ConstantVector1D_01_Value_op":{"type":"IRenderMaterialEntity.EModifierOperation","value":"eReplace"},"Clients":{"type":"TArray<SEntityTemplateReference>","value":["a1c912930ce4c93d"],"postInit":true},"m_eidParent":{"type":"SEntityTemplateReference","value":"2be59e71e6737922","postInit":true}}},"a1c912930ce4c93d":{"parent":"2be59e71e6737922","name":"Mesh_Shoes01","factory":"[modules:/zbodypartentity.class].pc_entitytype","blueprint":"[modules:/zbodypartentity.class].pc_entityblueprint","properties":{"m_pMeshResource":{"type":"ZRuntimeResourceID","value":{"resource":"00C536224D4F37E1","flag":"5F"}}},"inputCopying":{"ConstantVector1D_04_Value":{"ConstantVector1D_04_Value":["360a1e7bf54667fc"]},"ConstantVector1D_01_Value":{"ConstantVector1D_01_Value":["360a1e7bf54667fc"]}}},"2be59e71e6737922":{"parent":null,"name":"OUTFIT_Agent47_Reward_Ducky_HeroA_v0","factory":"[assembly:/templates/aspectdummy.aspect]([modules:/zlinkedproxyentity.class].entitytype,[modules:/zclothcharacterentity.class].entitytype,[modules:/zheroidlenetworkaspect.class].entitytype).pc_entitytype","blueprint":"[assembly:/templates/aspectdummy.aspect]([modules:/zlinkedproxyentity.class].entitytype,[modules:/zclothcharacterentity.class].entitytype,[modules:/zheroidlenetworkaspect.class].entitytype).pc_entityblueprint","properties":{"m_ResourceID":{"type":"ZRuntimeResourceID","value":null},"m_fLODScale":{"type":"float32","value":1},"m_mTransform":{"type":"SMatrix43","value":{"rotation":{"x":0,"y":0,"z":-10.080753326416016},"position":{"x":73.55368041992188,"y":34.92124938964844,"z":0}}},"m_pBonesAndCollisionResource":{"type":"ZRuntimeResourceID","value":{"resource":"0017416135CF879C","flag":"5F"}},"m_bUsePerVertexStiffness":{"type":"bool","value":true},"m_LocalColliders":{"type":"TArray<SEntityTemplateReference>","value":[]},"m_bGlobalCollidersEnabled":{"type":"bool","value":false},"m_fDamping":{"type":"float32","value":1},"m_fBendStiffness":{"type":"float32","value":1},"m_bUsePerVertexDamping":{"type":"bool","value":true},"m_fShearStiffness":{"type":"float32","value":1},"m_bUseSkinningPosNormalConstrains":{"type":"bool","value":true},"m_bUseSkinningNegNormalConstrains":{"type":"bool","value":true},"m_nIterations":{"type":"uint32","value":2},"m_fFrequency":{"type":"float32","value":90},"m_vTranslationScale":{"type":"SVector3","value":{"x":0.10000000149011612,"y":0.10000000149011612,"z":0.10000000149011612}},"m_vGravity":{"type":"SVector3","value":{"x":0,"y":0,"z":-13}},"m_fLODOffset":{"type":"float32","value":100},"m_fDragConstant":{"type":"float32","value":1},"m_eStretchConstrainType":{"type":"EClothStretchConstrainType","value":"eClothBendConstrainType_LRA"},"m_fAngularVelocityThreshold":{"type":"float32","value":60},"m_eRootBone":{"type":"BoneId.Enum","value":"PELVIS"},"m_bEnableAngularVelocityScale":{"type":"bool","value":true},"m_eBendConstrainType":{"type":"EClothBendConstrainType","value":"eClothBendConstrainType_Triangle"},"m_pIdleAnimNetworkEntity":{"type":"SEntityTemplateReference","value":"2c9999c8cfda8918"},"m_bRandomStartState":{"type":"bool","value":true},"m_fWindConstant":{"type":"float32","value":0.10000000149011612},"m_aBodyParts":{"type":"TArray<SEntityTemplateReference>","value":["43f05476e0d46b7e","a1c912930ce4c93d","86c7695fc2b0389c","fad987a3f4d6bc1d","4810b81448e0d444","c73c8d9f5050d9c3"],"postInit":true}}},"a5651fb964aed467":{"parent":"2be59e71e6737922","name":"Lerp 5","factory":"[modules:/zmathlerp.class].pc_entitytype","blueprint":"[modules:/zmathlerp.class].pc_entityblueprint","properties":{"m_fT":{"type":"float32","value":0},"m_A":{"type":"float32","value":0.699999988079071},"m_B":{"type":"float32","value":0.4000000059604645}},"events":{"Lerp":{"ConstantVector1D_01_Value":["43f05476e0d46b7e"]}}},"667d979b5492d2c3":{"parent":"2be59e71e6737922","name":"base_eye","factory":"00FDEC17A5A2BF5F","blueprint":"00C4E4179AE75353","properties":{"1405740434":{"type":"IRenderMaterialEntity.EModifierOperation","value":"eReplace"},"1762730872":{"type":"IRenderMaterialEntity.EModifierOperation","value":"eReplace"},"2036633045":{"type":"IRenderMaterialEntity.EModifierOperation","value":"eReplace"},"2298771567":{"type":"IRenderMaterialEntity.EModifierOperation","value":"eReplace"},"3480721934":{"type":"IRenderMaterialEntity.EModifierOperation","value":"eReplace"},"4103203329":{"type":"IRenderMaterialEntity.EModifierOperation","value":"eReplace"},"m_mTransform":{"type":"SMatrix43","value":{"rotation":{"x":0,"y":0,"z":0},"position":{"x":0,"y":0,"z":0}}},"Clients":{"type":"TArray<SEntityTemplateReference>","value":["2be59e71e6737922"]},"EyeShader_01_IrisBrightness":{"type":"float32","value":2},"EyeShader_01_PupilSize":{"type":"float32","value":0.17000000178813934},"EyeShader_01_IrisHueShift":{"type":"float32","value":0.10000000149011612},"EyeShader_01_CorneaSpecularPower":{"type":"float32","value":1},"EyeShader_01_CorneaSpecularIntensity":{"type":"float32","value":0.02500000037252903},"EyeShader_01_ScleraSpecularIntensity":{"type":"float32","value":0.019999999552965164},"Texture2D_01_enab":{"type":"bool","value":true},"Texture2D_01":{"type":"ZRuntimeResourceID","value":{"resource":"00956964149E802F","flag":"5F"}},"m_eidParent":{"type":"SEntityTemplateReference","value":"2be59e71e6737922"}}},"f42698e15109a7e1":{"parent":"2be59e71e6737922","name":"Lerp 4","factory":"[modules:/zmathlerp.class].pc_entitytype","blueprint":"[modules:/zmathlerp.class].pc_entityblueprint","properties":{"m_fT":{"type":"float32","value":0},"m_A":{"type":"float32","value":0.05000000074505806},"m_B":{"type":"float32","value":0.30000001192092896}},"events":{"Lerp":{"ConstantVector1D_14_Value":["43f05476e0d46b7e"],"ConstantVector1D_04_Value":["c73c8d9f5050d9c3"]}}},"c6f8ffa5c4ac59c7":{"parent":"2be59e71e6737922","name":"Lerp","factory":"[modules:/zmathlerp.class].pc_entitytype","blueprint":"[modules:/zmathlerp.class].pc_entityblueprint","properties":{"m_fT":{"type":"float32","value":0},"m_A":{"type":"float32","value":12},"m_B":{"type":"float32","value":5}}},"4273d39062c7c9d":{"parent":"2be59e71e6737922","name":"male_reg_eyelashes","factory":"00AF6FD15BFAC222","blueprint":"00926F11E3C00813","properties":{"1294887455":{"type":"IRenderMaterialEntity.EModifierOperation","value":"eReplace"},"2786709788":{"type":"IRenderMaterialEntity.EModifierOperation","value":"eReplace"},"m_mTransform":{"type":"SMatrix43","value":{"rotation":{"x":0,"y":0,"z":0},"position":{"x":0,"y":0,"z":0}}},"Clients":{"type":"TArray<SEntityTemplateReference>","value":["2be59e71e6737922"]},"ConstantVector1D_16_Value":{"type":"float32","value":1.5},"m_eidParent":{"type":"SEntityTemplateReference","value":"2be59e71e6737922"}}},"1286ebe3f4f86f00":{"parent":"c9be4c872396b6c6","name":"lens_basic","factory":"[assembly:/_pro/characters/assets/_apparel/accessories/glasses/materials/lens_basic.mi].pc_entitytype","blueprint":"[assembly:/_pro/characters/assets/_apparel/accessories/glasses/materials/lens_basic.mi].pc_entityblueprint","properties":{"201768358":{"type":"IRenderMaterialEntity.EModifierOperation","value":"eReplace"},"m_mTransform":{"type":"SMatrix43","value":{"rotation":{"x":7.27626030538886e-8,"y":-2.5729109509597947e-8,"z":-1.4334698050788575e-7},"position":{"x":-5.692111244570697e-7,"y":-0.000001041275027091615,"z":-3.9197420420578055e-8}}},"Clients":{"type":"TArray<SEntityTemplateReference>","value":["c9be4c872396b6c6"]},"Diffuse_Tint_Value":{"type":"SColorRGB","value":"#525252"},"ConstantVector1D_01_Value":{"type":"float32","value":0},"ConstantVector1D_01_Value_op":{"type":"IRenderMaterialEntity.EModifierOperation","value":"eReplace"},"Texture2D_01_enab":{"type":"bool","value":true},"m_eidParent":{"type":"SEntityTemplateReference","value":"c9be4c872396b6c6"}}},"65144013d93d82a9":{"parent":"2be59e71e6737922","name":"FX_Hitman_Wet_Logic_Character","factory":"0067CFB703A80787","blueprint":"00AA88C960CD2080","properties":{"HeadMaterialToOverride":{"type":"ZRuntimeResourceID","value":{"resource":"009F7978C601815A","flag":"5F"}},"HeadMaterialOverride":{"type":"TArray<SEntityTemplateReference>","value":["2be59e71e6737922"]}},"events":{"HitmanWetness":{"T":["c6f8ffa5c4ac59c7","41107d5069b7081d","28a68713dad5bbfa","f42698e15109a7e1","a5651fb964aed467"]}}},"4810b81448e0d444":{"parent":"2be59e71e6737922","name":"Gloves_Leather","factory":"00BEE701448762C1","blueprint":"005D2B1CBD509E61","properties":{"Diffuse_Color_01_Value":{"type":"SColorRGB","value":"#f5b922"},"m_pMeshResource":{"type":"ZRuntimeResourceID","value":{"resource":"000E85CCE3F24AAE","flag":"5F"}}}}},"propertyOverrides":[],"overrideDeletes":[],"pinConnectionOverrides":[],"pinConnectionOverrideDeletes":[],"externalScenes":[],"subType":"template","quickEntityVersion":3.1,"extraFactoryDependencies":[],"extraBlueprintDependencies":[],"comments":[]}