{"tempHash":"00271D861D406674","tbluHash":"00544884819386F4","patch":[{"RemoveEntityByID":"bbbee96a2f28bf67"},{"RemoveEntityByID":"3a5b90c9224d8dc1"},{"RemoveEntityByID":"fe9818f4c1ce330"},{"RemoveEntityByID":"240349ffc9413301"},{"SubEntityOperation":["88d68ea2296573f1",{"RemoveEventConnection":["Lerp","ConstantVector1D_04_Value","240349ffc9413301"]}]},{"SubEntityOperation":["88d68ea2296573f1",{"RemoveEventConnection":["Lerp","ConstantVector1D_04_Value","3a5b90c9224d8dc1"]}]},{"SubEntityOperation":["e712fd1a9928baf2",{"RemoveAllEventConnectionsForTrigger":["Lerp","ConstantVector1D_06_Value"]}]},{"SubEntityOperation":["e712fd1a9928baf2",{"RemoveEventConnection":["Lerp","ConstantVector1D_01_Value","240349ffc9413301"]}]},{"SubEntityOperation":["e712fd1a9928baf2",{"RemoveEventConnection":["Lerp","ConstantVector1D_01_Value","3a5b90c9224d8dc1"]}]},{"SubEntityOperation":["571cbbe49887d0c1",{"PatchArrayPropertyValue":["m_aBodyParts",[{"RemoveItemByValue":"3a5b90c9224d8dc1"},{"RemoveItemByValue":"240349ffc9413301"},{"AddItemAfter":["5cf9989ab9839eb6","abcd30f7f426a5c1"]},{"AddItemAfter":["5cf9989ab9839eb6","abcd35aeeb09d8ce"]}]]}]},{"SubEntityOperation":["5b47f2ac624652e4",{"RemoveEventConnection":["Lerp","ConstantVector1D_06_Value","240349ffc9413301"]}]},{"AddEntity":["abcd30f7f426a5c1",{"parent":"571cbbe49887d0c1","name":"Torso_Neck_LowCut","factory":"00AC8D5EB0F5A755","blueprint":"00CC398F7A37A27F"}]},{"AddEntity":["abcd35aeeb09d8ce",{"parent":"571cbbe49887d0c1","name":"Head_47","factory":"00537D16B5CE7286","blueprint":"00F2E4A932ECAA63"}]}],"patchVersion":6}