{"tempHash":"002E28E4D2B84C72","tbluHash":"005BF335BCD6134E","rootEntity":"8ddcc94df76674b3","entities":{"c144bc681247446b":{"parent":"8ddcc94df76674b3","name":"Lerp 1","factory":"[modules:/zmathlerp.class].pc_entitytype","blueprint":"[modules:/zmathlerp.class].pc_entityblueprint","properties":{"m_A":{"type":"float32","value":0.15000000596046448},"m_B":{"type":"float32","value":0.30000001192092896},"m_fT":{"type":"float32","value":0}},"events":{"Lerp":{"ConstantVector1D_04_Value":["62970c22309a88f5","112bea1cd9e6b318"],"ConstantVector1D_14_Value":["8400387df9e2de29"]}}},"f5c2268ab4891503":{"parent":"8ddcc94df76674b3","name":"Lerp 5","factory":"[modules:/zmathlerp.class].pc_entitytype","blueprint":"[modules:/zmathlerp.class].pc_entityblueprint","properties":{"m_A":{"type":"float32","value":0.5},"m_B":{"type":"float32","value":0.25},"m_fT":{"type":"float32","value":0}},"events":{"Lerp":{"ConstantVector1D_01_Value":["62970c22309a88f5"]}}},"1de06b9c84f7ad26":{"parent":"8ddcc94df76674b3","name":"Mesh_Clothes","factory":"[modules:/zbodypartentity.class].pc_entitytype","blueprint":"[modules:/zbodypartentity.class].pc_entityblueprint","properties":{"m_pMeshResource":{"type":"ZRuntimeResourceID","value":{"resource":"00235777081C7C72","flag":"5F"}}}},"eb2fbff9018e5578":{"parent":"8ddcc94df76674b3","name":"Lerp 4","factory":"[modules:/zmathlerp.class].pc_entitytype","blueprint":"[modules:/zmathlerp.class].pc_entityblueprint","properties":{"m_A":{"type":"float32","value":4},"m_B":{"type":"float32","value":5},"m_fT":{"type":"float32","value":0}},"events":{"Lerp":{"ConstantVector1D_01_Value":["8400387df9e2de29"]}}},"d0fa00d10aa4f863":{"parent":"8ddcc94df76674b3","name":"FX_Hitman_Wet_Logic_Character_01","factory":"0067CFB703A80787","blueprint":"00AA88C960CD2080","properties":{"HeadMaterialToOverride":{"type":"ZRuntimeResourceID","value":{"resource":"009F7978C601815A","flag":"5F"}},"HeadMaterialOverride":{"type":"TArray<SEntityTemplateReference>","value":["8ddcc94df76674b3"],"postInit":true}},"events":{"HitmanWetness":{"T":["c144bc681247446b","1ccb10bca3e727c8","5edf67b7ea8b3cd7","eb2fbff9018e5578","f5c2268ab4891503"]},"ChangedDisguiseTrigger":{"Activate":["62970c22309a88f5"]}}},"1be5931adcf9cec5":{"parent":"8ddcc94df76674b3","name":"Legs_Thigh_Shoe","factory":"00D35AA766FE96D4","blueprint":"00B13FA86035685D"},"4af6e0e7f64dfcf5":{"parent":"8ddcc94df76674b3","name":"Head_47","factory":"00537D16B5CE7286","blueprint":"00F2E4A932ECAA63"},"6ad3dbd67da3e755":{"parent":"e82b36af99661c51","name":"glasses_47_miami","factory":"00D0D8A9FA7D6B43","blueprint":"00127637484C9445","properties":{"m_mTransform":{"type":"SMatrix43","value":{"rotation":{"x":0,"y":89.90213720978818,"z":173.35846158856168},"position":{"x":0.07975500077009201,"y":0.00867099966853857,"z":0.00005400000009103678}}},"m_PrimitiveScale":{"type":"SVector3","value":{"x":0.9563239812850952,"y":0.9750000238418579,"z":0.9750000238418579}},"m_eidParent":{"type":"SEntityTemplateReference","value":"e82b36af99661c51","postInit":true},"m_rLinkedProxyEntity":{"type":"SEntityTemplateReference","value":"8ddcc94df76674b3","postInit":true}}},"112bea1cd9e6b318":{"parent":"8ddcc94df76674b3","name":"Agent47_Shoes_BoatLoafers","factory":"007B544B592E2620","blueprint":"00E2C30B7B4A9AB9","properties":{"ConstantVector1D_01_Value":{"type":"float32","value":0.5},"Diffuse_Color_01_Value":{"type":"SColorRGB","value":"#fcfcfc"},"Texture2D_01":{"type":"ZRuntimeResourceID","value":{"resource":"[assembly:/_pro/characters/assets/hero/agent47/textures/agent47_miami_loafers.texture?/diffuse_brown.tex](ascolormap).pc_tex","flag":"5F"}},"ConstantVector1D_03_Value":{"type":"float32","value":0.800000011920929},"ConstantVector1D_04_Value":{"type":"float32","value":-0.05000000074505806}}},"62970c22309a88f5":{"parent":"8ddcc94df76674b3","name":"male_reg_agent47_sapienza_shirt_01","factory":"[assembly:/_pro/characters/assets/hero/agent47/materials/male_reg_agent47_sapienza_shirt_01.mi].pc_entitytype","blueprint":"[assembly:/_pro/characters/assets/hero/agent47/materials/male_reg_agent47_sapienza_shirt_01.mi].pc_entityblueprint","properties":{"m_mTransform":{"type":"SMatrix43","value":{"rotation":{"x":0,"y":0,"z":0},"position":{"x":-56.431819915771484,"y":9.535449981689453,"z":1.0623420476913452}}},"Clients":{"type":"TArray<SEntityTemplateReference>","value":["1de06b9c84f7ad26"]},"Active":{"type":"bool","value":true},"ConstantVector1D_06_Value_op":{"type":"IRenderMaterialEntity.EModifierOperation","value":"eReplace"},"ConstantVector1D_04_Value_op":{"type":"IRenderMaterialEntity.EModifierOperation","value":"eReplace"},"ConstantVector1D_01_Value_op":{"type":"IRenderMaterialEntity.EModifierOperation","value":"eReplace"},"Global":{"type":"bool","value":false},"Texture2D_01_enab":{"type":"bool","value":false},"m_eidParent":{"type":"SEntityTemplateReference","value":"8ddcc94df76674b3","postInit":true}}},"cde59f7912944371":{"parent":"8ddcc94df76674b3","name":"male_reg_eyelashes","factory":"00AF6FD15BFAC222","blueprint":"00926F11E3C00813","properties":{"m_mTransform":{"type":"SMatrix43","value":{"rotation":{"x":0,"y":0,"z":0},"position":{"x":0,"y":0,"z":0}}},"ConstantVector1D_15_Value_op":{"type":"IRenderMaterialEntity.EModifierOperation","value":"eReplace"},"ConstantVector1D_16_Value_op":{"type":"IRenderMaterialEntity.EModifierOperation","value":"eReplace"},"ConstantVector1D_16_Value":{"type":"float32","value":1.5},"Clients":{"type":"TArray<SEntityTemplateReference>","value":["8ddcc94df76674b3"],"postInit":true},"m_eidParent":{"type":"SEntityTemplateReference","value":"8ddcc94df76674b3","postInit":true}}},"37a8c64d2266699d":{"parent":"8ddcc94df76674b3","name":"Belt_StrapBuckle","factory":"0017355DDB3D75A3","blueprint":"005F1B0540C7F863","properties":{"ConstantVector1D_01_Value":{"type":"float32","value":1.899999976158142},"Diffuse_Color_01_Value":{"type":"SColorRGB","value":"#ffb980"},"Diffuse_Saturation_01_Value":{"type":"float32","value":1},"Texture2D_01":{"type":"ZRuntimeResourceID","value":{"resource":"001083E516801F5E","flag":"5F"}}}},"8400387df9e2de29":{"parent":"8ddcc94df76674b3","name":"Agent47_Shorts_Chinos_Slim","factory":"00A2293258ED8FCC","blueprint":"00CC84804EF3DB2C"},"5edf67b7ea8b3cd7":{"parent":"8ddcc94df76674b3","name":"Lerp 3","factory":"[modules:/zmathlerp.class].pc_entitytype","blueprint":"[modules:/zmathlerp.class].pc_entityblueprint","properties":{"m_A":{"type":"float32","value":0.800000011920929},"m_B":{"type":"float32","value":1.7999999523162842},"m_fT":{"type":"float32","value":0}},"events":{"Lerp":{"ConstantVector1D_06_Value":["62970c22309a88f5","8400387df9e2de29"]}}},"30f4f612ff7490a5":{"parent":"8ddcc94df76674b3","name":"ChildNetwork","factory":"[modules:/zchildnetworkentity.class].pc_entitytype","blueprint":"[modules:/zchildnetworkentity.class].pc_entityblueprint","properties":{"m_RuntimeNetworkResourceID":{"type":"ZRuntimeResourceID","value":{"resource":"[assembly:/animationnetworks/hitman01/idles/suitidle.aln].pc_rtn","flag":"9F"}}}},"8ddcc94df76674b3":{"parent":null,"name":"OUTFIT_Agent47_Stingray_HeroA_V0","factory":"[assembly:/templates/aspectdummy.aspect]([modules:/zlinkedproxyentity.class].entitytype,[modules:/zclothcharacterentity.class].entitytype,[modules:/zheroidlenetworkaspect.class].entitytype).pc_entitytype","blueprint":"[assembly:/templates/aspectdummy.aspect]([modules:/zlinkedproxyentity.class].entitytype,[modules:/zclothcharacterentity.class].entitytype,[modules:/zheroidlenetworkaspect.class].entitytype).pc_entityblueprint","properties":{"m_ResourceID":{"type":"ZRuntimeResourceID","value":null},"m_fLODScale":{"type":"float32","value":1},"m_mTransform":{"type":"SMatrix43","value":{"rotation":{"x":0,"y":0,"z":0},"position":{"x":62.60028839111328,"y":6.115790843963623,"z":0}}},"m_pBonesAndCollisionResource":{"type":"ZRuntimeResourceID","value":{"resource":"0017416135CF879C","flag":"5F"}},"m_bUsePerVertexStiffness":{"type":"bool","value":true},"m_LocalColliders":{"type":"TArray<SEntityTemplateReference>","value":[]},"m_bGlobalCollidersEnabled":{"type":"bool","value":false},"m_fDamping":{"type":"float32","value":1},"m_fBendStiffness":{"type":"float32","value":1},"m_bUsePerVertexDamping":{"type":"bool","value":true},"m_fShearStiffness":{"type":"float32","value":1},"m_bUseSkinningPosNormalConstrains":{"type":"bool","value":true},"m_bUseSkinningNegNormalConstrains":{"type":"bool","value":true},"m_nIterations":{"type":"uint32","value":2},"m_fFrequency":{"type":"float32","value":90},"m_vTranslationScale":{"type":"SVector3","value":{"x":0.10000000149011612,"y":0.10000000149011612,"z":0.10000000149011612}},"m_vGravity":{"type":"SVector3","value":{"x":0,"y":0,"z":-13}},"m_fLODOffset":{"type":"float32","value":100},"m_fDragConstant":{"type":"float32","value":1},"m_eStretchConstrainType":{"type":"EClothStretchConstrainType","value":"eClothBendConstrainType_LRA"},"m_fAngularVelocityThreshold":{"type":"float32","value":60},"m_eRootBone":{"type":"BoneId.Enum","value":"PELVIS"},"m_bEnableAngularVelocityScale":{"type":"bool","value":true},"m_eBendConstrainType":{"type":"EClothBendConstrainType","value":"eClothBendConstrainType_Triangle"},"m_pIdleAnimNetworkEntity":{"type":"SEntityTemplateReference","value":"30f4f612ff7490a5"},"m_bRandomStartState":{"type":"bool","value":true},"m_fWindConstant":{"type":"float32","value":0.10000000149011612},"m_aBodyParts":{"type":"TArray<SEntityTemplateReference>","value":["abdfe100407f3f3d","112bea1cd9e6b318","4af6e0e7f64dfcf5","00919e14079d141b","1be5931adcf9cec5","1de06b9c84f7ad26","37a8c64d2266699d","8400387df9e2de29","feede64dbaf00b7d"],"postInit":true}}},"abdfe100407f3f3d":{"parent":"8ddcc94df76674b3","name":"Torso_Neck","factory":"00D43167687E61AD","blueprint":"007E9340AD2C2425"},"e82b36af99661c51":{"parent":"8ddcc94df76674b3","name":"Attacher_Head","factory":"[assembly:/templates/aspectdummy.aspect]([modules:/zcompositeentity.class].entitytype,[modules:/zboneattachaspect.class].entitytype).pc_entitytype","blueprint":"[assembly:/templates/aspectdummy.aspect]([modules:/zcompositeentity.class].entitytype,[modules:/zboneattachaspect.class].entitytype).pc_entityblueprint","properties":{"m_BoneName":{"type":"ZString","value":"Head"},"m_linkedEntity":{"type":"SEntityTemplateReference","value":"8ddcc94df76674b3"},"m_mTransform":{"type":"SMatrix43","value":{"rotation":{"x":0,"y":0,"z":0},"position":{"x":0,"y":0,"z":0}}},"m_eidParent":{"type":"SEntityTemplateReference","value":"8ddcc94df76674b3"}}},"2bcb840a74170a86":{"parent":"8ddcc94df76674b3","name":"Attacher_L_Foretwist2","factory":"[assembly:/templates/aspectdummy.aspect]([modules:/zcompositeentity.class].entitytype,[modules:/zboneattachaspect.class].entitytype).pc_entitytype","blueprint":"[assembly:/templates/aspectdummy.aspect]([modules:/zcompositeentity.class].entitytype,[modules:/zboneattachaspect.class].entitytype).pc_entityblueprint","properties":{"m_BoneName":{"type":"ZString","value":"L_Foretwist2"},"m_linkedEntity":{"type":"SEntityTemplateReference","value":"8ddcc94df76674b3"},"m_eidParent":{"type":"SEntityTemplateReference","value":"8ddcc94df76674b3"}}},"00919e14079d141b":{"parent":"8ddcc94df76674b3","name":"Arms_Shoulder_Hand","factory":"00D0A46D325392B0","blueprint":"0038B023C4284F44","properties":{"m_pMeshResource":{"type":"ZRuntimeResourceID","value":{"resource":"0008D8A9654F808D","flag":"5F"}}}},"2e126334092ddd5e":{"parent":"8ddcc94df76674b3","name":"base_eye","factory":"00FDEC17A5A2BF5F","blueprint":"00C4E4179AE75353","properties":{"m_mTransform":{"type":"SMatrix43","value":{"rotation":{"x":0,"y":0,"z":0},"position":{"x":0,"y":0,"z":0}}},"Clients":{"type":"TArray<SEntityTemplateReference>","value":["00919e14079d141b"]},"EyeShader_01_IrisBrightness_op":{"type":"IRenderMaterialEntity.EModifierOperation","value":"eReplace"},"EyeShader_01_IrisBrightness":{"type":"float32","value":2},"EyeShader_01_PupilSize_op":{"type":"IRenderMaterialEntity.EModifierOperation","value":"eReplace"},"EyeShader_01_PupilSize":{"type":"float32","value":0.17000000178813934},"EyeShader_01_IrisHueShift_op":{"type":"IRenderMaterialEntity.EModifierOperation","value":"eReplace"},"EyeShader_01_IrisHueShift":{"type":"float32","value":0.10000000149011612},"EyeShader_01_CorneaSpecularPower_op":{"type":"IRenderMaterialEntity.EModifierOperation","value":"eReplace"},"EyeShader_01_CorneaSpecularPower":{"type":"float32","value":1},"EyeShader_01_CorneaSpecularIntensity_op":{"type":"IRenderMaterialEntity.EModifierOperation","value":"eReplace"},"EyeShader_01_CorneaSpecularIntensity":{"type":"float32","value":0.02500000037252903},"EyeShader_01_ScleraSpecularIntensity_op":{"type":"IRenderMaterialEntity.EModifierOperation","value":"eReplace"},"EyeShader_01_ScleraSpecularIntensity":{"type":"float32","value":0.019999999552965164},"Texture2D_01_enab":{"type":"bool","value":true},"Texture2D_01":{"type":"ZRuntimeResourceID","value":{"resource":"00956964149E802F","flag":"5F"}},"Active":{"type":"bool","value":true},"m_eidParent":{"type":"SEntityTemplateReference","value":"8ddcc94df76674b3"}}},"80ec53764ecb72c4":{"parent":"2bcb840a74170a86","name":"Miami_Watch","factory":"006542945ADB9B83","blueprint":"00ABEC1C4BE7BAC7","properties":{"m_mTransform":{"type":"SMatrix43","value":{"rotation":{"x":-1.3131221221046325,"y":2.5842265300796976,"z":-90.08253256617799},"position":{"x":0.061041999608278275,"y":0.0008950000046752393,"z":0.004228000063449144}}},"m_PrimitiveScale":{"type":"SVector3","value":{"x":1.0297499895095825,"y":1,"z":1.0442899465560913}},"m_eidParent":{"type":"SEntityTemplateReference","value":"2bcb840a74170a86"}}},"1ccb10bca3e727c8":{"parent":"8ddcc94df76674b3","name":"Lerp 2","factory":"[modules:/zmathlerp.class].pc_entitytype","blueprint":"[modules:/zmathlerp.class].pc_entityblueprint","properties":{"m_A":{"type":"float32","value":1},"m_B":{"type":"float32","value":2},"m_fT":{"type":"float32","value":0}},"events":{"Lerp":{"ConstantVector1D_04_Value":["37a8c64d2266699d"]}}},"feede64dbaf00b7d":{"parent":"8ddcc94df76674b3","name":"Agent47_Gloves_Driving","factory":"008897FB54E3DB82","blueprint":"00F716010CB776C3","properties":{"m_pMeshResource":{"type":"ZRuntimeResourceID","value":{"resource":"002967FF1FFB7036","flag":"5F"}}}}},"propertyOverrides":[],"overrideDeletes":[],"pinConnectionOverrides":[],"pinConnectionOverrideDeletes":[],"externalScenes":[],"subType":"template","quickEntityVersion":3.1,"extraFactoryDependencies":[{"resource":"[assembly:/_pro/characters/assets/hero/agent47/textures/agent47_miami_loafers.texture?/specular_a.tex](ascolormap).pc_tex","flag":"5F"},{"resource":"[assembly:/_pro/characters/assets/hero/agent47/textures/agent47_miami_loafers.texture?/normal_a.tex](asnormalmap).pc_tex","flag":"5F"},{"resource":"[assembly:/_pro/characters/assets/_base/pro_fem_regular/textures/female_reg_eyelashes.texture?/normal_a.tex](asnormalmap).pc_tex","flag":"5F"},{"resource":"[assembly:/_pro/characters/assets/_base/pro_fem_regular/textures/female_reg_eyelashes.texture?/normal_a.tex](ascolormap).pc_tex","flag":"5F"},{"resource":"[assembly:/_pro/characters/assets/_base/pro_fem_regular/textures/female_reg_eyelashes.texture?/diffuse_a.tex](ascolormap).pc_tex","flag":"5F"},{"resource":"[assembly:/_pro/environment/textures/detailmaps/default.texture?/detail_a.tex](ascompoundnormal).pc_tex","flag":"5F"},{"resource":"003ABC2468A52DBA","flag":"5F"},{"resource":"[assembly:/_pro/characters/assets/hero/agent47/textures/agent47_miami_sunglasses.texture?/diffuse_a.tex](ascolormap).pc_tex","flag":"5F"},{"resource":"0014C251EC13E2CD","flag":"5F"},{"resource":"00818BA637895231","flag":"5F"},{"resource":"[assembly:/_pro/characters/assets/_genericparts/skin/textures/skin_detail.texture?/normal_a.tex](asnormalmap).pc_tex","flag":"5F"},{"resource":"[assembly:/_pro/characters/assets/_genericparts/skin/textures/skin_detail.texture?/variance_a.tex](asheightmap).pc_tex","flag":"5F"},{"resource":"008E0FCF89ED862E","flag":"5F"},{"resource":"002C7E7EE46D0CD2","flag":"5F"},{"resource":"00FFC5352D7A5D64","flag":"5F"},{"resource":"00E4CE86EE7A5CC2","flag":"5F"},{"resource":"004AE40C64125C4E","flag":"5F"},{"resource":"005E614397A91266","flag":"5F"},{"resource":"007D850436B0A092","flag":"5F"},{"resource":"00D247582859CA87","flag":"5F"},{"resource":"00D20CA72E352D16","flag":"5F"},{"resource":"[assembly:/_pro/characters/assets/hero/agent47/textures/male_reg_agent47_sapienza_shirt.texture?/normal_a.tex](asnormalmap).pc_tex","flag":"5F"},{"resource":"[assembly:/_pro/characters/assets/hero/agent47/textures/male_reg_agent47_sapienza_shirt.texture?/specular_a.tex](ascolormap).pc_tex","flag":"5F"},{"resource":"[assembly:/_pro/characters/assets/hero/agent47/textures/male_reg_agent47_sapienza_shirt.texture?/diffuse_a.tex](ascolormap).pc_tex","flag":"5F"},{"resource":"007C9737A03E217F","flag":"5F"}],"extraBlueprintDependencies":[],"comments":[]}