{"tempHash":"00E4B11F0B95EC23","tbluHash":"002D8C5ACB7E3ADC","rootEntity":"3add0ac594a9f223","entities":{"de09f7d7f9ff001":{"parent":"fd645c738ce362bc","name":"C_TighTop_L","factory":"[assembly:/templates/aspectdummy.aspect]([modules:/zclothsphere.class].entitytype,[modules:/zboneattachaspect.class].entitytype).pc_entitytype","blueprint":"[assembly:/templates/aspectdummy.aspect]([modules:/zclothsphere.class].entitytype,[modules:/zboneattachaspect.class].entitytype).pc_entityblueprint","properties":{"m_fRadius":{"type":"float32","value":0.13600000739097595},"m_BoneName":{"type":"ZString","value":"LThighTwist"},"m_mTransform":{"type":"SMatrix43","value":{"rotation":{"x":0,"y":0.019767042409995977,"z":0},"position":{"x":0.0012799999676644802,"y":0.01671000011265278,"z":0.03817100077867508}}},"m_linkedEntity":{"type":"SEntityTemplateReference","value":"3add0ac594a9f223","postInit":true},"m_eidParent":{"type":"SEntityTemplateReference","value":"fd645c738ce362bc","postInit":true}}},"e03901693b9b54eb":{"parent":"3add0ac594a9f223","name":"Lerp 1","factory":"[modules:/zmathlerp.class].pc_entitytype","blueprint":"[modules:/zmathlerp.class].pc_entityblueprint","properties":{"m_fT":{"type":"float32","value":0},"m_B":{"type":"float32","value":0.6000000238418579}},"events":{"Lerp":{"ConstantVector1D_14_Value":["375cce685a1c765b"]}}},"652599fd2c98e938":{"parent":"3add0ac594a9f223","name":"Lerp","factory":"[modules:/zmathlerp.class].pc_entitytype","blueprint":"[modules:/zmathlerp.class].pc_entityblueprint","properties":{"m_fT":{"type":"float32","value":0},"m_B":{"type":"float32","value":0.4000000059604645}},"events":{"Lerp":{"ConstantVector1D_04_Value":["bc0be74b130ea5e8"]}}},"59037a0dbba8611d":{"parent":"3add0ac594a9f223","name":"Mesh_Head","factory":"[modules:/zbodypartentity.class].pc_entitytype","blueprint":"[modules:/zbodypartentity.class].pc_entityblueprint","properties":{"m_pMeshResource":{"type":"ZRuntimeResourceID","value":{"resource":"[assembly:/_pro/characters/assets/hero/agent47/geometry/regmale_agent47.wl2?/agent47_head.weightedprim](bodypart).pc_weightedprim","flag":"5F"}},"m_IsHiddenInVR":{"type":"bool","value":true}}},"625108fe7d9121c5":{"parent":"fd645c738ce362bc","name":"C_Ankle_R","factory":"[assembly:/templates/aspectdummy.aspect]([modules:/zclothsphere.class].entitytype,[modules:/zboneattachaspect.class].entitytype).pc_entitytype","blueprint":"[assembly:/templates/aspectdummy.aspect]([modules:/zclothsphere.class].entitytype,[modules:/zboneattachaspect.class].entitytype).pc_entityblueprint","properties":{"m_fRadius":{"type":"float32","value":0.10000000149011612},"m_BoneName":{"type":"ZString","value":"R_Foot"},"m_mTransform":{"type":"SMatrix43","value":{"rotation":{"x":0,"y":0,"z":0},"position":{"x":0.03622100129723549,"y":0.009008999913930893,"z":-0.002351999981328845}}},"m_linkedEntity":{"type":"SEntityTemplateReference","value":"3add0ac594a9f223","postInit":true},"m_eidParent":{"type":"SEntityTemplateReference","value":"fd645c738ce362bc","postInit":true}}},"d5cb16c4eb131256":{"parent":"fd645c738ce362bc","name":"C_Spine_R","factory":"[assembly:/templates/aspectdummy.aspect]([modules:/zclothsphere.class].entitytype,[modules:/zboneattachaspect.class].entitytype).pc_entitytype","blueprint":"[assembly:/templates/aspectdummy.aspect]([modules:/zclothsphere.class].entitytype,[modules:/zboneattachaspect.class].entitytype).pc_entityblueprint","properties":{"m_BoneName":{"type":"ZString","value":"Spine"},"m_fRadius":{"type":"float32","value":0.12999999523162842},"m_mTransform":{"type":"SMatrix43","value":{"rotation":{"x":-0.059301168690513356,"y":0.048472245765408935,"z":-0.06250971406781075},"position":{"x":-0.0000019999999949504854,"y":0.030573999509215355,"z":-0.050732001662254333}}},"m_bEnabled":{"type":"bool","value":true},"m_bCollisionGroup0":{"type":"bool","value":true},"m_linkedEntity":{"type":"SEntityTemplateReference","value":"3add0ac594a9f223","postInit":true},"m_eidParent":{"type":"SEntityTemplateReference","value":"fd645c738ce362bc","postInit":true}}},"7c46651c5037ba7c":{"parent":"3add0ac594a9f223","name":"Mesh_Turtleneck","factory":"[modules:/zbodypartentity.class].pc_entitytype","blueprint":"[modules:/zbodypartentity.class].pc_entityblueprint","properties":{"m_pMeshResource":{"type":"ZRuntimeResourceID","value":{"resource":"00837F699BDB4A3B","flag":"5F"}}}},"b6c9f28fdbceb1ce":{"parent":"fd645c738ce362bc","name":"C_TighMid_R","factory":"[assembly:/templates/aspectdummy.aspect]([modules:/zclothsphere.class].entitytype,[modules:/zboneattachaspect.class].entitytype).pc_entitytype","blueprint":"[assembly:/templates/aspectdummy.aspect]([modules:/zclothsphere.class].entitytype,[modules:/zboneattachaspect.class].entitytype).pc_entityblueprint","properties":{"m_fRadius":{"type":"float32","value":0.13099999725818634},"m_BoneName":{"type":"ZString","value":"RThighTwist1"},"m_mTransform":{"type":"SMatrix43","value":{"rotation":{"x":0.01976704358638215,"y":0,"z":0},"position":{"x":0.05460600182414055,"y":0.01818699948489666,"z":-0.00827299989759922}}},"m_linkedEntity":{"type":"SEntityTemplateReference","value":"3add0ac594a9f223","postInit":true},"m_eidParent":{"type":"SEntityTemplateReference","value":"fd645c738ce362bc","postInit":true}}},"cb497f7238401eb3":{"parent":"3add0ac594a9f223","name":"Lerp 5","factory":"[modules:/zmathlerp.class].pc_entitytype","blueprint":"[modules:/zmathlerp.class].pc_entityblueprint","properties":{"m_fT":{"type":"float32","value":0},"m_B":{"type":"float32","value":0.4000000059604645}},"events":{"Lerp":{"ConstantVector1D_04_Value":["db341cd0ec9576ba"]}}},"c0e3ed737fad4e6b":{"parent":"fd645c738ce362bc","name":"C_Spine1_L","factory":"[assembly:/templates/aspectdummy.aspect]([modules:/zclothsphere.class].entitytype,[modules:/zboneattachaspect.class].entitytype).pc_entitytype","blueprint":"[assembly:/templates/aspectdummy.aspect]([modules:/zclothsphere.class].entitytype,[modules:/zboneattachaspect.class].entitytype).pc_entityblueprint","properties":{"m_BoneName":{"type":"ZString","value":"Spine1"},"m_fRadius":{"type":"float32","value":0.125},"m_mTransform":{"type":"SMatrix43","value":{"rotation":{"x":-0.03128349392462479,"y":0,"z":0},"position":{"x":-0.0316540002822876,"y":0.035999998450279236,"z":0.0381769984960556}}},"m_bEnabled":{"type":"bool","value":true},"m_linkedEntity":{"type":"SEntityTemplateReference","value":"3add0ac594a9f223","postInit":true},"m_eidParent":{"type":"SEntityTemplateReference","value":"fd645c738ce362bc","postInit":true}}},"f8322d5e8e87af77":{"parent":"fd645c738ce362bc","name":"C_KneeBelt_R","factory":"[assembly:/templates/aspectdummy.aspect]([modules:/zclothsphere.class].entitytype,[modules:/zboneattachaspect.class].entitytype).pc_entitytype","blueprint":"[assembly:/templates/aspectdummy.aspect]([modules:/zclothsphere.class].entitytype,[modules:/zboneattachaspect.class].entitytype).pc_entityblueprint","properties":{"m_fRadius":{"type":"float32","value":0.14000000059604645},"m_BoneName":{"type":"ZString","value":"R_Calf"},"m_mTransform":{"type":"SMatrix43","value":{"rotation":{"x":0,"y":0,"z":0},"position":{"x":0.0013309719506651163,"y":-0.010140989907085896,"z":-0.0023399998899549246}}},"m_bCollisionGroup0":{"type":"bool","value":false},"m_bCollisionGroup1":{"type":"bool","value":true},"m_linkedEntity":{"type":"SEntityTemplateReference","value":"3add0ac594a9f223","postInit":true},"m_eidParent":{"type":"SEntityTemplateReference","value":"fd645c738ce362bc","postInit":true}}},"db341cd0ec9576ba":{"parent":"3add0ac594a9f223","name":"male_reg_locals_05_shoes_01","factory":"[assembly:/_pro/characters/assets/civilians/italy/local_mens/materials/male_reg_locals_05_shoes_01.mi].pc_entitytype","blueprint":"[assembly:/_pro/characters/assets/civilians/italy/local_mens/materials/male_reg_locals_05_shoes_01.mi].pc_entityblueprint","properties":{"Diffuse_Saturation_01_Value_op":{"type":"IRenderMaterialEntity.EModifierOperation","value":"eReplace"},"Diffuse_Saturation_01_Value":{"type":"float32","value":0.10000000149011612},"ConstantVector1D_01_Value_op":{"type":"IRenderMaterialEntity.EModifierOperation","value":"eReplace"},"ConstantVector1D_01_Value":{"type":"float32","value":0.15000000596046448},"ConstantVector1D_03_Value_op":{"type":"IRenderMaterialEntity.EModifierOperation","value":"eReplace"},"ConstantVector1D_03_Value":{"type":"float32","value":1},"ConstantVector1D_05_Value_op":{"type":"IRenderMaterialEntity.EModifierOperation","value":"eReplace"},"ConstantVector1D_05_Value":{"type":"float32","value":3},"m_mTransform":{"type":"SMatrix43","value":{"rotation":{"x":0,"y":0,"z":0},"position":{"x":0,"y":0,"z":0}}},"ConstantVector1D_04_Value_op":{"type":"IRenderMaterialEntity.EModifierOperation","value":"eReplace"},"Clients":{"type":"TArray<SEntityTemplateReference>","value":["3add0ac594a9f223"],"postInit":true},"m_eidParent":{"type":"SEntityTemplateReference","value":"3add0ac594a9f223","postInit":true}}},"368cd31a19fb8890":{"parent":"3add0ac594a9f223","name":"Lerp 6","factory":"[modules:/zmathlerp.class].pc_entitytype","blueprint":"[modules:/zmathlerp.class].pc_entityblueprint","properties":{"m_fT":{"type":"float32","value":0},"m_B":{"type":"float32","value":0.5},"m_A":{"type":"float32","value":0}},"events":{"Lerp":{"ConstantVector1D_14_Value":["3e99ab877d48e5b"]}}},"c6c0f59a1bd71e83":{"parent":"fd645c738ce362bc","name":"C_KneeBelt_L","factory":"[assembly:/templates/aspectdummy.aspect]([modules:/zclothsphere.class].entitytype,[modules:/zboneattachaspect.class].entitytype).pc_entitytype","blueprint":"[assembly:/templates/aspectdummy.aspect]([modules:/zclothsphere.class].entitytype,[modules:/zboneattachaspect.class].entitytype).pc_entityblueprint","properties":{"m_fRadius":{"type":"float32","value":0.14000000059604645},"m_BoneName":{"type":"ZString","value":"L_Calf"},"m_mTransform":{"type":"SMatrix43","value":{"rotation":{"x":0,"y":0,"z":0},"position":{"x":0.0012860300485044718,"y":-0.009987999685108662,"z":-0.007672999985516071}}},"m_bCollisionGroup0":{"type":"bool","value":false},"m_bCollisionGroup1":{"type":"bool","value":true},"m_linkedEntity":{"type":"SEntityTemplateReference","value":"3add0ac594a9f223","postInit":true},"m_eidParent":{"type":"SEntityTemplateReference","value":"fd645c738ce362bc","postInit":true}}},"9b38cfebb228068a":{"parent":"fd645c738ce362bc","name":"CChain_Belt","factory":"[modules:/zclothspherechain.class].pc_entitytype","blueprint":"[modules:/zclothspherechain.class].pc_entityblueprint","properties":{"m_mTransform":{"type":"SMatrix43","value":{"rotation":{"x":0,"y":0,"z":0},"position":{"x":0,"y":0.000000002171457902377938,"z":0}}},"m_bCollisionGroup0":{"type":"bool","value":false},"m_bEnabled":{"type":"bool","value":true},"m_bCollisionGroup1":{"type":"bool","value":true},"m_Spheres":{"type":"TArray<SEntityTemplateReference>","value":["c6c0f59a1bd71e83","e00267becade0572","46566ee74c9b982","15688d9e277b9a13","e3c8a0ef379340c2","f8322d5e8e87af77"],"postInit":true},"m_eidParent":{"type":"SEntityTemplateReference","value":"fd645c738ce362bc","postInit":true}}},"cbe2e2c7d489184a":{"parent":"fd645c738ce362bc","name":"C_TighTop_R","factory":"[assembly:/templates/aspectdummy.aspect]([modules:/zclothsphere.class].entitytype,[modules:/zboneattachaspect.class].entitytype).pc_entitytype","blueprint":"[assembly:/templates/aspectdummy.aspect]([modules:/zclothsphere.class].entitytype,[modules:/zboneattachaspect.class].entitytype).pc_entityblueprint","properties":{"m_fRadius":{"type":"float32","value":0.13600000739097595},"m_BoneName":{"type":"ZString","value":"RThighTwist"},"m_mTransform":{"type":"SMatrix43","value":{"rotation":{"x":0.01976704358638215,"y":0,"z":0},"position":{"x":0.0014359999913722277,"y":0.018626999109983444,"z":-0.03972499817609787}}},"m_linkedEntity":{"type":"SEntityTemplateReference","value":"3add0ac594a9f223","postInit":true},"m_eidParent":{"type":"SEntityTemplateReference","value":"fd645c738ce362bc","postInit":true}}},"a224cbfb3a0a2ca2":{"parent":"fd645c738ce362bc","name":"CChain_Spine_L","factory":"[modules:/zclothspherechain.class].pc_entitytype","blueprint":"[modules:/zclothspherechain.class].pc_entityblueprint","properties":{"m_mTransform":{"type":"SMatrix43","value":{"rotation":{"x":0,"y":0,"z":0},"position":{"x":-0.0000001290655973207322,"y":0.000000002171457902377938,"z":0}}},"m_Spheres":{"type":"TArray<SEntityTemplateReference>","value":["824ae6405ca66286","c0e3ed737fad4e6b","c1c83b2eaa262230"],"postInit":true},"m_eidParent":{"type":"SEntityTemplateReference","value":"fd645c738ce362bc","postInit":true}}},"a811e122c7d6d3c2":{"parent":"3add0ac594a9f223","name":"Lerp 4","factory":"[modules:/zmathlerp.class].pc_entitytype","blueprint":"[modules:/zmathlerp.class].pc_entityblueprint","properties":{"m_fT":{"type":"float32","value":0},"m_B":{"type":"float32","value":1},"m_A":{"type":"float32","value":0.009999999776482582}},"events":{"Lerp":{"ConstantVector1D_15_Value":["422f8a51937f292b"]}}},"17e7969d73913e05":{"parent":"fd645c738ce362bc","name":"C_Spine2_R","factory":"[assembly:/templates/aspectdummy.aspect]([modules:/zclothsphere.class].entitytype,[modules:/zboneattachaspect.class].entitytype).pc_entitytype","blueprint":"[assembly:/templates/aspectdummy.aspect]([modules:/zclothsphere.class].entitytype,[modules:/zboneattachaspect.class].entitytype).pc_entityblueprint","properties":{"m_BoneName":{"type":"ZString","value":"Spine2"},"m_fRadius":{"type":"float32","value":0.15000000596046448},"m_mTransform":{"type":"SMatrix43","value":{"rotation":{"x":0.6075190242261481,"y":0.041310303697811766,"z":7.778161808700826},"position":{"x":-0.034866999834775925,"y":0.024687999859452248,"z":-0.04030299931764603}}},"m_bEnabled":{"type":"bool","value":true},"m_linkedEntity":{"type":"SEntityTemplateReference","value":"3add0ac594a9f223","postInit":true},"m_eidParent":{"type":"SEntityTemplateReference","value":"fd645c738ce362bc","postInit":true}}},"c27789f346d9f673":{"parent":"3add0ac594a9f223","name":"Lerp 3","factory":"[modules:/zmathlerp.class].pc_entitytype","blueprint":"[modules:/zmathlerp.class].pc_entityblueprint","properties":{"m_fT":{"type":"float32","value":0},"m_B":{"type":"float32","value":0.6000000238418579}},"events":{"Lerp":{"ConstantVector1D_14_Value":["422f8a51937f292b"]}}},"15688d9e277b9a13":{"parent":"fd645c738ce362bc","name":"C_Pelvis_R","factory":"[assembly:/templates/aspectdummy.aspect]([modules:/zclothsphere.class].entitytype,[modules:/zboneattachaspect.class].entitytype).pc_entitytype","blueprint":"[assembly:/templates/aspectdummy.aspect]([modules:/zclothsphere.class].entitytype,[modules:/zboneattachaspect.class].entitytype).pc_entityblueprint","properties":{"m_fRadius":{"type":"float32","value":0.12999999523162842},"m_BoneName":{"type":"ZString","value":"Pelvis"},"m_mTransform":{"type":"SMatrix43","value":{"rotation":{"x":-0.05597795813053337,"y":0,"z":-0.055978018140436084},"position":{"x":0.03649599850177765,"y":0.016163000836968422,"z":-0.05660700052976608}}},"m_bEnabled":{"type":"bool","value":true},"m_linkedEntity":{"type":"SEntityTemplateReference","value":"3add0ac594a9f223","postInit":true},"m_eidParent":{"type":"SEntityTemplateReference","value":"fd645c738ce362bc","postInit":true}}},"422f8a51937f292b":{"parent":"3add0ac594a9f223","name":"male_reg_militia_basic_02_pants","factory":"[assembly:/_pro/characters/assets/guards/colorado/militia_basic/materials/male_reg_militia_basic_02_pants.mi].pc_entitytype","blueprint":"[assembly:/_pro/characters/assets/guards/colorado/militia_basic/materials/male_reg_militia_basic_02_pants.mi].pc_entityblueprint","properties":{"Diffuse_Saturation_01_Value_op":{"type":"IRenderMaterialEntity.EModifierOperation","value":"eReplace"},"Diffuse_Saturation_01_Value":{"type":"float32","value":0.10000000149011612},"ConstantVector1D_01_Value":{"type":"float32","value":0.03999999910593033},"ConstantVector1D_01_Value_op":{"type":"IRenderMaterialEntity.EModifierOperation","value":"eReplace"},"ConstantVector1D_15_Value_op":{"type":"IRenderMaterialEntity.EModifierOperation","value":"eReplace"},"ConstantVector1D_15_Value":{"type":"float32","value":0.009999999776482582},"ConstantVector1D_16_Value":{"type":"float32","value":1},"ConstantVector1D_16_Value_op":{"type":"IRenderMaterialEntity.EModifierOperation","value":"eReplace"},"ConstantVector1D_03_Value_op":{"type":"IRenderMaterialEntity.EModifierOperation","value":"eReplace"},"ConstantVector1D_03_Value":{"type":"float32","value":0.8100000023841858},"ConstantVector1D_13_Value_op":{"type":"IRenderMaterialEntity.EModifierOperation","value":"eReplace"},"ConstantVector1D_13_Value":{"type":"float32","value":0.05000000074505806},"m_mTransform":{"type":"SMatrix43","value":{"rotation":{"x":0,"y":0,"z":0},"position":{"x":0,"y":0,"z":0}}},"ConstantVector1D_14_Value_op":{"type":"IRenderMaterialEntity.EModifierOperation","value":"eReplace"},"Clients":{"type":"TArray<SEntityTemplateReference>","value":["3add0ac594a9f223"],"postInit":true},"m_eidParent":{"type":"SEntityTemplateReference","value":"3add0ac594a9f223","postInit":true}}},"bc0be74b130ea5e8":{"parent":"3add0ac594a9f223","name":"male_reg_agent47_tutorial_shirt_01","factory":"[assembly:/_pro/characters/assets/hero/agent47/materials/male_reg_agent47_tutorial_shirt_01.mi].pc_entitytype","blueprint":"[assembly:/_pro/characters/assets/hero/agent47/materials/male_reg_agent47_tutorial_shirt_01.mi].pc_entityblueprint","properties":{"Diffuse_Saturation_01_Value_op":{"type":"IRenderMaterialEntity.EModifierOperation","value":"eReplace"},"Diffuse_Saturation_01_Value":{"type":"float32","value":0},"ConstantVector1D_01_Value_op":{"type":"IRenderMaterialEntity.EModifierOperation","value":"eReplace"},"ConstantVector1D_01_Value":{"type":"float32","value":0.10000000149011612},"ConstantVector1D_03_Value_op":{"type":"IRenderMaterialEntity.EModifierOperation","value":"eReplace"},"ConstantVector1D_03_Value":{"type":"float32","value":2.0999999046325684},"ConstantVector1D_05_Value_op":{"type":"IRenderMaterialEntity.EModifierOperation","value":"eReplace"},"ConstantVector1D_05_Value":{"type":"float32","value":0.10000000149011612},"Diffuse_Color_01_Value_op":{"type":"IRenderMaterialEntity.EModifierOperation","value":"eReplace"},"Diffuse_Color_01_Value":{"type":"SColorRGB","value":"#ffffff"},"m_mTransform":{"type":"SMatrix43","value":{"rotation":{"x":0,"y":0,"z":0},"position":{"x":0,"y":0,"z":0}}},"ConstantVector1D_04_Value_op":{"type":"IRenderMaterialEntity.EModifierOperation","value":"eReplace"},"Clients":{"type":"TArray<SEntityTemplateReference>","value":["3add0ac594a9f223"],"postInit":true},"m_eidParent":{"type":"SEntityTemplateReference","value":"3add0ac594a9f223","postInit":true}}},"461eb7ad670d058":{"parent":"fd645c738ce362bc","name":"C_Spine1_R","factory":"[assembly:/templates/aspectdummy.aspect]([modules:/zclothsphere.class].entitytype,[modules:/zboneattachaspect.class].entitytype).pc_entitytype","blueprint":"[assembly:/templates/aspectdummy.aspect]([modules:/zclothsphere.class].entitytype,[modules:/zboneattachaspect.class].entitytype).pc_entityblueprint","properties":{"m_BoneName":{"type":"ZString","value":"Spine1"},"m_fRadius":{"type":"float32","value":0.125},"m_mTransform":{"type":"SMatrix43","value":{"rotation":{"x":-0.03128349392462479,"y":0,"z":0},"position":{"x":-0.030838999897241592,"y":0.02711400017142296,"z":-0.04226800054311752}}},"m_bEnabled":{"type":"bool","value":true},"m_linkedEntity":{"type":"SEntityTemplateReference","value":"3add0ac594a9f223","postInit":true},"m_eidParent":{"type":"SEntityTemplateReference","value":"fd645c738ce362bc","postInit":true}}},"e24ad4d8e17e527d":{"parent":"fd645c738ce362bc","name":"C_Knee_L","factory":"[assembly:/templates/aspectdummy.aspect]([modules:/zclothsphere.class].entitytype,[modules:/zboneattachaspect.class].entitytype).pc_entitytype","blueprint":"[assembly:/templates/aspectdummy.aspect]([modules:/zclothsphere.class].entitytype,[modules:/zboneattachaspect.class].entitytype).pc_entityblueprint","properties":{"m_fRadius":{"type":"float32","value":0.10000000149011612},"m_BoneName":{"type":"ZString","value":"L_Calf"},"m_mTransform":{"type":"SMatrix43","value":{"rotation":{"x":0,"y":0,"z":0},"position":{"x":0.0012861849972978234,"y":-0.009987999685108662,"z":-0.007672999985516071}}},"m_linkedEntity":{"type":"SEntityTemplateReference","value":"3add0ac594a9f223","postInit":true},"m_eidParent":{"type":"SEntityTemplateReference","value":"fd645c738ce362bc","postInit":true}}},"b00f1224279f89cc":{"parent":"3add0ac594a9f223","name":"Mesh_Suit","factory":"[modules:/zbodypartentity.class].pc_entitytype","blueprint":"[modules:/zbodypartentity.class].pc_entityblueprint","properties":{"m_pMeshResource":{"type":"ZRuntimeResourceID","value":{"resource":"0088C079D57A3589","flag":"5F"}}}},"28234301fbd8e847":{"parent":"fd645c738ce362bc","name":"CChain_Legs","factory":"[modules:/zclothspherechain.class].pc_entitytype","blueprint":"[modules:/zclothspherechain.class].pc_entityblueprint","properties":{"m_mTransform":{"type":"SMatrix43","value":{"rotation":{"x":0,"y":0,"z":0},"position":{"x":-0.0000001290655973207322,"y":0.000000002171457902377938,"z":0}}},"m_bCollisionGroup0":{"type":"bool","value":true},"m_bEnabled":{"type":"bool","value":true},"m_Spheres":{"type":"TArray<SEntityTemplateReference>","value":["625108fe7d9121c5","5a84ed39f7354866","b6c9f28fdbceb1ce","cbe2e2c7d489184a","15688d9e277b9a13","46566ee74c9b982","de09f7d7f9ff001","68ff7e1562795dce","e24ad4d8e17e527d","8259c3fe56bffc21"],"postInit":true},"m_eidParent":{"type":"SEntityTemplateReference","value":"fd645c738ce362bc","postInit":true}}},"68ff7e1562795dce":{"parent":"fd645c738ce362bc","name":"C_TighMid_L","factory":"[assembly:/templates/aspectdummy.aspect]([modules:/zclothsphere.class].entitytype,[modules:/zboneattachaspect.class].entitytype).pc_entitytype","blueprint":"[assembly:/templates/aspectdummy.aspect]([modules:/zclothsphere.class].entitytype,[modules:/zboneattachaspect.class].entitytype).pc_entityblueprint","properties":{"m_fRadius":{"type":"float32","value":0.13099999725818634},"m_BoneName":{"type":"ZString","value":"LThighTwist1"},"m_mTransform":{"type":"SMatrix43","value":{"rotation":{"x":0,"y":0.019767042409995977,"z":0},"position":{"x":0.055077001452445984,"y":0.02516699954867363,"z":0.0043680001981556416}}},"m_bCollisionGroup0":{"type":"bool","value":true},"m_linkedEntity":{"type":"SEntityTemplateReference","value":"3add0ac594a9f223","postInit":true},"m_eidParent":{"type":"SEntityTemplateReference","value":"fd645c738ce362bc","postInit":true}}},"6cd848cac5e12318":{"parent":"3add0ac594a9f223","name":"agent47_eye","factory":"[assembly:/_pro/characters/assets/hero/agent47/materials/agent47_eye.mi].pc_entitytype","blueprint":"[assembly:/_pro/characters/assets/hero/agent47/materials/agent47_eye.mi].pc_entityblueprint","properties":{"m_mTransform":{"type":"SMatrix43","value":{"rotation":{"x":0,"y":0,"z":0},"position":{"x":0,"y":0,"z":0}}},"EyeShader_01_CorneaSpecularIntensity_op":{"type":"IRenderMaterialEntity.EModifierOperation","value":"eReplace"},"EyeShader_01_CorneaSpecularIntensity":{"type":"float32","value":0.007000000216066837},"EyeShader_01_ScleraSpecularIntensity":{"type":"float32","value":0.007000000216066837},"EyeShader_01_ScleraSpecularIntensity_op":{"type":"IRenderMaterialEntity.EModifierOperation","value":"eLeave"},"Clients":{"type":"TArray<SEntityTemplateReference>","value":["3add0ac594a9f223"],"postInit":true},"m_eidParent":{"type":"SEntityTemplateReference","value":"3add0ac594a9f223","postInit":true}}},"5a84ed39f7354866":{"parent":"fd645c738ce362bc","name":"C_Knee_R","factory":"[assembly:/templates/aspectdummy.aspect]([modules:/zclothsphere.class].entitytype,[modules:/zboneattachaspect.class].entitytype).pc_entitytype","blueprint":"[assembly:/templates/aspectdummy.aspect]([modules:/zclothsphere.class].entitytype,[modules:/zboneattachaspect.class].entitytype).pc_entityblueprint","properties":{"m_fRadius":{"type":"float32","value":0.10000000149011612},"m_BoneName":{"type":"ZString","value":"R_Calf"},"m_mTransform":{"type":"SMatrix43","value":{"rotation":{"x":0,"y":0,"z":0},"position":{"x":0.0013312119990587234,"y":-0.010140989907085896,"z":-0.0023399998899549246}}},"m_linkedEntity":{"type":"SEntityTemplateReference","value":"3add0ac594a9f223","postInit":true},"m_eidParent":{"type":"SEntityTemplateReference","value":"fd645c738ce362bc","postInit":true}}},"e00267becade0572":{"parent":"fd645c738ce362bc","name":"C_TighTopBelt_L","factory":"[assembly:/templates/aspectdummy.aspect]([modules:/zclothsphere.class].entitytype,[modules:/zboneattachaspect.class].entitytype).pc_entitytype","blueprint":"[assembly:/templates/aspectdummy.aspect]([modules:/zclothsphere.class].entitytype,[modules:/zboneattachaspect.class].entitytype).pc_entityblueprint","properties":{"m_fRadius":{"type":"float32","value":0.15000000596046448},"m_BoneName":{"type":"ZString","value":"LThighTwist"},"m_mTransform":{"type":"SMatrix43","value":{"rotation":{"x":0,"y":0.019767042409995977,"z":0},"position":{"x":0.0012799500254914165,"y":0.01671000011265278,"z":0.03817100077867508}}},"m_bCollisionGroup1":{"type":"bool","value":true},"m_bCollisionGroup0":{"type":"bool","value":false},"m_linkedEntity":{"type":"SEntityTemplateReference","value":"3add0ac594a9f223","postInit":true},"m_eidParent":{"type":"SEntityTemplateReference","value":"fd645c738ce362bc","postInit":true}}},"9291bd103e55d561":{"parent":"3add0ac594a9f223","name":"FX_Hitman_Wet_Logic_Character","factory":"0067CFB703A80787","blueprint":"00AA88C960CD2080","properties":{"HeadMaterialToOverride":{"type":"ZRuntimeResourceID","value":{"resource":"009F7978C601815A","flag":"5F"}},"HeadMaterialOverride":{"type":"TArray<SEntityTemplateReference>","value":["3add0ac594a9f223"],"postInit":true}},"events":{"HitmanWetness":{"T":["cb497f7238401eb3","652599fd2c98e938","6c7f6a0cd80e886","e03901693b9b54eb","c27789f346d9f673","a811e122c7d6d3c2","368cd31a19fb8890"]},"ChangedDisguiseTrigger":{"Activate":["3e99ab877d48e5b"]}}},"ea3a74ca61d2e8b7":{"parent":"fd645c738ce362bc","name":"ColliderGroup","factory":"[modules:/zclothcollidergroup.class].pc_entitytype","blueprint":"[modules:/zclothcollidergroup.class].pc_entityblueprint","properties":{"m_ClothColliders":{"type":"TArray<SEntityTemplateReference>","value":["28234301fbd8e847","2eb064c7f099bf1d","a224cbfb3a0a2ca2","9b38cfebb228068a"],"postInit":true},"m_eidParent":{"type":"SEntityTemplateReference","value":"fd645c738ce362bc","postInit":true}}},"824ae6405ca66286":{"parent":"fd645c738ce362bc","name":"C_Spine_L","factory":"[assembly:/templates/aspectdummy.aspect]([modules:/zclothsphere.class].entitytype,[modules:/zboneattachaspect.class].entitytype).pc_entitytype","blueprint":"[assembly:/templates/aspectdummy.aspect]([modules:/zclothsphere.class].entitytype,[modules:/zboneattachaspect.class].entitytype).pc_entityblueprint","properties":{"m_BoneName":{"type":"ZString","value":"Spine"},"m_fRadius":{"type":"float32","value":0.12999999523162842},"m_mTransform":{"type":"SMatrix43","value":{"rotation":{"x":-0.05597795813053337,"y":0,"z":-0.055978018140436084},"position":{"x":0.0000009999999974752427,"y":0.032037001103162766,"z":0.04795899987220764}}},"m_bEnabled":{"type":"bool","value":true},"m_bCollisionGroup0":{"type":"bool","value":true},"m_linkedEntity":{"type":"SEntityTemplateReference","value":"3add0ac594a9f223","postInit":true},"m_eidParent":{"type":"SEntityTemplateReference","value":"fd645c738ce362bc","postInit":true}}},"216812ed28545a4e":{"parent":"3add0ac594a9f223","name":"Mesh_Belt","factory":"[modules:/zbodypartentity.class].pc_entitytype","blueprint":"[modules:/zbodypartentity.class].pc_entityblueprint","properties":{"m_pMeshResource":{"type":"ZRuntimeResourceID","value":{"resource":"005854E525AEF927","flag":"5F"}}}},"d3d0a7d054358937":{"parent":"3add0ac594a9f223","name":"Mesh_Hands","factory":"[modules:/zbodypartentity.class].pc_entitytype","blueprint":"[modules:/zbodypartentity.class].pc_entityblueprint","properties":{"m_pMeshResource":{"type":"ZRuntimeResourceID","value":{"resource":"006EF3B73EB77D7A","flag":"5F"}}}},"2875f4e71979e48a":{"parent":"3add0ac594a9f223","name":"Mesh_Pants","factory":"[modules:/zbodypartentity.class].pc_entitytype","blueprint":"[modules:/zbodypartentity.class].pc_entityblueprint","properties":{"m_pMeshResource":{"type":"ZRuntimeResourceID","value":{"resource":"00238FF4E40B9C1F","flag":"5F"}}}},"46566ee74c9b982":{"parent":"fd645c738ce362bc","name":"C_Pelvis_L","factory":"[assembly:/templates/aspectdummy.aspect]([modules:/zclothsphere.class].entitytype,[modules:/zboneattachaspect.class].entitytype).pc_entitytype","blueprint":"[assembly:/templates/aspectdummy.aspect]([modules:/zclothsphere.class].entitytype,[modules:/zboneattachaspect.class].entitytype).pc_entityblueprint","properties":{"m_fRadius":{"type":"float32","value":0.12999999523162842},"m_BoneName":{"type":"ZString","value":"Pelvis"},"m_mTransform":{"type":"SMatrix43","value":{"rotation":{"x":-0.05597795813053337,"y":0,"z":-0.055978018140436084},"position":{"x":0.03650100156664848,"y":0.016163000836968422,"z":0.05415499955415726}}},"m_bEnabled":{"type":"bool","value":true},"m_linkedEntity":{"type":"SEntityTemplateReference","value":"3add0ac594a9f223","postInit":true},"m_eidParent":{"type":"SEntityTemplateReference","value":"fd645c738ce362bc","postInit":true}}},"3e99ab877d48e5b":{"parent":"3add0ac594a9f223","name":"male_reg_agent47_ds_gloves_del02","factory":"[assembly:/_pro/characters/assets/hero/agent47/materials/male_reg_agent47_ds_gloves_del02.mi].pc_entitytype","blueprint":"[assembly:/_pro/characters/assets/hero/agent47/materials/male_reg_agent47_ds_gloves_del02.mi].pc_entityblueprint","properties":{"m_mTransform":{"type":"SMatrix43","value":{"rotation":{"x":0,"y":0,"z":0},"position":{"x":4.532169818878174,"y":7.061909198760986,"z":-3.19083309173584}}},"Active":{"type":"bool","value":false},"ConstantVector1D_14_Value_op":{"type":"IRenderMaterialEntity.EModifierOperation","value":"eReplace"},"Clients":{"type":"TArray<SEntityTemplateReference>","value":["3add0ac594a9f223"],"postInit":true},"m_eidParent":{"type":"SEntityTemplateReference","value":"3add0ac594a9f223","postInit":true}}},"6c7f6a0cd80e886":{"parent":"3add0ac594a9f223","name":"Lerp 2","factory":"[modules:/zmathlerp.class].pc_entitytype","blueprint":"[modules:/zmathlerp.class].pc_entityblueprint","properties":{"m_fT":{"type":"float32","value":0},"m_B":{"type":"float32","value":1},"m_A":{"type":"float32","value":0.10000000149011612}},"events":{"Lerp":{"ConstantVector1D_05_Value":["bc0be74b130ea5e8"]}}},"e3c8a0ef379340c2":{"parent":"fd645c738ce362bc","name":"C_TighTopBelt_R","factory":"[assembly:/templates/aspectdummy.aspect]([modules:/zclothsphere.class].entitytype,[modules:/zboneattachaspect.class].entitytype).pc_entitytype","blueprint":"[assembly:/templates/aspectdummy.aspect]([modules:/zclothsphere.class].entitytype,[modules:/zboneattachaspect.class].entitytype).pc_entityblueprint","properties":{"m_fRadius":{"type":"float32","value":0.15000000596046448},"m_BoneName":{"type":"ZString","value":"RThighTwist"},"m_mTransform":{"type":"SMatrix43","value":{"rotation":{"x":0.01976704358638215,"y":0,"z":0},"position":{"x":0.0014359949855133891,"y":0.018626999109983444,"z":-0.03972499817609787}}},"m_bCollisionGroup1":{"type":"bool","value":true},"m_bCollisionGroup0":{"type":"bool","value":false},"m_linkedEntity":{"type":"SEntityTemplateReference","value":"3add0ac594a9f223","postInit":true},"m_eidParent":{"type":"SEntityTemplateReference","value":"fd645c738ce362bc","postInit":true}}},"375cce685a1c765b":{"parent":"3add0ac594a9f223","name":"male_reg_agent47_ds_coat_del02","factory":"[assembly:/_pro/characters/assets/hero/agent47/materials/male_reg_agent47_ds_coat_del02.mi].pc_entitytype","blueprint":"[assembly:/_pro/characters/assets/hero/agent47/materials/male_reg_agent47_ds_coat_del02.mi].pc_entityblueprint","properties":{"ConstantVector1D_01_Value_op":{"type":"IRenderMaterialEntity.EModifierOperation","value":"eReplace"},"ConstantVector1D_01_Value":{"type":"float32","value":2.5},"m_mTransform":{"type":"SMatrix43","value":{"rotation":{"x":0,"y":0,"z":0},"position":{"x":0,"y":0,"z":0}}},"ConstantVector1D_14_Value_op":{"type":"IRenderMaterialEntity.EModifierOperation","value":"eReplace"},"Clients":{"type":"TArray<SEntityTemplateReference>","value":["3add0ac594a9f223"],"postInit":true},"m_eidParent":{"type":"SEntityTemplateReference","value":"3add0ac594a9f223","postInit":true}}},"8259c3fe56bffc21":{"parent":"fd645c738ce362bc","name":"C_Ankle_L","factory":"[assembly:/templates/aspectdummy.aspect]([modules:/zclothsphere.class].entitytype,[modules:/zboneattachaspect.class].entitytype).pc_entitytype","blueprint":"[assembly:/templates/aspectdummy.aspect]([modules:/zclothsphere.class].entitytype,[modules:/zboneattachaspect.class].entitytype).pc_entityblueprint","properties":{"m_fRadius":{"type":"float32","value":0.10000000149011612},"m_BoneName":{"type":"ZString","value":"L_Foot"},"m_mTransform":{"type":"SMatrix43","value":{"rotation":{"x":0,"y":0,"z":0},"position":{"x":0.03617899864912033,"y":0.009162000380456448,"z":-0.007675999775528908}}},"m_linkedEntity":{"type":"SEntityTemplateReference","value":"3add0ac594a9f223","postInit":true},"m_eidParent":{"type":"SEntityTemplateReference","value":"fd645c738ce362bc","postInit":true}}},"c1c83b2eaa262230":{"parent":"fd645c738ce362bc","name":"C_Spine2_L","factory":"[assembly:/templates/aspectdummy.aspect]([modules:/zclothsphere.class].entitytype,[modules:/zboneattachaspect.class].entitytype).pc_entitytype","blueprint":"[assembly:/templates/aspectdummy.aspect]([modules:/zclothsphere.class].entitytype,[modules:/zboneattachaspect.class].entitytype).pc_entityblueprint","properties":{"m_BoneName":{"type":"ZString","value":"Spine2"},"m_fRadius":{"type":"float32","value":0.15000000596046448},"m_mTransform":{"type":"SMatrix43","value":{"rotation":{"x":0.7218317539587317,"y":0.04915981154774294,"z":7.789388884865077},"position":{"x":-0.0348690003156662,"y":0.02468400076031685,"z":0.040442001074552536}}},"m_bEnabled":{"type":"bool","value":true},"m_linkedEntity":{"type":"SEntityTemplateReference","value":"3add0ac594a9f223","postInit":true},"m_eidParent":{"type":"SEntityTemplateReference","value":"fd645c738ce362bc","postInit":true}}},"fd645c738ce362bc":{"parent":"3add0ac594a9f223","name":"DS_Collider","factory":"[modules:/zcompositeentity.class].pc_entitytype","blueprint":"[modules:/zcompositeentity.class].pc_entityblueprint","properties":{"m_linkedEntity":{"type":"SEntityTemplateReference","value":"3add0ac594a9f223","postInit":true},"m_eidParent":{"type":"SEntityTemplateReference","value":"3add0ac594a9f223","postInit":true}},"propertyAliases":{"m_linkedEntity":[{"originalProperty":"m_linkedEntity","originalEntity":"e24ad4d8e17e527d"},{"originalProperty":"m_linkedEntity","originalEntity":"5a84ed39f7354866"},{"originalProperty":"m_linkedEntity","originalEntity":"68ff7e1562795dce"},{"originalProperty":"m_linkedEntity","originalEntity":"b6c9f28fdbceb1ce"},{"originalProperty":"m_linkedEntity","originalEntity":"cbe2e2c7d489184a"},{"originalProperty":"m_linkedEntity","originalEntity":"de09f7d7f9ff001"},{"originalProperty":"m_linkedEntity","originalEntity":"46566ee74c9b982"},{"originalProperty":"m_linkedEntity","originalEntity":"17e7969d73913e05"},{"originalProperty":"m_linkedEntity","originalEntity":"461eb7ad670d058"},{"originalProperty":"m_linkedEntity","originalEntity":"d5cb16c4eb131256"},{"originalProperty":"m_linkedEntity","originalEntity":"824ae6405ca66286"},{"originalProperty":"m_linkedEntity","originalEntity":"c0e3ed737fad4e6b"},{"originalProperty":"m_linkedEntity","originalEntity":"c1c83b2eaa262230"},{"originalProperty":"m_linkedEntity","originalEntity":"8259c3fe56bffc21"},{"originalProperty":"m_linkedEntity","originalEntity":"625108fe7d9121c5"},{"originalProperty":"m_linkedEntity","originalEntity":"c6c0f59a1bd71e83"},{"originalProperty":"m_linkedEntity","originalEntity":"f8322d5e8e87af77"},{"originalProperty":"m_linkedEntity","originalEntity":"e00267becade0572"},{"originalProperty":"m_linkedEntity","originalEntity":"e3c8a0ef379340c2"}]},"exposedInterfaces":{"ZClothCollider":"ea3a74ca61d2e8b7","ZClothColliderGroup":"ea3a74ca61d2e8b7"}},"99bc86f890abbaa2":{"parent":"3add0ac594a9f223","name":"Mesh_Shoes","factory":"[modules:/zbodypartentity.class].pc_entitytype","blueprint":"[modules:/zbodypartentity.class].pc_entityblueprint","properties":{"m_pMeshResource":{"type":"ZRuntimeResourceID","value":{"resource":"005CE353074D164D","flag":"5F"}}}},"f4f5e94c67d7c88c":{"parent":"3add0ac594a9f223","name":"ChildNetwork","factory":"[modules:/zchildnetworkentity.class].pc_entitytype","blueprint":"[modules:/zchildnetworkentity.class].pc_entityblueprint","properties":{"m_RuntimeNetworkResourceID":{"type":"ZRuntimeResourceID","value":{"resource":"[assembly:/animationnetworks/hitman01/idles/darksnipersuit_idle.aln].pc_rtn","flag":"9F"}}}},"3add0ac594a9f223":{"parent":null,"name":"OUTFIT_Agent47_DarkSniper_HeroA_V0","factory":"[assembly:/templates/aspectdummy.aspect]([modules:/zlinkedproxyentity.class].entitytype,[modules:/zclothcharacterentity.class].entitytype,[modules:/zheroidlenetworkaspect.class].entitytype).pc_entitytype","blueprint":"[assembly:/templates/aspectdummy.aspect]([modules:/zlinkedproxyentity.class].entitytype,[modules:/zclothcharacterentity.class].entitytype,[modules:/zheroidlenetworkaspect.class].entitytype).pc_entityblueprint","properties":{"m_ResourceID":{"type":"ZRuntimeResourceID","value":null},"m_fLODScale":{"type":"float32","value":1},"m_pBonesAndCollisionResource":{"type":"ZRuntimeResourceID","value":{"resource":"004E2C4FC114F487","flag":"5F"}},"m_aBodyParts":{"type":"TArray<SEntityTemplateReference>","value":["b00f1224279f89cc","59037a0dbba8611d","d3d0a7d054358937","7c46651c5037ba7c","99bc86f890abbaa2","2875f4e71979e48a","216812ed28545a4e"]},"m_fWindConstant":{"type":"float32","value":0},"m_bUsePerVertexStiffness":{"type":"bool","value":false},"m_LocalColliders":{"type":"TArray<SEntityTemplateReference>","value":["fd645c738ce362bc"]},"m_bGlobalCollidersEnabled":{"type":"bool","value":false},"m_fDamping":{"type":"float32","value":0.30000001192092896},"m_fBendStiffness":{"type":"float32","value":0.30000001192092896},"m_bUsePerVertexDamping":{"type":"bool","value":false},"m_fShearStiffness":{"type":"float32","value":0.800000011920929},"m_bUseSkinningPosNormalConstrains":{"type":"bool","value":true},"m_bUseSkinningNegNormalConstrains":{"type":"bool","value":true},"m_nIterations":{"type":"uint32","value":2},"m_fFrequency":{"type":"float32","value":60},"m_vTranslationScale":{"type":"SVector3","value":{"x":0.10000000149011612,"y":0.10000000149011612,"z":0.10000000149011612}},"m_fLODOffset":{"type":"float32","value":100},"m_fDragConstant":{"type":"float32","value":1},"m_eStretchConstrainType":{"type":"EClothStretchConstrainType","value":"eClothBendConstrainType_None"},"m_fAngularVelocityThreshold":{"type":"float32","value":60},"m_eRootBone":{"type":"BoneId.Enum","value":"NECK"},"m_bEnableAngularVelocityScale":{"type":"bool","value":true},"m_eBendConstrainType":{"type":"EClothBendConstrainType","value":"eClothBendConstrainType_Triangle"},"m_pIdleAnimNetworkEntity":{"type":"SEntityTemplateReference","value":"f4f5e94c67d7c88c"},"m_bRandomStartState":{"type":"bool","value":true}}},"2eb064c7f099bf1d":{"parent":"fd645c738ce362bc","name":"CChain_Spine_R","factory":"[modules:/zclothspherechain.class].pc_entitytype","blueprint":"[modules:/zclothspherechain.class].pc_entityblueprint","properties":{"m_Spheres":{"type":"TArray<SEntityTemplateReference>","value":["d5cb16c4eb131256","461eb7ad670d058","17e7969d73913e05"]},"m_mTransform":{"type":"SMatrix43","value":{"rotation":{"x":0,"y":0,"z":0},"position":{"x":-0.0000001290655973207322,"y":0.000000002171457902377938,"z":0}}},"m_eidParent":{"type":"SEntityTemplateReference","value":"fd645c738ce362bc"}}}},"propertyOverrides":[],"overrideDeletes":[],"pinConnectionOverrides":[],"pinConnectionOverrideDeletes":[],"externalScenes":[],"subType":"template","quickEntityVersion":3.1,"extraFactoryDependencies":[{"resource":"[assembly:/_pro/characters/assets/hero/agent47/textures/agent47_eyes.texture?/normal_outer.tex](asnormalmap).pc_tex","flag":"5F"},{"resource":"[assembly:/_pro/characters/assets/hero/agent47/textures/agent47_eyes.texture?/diffuse_blue.tex](ascolormap).pc_tex","flag":"5F"},{"resource":"[assembly:/_pro/characters/assets/_genericparts/skin/textures/skin_detail.texture?/normal_a.tex](asnormalmap).pc_tex","flag":"5F"},{"resource":"[assembly:/_pro/characters/assets/_genericparts/skin/textures/skin_detail.texture?/variance_a.tex](asheightmap).pc_tex","flag":"5F"},{"resource":"[assembly:/_pro/characters/assets/hero/agent47/textures/agent47_eyes.texture?/height_a.tex](asheightmap).pc_tex","flag":"5F"},{"resource":"[assembly:/_pro/characters/assets/hero/agent47/textures/agent47_eyes.texture?/height_b.tex](asheightmap).pc_tex","flag":"5F"},{"resource":"[assembly:/_pro/characters/assets/hero/agent47/textures/male_reg_agent47_ds_coat_del02.texture?/normal_a.tex](asnormalmap).pc_tex","flag":"5F"},{"resource":"[assembly:/_pro/characters/assets/hero/agent47/textures/male_reg_agent47_ds_coat_del02.texture?/specular_a.tex](ascolormap).pc_tex","flag":"5F"},{"resource":"[assembly:/_pro/characters/assets/hero/agent47/textures/male_reg_agent47_ds_coat_del02.texture?/diffuse_a.tex](ascolormap).pc_tex","flag":"5F"},{"resource":"[assembly:/_pro/characters/assets/hero/agent47/textures/male_reg_agent47_tutorial_shirt_01.texture?/normal_a.tex](asnormalmap).pc_tex","flag":"5F"},{"resource":"[assembly:/_pro/characters/assets/hero/agent47/textures/male_reg_agent47_tutorial_shirt_01.texture?/specular_a.tex](ascolormap).pc_tex","flag":"5F"},{"resource":"[assembly:/_pro/characters/assets/hero/agent47/textures/male_reg_agent47_tutorial_shirt_01.texture?/diffuse_a.tex](ascolormap).pc_tex","flag":"5F"},{"resource":"[assembly:/_pro/characters/assets/civilians/italy/local_mens/textures/male_reg_locals_05_shoes_01.texture?/normal_a.tex](asnormalmap).pc_tex","flag":"5F"},{"resource":"[assembly:/_pro/characters/assets/civilians/italy/local_mens/textures/male_reg_locals_05_shoes_01.texture?/specular_a.tex](ascolormap).pc_tex","flag":"5F"},{"resource":"[assembly:/_pro/characters/assets/civilians/italy/local_mens/textures/male_reg_locals_05_shoes_01.texture?/diffuse_a.tex](ascolormap).pc_tex","flag":"5F"},{"resource":"[assembly:/_pro/characters/assets/guards/colorado/militia_basic/textures/male_reg_militia_basic_02_pants.texture?/normal_a.tex](asnormalmap).pc_tex","flag":"5F"},{"resource":"[assembly:/_pro/characters/assets/guards/colorado/militia_basic/textures/male_reg_militia_basic_02_pants.texture?/specular_a.tex](ascolormap).pc_tex","flag":"5F"},{"resource":"[assembly:/_pro/characters/assets/guards/colorado/militia_basic/textures/male_reg_militia_basic_02_pants.texture?/diffuse_a.tex](ascolormap).pc_tex","flag":"5F"},{"resource":"007D850436B0A092","flag":"5F"},{"resource":"00D247582859CA87","flag":"5F"},{"resource":"00D20CA72E352D16","flag":"5F"},{"resource":"[assembly:/_pro/characters/assets/hero/agent47/textures/male_reg_agent47_ds_gloves_del02.texture?/normal_a.tex](asnormalmap).pc_tex","flag":"5F"},{"resource":"[assembly:/_pro/characters/assets/hero/agent47/textures/male_reg_agent47_ds_gloves_del02.texture?/specular_a.tex](ascolormap).pc_tex","flag":"5F"},{"resource":"[assembly:/_pro/characters/assets/hero/agent47/textures/male_reg_agent47_ds_gloves_del02.texture?/diffuse_a.tex](ascolormap).pc_tex","flag":"5F"}],"extraBlueprintDependencies":[],"comments":[]}