{"tempHash":"00D87810F0D4CF79","tbluHash":"00E7A7568FD91122","rootEntity":"597d32412f6e823","entities":{"a5183ccc935f0f12":{"parent":"c1c72af68c5ef112","name":"C_TighTop_R","blueprint":"[assembly:/templates/aspectdummy.aspect]([modules:/zclothsphere.class].entitytype,[modules:/zboneattachaspect.class].entitytype).pc_entityblueprint","properties":{"m_fRadius":{"type":"float32","value":0.14000000059604645},"m_BoneName":{"type":"ZString","value":"RThighTwist"},"m_linkedEntity":{"type":"SEntityTemplateReference","value":null},"m_mTransform":{"type":"SMatrix43","value":{"rotation":{"x":0,"y":0,"z":0},"position":{"x":0.010999999940395355,"y":0.014999999664723873,"z":-0.03999999910593033}}},"m_bEnabled":{"type":"bool","value":true},"m_eidParent":{"type":"SEntityTemplateReference","value":"c1c72af68c5ef112","postInit":true}},"factory":"[assembly:/templates/aspectdummy.aspect]([modules:/zclothsphere.class].entitytype,[modules:/zboneattachaspect.class].entitytype).pc_entitytype"},"51e52a199dfb5a14":{"parent":"c1c72af68c5ef112","name":"CChain_RightArm","blueprint":"[modules:/zclothspherechain.class].pc_entityblueprint","properties":{"m_mTransform":{"type":"SMatrix43","value":{"rotation":{"x":0,"y":0,"z":0},"position":{"x":-1.290655973207322e-7,"y":2.171457902377938e-9,"z":0}}},"m_bCollisionGroup0":{"type":"bool","value":false},"m_bCollisionGroup1":{"type":"bool","value":true},"m_Spheres":{"type":"TArray<SEntityTemplateReference>","value":["f03d13b3f510abb9","61a941486ecf05c7","926696be62dcf115","295804932ac9acc"],"postInit":true},"m_eidParent":{"type":"SEntityTemplateReference","value":"c1c72af68c5ef112","postInit":true}},"factory":"[modules:/zclothspherechain.class].pc_entitytype"},"fb729df11d0ec242":{"parent":"597d32412f6e823","name":"Head_47","blueprint":"00F2E4A932ECAA63","factory":"00537D16B5CE7286"},"c7a8274905995019":{"parent":"d33c320723fba7e1","name":"shandy_hoodie_01","blueprint":"0045A5CA72218549","properties":{"1737952988":{"type":"IRenderMaterialEntity.EModifierOperation","value":"eReplace"},"2287298018":{"type":"IRenderMaterialEntity.EModifierOperation","value":"eReplace"},"2359342559":{"type":"IRenderMaterialEntity.EModifierOperation","value":"eReplace"},"3516673141":{"type":"IRenderMaterialEntity.EModifierOperation","value":"eReplace"},"m_mTransform":{"type":"SMatrix43","value":{"rotation":{"x":0,"y":0,"z":0},"position":{"x":0,"y":0,"z":0}}},"Diffuse_Color_01_Value":{"type":"SColorRGB","value":"#292929"},"Texture2D_01_enab":{"type":"bool","value":true},"Texture2D_01":{"type":"ZRuntimeResourceID","value":{"resource":"00CDC1BA78CC711D","flag":"5F"}},"ConstantVector1D_05_Value":{"type":"float32","value":0.5},"ConstantVector1D_01_Value_op":{"type":"IRenderMaterialEntity.EModifierOperation","value":"eReplace"},"Clients":{"type":"TArray<SEntityTemplateReference>","value":["d33c320723fba7e1"],"postInit":true},"m_eidParent":{"type":"SEntityTemplateReference","value":"597d32412f6e823","postInit":true}},"factory":"00A150A12EEA78AE"},"425c9e833c0e35cb":{"parent":"c1c72af68c5ef112","name":"C_Head_Top","blueprint":"[assembly:/templates/aspectdummy.aspect]([modules:/zclothsphere.class].entitytype,[modules:/zboneattachaspect.class].entitytype).pc_entityblueprint","properties":{"m_fRadius":{"type":"float32","value":0.10499999672174454},"m_BoneName":{"type":"ZString","value":"Head"},"m_mTransform":{"type":"SMatrix43","value":{"rotation":{"x":0,"y":0,"z":0},"position":{"x":0.08580199629068375,"y":0.02185400016605854,"z":0}}},"m_linkedEntity":{"type":"SEntityTemplateReference","value":null},"m_bEnabled":{"type":"bool","value":false},"m_eidParent":{"type":"SEntityTemplateReference","value":"c1c72af68c5ef112","postInit":true}},"factory":"[assembly:/templates/aspectdummy.aspect]([modules:/zclothsphere.class].entitytype,[modules:/zboneattachaspect.class].entitytype).pc_entitytype"},"77774464309a556d":{"parent":"c1c72af68c5ef112","name":"C_Spine1","blueprint":"[assembly:/templates/aspectdummy.aspect]([modules:/zclothcapsule.class].entitytype,[modules:/zboneattachaspect.class].entitytype).pc_entityblueprint","properties":{"m_BoneName":{"type":"ZString","value":"Spine1"},"m_linkedEntity":{"type":"SEntityTemplateReference","value":null},"m_fRadiusX":{"type":"float32","value":0.25},"m_fRadiusY":{"type":"float32","value":0.14000000059604645},"m_fTop":{"type":"float32","value":0.009999999776482582},"m_fBottom":{"type":"float32","value":0},"m_fRadiusZ":{"type":"float32","value":0.18000000715255737},"m_bEnableBottomRadii":{"type":"bool","value":false},"m_fRadiusXBottom":{"type":"float32","value":1},"m_fRadiusYBottom":{"type":"float32","value":1},"m_fRadiusZBottom":{"type":"float32","value":1},"m_mTransform":{"type":"SMatrix43","value":{"rotation":{"x":0,"y":0,"z":0},"position":{"x":-0.013000000268220901,"y":0.029999999329447746,"z":-0.004999999888241291}}},"m_bEnabled":{"type":"bool","value":true},"m_eidParent":{"type":"SEntityTemplateReference","value":"c1c72af68c5ef112","postInit":true}},"factory":"[assembly:/templates/aspectdummy.aspect]([modules:/zclothcapsule.class].entitytype,[modules:/zboneattachaspect.class].entitytype).pc_entitytype"},"c8b8cb7dd2c63de4":{"parent":"c1c72af68c5ef112","name":"C_Spine2","blueprint":"[assembly:/templates/aspectdummy.aspect]([modules:/zclothcapsule.class].entitytype,[modules:/zboneattachaspect.class].entitytype).pc_entityblueprint","properties":{"m_BoneName":{"type":"ZString","value":"Spine2"},"m_linkedEntity":{"type":"SEntityTemplateReference","value":null},"m_fRadiusX":{"type":"float32","value":0.23999999463558197},"m_fRadiusY":{"type":"float32","value":0.15000000596046448},"m_fTop":{"type":"float32","value":0.009999999776482582},"m_fBottom":{"type":"float32","value":0},"m_fRadiusZ":{"type":"float32","value":0.1899999976158142},"m_bEnableBottomRadii":{"type":"bool","value":false},"m_fRadiusXBottom":{"type":"float32","value":1},"m_fRadiusYBottom":{"type":"float32","value":1},"m_fRadiusZBottom":{"type":"float32","value":1},"m_mTransform":{"type":"SMatrix43","value":{"rotation":{"x":0,"y":0,"z":7.748998016010509},"position":{"x":-0.03799999877810478,"y":0.04699999839067459,"z":-0.0010000000474974513}}},"m_bEnabled":{"type":"bool","value":true},"m_eidParent":{"type":"SEntityTemplateReference","value":"c1c72af68c5ef112","postInit":true}},"factory":"[assembly:/templates/aspectdummy.aspect]([modules:/zclothcapsule.class].entitytype,[modules:/zboneattachaspect.class].entitytype).pc_entitytype"},"5db20362c40d4fe2":{"parent":"c1c72af68c5ef112","name":"C_Head_Lower","blueprint":"[assembly:/templates/aspectdummy.aspect]([modules:/zclothsphere.class].entitytype,[modules:/zboneattachaspect.class].entitytype).pc_entityblueprint","properties":{"m_fRadius":{"type":"float32","value":0.10000000149011612},"m_BoneName":{"type":"ZString","value":"Head"},"m_mTransform":{"type":"SMatrix43","value":{"rotation":{"x":0,"y":0,"z":0},"position":{"x":0.018286999315023422,"y":0.03781700134277344,"z":-9.999999974752427e-7}}},"m_linkedEntity":{"type":"SEntityTemplateReference","value":null},"m_bEnabled":{"type":"bool","value":false},"m_eidParent":{"type":"SEntityTemplateReference","value":"c1c72af68c5ef112","postInit":true}},"factory":"[assembly:/templates/aspectdummy.aspect]([modules:/zclothsphere.class].entitytype,[modules:/zboneattachaspect.class].entitytype).pc_entitytype"},"8ef705401055ef7":{"parent":"c1c72af68c5ef112","name":"C_Knee_L","blueprint":"[assembly:/templates/aspectdummy.aspect]([modules:/zclothsphere.class].entitytype,[modules:/zboneattachaspect.class].entitytype).pc_entityblueprint","properties":{"m_fRadius":{"type":"float32","value":0.09000000357627869},"m_BoneName":{"type":"ZString","value":"L_Calf"},"m_linkedEntity":{"type":"SEntityTemplateReference","value":null},"m_mTransform":{"type":"SMatrix43","value":{"rotation":{"x":0,"y":0,"z":0},"position":{"x":0.004000000189989805,"y":-0.010999999940395355,"z":-0.00800000037997961}}},"m_bEnabled":{"type":"bool","value":true},"m_eidParent":{"type":"SEntityTemplateReference","value":"c1c72af68c5ef112","postInit":true}},"factory":"[assembly:/templates/aspectdummy.aspect]([modules:/zclothsphere.class].entitytype,[modules:/zboneattachaspect.class].entitytype).pc_entitytype"},"327f2dab928c45a9":{"parent":"597d32412f6e823","name":"base_eye","blueprint":"00C4E4179AE75353","properties":{"1405740434":{"type":"IRenderMaterialEntity.EModifierOperation","value":"eReplace"},"1762730872":{"type":"IRenderMaterialEntity.EModifierOperation","value":"eReplace"},"2036633045":{"type":"IRenderMaterialEntity.EModifierOperation","value":"eReplace"},"2298771567":{"type":"IRenderMaterialEntity.EModifierOperation","value":"eReplace"},"3480721934":{"type":"IRenderMaterialEntity.EModifierOperation","value":"eReplace"},"4103203329":{"type":"IRenderMaterialEntity.EModifierOperation","value":"eReplace"},"m_mTransform":{"type":"SMatrix43","value":{"rotation":{"x":0,"y":0,"z":0},"position":{"x":0,"y":0,"z":0}}},"EyeShader_01_IrisBrightness":{"type":"float32","value":2},"EyeShader_01_PupilSize":{"type":"float32","value":0.17000000178813934},"EyeShader_01_IrisHueShift":{"type":"float32","value":0.10000000149011612},"EyeShader_01_CorneaSpecularPower":{"type":"float32","value":1},"EyeShader_01_CorneaSpecularIntensity":{"type":"float32","value":0.02500000037252903},"EyeShader_01_ScleraSpecularIntensity":{"type":"float32","value":0.019999999552965164},"Texture2D_01_enab":{"type":"bool","value":true},"Texture2D_01":{"type":"ZRuntimeResourceID","value":{"resource":"00956964149E802F","flag":"5F"}},"Clients":{"type":"TArray<SEntityTemplateReference>","value":["597d32412f6e823"],"postInit":true},"m_eidParent":{"type":"SEntityTemplateReference","value":"597d32412f6e823","postInit":true}},"factory":"00FDEC17A5A2BF5F"},"e0263dfc73ae8d7a":{"parent":"46d7757e95a6f85c","name":"male_reg_bangkok_hotelsecurity_shoes","blueprint":"[assembly:/_pro/characters/assets/guards/bangkok/hotel_security/materials/male_reg_bangkok_hotelsecurity_shoes.mi].pc_entityblueprint","properties":{"1737952988":{"type":"IRenderMaterialEntity.EModifierOperation","value":"eReplace"},"2287298018":{"type":"IRenderMaterialEntity.EModifierOperation","value":"eReplace"},"m_mTransform":{"type":"SMatrix43","value":{"rotation":{"x":0,"y":0,"z":0},"position":{"x":0,"y":0,"z":0}}},"ConstantVector1D_05_Value":{"type":"float32","value":0.5099999904632568},"Texture2D_01_enab":{"type":"bool","value":true},"Texture2D_01":{"type":"ZRuntimeResourceID","value":{"resource":"0056D10B3D6AFAD8","flag":"5F"}},"Texture2DNormal_01_enab":{"type":"bool","value":true},"Texture2DNormal_01":{"type":"ZRuntimeResourceID","value":{"resource":"0012B1C58624FB9D","flag":"5F"}},"Texture2D_03_enab":{"type":"bool","value":true},"Texture2D_03":{"type":"ZRuntimeResourceID","value":{"resource":"0066A12C24F2E2F9","flag":"5F"}},"ConstantVector1D_01_Value_op":{"type":"IRenderMaterialEntity.EModifierOperation","value":"eReplace"},"Clients":{"type":"TArray<SEntityTemplateReference>","value":["46d7757e95a6f85c"],"postInit":true},"m_eidParent":{"type":"SEntityTemplateReference","value":"597d32412f6e823","postInit":true}},"factory":"[assembly:/_pro/characters/assets/guards/bangkok/hotel_security/materials/male_reg_bangkok_hotelsecurity_shoes.mi].pc_entitytype"},"295804932ac9acc":{"parent":"c1c72af68c5ef112","name":"C_Hand_R","blueprint":"[assembly:/templates/aspectdummy.aspect]([modules:/zclothsphere.class].entitytype,[modules:/zboneattachaspect.class].entitytype).pc_entityblueprint","properties":{"m_fRadius":{"type":"float32","value":0.05000000074505806},"m_BoneName":{"type":"ZString","value":"R_Hand"},"m_linkedEntity":{"type":"SEntityTemplateReference","value":null},"m_mTransform":{"type":"SMatrix43","value":{"rotation":{"x":0,"y":0,"z":0},"position":{"x":0.1123398020863533,"y":0.024796010926365852,"z":0.003324999939650297}}},"m_bEnabled":{"type":"bool","value":false},"m_eidParent":{"type":"SEntityTemplateReference","value":"c1c72af68c5ef112","postInit":true}},"factory":"[assembly:/templates/aspectdummy.aspect]([modules:/zclothsphere.class].entitytype,[modules:/zboneattachaspect.class].entitytype).pc_entitytype"},"f03d13b3f510abb9":{"parent":"c1c72af68c5ef112","name":"C_Neck","blueprint":"[assembly:/templates/aspectdummy.aspect]([modules:/zclothsphere.class].entitytype,[modules:/zboneattachaspect.class].entitytype).pc_entityblueprint","properties":{"m_fRadius":{"type":"float32","value":0.10000000149011612},"m_BoneName":{"type":"ZString","value":"Neck"},"m_mTransform":{"type":"SMatrix43","value":{"rotation":{"x":0,"y":0,"z":0},"position":{"x":-0.007079999893903732,"y":-0.010920999571681023,"z":0}}},"m_linkedEntity":{"type":"SEntityTemplateReference","value":null},"m_bEnabled":{"type":"bool","value":false},"m_eidParent":{"type":"SEntityTemplateReference","value":"c1c72af68c5ef112","postInit":true}},"factory":"[assembly:/templates/aspectdummy.aspect]([modules:/zclothsphere.class].entitytype,[modules:/zboneattachaspect.class].entitytype).pc_entitytype"},"13246a3233d0159":{"parent":"c1c72af68c5ef112","name":"ColliderGroup","blueprint":"[modules:/zclothcollidergroup.class].pc_entityblueprint","properties":{"m_ClothColliders":{"type":"TArray<SEntityTemplateReference>","value":["fc771a77c464206d","51e52a199dfb5a14","c8b8cb7dd2c63de4","77774464309a556d","a7dd4b8f5b95beeb","78f7b99553fa75d9","f03d13b3f510abb9","35a6aa728c31ba7e"],"postInit":true},"m_eidParent":{"type":"SEntityTemplateReference","value":"c1c72af68c5ef112","postInit":true}},"factory":"[modules:/zclothcollidergroup.class].pc_entitytype"},"7c9d8ab40e092948":{"parent":"597d32412f6e823","name":"Agent47_Gloves_Driving","blueprint":"00F716010CB776C3","properties":{"m_pMeshResource":{"type":"ZRuntimeResourceID","value":{"resource":"00FBF04263964123","flag":"5F"}}},"factory":"008897FB54E3DB82"},"bdb9113c86ed758f":{"parent":"597d32412f6e823","name":"ChildNetwork","blueprint":"[modules:/zchildnetworkentity.class].pc_entityblueprint","properties":{"m_RuntimeNetworkResourceID":{"type":"ZRuntimeResourceID","value":{"resource":"[assembly:/animationnetworks/hitman01/idles/suitidle.aln].pc_rtn","flag":"9F"}}},"factory":"[modules:/zchildnetworkentity.class].pc_entitytype"},"597d32412f6e823":{"parent":null,"name":"OUTFIT_Agent47_SmartCasualOutfit_HeroA_V0","blueprint":"[assembly:/templates/aspectdummy.aspect]([modules:/zlinkedproxyentity.class].entitytype,[modules:/zclothcharacterentity.class].entitytype,[modules:/zheroidlenetworkaspect.class].entitytype).pc_entityblueprint","properties":{"m_ResourceID":{"type":"ZRuntimeResourceID","value":null},"m_fLODScale":{"type":"float32","value":1},"m_mTransform":{"type":"SMatrix43","value":{"rotation":{"x":0,"y":0,"z":-11.67049522631183},"position":{"x":61.0742301940918,"y":6.09814977645874,"z":0}}},"m_pBonesAndCollisionResource":{"type":"ZRuntimeResourceID","value":{"resource":"0017416135CF879C","flag":"5F"}},"m_bUsePerVertexStiffness":{"type":"bool","value":true},"m_LocalColliders":{"type":"TArray<SEntityTemplateReference>","value":[]},"m_bGlobalCollidersEnabled":{"type":"bool","value":false},"m_fDamping":{"type":"float32","value":1},"m_fBendStiffness":{"type":"float32","value":1},"m_bUsePerVertexDamping":{"type":"bool","value":true},"m_fShearStiffness":{"type":"float32","value":1},"m_bUseSkinningPosNormalConstrains":{"type":"bool","value":true},"m_bUseSkinningNegNormalConstrains":{"type":"bool","value":true},"m_nIterations":{"type":"uint32","value":2},"m_fFrequency":{"type":"float32","value":90},"m_vTranslationScale":{"type":"SVector3","value":{"x":0.10000000149011612,"y":0.10000000149011612,"z":0.10000000149011612}},"m_vGravity":{"type":"SVector3","value":{"x":0,"y":0,"z":-13}},"m_fLODOffset":{"type":"float32","value":100},"m_fDragConstant":{"type":"float32","value":1},"m_eStretchConstrainType":{"type":"EClothStretchConstrainType","value":"eClothBendConstrainType_LRA"},"m_fAngularVelocityThreshold":{"type":"float32","value":60},"m_eRootBone":{"type":"BoneId.Enum","value":"PELVIS"},"m_bEnableAngularVelocityScale":{"type":"bool","value":true},"m_eBendConstrainType":{"type":"EClothBendConstrainType","value":"eClothBendConstrainType_Triangle"},"m_pIdleAnimNetworkEntity":{"type":"SEntityTemplateReference","value":"bdb9113c86ed758f"},"m_bRandomStartState":{"type":"bool","value":true},"m_fWindConstant":{"type":"float32","value":0.10000000149011612},"m_aBodyParts":{"type":"TArray<SEntityTemplateReference>","value":["2bffd4a785af22c8","46d7757e95a6f85c","5e4d7b06dc66aa79","d33c320723fba7e1","3feb0f0d45149ab9","7c9d8ab40e092948","fb729df11d0ec242"],"postInit":true}},"factory":"[assembly:/templates/aspectdummy.aspect]([modules:/zlinkedproxyentity.class].entitytype,[modules:/zclothcharacterentity.class].entitytype,[modules:/zheroidlenetworkaspect.class].entitytype).pc_entitytype"},"d33c320723fba7e1":{"parent":"597d32412f6e823","name":"Mesh_Hoodie","blueprint":"[modules:/zbodypartentity.class].pc_entityblueprint","properties":{"m_pMeshResource":{"type":"ZRuntimeResourceID","value":{"resource":"00296A8EAC013121","flag":"5F"}}},"inputCopying":{"ConstantVector1D_04_Value":{"ConstantVector1D_04_Value":["c7a8274905995019"]},"ConstantVector1D_01_Value":{"ConstantVector1D_01_Value":["c7a8274905995019"]},"ConstantVector1D_06_Value":{"ConstantVector1D_06_Value":["c7a8274905995019"]}},"factory":"[modules:/zbodypartentity.class].pc_entitytype"},"9423450ad60bbac6":{"parent":"c1c72af68c5ef112","name":"C_Foot_R","blueprint":"[assembly:/templates/aspectdummy.aspect]([modules:/zclothsphere.class].entitytype,[modules:/zboneattachaspect.class].entitytype).pc_entityblueprint","properties":{"m_fRadius":{"type":"float32","value":0.07000000029802322},"m_BoneName":{"type":"ZString","value":"R_Foot"},"m_linkedEntity":{"type":"SEntityTemplateReference","value":null},"m_mTransform":{"type":"SMatrix43","value":{"rotation":{"x":0,"y":0,"z":0},"position":{"x":0.07999999821186066,"y":2.171457902377938e-9,"z":0}}},"m_bEnabled":{"type":"bool","value":true},"m_eidParent":{"type":"SEntityTemplateReference","value":"c1c72af68c5ef112","postInit":true}},"factory":"[assembly:/templates/aspectdummy.aspect]([modules:/zclothsphere.class].entitytype,[modules:/zboneattachaspect.class].entitytype).pc_entitytype"},"edcbac0a0665696d":{"parent":"c1c72af68c5ef112","name":"C_Foot_L","blueprint":"[assembly:/templates/aspectdummy.aspect]([modules:/zclothsphere.class].entitytype,[modules:/zboneattachaspect.class].entitytype).pc_entityblueprint","properties":{"m_fRadius":{"type":"float32","value":0.07000000029802322},"m_BoneName":{"type":"ZString","value":"L_Foot"},"m_linkedEntity":{"type":"SEntityTemplateReference","value":null},"m_mTransform":{"type":"SMatrix43","value":{"rotation":{"x":0,"y":0,"z":0},"position":{"x":0.07999987155199051,"y":2.171457902377938e-9,"z":0}}},"m_bEnabled":{"type":"bool","value":true},"m_eidParent":{"type":"SEntityTemplateReference","value":"c1c72af68c5ef112","postInit":true}},"factory":"[assembly:/templates/aspectdummy.aspect]([modules:/zclothsphere.class].entitytype,[modules:/zboneattachaspect.class].entitytype).pc_entitytype"},"68831ced22bf969a":{"parent":"5e4d7b06dc66aa79","name":"male_reg_socks_01","blueprint":"006B6ED99EF0ADEB","properties":{"2287298018":{"type":"IRenderMaterialEntity.EModifierOperation","value":"eReplace"},"m_mTransform":{"type":"SMatrix43","value":{"rotation":{"x":0,"y":0,"z":0},"position":{"x":0,"y":0,"z":0}}},"ConstantVector1D_01_Value_op":{"type":"IRenderMaterialEntity.EModifierOperation","value":"eReplace"},"ConstantVector1D_01_Value":{"type":"float32","value":0.009999999776482582},"m_eidParent":{"type":"SEntityTemplateReference","value":"597d32412f6e823"},"Clients":{"type":"TArray<SEntityTemplateReference>","value":["5e4d7b06dc66aa79"],"postInit":true}},"factory":"000191174AD4F0BC"},"10041066f1ba853e":{"parent":"c1c72af68c5ef112","name":"C_Pelvis","blueprint":"[assembly:/templates/aspectdummy.aspect]([modules:/zclothsphere.class].entitytype,[modules:/zboneattachaspect.class].entitytype).pc_entityblueprint","properties":{"m_fRadius":{"type":"float32","value":0.1550000011920929},"m_BoneName":{"type":"ZString","value":"Pelvis"},"m_linkedEntity":{"type":"SEntityTemplateReference","value":null},"m_mTransform":{"type":"SMatrix43","value":{"rotation":{"x":0,"y":0,"z":0},"position":{"x":-0.014000000432133675,"y":0.01600000075995922,"z":0.004999999888241291}}},"m_bEnabled":{"type":"bool","value":true},"m_eidParent":{"type":"SEntityTemplateReference","value":"c1c72af68c5ef112","postInit":true}},"factory":"[assembly:/templates/aspectdummy.aspect]([modules:/zclothsphere.class].entitytype,[modules:/zboneattachaspect.class].entitytype).pc_entitytype"},"10ee5639f32fffe6":{"parent":"597d32412f6e823","name":"Lerp 3","blueprint":"[modules:/zmathlerp.class].pc_entityblueprint","properties":{"m_fT":{"type":"float32","value":0},"m_A":{"type":"float32","value":1},"m_B":{"type":"float32","value":2}},"events":{"Lerp":{"ConstantVector1D_06_Value":["d33c320723fba7e1","2bffd4a785af22c8"]}},"factory":"[modules:/zmathlerp.class].pc_entitytype"},"7bb3db794369bacc":{"parent":"c1c72af68c5ef112","name":"C_Elbow_L","blueprint":"[assembly:/templates/aspectdummy.aspect]([modules:/zclothsphere.class].entitytype,[modules:/zboneattachaspect.class].entitytype).pc_entityblueprint","properties":{"m_fRadius":{"type":"float32","value":0.05000000074505806},"m_BoneName":{"type":"ZString","value":"L_ForeTwist"},"m_linkedEntity":{"type":"SEntityTemplateReference","value":null},"m_mTransform":{"type":"SMatrix43","value":{"rotation":{"x":0,"y":0,"z":0},"position":{"x":-0.008999999612569809,"y":-0.010999999940395355,"z":-0.014000000432133675}}},"m_bEnabled":{"type":"bool","value":false},"m_eidParent":{"type":"SEntityTemplateReference","value":"c1c72af68c5ef112","postInit":true}},"factory":"[assembly:/templates/aspectdummy.aspect]([modules:/zclothsphere.class].entitytype,[modules:/zboneattachaspect.class].entitytype).pc_entitytype"},"a44f8e6fe2647e41":{"parent":"3feb0f0d45149ab9","name":"Mesh","blueprint":"[assembly:/templates/aspectdummy.aspect]([modules:/zbodypartentity.class].entitytype,[modules:/zclothcollidergroupaspect.class].entitytype).pc_entityblueprint","properties":{"m_pMeshResource":{"type":"ZRuntimeResourceID","value":{"resource":"0054220F0F7B9804","flag":"5F"}},"m_ClothColliders":{"type":"TArray<SEntityTemplateReference>","value":["c1c72af68c5ef112"],"postInit":true}},"factory":"[assembly:/templates/aspectdummy.aspect]([modules:/zbodypartentity.class].entitytype,[modules:/zclothcollidergroupaspect.class].entitytype).pc_entitytype"},"46d7757e95a6f85c":{"parent":"597d32412f6e823","name":"Mesh_Shoes01","blueprint":"[modules:/zbodypartentity.class].pc_entityblueprint","properties":{"m_pMeshResource":{"type":"ZRuntimeResourceID","value":{"resource":"00C536224D4F37E1","flag":"5F"}}},"inputCopying":{"ConstantVector1D_04_Value":{"ConstantVector1D_04_Value":["e0263dfc73ae8d7a"]},"ConstantVector1D_01_Value":{"ConstantVector1D_01_Value":["e0263dfc73ae8d7a"]}},"factory":"[modules:/zbodypartentity.class].pc_entitytype"},"32d0a302fc721909":{"parent":"c1c72af68c5ef112","name":"C_Hand_L","blueprint":"[assembly:/templates/aspectdummy.aspect]([modules:/zclothsphere.class].entitytype,[modules:/zboneattachaspect.class].entitytype).pc_entityblueprint","properties":{"m_fRadius":{"type":"float32","value":0.07000000029802322},"m_BoneName":{"type":"ZString","value":"L_Hand"},"m_linkedEntity":{"type":"SEntityTemplateReference","value":null},"m_mTransform":{"type":"SMatrix43","value":{"rotation":{"x":0,"y":0,"z":0},"position":{"x":0.1120000034570694,"y":0.02500000037252903,"z":0.003000000026077032}}},"m_bEnabled":{"type":"bool","value":false},"m_eidParent":{"type":"SEntityTemplateReference","value":"c1c72af68c5ef112","postInit":true}},"factory":"[assembly:/templates/aspectdummy.aspect]([modules:/zclothsphere.class].entitytype,[modules:/zboneattachaspect.class].entitytype).pc_entitytype"},"1617905e6885451f":{"parent":"597d32412f6e823","name":"Lerp","blueprint":"[modules:/zmathlerp.class].pc_entityblueprint","properties":{"m_fT":{"type":"float32","value":0},"m_A":{"type":"float32","value":12},"m_B":{"type":"float32","value":5}},"events":{"Lerp":{"ConstantVector1D_01_Value":["3feb0f0d45149ab9"]}},"factory":"[modules:/zmathlerp.class].pc_entitytype"},"a7dd4b8f5b95beeb":{"parent":"c1c72af68c5ef112","name":"C_Spine","blueprint":"[assembly:/templates/aspectdummy.aspect]([modules:/zclothcapsule.class].entitytype,[modules:/zboneattachaspect.class].entitytype).pc_entityblueprint","properties":{"m_BoneName":{"type":"ZString","value":"Spine"},"m_linkedEntity":{"type":"SEntityTemplateReference","value":null},"m_fRadiusX":{"type":"float32","value":0.2199999988079071},"m_fRadiusY":{"type":"float32","value":0.14000000059604645},"m_fTop":{"type":"float32","value":0.009999999776482582},"m_fBottom":{"type":"float32","value":0},"m_fRadiusZ":{"type":"float32","value":0.1850000023841858},"m_bEnableBottomRadii":{"type":"bool","value":false},"m_fRadiusXBottom":{"type":"float32","value":1},"m_fRadiusYBottom":{"type":"float32","value":1},"m_fRadiusZBottom":{"type":"float32","value":1},"m_mTransform":{"type":"SMatrix43","value":{"rotation":{"x":0,"y":0,"z":0},"position":{"x":0,"y":0.03999999910593033,"z":-0.004999999888241291}}},"m_bEnabled":{"type":"bool","value":true},"m_eidParent":{"type":"SEntityTemplateReference","value":"c1c72af68c5ef112","postInit":true}},"factory":"[assembly:/templates/aspectdummy.aspect]([modules:/zclothcapsule.class].entitytype,[modules:/zboneattachaspect.class].entitytype).pc_entitytype"},"61a941486ecf05c7":{"parent":"c1c72af68c5ef112","name":"C_ShoulderR","blueprint":"[assembly:/templates/aspectdummy.aspect]([modules:/zclothsphere.class].entitytype,[modules:/zboneattachaspect.class].entitytype).pc_entityblueprint","properties":{"m_fRadius":{"type":"float32","value":0.10000000149011612},"m_BoneName":{"type":"ZString","value":"R_Clavicle"},"m_linkedEntity":{"type":"SEntityTemplateReference","value":null},"m_mTransform":{"type":"SMatrix43","value":{"rotation":{"x":0,"y":0,"z":0},"position":{"x":0.14300000667572021,"y":0.012000000104308128,"z":-0.0020000000949949026}}},"m_bEnabled":{"type":"bool","value":false},"m_eidParent":{"type":"SEntityTemplateReference","value":"c1c72af68c5ef112","postInit":true}},"factory":"[assembly:/templates/aspectdummy.aspect]([modules:/zclothsphere.class].entitytype,[modules:/zboneattachaspect.class].entitytype).pc_entitytype"},"901ba6d076d5dfd7":{"parent":"c1c72af68c5ef112","name":"C_ShoulderL","blueprint":"[assembly:/templates/aspectdummy.aspect]([modules:/zclothsphere.class].entitytype,[modules:/zboneattachaspect.class].entitytype).pc_entityblueprint","properties":{"m_fRadius":{"type":"float32","value":0.10000000149011612},"m_BoneName":{"type":"ZString","value":"L_Clavicle"},"m_linkedEntity":{"type":"SEntityTemplateReference","value":null},"m_mTransform":{"type":"SMatrix43","value":{"rotation":{"x":0,"y":0,"z":0},"position":{"x":0.1420000046491623,"y":0.012000000104308128,"z":0.0020000000949949026}}},"m_bEnabled":{"type":"bool","value":false},"m_eidParent":{"type":"SEntityTemplateReference","value":"c1c72af68c5ef112","postInit":true}},"factory":"[assembly:/templates/aspectdummy.aspect]([modules:/zclothsphere.class].entitytype,[modules:/zboneattachaspect.class].entitytype).pc_entitytype"},"1c22dadd9585f382":{"parent":"3feb0f0d45149ab9","name":"agent_47_wintercoat","blueprint":"[assembly:/_pro/characters/assets/hero/agent47/materials/agent_47_wintercoat.mi].pc_entityblueprint","properties":{"1239136802":{"type":"IRenderMaterialEntity.EModifierOperation","value":"eReplace"},"1565884279":{"type":"IRenderMaterialEntity.EModifierOperation","value":"eReplace"},"1955327607":{"type":"IRenderMaterialEntity.EModifierOperation","value":"eReplace"},"2359342559":{"type":"IRenderMaterialEntity.EModifierOperation","value":"eLeave"},"3516673141":{"type":"IRenderMaterialEntity.EModifierOperation","value":"eReplace"},"m_mTransform":{"type":"SMatrix43","value":{"rotation":{"x":0,"y":0,"z":0},"position":{"x":0,"y":0,"z":0}}},"Texture2DNormal_01_enab":{"type":"bool","value":true},"Texture2D_03_enab":{"type":"bool","value":true},"Texture2D_01_enab":{"type":"bool","value":true},"ConstantVector1D_01_Value_op":{"type":"IRenderMaterialEntity.EModifierOperation","value":"eReplace"},"Texture2D_01":{"type":"ZRuntimeResourceID","value":{"resource":"00A349EA5120F672","flag":"5F"}},"Texture2DNormal_01":{"type":"ZRuntimeResourceID","value":{"resource":"00730C0FE1F2CA26","flag":"5F"}},"Texture2D_03":{"type":"ZRuntimeResourceID","value":{"resource":"00FAEEED2D704625","flag":"5F"}},"ConstantVector1D_01_Value":{"type":"float32","value":12},"Diffuse_Color_01_Value":{"type":"SColorRGB","value":"#333333"},"Diffuse_Saturation_01_Value":{"type":"float32","value":1},"Diffuse_Hue_Shift_01_Value":{"type":"float32","value":0},"Clients":{"type":"TArray<SEntityTemplateReference>","value":["3feb0f0d45149ab9"],"postInit":true},"m_eidParent":{"type":"SEntityTemplateReference","value":"3feb0f0d45149ab9","postInit":true}},"factory":"[assembly:/_pro/characters/assets/hero/agent47/materials/agent_47_wintercoat.mi].pc_entitytype"},"3feb0f0d45149ab9":{"parent":"597d32412f6e823","name":"Coat_Winter_Open","blueprint":"[modules:/zcompositeentity.class].pc_entityblueprint","properties":{"ConstantVector1D_01_Value":{"type":"float32","value":12},"Diffuse_Color_01_Value":{"type":"SColorRGB","value":"#333333"},"m_eidParent":{"type":"SEntityTemplateReference","value":"597d32412f6e823"}},"inputCopying":{"ConstantVector1D_14_Value":{"ConstantVector1D_14_Value":["1c22dadd9585f382"]},"ConstantVector1D_01_Value":{"ConstantVector1D_01_Value":["1c22dadd9585f382"]}},"propertyAliases":{"Texture2D_01":[{"originalProperty":"Texture2D_01","originalEntity":"1c22dadd9585f382"}],"Texture2DNormal_01":[{"originalProperty":"Texture2DNormal_01","originalEntity":"1c22dadd9585f382"}],"Texture2D_03":[{"originalProperty":"Texture2D_03","originalEntity":"1c22dadd9585f382"}],"ConstantVector1D_01_Value":[{"originalProperty":"ConstantVector1D_01_Value","originalEntity":"1c22dadd9585f382"}],"Diffuse_Color_01_Value":[{"originalProperty":"Diffuse_Color_01_Value","originalEntity":"1c22dadd9585f382"}],"Diffuse_Saturation_01_Value":[{"originalProperty":"Diffuse_Saturation_01_Value","originalEntity":"1c22dadd9585f382"}],"Diffuse_Hue_Shift_01_Value":[{"originalProperty":"Diffuse_Hue_Shift_01_Value","originalEntity":"1c22dadd9585f382"}],"m_pMeshResource":[{"originalProperty":"m_pMeshResource","originalEntity":"a44f8e6fe2647e41"}]},"exposedInterfaces":{"ZBodyPartEntity":"a44f8e6fe2647e41","ZClothColliderGroupAspect":"a44f8e6fe2647e41"},"factory":"[modules:/zcompositeentity.class].pc_entitytype"},"fc771a77c464206d":{"parent":"c1c72af68c5ef112","name":"CChain_Legs","blueprint":"[modules:/zclothspherechain.class].pc_entityblueprint","properties":{"m_mTransform":{"type":"SMatrix43","value":{"rotation":{"x":0,"y":0,"z":0},"position":{"x":-1.290655973207322e-7,"y":2.171457902377938e-9,"z":0}}},"m_Spheres":{"type":"TArray<SEntityTemplateReference>","value":["9423450ad60bbac6","74c8a746d65f36b1","df0b5fa1491b3e5e","a5183ccc935f0f12","10041066f1ba853e","b648f81bbea3280","b7fbcb8fb5dcef6","8ef705401055ef7","edcbac0a0665696d"],"postInit":true},"m_eidParent":{"type":"SEntityTemplateReference","value":"c1c72af68c5ef112","postInit":true}},"factory":"[modules:/zclothspherechain.class].pc_entitytype"},"b648f81bbea3280":{"parent":"c1c72af68c5ef112","name":"C_TighTop_L","blueprint":"[assembly:/templates/aspectdummy.aspect]([modules:/zclothsphere.class].entitytype,[modules:/zboneattachaspect.class].entitytype).pc_entityblueprint","properties":{"m_fRadius":{"type":"float32","value":0.14000000059604645},"m_BoneName":{"type":"ZString","value":"LThighTwist"},"m_linkedEntity":{"type":"SEntityTemplateReference","value":null},"m_mTransform":{"type":"SMatrix43","value":{"rotation":{"x":0,"y":0,"z":0},"position":{"x":0.010999999940395355,"y":0.014999999664723873,"z":0.03999999910593033}}},"m_bEnabled":{"type":"bool","value":true},"m_eidParent":{"type":"SEntityTemplateReference","value":"c1c72af68c5ef112","postInit":true}},"factory":"[assembly:/templates/aspectdummy.aspect]([modules:/zclothsphere.class].entitytype,[modules:/zboneattachaspect.class].entitytype).pc_entitytype"},"78f7b99553fa75d9":{"parent":"c1c72af68c5ef112","name":"CChainHead_Neck","blueprint":"[modules:/zclothspherechain.class].pc_entityblueprint","properties":{"m_Spheres":{"type":"TArray<SEntityTemplateReference>","value":["425c9e833c0e35cb","5db20362c40d4fe2","f03d13b3f510abb9"]},"m_eidParent":{"type":"SEntityTemplateReference","value":"c1c72af68c5ef112","postInit":true}},"factory":"[modules:/zclothspherechain.class].pc_entitytype"},"926696be62dcf115":{"parent":"c1c72af68c5ef112","name":"C_Elbow_R","blueprint":"[assembly:/templates/aspectdummy.aspect]([modules:/zclothsphere.class].entitytype,[modules:/zboneattachaspect.class].entitytype).pc_entityblueprint","properties":{"m_fRadius":{"type":"float32","value":0.05000000074505806},"m_BoneName":{"type":"ZString","value":"R_ForeTwist"},"m_linkedEntity":{"type":"SEntityTemplateReference","value":null},"m_mTransform":{"type":"SMatrix43","value":{"rotation":{"x":0,"y":0,"z":0},"position":{"x":-0.004000000189989805,"y":-0.009999999776482582,"z":0.00800000037997961}}},"m_bEnabled":{"type":"bool","value":false},"m_eidParent":{"type":"SEntityTemplateReference","value":"c1c72af68c5ef112","postInit":true}},"factory":"[assembly:/templates/aspectdummy.aspect]([modules:/zclothsphere.class].entitytype,[modules:/zboneattachaspect.class].entitytype).pc_entitytype"},"35a6aa728c31ba7e":{"parent":"c1c72af68c5ef112","name":"CChain_LeftArm","blueprint":"[modules:/zclothspherechain.class].pc_entityblueprint","properties":{"m_Spheres":{"type":"TArray<SEntityTemplateReference>","value":["32d0a302fc721909","7bb3db794369bacc","901ba6d076d5dfd7","f03d13b3f510abb9"]},"m_mTransform":{"type":"SMatrix43","value":{"rotation":{"x":0,"y":0,"z":0},"position":{"x":-1.6075250641733874e-7,"y":3.5905429740523687e-9,"z":0}}},"m_bCollisionGroup1":{"type":"bool","value":true},"m_bCollisionGroup0":{"type":"bool","value":false},"m_eidParent":{"type":"SEntityTemplateReference","value":"c1c72af68c5ef112","postInit":true}},"factory":"[modules:/zclothspherechain.class].pc_entitytype"},"f7bab2a11833ee94":{"parent":"597d32412f6e823","name":"FX_Hitman_Wet_Logic_Character","blueprint":"00AA88C960CD2080","properties":{"HeadMaterialToOverride":{"type":"ZRuntimeResourceID","value":{"resource":"009F7978C601815A","flag":"5F"}},"HeadMaterialOverride":{"type":"TArray<SEntityTemplateReference>","value":["597d32412f6e823"]}},"events":{"HitmanWetness":{"T":["1617905e6885451f","f0b6deb36dce9976","10ee5639f32fffe6","e86dd3de65898ff4","1321450f1c41d755","feed4ea03b9f7c56","feed2115315b7e4a","feed3e8210b00e6c","feedd8de5d35e758"]}},"factory":"0067CFB703A80787"},"df0b5fa1491b3e5e":{"parent":"c1c72af68c5ef112","name":"C_TighMid_R","blueprint":"[assembly:/templates/aspectdummy.aspect]([modules:/zclothsphere.class].entitytype,[modules:/zboneattachaspect.class].entitytype).pc_entityblueprint","properties":{"m_fRadius":{"type":"float32","value":0.10999999940395355},"m_BoneName":{"type":"ZString","value":"RThighTwist1"},"m_linkedEntity":{"type":"SEntityTemplateReference","value":null},"m_mTransform":{"type":"SMatrix43","value":{"rotation":{"x":0,"y":0,"z":0},"position":{"x":0.061000000685453415,"y":0.009999999776482582,"z":-0.004999999888241291}}},"m_bEnabled":{"type":"bool","value":true},"m_eidParent":{"type":"SEntityTemplateReference","value":"c1c72af68c5ef112","postInit":true}},"factory":"[assembly:/templates/aspectdummy.aspect]([modules:/zclothsphere.class].entitytype,[modules:/zboneattachaspect.class].entitytype).pc_entitytype"},"7ca32e8c956abc94":{"parent":"2bffd4a785af22c8","name":"male_reg_suit_pants_01","blueprint":"0007754D66EDCF32","properties":{"1239136802":{"type":"IRenderMaterialEntity.EModifierOperation","value":"eReplace"},"1294887455":{"type":"IRenderMaterialEntity.EModifierOperation","value":"eReplace"},"1565884279":{"type":"IRenderMaterialEntity.EModifierOperation","value":"eReplace"},"1787395739":{"type":"IRenderMaterialEntity.EModifierOperation","value":"eReplace"},"2359342559":{"type":"IRenderMaterialEntity.EModifierOperation","value":"eReplace"},"2786709788":{"type":"IRenderMaterialEntity.EModifierOperation","value":"eReplace"},"2869403995":{"type":"IRenderMaterialEntity.EModifierOperation","value":"eReplace"},"3516673141":{"type":"IRenderMaterialEntity.EModifierOperation","value":"eReplace"},"m_mTransform":{"type":"SMatrix43","value":{"rotation":{"x":0,"y":0,"z":0},"position":{"x":9.988899230957031,"y":-8.244298934936523,"z":0}}},"ConstantVector1D_01_Value_op":{"type":"IRenderMaterialEntity.EModifierOperation","value":"eReplace"},"ConstantVector1D_01_Value":{"type":"float32","value":0.5},"Active":{"type":"bool","value":true},"ConstantVector1D_16_Value":{"type":"float32","value":0},"ConstantVector1D_03_Value":{"type":"float32","value":1.2000000476837158},"ConstantVector1D_14_Value":{"type":"float32","value":0.03999999910593033},"Texture2D_01_enab":{"type":"bool","value":true},"Texture2D_01":{"type":"ZRuntimeResourceID","value":{"resource":"00AF802D36A4241A","flag":"5F"}},"Diffuse_Color_01_Value":{"type":"SColorRGB","value":"#363636"},"ConstantVector1D_13_Value":{"type":"float32","value":0},"Texture2D_03_enab":{"type":"bool","value":true},"ConstantVector1D_15_Value":{"type":"float32","value":3},"Diffuse_Saturation_01_Value":{"type":"float32","value":0},"m_eidParent":{"type":"SEntityTemplateReference","value":"597d32412f6e823"},"Clients":{"type":"TArray<SEntityTemplateReference>","value":["2bffd4a785af22c8"],"postInit":true}},"factory":"0074A1B094FC4120"},"2bffd4a785af22c8":{"parent":"597d32412f6e823","name":"Mesh_Pant","blueprint":"[modules:/zbodypartentity.class].pc_entityblueprint","properties":{"m_pMeshResource":{"type":"ZRuntimeResourceID","value":{"resource":"0091EDC93A5DEDF3","flag":"5F"}}},"inputCopying":{"ConstantVector1D_14_Value":{"ConstantVector1D_14_Value":["7ca32e8c956abc94"]},"ConstantVector1D_01_Value":{"ConstantVector1D_01_Value":["7ca32e8c956abc94"]},"ConstantVector1D_06_Value":{"ConstantVector1D_06_Value":["7ca32e8c956abc94"]}},"factory":"[modules:/zbodypartentity.class].pc_entitytype"},"74c8a746d65f36b1":{"parent":"c1c72af68c5ef112","name":"C_Knee_R","blueprint":"[assembly:/templates/aspectdummy.aspect]([modules:/zclothsphere.class].entitytype,[modules:/zboneattachaspect.class].entitytype).pc_entityblueprint","properties":{"m_fRadius":{"type":"float32","value":0.09000000357627869},"m_BoneName":{"type":"ZString","value":"R_Calf"},"m_linkedEntity":{"type":"SEntityTemplateReference","value":null},"m_mTransform":{"type":"SMatrix43","value":{"rotation":{"x":0,"y":0,"z":0},"position":{"x":0.004000000189989805,"y":-0.010999999940395355,"z":0.00800000037997961}}},"m_bEnabled":{"type":"bool","value":true},"m_eidParent":{"type":"SEntityTemplateReference","value":"c1c72af68c5ef112","postInit":true}},"factory":"[assembly:/templates/aspectdummy.aspect]([modules:/zclothsphere.class].entitytype,[modules:/zboneattachaspect.class].entitytype).pc_entitytype"},"e86dd3de65898ff4":{"parent":"597d32412f6e823","name":"Lerp 4","blueprint":"[modules:/zmathlerp.class].pc_entityblueprint","properties":{"m_fT":{"type":"float32","value":0},"m_A":{"type":"float32","value":0.05000000074505806},"m_B":{"type":"float32","value":0.30000001192092896}},"events":{"Lerp":{"ConstantVector1D_14_Value":["2bffd4a785af22c8"]}},"factory":"[modules:/zmathlerp.class].pc_entitytype"},"5e4d7b06dc66aa79":{"parent":"597d32412f6e823","name":"Mesh_Socks","blueprint":"[modules:/zbodypartentity.class].pc_entityblueprint","properties":{"m_pMeshResource":{"type":"ZRuntimeResourceID","value":{"resource":"0063B05E0712FBB3","flag":"5F"}}},"inputCopying":{"ConstantVector1D_04_Value":{"ConstantVector1D_04_Value":["68831ced22bf969a"]},"ConstantVector1D_01_Value":{"ConstantVector1D_01_Value":["68831ced22bf969a"]}},"factory":"[modules:/zbodypartentity.class].pc_entitytype"},"2877621d765aafe9":{"parent":"597d32412f6e823","name":"male_reg_eyelashes","blueprint":"00926F11E3C00813","properties":{"1294887455":{"type":"IRenderMaterialEntity.EModifierOperation","value":"eReplace"},"2786709788":{"type":"IRenderMaterialEntity.EModifierOperation","value":"eReplace"},"m_mTransform":{"type":"SMatrix43","value":{"rotation":{"x":0,"y":0,"z":0},"position":{"x":0,"y":0,"z":0}}},"Clients":{"type":"TArray<SEntityTemplateReference>","value":["597d32412f6e823"]},"ConstantVector1D_16_Value":{"type":"float32","value":1.5},"m_eidParent":{"type":"SEntityTemplateReference","value":"597d32412f6e823"}},"factory":"00AF6FD15BFAC222"},"f0b6deb36dce9976":{"parent":"597d32412f6e823","name":"Lerp 2","blueprint":"[modules:/zmathlerp.class].pc_entityblueprint","properties":{"m_fT":{"type":"float32","value":0},"m_A":{"type":"float32","value":0},"m_B":{"type":"float32","value":0.30000001192092896}},"events":{"Lerp":{"ConstantVector1D_04_Value":["5e4d7b06dc66aa79","d33c320723fba7e1","46d7757e95a6f85c"],"ConstantVector1D_14_Value":["3feb0f0d45149ab9"]}},"factory":"[modules:/zmathlerp.class].pc_entitytype"},"1321450f1c41d755":{"parent":"597d32412f6e823","name":"Lerp 5","blueprint":"[modules:/zmathlerp.class].pc_entityblueprint","properties":{"m_fT":{"type":"float32","value":0},"m_A":{"type":"float32","value":0.699999988079071},"m_B":{"type":"float32","value":0.4000000059604645}},"events":{"Lerp":{"ConstantVector1D_01_Value":["2bffd4a785af22c8"]}},"factory":"[modules:/zmathlerp.class].pc_entitytype"},"b7fbcb8fb5dcef6":{"parent":"c1c72af68c5ef112","name":"C_TighMid_L","blueprint":"[assembly:/templates/aspectdummy.aspect]([modules:/zclothsphere.class].entitytype,[modules:/zboneattachaspect.class].entitytype).pc_entityblueprint","properties":{"m_fRadius":{"type":"float32","value":0.10999999940395355},"m_BoneName":{"type":"ZString","value":"LThighTwist1"},"m_linkedEntity":{"type":"SEntityTemplateReference","value":null},"m_mTransform":{"type":"SMatrix43","value":{"rotation":{"x":0,"y":0,"z":0},"position":{"x":0.061000000685453415,"y":0.009999999776482582,"z":0.004999999888241291}}},"m_bEnabled":{"type":"bool","value":true},"m_eidParent":{"type":"SEntityTemplateReference","value":"c1c72af68c5ef112","postInit":true}},"factory":"[assembly:/templates/aspectdummy.aspect]([modules:/zclothsphere.class].entitytype,[modules:/zboneattachaspect.class].entitytype).pc_entitytype"},"c1c72af68c5ef112":{"parent":"3feb0f0d45149ab9","name":"Collider_Coat_Winter_Open","blueprint":"[modules:/zcompositeentity.class].pc_entityblueprint","properties":{"m_mTransform":{"type":"SMatrix43","value":{"rotation":{"x":0,"y":0,"z":0},"position":{"x":0,"y":0,"z":0}}},"Pelvis_Radius":{"type":"float32","value":0.1550000011920929},"Head_Low_Radius":{"type":"float32","value":0.10000000149011612},"Head_Top_Enabled":{"type":"bool","value":false},"Head_Low_Enabled":{"type":"bool","value":false},"Neck_Enabled":{"type":"bool","value":false},"Shoulder_L_Enabled":{"type":"bool","value":false},"Shoulder_R_Enabled":{"type":"bool","value":false},"Elbow_L_Enabled":{"type":"bool","value":false},"Elbow_R_Enabled":{"type":"bool","value":false},"Hand_L_Enabled":{"type":"bool","value":false},"Hand_R_Enabled":{"type":"bool","value":false},"Spine_Top_Enabled":{"type":"bool","value":true},"Thigh_Top_R_Radius":{"type":"float32","value":0.14000000059604645},"m_linkedEntity":{"type":"SEntityTemplateReference","value":null},"Spine_Low_RadiusX":{"type":"float32","value":0.2199999988079071},"Spine_Low_RadiusY":{"type":"float32","value":0.14000000059604645},"Spine_Low_RadiusZ":{"type":"float32","value":0.1850000023841858},"m_eidParent":{"type":"SEntityTemplateReference","value":"3feb0f0d45149ab9"}},"propertyAliases":{"m_linkedEntity":[{"originalProperty":"m_linkedEntity","originalEntity":"32d0a302fc721909"},{"originalProperty":"m_linkedEntity","originalEntity":"7bb3db794369bacc"},{"originalProperty":"m_linkedEntity","originalEntity":"926696be62dcf115"},{"originalProperty":"m_linkedEntity","originalEntity":"edcbac0a0665696d"},{"originalProperty":"m_linkedEntity","originalEntity":"9423450ad60bbac6"},{"originalProperty":"m_linkedEntity","originalEntity":"61a941486ecf05c7"},{"originalProperty":"m_linkedEntity","originalEntity":"295804932ac9acc"},{"originalProperty":"m_linkedEntity","originalEntity":"a7dd4b8f5b95beeb"},{"originalProperty":"m_linkedEntity","originalEntity":"8ef705401055ef7"},{"originalProperty":"m_linkedEntity","originalEntity":"77774464309a556d"},{"originalProperty":"m_linkedEntity","originalEntity":"74c8a746d65f36b1"},{"originalProperty":"m_linkedEntity","originalEntity":"c8b8cb7dd2c63de4"},{"originalProperty":"m_linkedEntity","originalEntity":"10041066f1ba853e"},{"originalProperty":"m_linkedEntity","originalEntity":"901ba6d076d5dfd7"},{"originalProperty":"m_linkedEntity","originalEntity":"b7fbcb8fb5dcef6"},{"originalProperty":"m_linkedEntity","originalEntity":"df0b5fa1491b3e5e"},{"originalProperty":"m_linkedEntity","originalEntity":"a5183ccc935f0f12"},{"originalProperty":"m_linkedEntity","originalEntity":"b648f81bbea3280"},{"originalProperty":"m_linkedEntity","originalEntity":"425c9e833c0e35cb"},{"originalProperty":"m_linkedEntity","originalEntity":"5db20362c40d4fe2"},{"originalProperty":"m_linkedEntity","originalEntity":"f03d13b3f510abb9"}],"Neck_Radius":[{"originalProperty":"m_fRadius","originalEntity":"f03d13b3f510abb9"}],"Head_Low_Radius":[{"originalProperty":"m_fRadius","originalEntity":"5db20362c40d4fe2"}],"Head_Top_Radius":[{"originalProperty":"m_fRadius","originalEntity":"425c9e833c0e35cb"}],"Head_Top_Position":[{"originalProperty":"m_mTransform","originalEntity":"425c9e833c0e35cb"}],"Hand_R_Radius":[{"originalProperty":"m_fRadius","originalEntity":"295804932ac9acc"}],"Hand_L_Radius":[{"originalProperty":"m_fRadius","originalEntity":"32d0a302fc721909"}],"Elbow_R_Radius":[{"originalProperty":"m_fRadius","originalEntity":"926696be62dcf115"}],"Elbow_L_Radius":[{"originalProperty":"m_fRadius","originalEntity":"7bb3db794369bacc"}],"Shoulder_R_Radius":[{"originalProperty":"m_fRadius","originalEntity":"61a941486ecf05c7"}],"Head_Low_Position":[{"originalProperty":"m_mTransform","originalEntity":"5db20362c40d4fe2"}],"Shoulder_L_Radius":[{"originalProperty":"m_fRadius","originalEntity":"901ba6d076d5dfd7"}],"Neck_Position":[{"originalProperty":"m_mTransform","originalEntity":"f03d13b3f510abb9"}],"Shoulder_L_Position":[{"originalProperty":"m_mTransform","originalEntity":"901ba6d076d5dfd7"}],"Shoulder_R_Position":[{"originalProperty":"m_mTransform","originalEntity":"61a941486ecf05c7"}],"Elbow_L_Position":[{"originalProperty":"m_mTransform","originalEntity":"7bb3db794369bacc"}],"Elbow_R_Position":[{"originalProperty":"m_mTransform","originalEntity":"926696be62dcf115"}],"Hand_L_Position":[{"originalProperty":"m_mTransform","originalEntity":"32d0a302fc721909"}],"Hand_R_Position":[{"originalProperty":"m_mTransform","originalEntity":"295804932ac9acc"}],"Spine_Top_Position":[{"originalProperty":"m_mTransform","originalEntity":"c8b8cb7dd2c63de4"}],"Spine_Mid_Position":[{"originalProperty":"m_mTransform","originalEntity":"77774464309a556d"}],"Spine_Low_Position":[{"originalProperty":"m_mTransform","originalEntity":"a7dd4b8f5b95beeb"}],"Pelvis_Position":[{"originalProperty":"m_mTransform","originalEntity":"10041066f1ba853e"}],"Thigh_Top_L_Position":[{"originalProperty":"m_mTransform","originalEntity":"b648f81bbea3280"}],"Thigh_Top_R_Position":[{"originalProperty":"m_mTransform","originalEntity":"a5183ccc935f0f12"}],"Thigh_Mid_L_Position":[{"originalProperty":"m_mTransform","originalEntity":"b7fbcb8fb5dcef6"}],"Thigh_Mid_R_Position":[{"originalProperty":"m_mTransform","originalEntity":"df0b5fa1491b3e5e"}],"Knee_L_Position":[{"originalProperty":"m_mTransform","originalEntity":"8ef705401055ef7"}],"Knee_R_Position":[{"originalProperty":"m_mTransform","originalEntity":"74c8a746d65f36b1"}],"Foot_L_Position":[{"originalProperty":"m_mTransform","originalEntity":"edcbac0a0665696d"}],"Foot_R_Position":[{"originalProperty":"m_mTransform","originalEntity":"9423450ad60bbac6"}],"Spine_Top_RadiusX":[{"originalProperty":"m_fRadiusX","originalEntity":"c8b8cb7dd2c63de4"}],"Spine_Top_RadiusY":[{"originalProperty":"m_fRadiusY","originalEntity":"c8b8cb7dd2c63de4"}],"Spine_Top_RadiusZ":[{"originalProperty":"m_fRadiusZ","originalEntity":"c8b8cb7dd2c63de4"}],"Spine_Mid_RadiusX":[{"originalProperty":"m_fRadiusX","originalEntity":"77774464309a556d"}],"Spine_Mid_RadiusY":[{"originalProperty":"m_fRadiusY","originalEntity":"77774464309a556d"}],"Spine_Mid_RadiusZ":[{"originalProperty":"m_fRadiusZ","originalEntity":"77774464309a556d"}],"Spine_Low_RadiusX":[{"originalProperty":"m_fRadiusX","originalEntity":"a7dd4b8f5b95beeb"}],"Spine_Low_RadiusY":[{"originalProperty":"m_fRadiusY","originalEntity":"a7dd4b8f5b95beeb"}],"Spine_Low_RadiusZ":[{"originalProperty":"m_fRadiusZ","originalEntity":"a7dd4b8f5b95beeb"}],"Pelvis_Radius":[{"originalProperty":"m_fRadius","originalEntity":"10041066f1ba853e"}],"Thigh_Top_L_Radius":[{"originalProperty":"m_fRadius","originalEntity":"b648f81bbea3280"}],"Thigh_Top_R_Radius":[{"originalProperty":"m_fRadius","originalEntity":"a5183ccc935f0f12"}],"Thigh_Mid_L_Radius":[{"originalProperty":"m_fRadius","originalEntity":"b7fbcb8fb5dcef6"}],"Thigh_Mid_R_Radius":[{"originalProperty":"m_fRadius","originalEntity":"df0b5fa1491b3e5e"}],"Knee_L_Radius":[{"originalProperty":"m_fRadius","originalEntity":"8ef705401055ef7"}],"Knee_R_Radius":[{"originalProperty":"m_fRadius","originalEntity":"74c8a746d65f36b1"}],"Foot_L_Radius":[{"originalProperty":"m_fRadius","originalEntity":"edcbac0a0665696d"}],"Foot_R_Radius":[{"originalProperty":"m_fRadius","originalEntity":"9423450ad60bbac6"}],"Head_Top_Enabled":[{"originalProperty":"m_bEnabled","originalEntity":"425c9e833c0e35cb"}],"Head_Low_Enabled":[{"originalProperty":"m_bEnabled","originalEntity":"5db20362c40d4fe2"}],"Neck_Enabled":[{"originalProperty":"m_bEnabled","originalEntity":"f03d13b3f510abb9"}],"Shoulder_L_Enabled":[{"originalProperty":"m_bEnabled","originalEntity":"901ba6d076d5dfd7"}],"Shoulder_R_Enabled":[{"originalProperty":"m_bEnabled","originalEntity":"61a941486ecf05c7"}],"Elbow_L_Enabled":[{"originalProperty":"m_bEnabled","originalEntity":"7bb3db794369bacc"}],"Elbow_R_Enabled":[{"originalProperty":"m_bEnabled","originalEntity":"926696be62dcf115"}],"Spine_Top_Enabled":[{"originalProperty":"m_bEnabled","originalEntity":"c8b8cb7dd2c63de4"}],"Hand_R_Enabled":[{"originalProperty":"m_bEnabled","originalEntity":"295804932ac9acc"}],"Hand_L_Enabled":[{"originalProperty":"m_bEnabled","originalEntity":"32d0a302fc721909"}],"Spine_Mid_Enabled":[{"originalProperty":"m_bEnabled","originalEntity":"77774464309a556d"}],"Spine_Low_Enabled":[{"originalProperty":"m_bEnabled","originalEntity":"a7dd4b8f5b95beeb"}],"Pelvis_Enabled":[{"originalProperty":"m_bEnabled","originalEntity":"10041066f1ba853e"}],"Thigh_Top_L_Enabled":[{"originalProperty":"m_bEnabled","originalEntity":"b648f81bbea3280"}],"Thigh_Top_R_Enabled":[{"originalProperty":"m_bEnabled","originalEntity":"a5183ccc935f0f12"}],"Thigh_Mid_L_Enabled":[{"originalProperty":"m_bEnabled","originalEntity":"b7fbcb8fb5dcef6"}],"Thigh_Mid_R_Enabled":[{"originalProperty":"m_bEnabled","originalEntity":"df0b5fa1491b3e5e"}],"Knee_L_Enabled":[{"originalProperty":"m_bEnabled","originalEntity":"8ef705401055ef7"}],"Knee_R_Enabled":[{"originalProperty":"m_bEnabled","originalEntity":"74c8a746d65f36b1"}],"Foot_L_Enabled":[{"originalProperty":"m_bEnabled","originalEntity":"edcbac0a0665696d"}],"Foot_R_Enabled":[{"originalProperty":"m_bEnabled","originalEntity":"9423450ad60bbac6"}]},"exposedInterfaces":{"ZClothCollider":"13246a3233d0159","ZClothColliderGroup":"13246a3233d0159"},"factory":"[modules:/zcompositeentity.class].pc_entitytype"},"feed4ea03b9f7c56":{"parent":"597d32412f6e823","name":"baseRough","factory":"[modules:/zmathlerp.class].pc_entitytype","blueprint":"[modules:/zmathlerp.class].pc_entityblueprint","properties":{"m_B":{"type":"float32","value":0.49000000953674316},"m_fT":{"type":"float32","value":0}},"events":{"Lerp":{"ConstantVector1D_14_Value":["2bffd4a785af22c8"]}}},"feed2115315b7e4a":{"parent":"597d32412f6e823","name":"diff 2","factory":"[modules:/zmathlerp.class].pc_entitytype","blueprint":"[modules:/zmathlerp.class].pc_entityblueprint","properties":{"m_B":{"type":"float32","value":0.46000000834465027},"m_fT":{"type":"float32","value":0},"m_A":{"type":"float32","value":0.5}},"events":{"Lerp":{"ConstantVector1D_01_Value":["2bffd4a785af22c8"]}}},"feed3e8210b00e6c":{"parent":"597d32412f6e823","name":"Nrom","factory":"[modules:/zmathlerp.class].pc_entitytype","blueprint":"[modules:/zmathlerp.class].pc_entityblueprint","properties":{"m_A":{"type":"float32","value":1},"m_B":{"type":"float32","value":1.25},"m_fT":{"type":"float32","value":0}},"events":{"Lerp":{"ConstantVector1D_06_Value":["2bffd4a785af22c8"]}}},"feedd8de5d35e758":{"parent":"597d32412f6e823","name":"Lerp 1","blueprint":"[modules:/zmathlerp.class].pc_entityblueprint","properties":{"m_B":{"type":"float32","value":0.30000001192092896},"m_fT":{"type":"float32","value":0}},"events":{"Lerp":{"SpecularRoughnessMin":["7c9d8ab40e092948"]}},"factory":"[modules:/zmathlerp.class].pc_entitytype"}},"propertyOverrides":[],"overrideDeletes":[],"pinConnectionOverrides":[],"pinConnectionOverrideDeletes":[],"externalScenes":[],"subType":"template","quickEntityVersion":3.1,"extraFactoryDependencies":[],"extraBlueprintDependencies":[],"comments":[]}