{"tempHash":"00C75749C69076D0","tbluHash":"001FB3604ACA8E4C","patch":[{"RemoveEntityByID":"2c6fee026b1c5faf"},{"RemoveEntityByID":"4efe6d283a260d25"},{"RemoveEntityByID":"897b418a2574736e"},{"RemoveEntityByID":"a7c0be5999cf1a09"},{"RemoveEntityByID":"ba56b782065d2ab9"},{"RemoveEntityByID":"25a3261fbc4748ef"},{"RemoveEntityByID":"90daeec0b851ccd9"},{"RemoveEntityByID":"1bbc571b1670096f"},{"RemoveEntityByID":"ec88dd15972b5972"},{"RemoveEntityByID":"c2e794caf1c9b6da"},{"RemoveEntityByID":"91f12078164a8f5d"},{"RemoveEntityByID":"9a011f8d4086ff1"},{"RemoveEntityByID":"2e9137b62aaf3e46"},{"RemoveEntityByID":"e29c7160cb6ffba"},{"RemoveEntityByID":"79fee3afa6eac123"},{"RemoveEntityByID":"bd975f250ca9ca9c"},{"RemoveEntityByID":"b5a38e6615dd2009"},{"RemoveEntityByID":"b061f7af5adb1a33"},{"RemoveEntityByID":"cfada98aa89579c9"},{"RemoveEntityByID":"3a16dc84c72c13da"},{"RemoveEntityByID":"62f97eb241f7025c"},{"RemoveEntityByID":"9885e0d52eaf5f70"},{"RemoveEntityByID":"32bef6b668d61ff1"},{"RemoveEntityByID":"d1d9e6bda903215f"},{"RemoveEntityByID":"62a9cd6afa92f950"},{"RemoveEntityByID":"54d17f9ee4a41f1b"},{"RemoveEntityByID":"a73302cb6f8071ac"},{"RemoveEntityByID":"4a48e60d671665f9"},{"RemoveEntityByID":"acf1161c1e72c5e4"},{"RemoveEntityByID":"aac39e905bc26b74"},{"RemoveEntityByID":"bc4c355abae5fe59"},{"SubEntityOperation":["3e7056c244b6a8a8",{"RemoveEventConnection":["Lerp","ConstantVector1D_06_Value","e29c7160cb6ffba"]}]},{"SubEntityOperation":["bc24d7f44def3407",{"RemoveEventConnection":["Lerp","ConstantVector1D_14_Value","e29c7160cb6ffba"]}]},{"SubEntityOperation":["2f8785dd3a798e9d",{"PatchArrayPropertyValue":["m_aBodyParts",[{"RemoveItemByValue":"e29c7160cb6ffba"},{"AddItemAfter":["d47229e9eb9dec4d",null]}]]}]},{"SubEntityOperation":["2f8785dd3a798e9d",{"SetExposedEntity":["Pullover_Tied_01",{"isArray":false,"refersTo":[null]}]}]},{"SubEntityOperation":["1c303faf337b7875",{"RemoveEventConnection":["Lerp","ConstantVector1D_01_Value","e29c7160cb6ffba"]}]}],"patchVersion":6}