{"tempHash":"00D87810F0D4CF79","tbluHash":"00E7A7568FD91122","rootEntity":"c8c9b827da3ce0db","entities":{"184e568cdb1a44ab":{"parent":"1fe9e60750c1c5a8","name":"C_Foot_L","factory":"[assembly:/templates/aspectdummy.aspect]([modules:/zclothsphere.class].entitytype,[modules:/zboneattachaspect.class].entitytype).pc_entitytype","blueprint":"[assembly:/templates/aspectdummy.aspect]([modules:/zclothsphere.class].entitytype,[modules:/zboneattachaspect.class].entitytype).pc_entityblueprint","properties":{"m_fRadius":{"type":"float32","value":0.08500000089406967},"m_BoneName":{"type":"ZString","value":"L_Foot"},"m_linkedEntity":{"type":"SEntityTemplateReference","value":null},"m_mTransform":{"type":"SMatrix43","value":{"rotation":{"x":0,"y":0,"z":0},"position":{"x":-1.290655973207322e-7,"y":2.171457902377938e-9,"z":0}}},"m_eidParent":{"type":"SEntityTemplateReference","value":"1fe9e60750c1c5a8","postInit":true}}},"3245614829fe670":{"parent":"c8c9b827da3ce0db","name":"Nrom","factory":"[modules:/zmathlerp.class].pc_entitytype","blueprint":"[modules:/zmathlerp.class].pc_entityblueprint","properties":{"m_A":{"type":"float32","value":1},"m_B":{"type":"float32","value":1.25},"m_fT":{"type":"float32","value":0}},"events":{"Lerp":{"ConstantVector1D_06_Value":["5a10541d6e54a346","942c160f2e3cd45"]}}},"9c416fbeb63b9989":{"parent":"5a10541d6e54a346","name":"Mesh","factory":"[assembly:/templates/aspectdummy.aspect]([modules:/zbodypartentity.class].entitytype,[modules:/zclothcollidergroupaspect.class].entitytype).pc_entitytype","blueprint":"[assembly:/templates/aspectdummy.aspect]([modules:/zbodypartentity.class].entitytype,[modules:/zclothcollidergroupaspect.class].entitytype).pc_entityblueprint","properties":{"m_pMeshResource":{"type":"ZRuntimeResourceID","value":{"resource":"00E60D7761A5C203","flag":"5F"}},"m_ClothColliders":{"type":"TArray<SEntityTemplateReference>","value":["1fe9e60750c1c5a8"],"postInit":true}}},"66976735c5780e0e":{"parent":"1fe9e60750c1c5a8","name":"C_Knee_L","factory":"[assembly:/templates/aspectdummy.aspect]([modules:/zclothsphere.class].entitytype,[modules:/zboneattachaspect.class].entitytype).pc_entitytype","blueprint":"[assembly:/templates/aspectdummy.aspect]([modules:/zclothsphere.class].entitytype,[modules:/zboneattachaspect.class].entitytype).pc_entityblueprint","properties":{"m_fRadius":{"type":"float32","value":0.10000000149011612},"m_BoneName":{"type":"ZString","value":"L_Calf"},"m_linkedEntity":{"type":"SEntityTemplateReference","value":null},"m_mTransform":{"type":"SMatrix43","value":{"rotation":{"x":0,"y":-0.019767042409995977,"z":0},"position":{"x":0.002382999984547496,"y":-0.01837800070643425,"z":-0.007672000210732222}}},"m_eidParent":{"type":"SEntityTemplateReference","value":"1fe9e60750c1c5a8","postInit":true}}},"3a7789d7eff41d87":{"parent":"c8c9b827da3ce0db","name":"baseRough 4","factory":"[modules:/zmathlerp.class].pc_entitytype","blueprint":"[modules:/zmathlerp.class].pc_entityblueprint","properties":{"m_B":{"type":"float32","value":0.4000000059604645},"m_fT":{"type":"float32","value":0},"m_A":{"type":"float32","value":0.10999999940395355}},"events":{"Lerp":{"ConstantVector1D_04_Value":["dadd6fdd244d06bb"]}}},"c18a27c00110647c":{"parent":"c8c9b827da3ce0db","name":"Mesh_Gloves","blueprint":"[modules:/zbodypartentity.class].pc_entityblueprint","properties":{"m_pMeshResource":{"type":"ZRuntimeResourceID","value":{"resource":"0012EB04771E796F","flag":"5F"}}},"inputCopying":{"ConstantVector1D_06_Value":{"ConstantVector1D_06_Value":["feedf26fbfddf080"]},"ConstantVector1D_01_Value":{"ConstantVector1D_01_Value":["feedf26fbfddf080"]},"ConstantVector1D_14_Value":{"ConstantVector1D_04_Value":["feedf26fbfddf080"]}},"factory":"[modules:/zbodypartentity.class].pc_entitytype"},"e4b4ac61213de494":{"parent":"1fe9e60750c1c5a8","name":"C_TighTop_L","factory":"[assembly:/templates/aspectdummy.aspect]([modules:/zclothsphere.class].entitytype,[modules:/zboneattachaspect.class].entitytype).pc_entitytype","blueprint":"[assembly:/templates/aspectdummy.aspect]([modules:/zclothsphere.class].entitytype,[modules:/zboneattachaspect.class].entitytype).pc_entityblueprint","properties":{"m_fRadius":{"type":"float32","value":0.15000000596046448},"m_BoneName":{"type":"ZString","value":"LThighTwist"},"m_linkedEntity":{"type":"SEntityTemplateReference","value":null},"m_mTransform":{"type":"SMatrix43","value":{"rotation":{"x":0,"y":0,"z":0},"position":{"x":-0.0015089999651536345,"y":0.008681000210344791,"z":0.04217499867081642}}},"m_eidParent":{"type":"SEntityTemplateReference","value":"1fe9e60750c1c5a8","postInit":true}}},"bbf45b424916c988":{"parent":"c8c9b827da3ce0db","name":"ChildNetwork","factory":"[modules:/zchildnetworkentity.class].pc_entitytype","blueprint":"[modules:/zchildnetworkentity.class].pc_entityblueprint","properties":{"m_RuntimeNetworkResourceID":{"type":"ZRuntimeResourceID","value":{"resource":"[assembly:/animationnetworks/hitman01/idles/suitidle.aln].pc_rtn","flag":"9F"}}}},"65c0768f11c5df10":{"parent":"c8c9b827da3ce0db","name":"FX_Hitman_Wet_Logic_Character","factory":"0067CFB703A80787","blueprint":"00AA88C960CD2080","properties":{"HeadMaterialToOverride":{"type":"ZRuntimeResourceID","value":{"resource":"009F7978C601815A","flag":"5F"}},"HeadMaterialOverride":{"type":"TArray<SEntityTemplateReference>","value":["c8c9b827da3ce0db"],"postInit":true}},"events":{"HitmanWetness":{"T":["4c55b2eaf5460492","3245614829fe670","3a7789d7eff41d87","f241b3237b49b2","5c191e8b80709d66","ac5fc8b4925e3761","99c1502d0ceced23","b45b4da6b3da6bfc","feed6297848db002","feeda957943b586a","feed4e8587a3f1e4","feed99b3a86d4cea","feeda8e623c1680f"]}}},"97cdc2225b50794f":{"parent":"c8c9b827da3ce0db","name":"Shoes_Boots_Military","factory":"00A7DC37E14B3676","blueprint":"000315500CD95840","properties":{"Diffuse_Color_01_Value":{"type":"SColorRGB","value":"#424242"}}},"7c53b0290b077d95":{"parent":"1fe9e60750c1c5a8","name":"C_Pelvis_R","factory":"[assembly:/templates/aspectdummy.aspect]([modules:/zclothsphere.class].entitytype,[modules:/zboneattachaspect.class].entitytype).pc_entitytype","blueprint":"[assembly:/templates/aspectdummy.aspect]([modules:/zclothsphere.class].entitytype,[modules:/zboneattachaspect.class].entitytype).pc_entityblueprint","properties":{"m_fRadius":{"type":"float32","value":0.1420000046491623},"m_BoneName":{"type":"ZString","value":"Pelvis"},"m_linkedEntity":{"type":"SEntityTemplateReference","value":null},"m_mTransform":{"type":"SMatrix43","value":{"rotation":{"x":-0.01976704358638215,"y":0,"z":-0.02796033431529296},"position":{"x":0.01996699906885624,"y":0.014674999751150608,"z":-0.05142100155353546}}},"m_eidParent":{"type":"SEntityTemplateReference","value":"1fe9e60750c1c5a8","postInit":true}}},"f241b3237b49b2":{"parent":"c8c9b827da3ce0db","name":"diff","factory":"[modules:/zmathlerp.class].pc_entitytype","blueprint":"[modules:/zmathlerp.class].pc_entityblueprint","properties":{"m_B":{"type":"float32","value":0.550000011920929},"m_fT":{"type":"float32","value":0},"m_A":{"type":"float32","value":0.6100000143051147}},"events":{"Lerp":{"ConstantVector1D_01_Value":["5a10541d6e54a346"]}}},"ac5fc8b4925e3761":{"parent":"c8c9b827da3ce0db","name":"diff 2","factory":"[modules:/zmathlerp.class].pc_entitytype","blueprint":"[modules:/zmathlerp.class].pc_entityblueprint","properties":{"m_B":{"type":"float32","value":0.46000000834465027},"m_fT":{"type":"float32","value":0},"m_A":{"type":"float32","value":0.5}},"events":{"Lerp":{"ConstantVector1D_01_Value":["942c160f2e3cd45"]}}},"c8c9b827da3ce0db":{"parent":null,"name":"OUTFIT_Agent47_GrassSnake_Reward_HeroA_v0","factory":"00C0753FBF784C66","blueprint":"007294473357329E","properties":{"m_LocalColliders":{"type":"TArray<SEntityTemplateReference>","value":[]},"m_mTransform":{"type":"SMatrix43","value":{"rotation":{"x":0,"y":0,"z":7.283502451732304},"position":{"x":-4.262918949127197,"y":-0.27767300605773926,"z":-0.0019470000406727195}}},"m_pBonesAndCollisionResource":{"type":"ZRuntimeResourceID","value":{"resource":"0017416135CF879C","flag":"5F"}},"Back1_Attacher_Transform":{"type":"SMatrix43","value":{"rotation":{"x":0,"y":2.0000003310217846,"z":-2.000000216749601},"position":{"x":0.03999999910593033,"y":0,"z":0}}},"Rifle_Holster_Attacher_Transform":{"type":"SMatrix43","value":{"rotation":{"x":0,"y":2.0000003310217846,"z":-2.000000216749601},"position":{"x":0.03999999910593033,"y":0,"z":0}}},"m_aBodyParts":{"type":"TArray<SEntityTemplateReference>","value":["dadd6fdd244d06bb","c18a27c00110647c","5a10541d6e54a346","942c160f2e3cd45","97cdc2225b50794f","feed136d3dd12fa8","feedc0ab9a1d9455"],"postInit":true}},"propertyAliases":{"Texture2D_01":[]}},"4c55b2eaf5460492":{"parent":"c8c9b827da3ce0db","name":"baseRough","factory":"[modules:/zmathlerp.class].pc_entitytype","blueprint":"[modules:/zmathlerp.class].pc_entityblueprint","properties":{"m_B":{"type":"float32","value":0.49000000953674316},"m_fT":{"type":"float32","value":0}},"events":{"Lerp":{"ConstantVector1D_14_Value":["942c160f2e3cd45"]}}},"5d7bc25f7d79ad11":{"parent":"1fe9e60750c1c5a8","name":"C_Spine","factory":"[assembly:/templates/aspectdummy.aspect]([modules:/zclothcapsule.class].entitytype,[modules:/zboneattachaspect.class].entitytype).pc_entitytype","blueprint":"[assembly:/templates/aspectdummy.aspect]([modules:/zclothcapsule.class].entitytype,[modules:/zboneattachaspect.class].entitytype).pc_entityblueprint","properties":{"m_BoneName":{"type":"ZString","value":"Spine"},"m_linkedEntity":{"type":"SEntityTemplateReference","value":null},"m_fRadiusX":{"type":"float32","value":0.18000000715255737},"m_fRadiusY":{"type":"float32","value":0.16500000655651093},"m_fTop":{"type":"float32","value":0.009999999776482582},"m_fBottom":{"type":"float32","value":0},"m_fRadiusZ":{"type":"float32","value":0.17000000178813934},"m_bEnableBottomRadii":{"type":"bool","value":false},"m_fRadiusXBottom":{"type":"float32","value":1},"m_fRadiusYBottom":{"type":"float32","value":1},"m_fRadiusZBottom":{"type":"float32","value":1},"m_mTransform":{"type":"SMatrix43","value":{"rotation":{"x":-0.06096274546162967,"y":0.014037478001001344,"z":-0.05231108361138096},"position":{"x":0.00004099999932805076,"y":0.02294199913740158,"z":-0.00862099975347519}}},"m_eidParent":{"type":"SEntityTemplateReference","value":"1fe9e60750c1c5a8","postInit":true}}},"857f2327344fb7b8":{"parent":"1fe9e60750c1c5a8","name":"C_Foot_R","factory":"[assembly:/templates/aspectdummy.aspect]([modules:/zclothsphere.class].entitytype,[modules:/zboneattachaspect.class].entitytype).pc_entitytype","blueprint":"[assembly:/templates/aspectdummy.aspect]([modules:/zclothsphere.class].entitytype,[modules:/zboneattachaspect.class].entitytype).pc_entityblueprint","properties":{"m_fRadius":{"type":"float32","value":0.08500000089406967},"m_BoneName":{"type":"ZString","value":"R_Foot"},"m_linkedEntity":{"type":"SEntityTemplateReference","value":null},"m_mTransform":{"type":"SMatrix43","value":{"rotation":{"x":0,"y":0,"z":0},"position":{"x":-1.290655973207322e-7,"y":2.171457902377938e-9,"z":0}}},"m_eidParent":{"type":"SEntityTemplateReference","value":"1fe9e60750c1c5a8","postInit":true}}},"a123b15f28de866f":{"parent":"1fe9e60750c1c5a8","name":"C_Knee_R","factory":"[assembly:/templates/aspectdummy.aspect]([modules:/zclothsphere.class].entitytype,[modules:/zboneattachaspect.class].entitytype).pc_entitytype","blueprint":"[assembly:/templates/aspectdummy.aspect]([modules:/zclothsphere.class].entitytype,[modules:/zboneattachaspect.class].entitytype).pc_entityblueprint","properties":{"m_fRadius":{"type":"float32","value":0.10000000149011612},"m_BoneName":{"type":"ZString","value":"R_Calf"},"m_linkedEntity":{"type":"SEntityTemplateReference","value":null},"m_mTransform":{"type":"SMatrix43","value":{"rotation":{"x":0,"y":0,"z":0},"position":{"x":0.0024270000867545605,"y":-0.01853100024163723,"z":-0.002340999897569418}}},"m_eidParent":{"type":"SEntityTemplateReference","value":"1fe9e60750c1c5a8","postInit":true}}},"cd46da807bfaecee":{"parent":"942c160f2e3cd45","name":"male_reg_suit_pants_01","factory":"0074A1B094FC4120","blueprint":"0007754D66EDCF32","properties":{"m_mTransform":{"type":"SMatrix43","value":{"rotation":{"x":0,"y":0,"z":0},"position":{"x":9.988899230957031,"y":-8.244298934936523,"z":0}}},"ConstantVector1D_01_Value_op":{"type":"IRenderMaterialEntity.EModifierOperation","value":"eReplace"},"ConstantVector1D_01_Value":{"type":"float32","value":0.5},"Active":{"type":"bool","value":true},"ConstantVector1D_16_Value_op":{"type":"IRenderMaterialEntity.EModifierOperation","value":"eReplace"},"ConstantVector1D_16_Value":{"type":"float32","value":0},"ConstantVector1D_03_Value_op":{"type":"IRenderMaterialEntity.EModifierOperation","value":"eReplace"},"ConstantVector1D_03_Value":{"type":"float32","value":1.2000000476837158},"ConstantVector1D_14_Value_op":{"type":"IRenderMaterialEntity.EModifierOperation","value":"eReplace"},"ConstantVector1D_14_Value":{"type":"float32","value":0.03999999910593033},"Texture2D_01_enab":{"type":"bool","value":true},"Texture2D_01":{"type":"ZRuntimeResourceID","value":{"resource":"00AF802D36A4241A","flag":"5F"}},"Diffuse_Color_01_Value_op":{"type":"IRenderMaterialEntity.EModifierOperation","value":"eReplace"},"Diffuse_Color_01_Value":{"type":"SColorRGB","value":"#363636"},"ConstantVector1D_13_Value_op":{"type":"IRenderMaterialEntity.EModifierOperation","value":"eReplace"},"ConstantVector1D_13_Value":{"type":"float32","value":0},"Texture2D_03_enab":{"type":"bool","value":true},"ConstantVector1D_15_Value_op":{"type":"IRenderMaterialEntity.EModifierOperation","value":"eReplace"},"ConstantVector1D_15_Value":{"type":"float32","value":3},"Diffuse_Saturation_01_Value_op":{"type":"IRenderMaterialEntity.EModifierOperation","value":"eReplace"},"Diffuse_Saturation_01_Value":{"type":"float32","value":0},"ConstantVector1D_06_Value_op":{"type":"IRenderMaterialEntity.EModifierOperation","value":"eReplace"},"m_eidParent":{"type":"SEntityTemplateReference","value":"c8c9b827da3ce0db"},"Clients":{"type":"TArray<SEntityTemplateReference>","value":["942c160f2e3cd45"],"postInit":true}}},"942c160f2e3cd45":{"parent":"c8c9b827da3ce0db","name":"Mesh_Pant","factory":"[modules:/zbodypartentity.class].pc_entitytype","blueprint":"[modules:/zbodypartentity.class].pc_entityblueprint","properties":{"m_pMeshResource":{"type":"ZRuntimeResourceID","value":{"resource":"0091EDC93A5DEDF3","flag":"5F"}}},"inputCopying":{"ConstantVector1D_14_Value":{"ConstantVector1D_14_Value":["cd46da807bfaecee"]},"ConstantVector1D_01_Value":{"ConstantVector1D_01_Value":["cd46da807bfaecee"]},"ConstantVector1D_06_Value":{"ConstantVector1D_06_Value":["cd46da807bfaecee"]}}},"99c1502d0ceced23":{"parent":"c8c9b827da3ce0db","name":"baseRough 2","factory":"[modules:/zmathlerp.class].pc_entitytype","blueprint":"[modules:/zmathlerp.class].pc_entityblueprint","properties":{"m_B":{"type":"float32","value":0.20000000298023224},"m_fT":{"type":"float32","value":0},"m_A":{"type":"float32","value":0}},"events":{"Lerp":{"ConstantVector1D_14_Value":[]}}},"506e63a0fe1c234f":{"parent":"1fe9e60750c1c5a8","name":"C_TighMid_L","factory":"[assembly:/templates/aspectdummy.aspect]([modules:/zclothsphere.class].entitytype,[modules:/zboneattachaspect.class].entitytype).pc_entitytype","blueprint":"[assembly:/templates/aspectdummy.aspect]([modules:/zclothsphere.class].entitytype,[modules:/zboneattachaspect.class].entitytype).pc_entityblueprint","properties":{"m_fRadius":{"type":"float32","value":0.11999999731779099},"m_BoneName":{"type":"ZString","value":"LThighTwist1"},"m_linkedEntity":{"type":"SEntityTemplateReference","value":null},"m_mTransform":{"type":"SMatrix43","value":{"rotation":{"x":0,"y":0.019767042409995977,"z":0},"position":{"x":0.05393199995160103,"y":0.00876300036907196,"z":0.013554999604821205}}},"m_eidParent":{"type":"SEntityTemplateReference","value":"1fe9e60750c1c5a8","postInit":true}}},"6cc97e3d6ee8aea8":{"parent":"5a10541d6e54a346","name":"male_reg_maxdecker_01_jacket_02","factory":"[assembly:/_pro/characters/assets/individuals/paris/max_decker/materials/male_reg_maxdecker_01_jacket_02.mi].pc_entitytype","blueprint":"[assembly:/_pro/characters/assets/individuals/paris/max_decker/materials/male_reg_maxdecker_01_jacket_02.mi].pc_entityblueprint","properties":{"m_mTransform":{"type":"SMatrix43","value":{"rotation":{"x":0,"y":0,"z":0},"position":{"x":0,"y":0,"z":0}}},"Diffuse_Color_01_Value_op":{"type":"IRenderMaterialEntity.EModifierOperation","value":"eReplace"},"ConstantVector1D_01_Value_op":{"type":"IRenderMaterialEntity.EModifierOperation","value":"eReplace"},"Diffuse_Saturation_01_Value_op":{"type":"IRenderMaterialEntity.EModifierOperation","value":"eReplace"},"ConstantVector1D_14_Value_op":{"type":"IRenderMaterialEntity.EModifierOperation","value":"eReplace"},"ConstantVector1D_06_Value_op":{"type":"IRenderMaterialEntity.EModifierOperation","value":"eReplace"},"Diffuse_Color_01_Value":{"type":"SColorRGB","value":"#8f8f8f"},"ConstantVector1D_01_Value":{"type":"float32","value":0.6100000143051147},"Diffuse_Saturation_01_Value":{"type":"float32","value":0},"Clients":{"type":"TArray<SEntityTemplateReference>","value":["5a10541d6e54a346"],"postInit":true},"m_eidParent":{"type":"SEntityTemplateReference","value":"5a10541d6e54a346","postInit":true}}},"be7e3254ec8e4ba1":{"parent":"1fe9e60750c1c5a8","name":"C_TighTop_R","factory":"[assembly:/templates/aspectdummy.aspect]([modules:/zclothsphere.class].entitytype,[modules:/zboneattachaspect.class].entitytype).pc_entitytype","blueprint":"[assembly:/templates/aspectdummy.aspect]([modules:/zclothsphere.class].entitytype,[modules:/zboneattachaspect.class].entitytype).pc_entityblueprint","properties":{"m_fRadius":{"type":"float32","value":0.15000000596046448},"m_BoneName":{"type":"ZString","value":"RThighTwist"},"m_linkedEntity":{"type":"SEntityTemplateReference","value":null},"m_mTransform":{"type":"SMatrix43","value":{"rotation":{"x":0.027960337643270574,"y":0,"z":-0.039591369227254834},"position":{"x":-0.00152299995534122,"y":0.008682000450789928,"z":-0.0378279983997345}}},"m_eidParent":{"type":"SEntityTemplateReference","value":"1fe9e60750c1c5a8","postInit":true}}},"dadd6fdd244d06bb":{"parent":"c8c9b827da3ce0db","name":"Head_47","factory":"00537D16B5CE7286","blueprint":"00F2E4A932ECAA63"},"16f9b98920078354":{"parent":"1fe9e60750c1c5a8","name":"C_Spine1","factory":"[assembly:/templates/aspectdummy.aspect]([modules:/zclothcapsule.class].entitytype,[modules:/zboneattachaspect.class].entitytype).pc_entitytype","blueprint":"[assembly:/templates/aspectdummy.aspect]([modules:/zclothcapsule.class].entitytype,[modules:/zboneattachaspect.class].entitytype).pc_entityblueprint","properties":{"m_BoneName":{"type":"ZString","value":"Spine1"},"m_linkedEntity":{"type":"SEntityTemplateReference","value":null},"m_fRadiusX":{"type":"float32","value":0.20000000298023224},"m_fRadiusY":{"type":"float32","value":0.14499999582767487},"m_fTop":{"type":"float32","value":0.009999999776482582},"m_fBottom":{"type":"float32","value":0},"m_fRadiusZ":{"type":"float32","value":0.20000000298023224},"m_bEnableBottomRadii":{"type":"bool","value":false},"m_fRadiusXBottom":{"type":"float32","value":1},"m_fRadiusYBottom":{"type":"float32","value":1},"m_fRadiusZBottom":{"type":"float32","value":1},"m_mTransform":{"type":"SMatrix43","value":{"rotation":{"x":-0.031283493924624796,"y":0,"z":0},"position":{"x":0.0438929982483387,"y":0.04010999947786331,"z":-0.0009399999980814755}}},"m_eidParent":{"type":"SEntityTemplateReference","value":"1fe9e60750c1c5a8","postInit":true}}},"5c191e8b80709d66":{"parent":"c8c9b827da3ce0db","name":"rough","factory":"[modules:/zmathlerp.class].pc_entitytype","blueprint":"[modules:/zmathlerp.class].pc_entityblueprint","properties":{"m_B":{"type":"float32","value":0.3400000035762787},"m_fT":{"type":"float32","value":0},"m_A":{"type":"float32","value":0}},"events":{"Lerp":{"ConstantVector1D_14_Value":["5a10541d6e54a346"]}}},"776065b0abdba13":{"parent":"1fe9e60750c1c5a8","name":"C_Pelvis_L","factory":"[assembly:/templates/aspectdummy.aspect]([modules:/zclothsphere.class].entitytype,[modules:/zboneattachaspect.class].entitytype).pc_entitytype","blueprint":"[assembly:/templates/aspectdummy.aspect]([modules:/zclothsphere.class].entitytype,[modules:/zboneattachaspect.class].entitytype).pc_entityblueprint","properties":{"m_fRadius":{"type":"float32","value":0.1420000046491623},"m_BoneName":{"type":"ZString","value":"Pelvis"},"m_linkedEntity":{"type":"SEntityTemplateReference","value":null},"m_mTransform":{"type":"SMatrix43","value":{"rotation":{"x":-0.01976704358638215,"y":0,"z":-0.02796033431529296},"position":{"x":0.01997300051152706,"y":0.014677999541163445,"z":0.04998699948191643}}},"m_eidParent":{"type":"SEntityTemplateReference","value":"1fe9e60750c1c5a8","postInit":true}}},"5a10541d6e54a346":{"parent":"c8c9b827da3ce0db","name":"Coat_Trench","factory":"[modules:/zcompositeentity.class].pc_entitytype","blueprint":"[modules:/zcompositeentity.class].pc_entityblueprint","properties":{"m_pMeshResource":{"type":"ZRuntimeResourceID","value":{"resource":"00E60D7761A5C203","flag":"5F"}},"Diffuse_Color_01_Value_1":{"type":"SColorRGB","value":"#8f8f8f"},"Diffuse_Saturation_01_Value_1":{"type":"float32","value":0},"ConstantVector1D_01_Value_1":{"type":"float32","value":0.6100000143051147},"m_mTransform":{"type":"SMatrix43","value":{"rotation":{"x":0,"y":0,"z":-0.756043217643587},"position":{"x":-0.5586987733840942,"y":-0.34005939960479736,"z":-0.018473999574780464}}},"m_eidParent":{"type":"SEntityTemplateReference","value":"c8c9b827da3ce0db"}},"inputCopying":{"ConstantVector1D_01_Value":{"ConstantVector1D_01_Value":["6cc97e3d6ee8aea8"]},"ConstantVector1D_14_Value":{"ConstantVector1D_14_Value":["6cc97e3d6ee8aea8"]},"ConstantVector1D_06_Value":{"ConstantVector1D_06_Value":["6cc97e3d6ee8aea8"]}},"propertyAliases":{"m_pMeshResource":[{"originalProperty":"m_pMeshResource","originalEntity":"9c416fbeb63b9989"}],"Diffuse_Color_01_Value_1":[{"originalProperty":"Diffuse_Color_01_Value","originalEntity":"6cc97e3d6ee8aea8"}],"ConstantVector1D_01_Value_1":[{"originalProperty":"ConstantVector1D_01_Value","originalEntity":"6cc97e3d6ee8aea8"}],"Diffuse_Saturation_01_Value_1":[{"originalProperty":"Diffuse_Saturation_01_Value","originalEntity":"6cc97e3d6ee8aea8"}]},"exposedInterfaces":{"ZBodyPartEntity":"9c416fbeb63b9989","ZClothColliderGroupAspect":"9c416fbeb63b9989"}},"b45b4da6b3da6bfc":{"parent":"c8c9b827da3ce0db","name":"diff 3","factory":"[modules:/zmathlerp.class].pc_entitytype","blueprint":"[modules:/zmathlerp.class].pc_entityblueprint","properties":{"m_B":{"type":"float32","value":0.5600000023841858},"m_fT":{"type":"float32","value":0},"m_A":{"type":"float32","value":1.100000023841858}},"events":{"Lerp":{"ConstantVector1D_01_Value":[]}}},"69099bd2744d576b":{"parent":"1fe9e60750c1c5a8","name":"C_TighMid_R","factory":"[assembly:/templates/aspectdummy.aspect]([modules:/zclothsphere.class].entitytype,[modules:/zboneattachaspect.class].entitytype).pc_entitytype","blueprint":"[assembly:/templates/aspectdummy.aspect]([modules:/zclothsphere.class].entitytype,[modules:/zboneattachaspect.class].entitytype).pc_entityblueprint","properties":{"m_fRadius":{"type":"float32","value":0.11999999731779099},"m_BoneName":{"type":"ZString","value":"RThighTwist1"},"m_linkedEntity":{"type":"SEntityTemplateReference","value":null},"m_mTransform":{"type":"SMatrix43","value":{"rotation":{"x":0.01976704358638215,"y":0,"z":0},"position":{"x":0.0534450002014637,"y":0.0017839999636635184,"z":-0.0120430001989007}}},"m_eidParent":{"type":"SEntityTemplateReference","value":"1fe9e60750c1c5a8","postInit":true}}},"1a7ad515ef59e3ed":{"parent":"1fe9e60750c1c5a8","name":"CChain_Legs","factory":"[modules:/zclothspherechain.class].pc_entitytype","blueprint":"[modules:/zclothspherechain.class].pc_entityblueprint","properties":{"m_Spheres":{"type":"TArray<SEntityTemplateReference>","value":["857f2327344fb7b8","a123b15f28de866f","69099bd2744d576b","be7e3254ec8e4ba1","7c53b0290b077d95","776065b0abdba13","e4b4ac61213de494","506e63a0fe1c234f","66976735c5780e0e","184e568cdb1a44ab"]},"m_mTransform":{"type":"SMatrix43","value":{"rotation":{"x":0,"y":0,"z":0},"position":{"x":-1.290655973207322e-7,"y":2.171457902377938e-9,"z":0}}},"m_eidParent":{"type":"SEntityTemplateReference","value":"1fe9e60750c1c5a8","postInit":true}}},"ab27b1b4db83061f":{"parent":"1fe9e60750c1c5a8","name":"ColliderGroup","factory":"[modules:/zclothcollidergroup.class].pc_entitytype","blueprint":"[modules:/zclothcollidergroup.class].pc_entityblueprint","properties":{"m_ClothColliders":{"type":"TArray<SEntityTemplateReference>","value":["1a7ad515ef59e3ed","16f9b98920078354","5d7bc25f7d79ad11"]},"m_eidParent":{"type":"SEntityTemplateReference","value":"1fe9e60750c1c5a8","postInit":true}}},"1fe9e60750c1c5a8":{"parent":"5a10541d6e54a346","name":"Collider_Coat_Trench_Open","factory":"[modules:/zcompositeentity.class].pc_entitytype","blueprint":"[modules:/zcompositeentity.class].pc_entityblueprint","properties":{"m_mTransform":{"type":"SMatrix43","value":{"rotation":{"x":0,"y":0,"z":176.20303733246516},"position":{"x":-0.005589731968939304,"y":-0.4365463852882385,"z":0.02254600077867508}}},"m_linkedEntity":{"type":"SEntityTemplateReference","value":null},"m_eidParent":{"type":"SEntityTemplateReference","value":"5a10541d6e54a346"}},"propertyAliases":{"m_linkedEntity":[{"originalProperty":"m_linkedEntity","originalEntity":"184e568cdb1a44ab"},{"originalProperty":"m_linkedEntity","originalEntity":"857f2327344fb7b8"},{"originalProperty":"m_linkedEntity","originalEntity":"5d7bc25f7d79ad11"},{"originalProperty":"m_linkedEntity","originalEntity":"66976735c5780e0e"},{"originalProperty":"m_linkedEntity","originalEntity":"16f9b98920078354"},{"originalProperty":"m_linkedEntity","originalEntity":"a123b15f28de866f"},{"originalProperty":"m_linkedEntity","originalEntity":"776065b0abdba13"},{"originalProperty":"m_linkedEntity","originalEntity":"506e63a0fe1c234f"},{"originalProperty":"m_linkedEntity","originalEntity":"69099bd2744d576b"},{"originalProperty":"m_linkedEntity","originalEntity":"be7e3254ec8e4ba1"},{"originalProperty":"m_linkedEntity","originalEntity":"e4b4ac61213de494"},{"originalProperty":"m_linkedEntity","originalEntity":"7c53b0290b077d95"}]},"exposedInterfaces":{"ZClothCollider":"ab27b1b4db83061f","ZClothColliderGroup":"ab27b1b4db83061f"}},"feed136d3dd12fa8":{"parent":"c8c9b827da3ce0db","name":"Mesh_Hoodie","factory":"[modules:/zbodypartentity.class].pc_entitytype","blueprint":"[modules:/zbodypartentity.class].pc_entityblueprint","properties":{"m_pMeshResource":{"type":"ZRuntimeResourceID","value":{"resource":"00296A8EAC013121","flag":"5F"}}},"inputCopying":{"ConstantVector1D_04_Value":{"ConstantVector1D_04_Value":["feedfa862c865a07"]},"ConstantVector1D_01_Value":{"ConstantVector1D_01_Value":["feedfa862c865a07"]},"ConstantVector1D_06_Value":{"ConstantVector1D_06_Value":["feedfa862c865a07"]}}},"feedfa862c865a07":{"parent":"feed136d3dd12fa8","name":"shandy_hoodie_01","factory":"00A150A12EEA78AE","blueprint":"0045A5CA72218549","properties":{"m_mTransform":{"type":"SMatrix43","value":{"rotation":{"x":0,"y":0,"z":0},"position":{"x":0,"y":0,"z":0}}},"Diffuse_Color_01_Value_op":{"type":"IRenderMaterialEntity.EModifierOperation","value":"eReplace"},"Diffuse_Color_01_Value":{"type":"SColorRGB","value":"#292929"},"Texture2D_01_enab":{"type":"bool","value":true},"Texture2D_01":{"type":"ZRuntimeResourceID","value":{"resource":"00CDC1BA78CC711D","flag":"5F"}},"ConstantVector1D_05_Value_op":{"type":"IRenderMaterialEntity.EModifierOperation","value":"eReplace"},"ConstantVector1D_05_Value":{"type":"float32","value":0.5},"ConstantVector1D_04_Value_op":{"type":"IRenderMaterialEntity.EModifierOperation","value":"eReplace"},"ConstantVector1D_01_Value_op":{"type":"IRenderMaterialEntity.EModifierOperation","value":"eReplace"},"ConstantVector1D_06_Value_op":{"type":"IRenderMaterialEntity.EModifierOperation","value":"eReplace"},"Clients":{"type":"TArray<SEntityTemplateReference>","value":["feed136d3dd12fa8"],"postInit":true},"m_eidParent":{"type":"SEntityTemplateReference","value":"c8c9b827da3ce0db","postInit":true}}},"feed6297848db002":{"parent":"c8c9b827da3ce0db","name":"Lerp 2","factory":"[modules:/zmathlerp.class].pc_entitytype","blueprint":"[modules:/zmathlerp.class].pc_entityblueprint","properties":{"m_fT":{"type":"float32","value":0},"m_A":{"type":"float32","value":0},"m_B":{"type":"float32","value":0.30000001192092896}},"events":{"Lerp":{"ConstantVector1D_04_Value":["feed136d3dd12fa8"]}}},"feeda957943b586a":{"parent":"c8c9b827da3ce0db","name":"Lerp 3","factory":"[modules:/zmathlerp.class].pc_entitytype","blueprint":"[modules:/zmathlerp.class].pc_entityblueprint","properties":{"m_fT":{"type":"float32","value":0},"m_A":{"type":"float32","value":1},"m_B":{"type":"float32","value":2}},"events":{"Lerp":{"ConstantVector1D_06_Value":["feed136d3dd12fa8"]}}},"feedf26fbfddf080":{"parent":"c18a27c00110647c","name":"shandy_accessories_01","blueprint":"00B09868AF8293B0","properties":{"1737952988":{"type":"IRenderMaterialEntity.EModifierOperation","value":"eReplace"},"2287298018":{"type":"IRenderMaterialEntity.EModifierOperation","value":"eReplace"},"2359342559":{"type":"IRenderMaterialEntity.EModifierOperation","value":"eReplace"},"3516673141":{"type":"IRenderMaterialEntity.EModifierOperation","value":"eReplace"},"m_mTransform":{"type":"SMatrix43","value":{"rotation":{"x":0,"y":0,"z":7.179900052278754e-8},"position":{"x":0.0000020716149720101384,"y":0.000001549675971546094,"z":0}}},"Texture2D_03":{"type":"ZRuntimeResourceID","value":{"resource":"009BA6CE072D18ED","flag":"5F"}},"Texture2D_03_enab":{"type":"bool","value":true},"Texture2D_01":{"type":"ZRuntimeResourceID","value":{"resource":"00DDE11BA96679A4","flag":"5F"}},"Texture2D_01_enab":{"type":"bool","value":true},"Diffuse_Color_01_Value":{"type":"SColorRGB","value":"#2e2e2e"},"ConstantVector1D_05_Value":{"type":"float32","value":1.149999976158142},"Texture2DNormal_01_enab":{"type":"bool","value":true},"ConstantVector1D_01_Value_op":{"type":"IRenderMaterialEntity.EModifierOperation","value":"eReplace"},"ConstantVector1D_04_Value":{"type":"float32","value":0.07000000029802322},"Texture2DNormal_01":{"type":"ZRuntimeResourceID","value":{"resource":"00711ED0095BD8AA","flag":"5F"}},"Clients":{"type":"TArray<SEntityTemplateReference>","value":["c8c9b827da3ce0db"],"postInit":true},"m_eidParent":{"type":"SEntityTemplateReference","value":"c8c9b827da3ce0db","postInit":true}},"factory":"003496C5356F9583"},"feedc0ab9a1d9455":{"parent":"c8c9b827da3ce0db","name":"Hands","factory":"009A6D9F7927FB89","blueprint":"00F49463DEA8D412","properties":{"m_pMeshResource":{"type":"ZRuntimeResourceID","value":{"resource":"0070301E8B8C1CC9","flag":"5F"}}}},"feeda8e623c1680f":{"parent":"c8c9b827da3ce0db","name":"Lerp_Pants_Normal_Bump","factory":"[modules:/zmathlerp.class].pc_entitytype","blueprint":"[modules:/zmathlerp.class].pc_entityblueprint","properties":{"m_A":{"type":"float32","value":1},"m_fT":{"type":"float32","value":0},"m_B":{"type":"float32","value":2.0399999618530273}},"events":{"Lerp":{"ConstantVector1D_06_Value":["c18a27c00110647c"]}}},"feed4e8587a3f1e4":{"parent":"c8c9b827da3ce0db","name":"Lerp_Gloves_Spec","factory":"[modules:/zmathlerp.class].pc_entitytype","blueprint":"[modules:/zmathlerp.class].pc_entityblueprint","properties":{"m_A":{"type":"float32","value":0},"m_B":{"type":"float32","value":0.2199999988079071},"m_fT":{"type":"float32","value":0}},"events":{"Lerp":{"ConstantVector1D_14_Value":["c18a27c00110647c"]}}},"feed99b3a86d4cea":{"parent":"c8c9b827da3ce0db","name":"Lerp_Pants_Diffuse","factory":"[modules:/zmathlerp.class].pc_entitytype","blueprint":"[modules:/zmathlerp.class].pc_entityblueprint","properties":{"m_A":{"type":"float32","value":0.3799999952316284},"m_fT":{"type":"float32","value":0},"m_B":{"type":"float32","value":0.30000001192092896}},"events":{"Lerp":{"ConstantVector1D_01_Value":["c18a27c00110647c"]}}}},"propertyOverrides":[],"overrideDeletes":[],"pinConnectionOverrides":[],"pinConnectionOverrideDeletes":[],"externalScenes":[],"subType":"template","quickEntityVersion":3.1,"extraFactoryDependencies":[{"resource":"001EE759F57B6DCE","flag":"5F"},{"resource":"0051A1136DC9485E","flag":"5F"},{"resource":"[assembly:/_pro/characters/assets/_genericparts/male/casual_01/textures/male_casual_01_hoody_01.texture?/specular_a.tex](ascolormap).pc_tex","flag":"5F"},{"resource":"[assembly:/_pro/characters/assets/_genericparts/male/casual_01/textures/male_casual_01_hoody_01.texture?/normal_a.tex](asnormalmap).pc_tex","flag":"5F"},{"resource":"[assembly:/_pro/characters/assets/hero/agent47/textures/agent47_gloves_white.texture?/normal_a.tex](asnormalmap).pc_tex","flag":"5F"},{"resource":"[assembly:/_pro/characters/assets/hero/agent47/textures/agent47_gloves_white.texture?/specular_a.tex](ascolormap).pc_tex","flag":"5F"},{"resource":"[assembly:/_pro/characters/assets/hero/agent47/textures/agent47_gloves_white.texture?/diffuse_a.tex](ascolormap).pc_tex","flag":"5F"},{"resource":"00011DE6E784E34C","flag":"5F"},{"resource":"[assembly:/_pro/characters/assets/individuals/paris/max_decker/textures/male_reg_maxdecker_02_jacket_01.texture?/normal_a.tex](asnormalmap).pc_tex","flag":"5F"},{"resource":"[assembly:/_pro/characters/assets/individuals/paris/max_decker/textures/male_reg_maxdecker_02_jacket_01.texture?/specular_a.tex](ascolormap).pc_tex","flag":"5F"},{"resource":"[assembly:/_pro/characters/assets/individuals/paris/max_decker/textures/male_reg_maxdecker_02_jacket_01.texture?/diffuse_a.tex](ascolormap).pc_tex","flag":"5F"},{"resource":"[assembly:/_pro/characters/assets/guards/colorado/militia_elite/textures/male_reg_militia_elite_shoes.texture?/normal_a.tex](asnormalmap).pc_tex","flag":"5F"},{"resource":"[assembly:/_pro/characters/assets/guards/colorado/militia_elite/textures/male_reg_militia_elite_shoes.texture?/specular_a.tex](ascolormap).pc_tex","flag":"5F"},{"resource":"[assembly:/_pro/characters/assets/guards/colorado/militia_elite/textures/male_reg_militia_elite_shoes.texture?/diffuse_a.tex](ascolormap).pc_tex","flag":"5F"},{"resource":"001060B9DDD6BF96","flag":"5F"},{"resource":"007D850436B0A092","flag":"5F"},{"resource":"00D247582859CA87","flag":"5F"},{"resource":"00D20CA72E352D16","flag":"5F"}],"extraBlueprintDependencies":[],"comments":[]}