{"tempHash":"0006C86D4E075B58","tbluHash":"009B482EFB3437CA","rootEntity":"aeb2400e6be85001","entities":{"f70778e1bc88dc7f":{"parent":"61ca417bc860ab4f","name":"C_Spine1_L","factory":"[assembly:/templates/aspectdummy.aspect]([modules:/zclothsphere.class].entitytype,[modules:/zboneattachaspect.class].entitytype).pc_entitytype","blueprint":"[assembly:/templates/aspectdummy.aspect]([modules:/zclothsphere.class].entitytype,[modules:/zboneattachaspect.class].entitytype).pc_entityblueprint","properties":{"m_BoneName":{"type":"ZString","value":"Spine1"},"m_fRadius":{"type":"float32","value":0.125},"m_mTransform":{"type":"SMatrix43","value":{"rotation":{"x":0,"y":0,"z":0},"position":{"x":-0.03164999932050705,"y":0.032572001218795776,"z":0.03817800059914589}}},"m_bEnabled":{"type":"bool","value":true},"m_linkedEntity":{"type":"SEntityTemplateReference","value":"aeb2400e6be85001","postInit":true},"m_eidParent":{"type":"SEntityTemplateReference","value":"61ca417bc860ab4f","postInit":true}}},"70ab79810db22053":{"parent":"aeb2400e6be85001","name":"Shirt_Dress_BtnUp_Tkd_Cut_Jacket","factory":"0011644483049F85","blueprint":"000083C995DF8DF6","properties":{"Diffuse_Color_01_Value":{"type":"SColorRGB","value":"#ffffff"},"Diffuse_Color_02_Value":{"type":"SColorRGB","value":"#000000"},"m_pMeshResource":{"type":"ZRuntimeResourceID","value":{"resource":"005EA4E9BFE0C6DA","flag":"5F"}},"Texture2D_01":{"type":"ZRuntimeResourceID","value":{"resource":"003A527460423BE1","flag":"5F"}},"Texture2D_04":{"type":"ZRuntimeResourceID","value":{"resource":"0042001036FC42F5","flag":"5F"}},"Texture2DNormal_01":{"type":"ZRuntimeResourceID","value":{"resource":"00BDB66C96B03EF7","flag":"5F"}},"Texture2D_03":{"type":"ZRuntimeResourceID","value":{"resource":"002FF675B5D80538","flag":"5F"}},"Texture2D_02":{"type":"ZRuntimeResourceID","value":{"resource":"006A15874D2AF6C7","flag":"5F"}},"ConstantVector1D_15_Value_1":{"type":"float32","value":0.41999998688697815}}},"6d2fcbf6267254f9":{"parent":"61ca417bc860ab4f","name":"C_TighMid_R","factory":"[assembly:/templates/aspectdummy.aspect]([modules:/zclothsphere.class].entitytype,[modules:/zboneattachaspect.class].entitytype).pc_entitytype","blueprint":"[assembly:/templates/aspectdummy.aspect]([modules:/zclothsphere.class].entitytype,[modules:/zboneattachaspect.class].entitytype).pc_entityblueprint","properties":{"m_fRadius":{"type":"float32","value":0.11500000208616257},"m_BoneName":{"type":"ZString","value":"RThighTwist1"},"m_mTransform":{"type":"SMatrix43","value":{"rotation":{"x":0.013980169653958504,"y":0,"z":0},"position":{"x":0.054016001522541046,"y":0.009703000076115131,"z":-0.01396500039845705}}},"m_linkedEntity":{"type":"SEntityTemplateReference","value":"aeb2400e6be85001","postInit":true},"m_eidParent":{"type":"SEntityTemplateReference","value":"61ca417bc860ab4f","postInit":true}}},"383e5e318ccde793":{"parent":"61ca417bc860ab4f","name":"C_Spine1_R","factory":"[assembly:/templates/aspectdummy.aspect]([modules:/zclothsphere.class].entitytype,[modules:/zboneattachaspect.class].entitytype).pc_entitytype","blueprint":"[assembly:/templates/aspectdummy.aspect]([modules:/zclothsphere.class].entitytype,[modules:/zboneattachaspect.class].entitytype).pc_entityblueprint","properties":{"m_BoneName":{"type":"ZString","value":"Spine1"},"m_fRadius":{"type":"float32","value":0.125},"m_mTransform":{"type":"SMatrix43","value":{"rotation":{"x":0,"y":0,"z":0},"position":{"x":-0.030835000798106194,"y":0.03204600140452385,"z":-0.04226600006222725}}},"m_bEnabled":{"type":"bool","value":true},"m_linkedEntity":{"type":"SEntityTemplateReference","value":"aeb2400e6be85001","postInit":true},"m_eidParent":{"type":"SEntityTemplateReference","value":"61ca417bc860ab4f","postInit":true}}},"397258a7824a7aea":{"parent":"61ca417bc860ab4f","name":"C_Elbow_R","factory":"[assembly:/templates/aspectdummy.aspect]([modules:/zclothsphere.class].entitytype,[modules:/zboneattachaspect.class].entitytype).pc_entitytype","blueprint":"[assembly:/templates/aspectdummy.aspect]([modules:/zclothsphere.class].entitytype,[modules:/zboneattachaspect.class].entitytype).pc_entityblueprint","properties":{"m_fRadius":{"type":"float32","value":0.05999999865889549},"m_BoneName":{"type":"ZString","value":"R_Forearm"},"m_linkedEntity":{"type":"SEntityTemplateReference","value":"aeb2400e6be85001","postInit":true},"m_eidParent":{"type":"SEntityTemplateReference","value":"61ca417bc860ab4f","postInit":true}}},"a7f2464383a9355e":{"parent":"61ca417bc860ab4f","name":"C_Spine2_R","factory":"[assembly:/templates/aspectdummy.aspect]([modules:/zclothsphere.class].entitytype,[modules:/zboneattachaspect.class].entitytype).pc_entitytype","blueprint":"[assembly:/templates/aspectdummy.aspect]([modules:/zclothsphere.class].entitytype,[modules:/zboneattachaspect.class].entitytype).pc_entityblueprint","properties":{"m_BoneName":{"type":"ZString","value":"Spine2"},"m_fRadius":{"type":"float32","value":0.15000000596046448},"m_mTransform":{"type":"SMatrix43","value":{"rotation":{"x":0.6075190242261481,"y":0.041310303697811766,"z":7.778161808700826},"position":{"x":-0.034866999834775925,"y":0.024687999859452248,"z":-0.04030299931764603}}},"m_bEnabled":{"type":"bool","value":true},"m_linkedEntity":{"type":"SEntityTemplateReference","value":"aeb2400e6be85001","postInit":true},"m_eidParent":{"type":"SEntityTemplateReference","value":"61ca417bc860ab4f","postInit":true}}},"d03355487e540a76":{"parent":"61ca417bc860ab4f","name":"C_Hand_L","factory":"[assembly:/templates/aspectdummy.aspect]([modules:/zclothsphere.class].entitytype,[modules:/zboneattachaspect.class].entitytype).pc_entitytype","blueprint":"[assembly:/templates/aspectdummy.aspect]([modules:/zclothsphere.class].entitytype,[modules:/zboneattachaspect.class].entitytype).pc_entityblueprint","properties":{"m_fRadius":{"type":"float32","value":0.05000000074505806},"m_BoneName":{"type":"ZString","value":"L_Hand"},"m_linkedEntity":{"type":"SEntityTemplateReference","value":"aeb2400e6be85001","postInit":true},"m_eidParent":{"type":"SEntityTemplateReference","value":"61ca417bc860ab4f","postInit":true}}},"5061f31d99e740f7":{"parent":"61ca417bc860ab4f","name":"C_Pelvis_R","factory":"[assembly:/templates/aspectdummy.aspect]([modules:/zclothsphere.class].entitytype,[modules:/zboneattachaspect.class].entitytype).pc_entitytype","blueprint":"[assembly:/templates/aspectdummy.aspect]([modules:/zclothsphere.class].entitytype,[modules:/zboneattachaspect.class].entitytype).pc_entityblueprint","properties":{"m_fRadius":{"type":"float32","value":0.13199999928474426},"m_BoneName":{"type":"ZString","value":"Pelvis"},"m_mTransform":{"type":"SMatrix43","value":{"rotation":{"x":-0.05597795813053337,"y":0,"z":-0.055978018140436084},"position":{"x":0.03649299964308739,"y":0.013976000249385834,"z":-0.05660500004887581}}},"m_bEnabled":{"type":"bool","value":true},"m_eidParent":{"type":"SEntityTemplateReference","value":"61ca417bc860ab4f","postInit":true}}},"2a6550c14804b801":{"parent":"aeb2400e6be85001","name":"Hands","factory":"009A6D9F7927FB89","blueprint":"00F49463DEA8D412"},"43497c1aec4dcb60":{"parent":"aeb2400e6be85001","name":"Head_47","factory":"00537D16B5CE7286","blueprint":"00F2E4A932ECAA63"},"a27f0c470de22981":{"parent":"61ca417bc860ab4f","name":"C_Shoulder_L","factory":"[assembly:/templates/aspectdummy.aspect]([modules:/zclothsphere.class].entitytype,[modules:/zboneattachaspect.class].entitytype).pc_entitytype","blueprint":"[assembly:/templates/aspectdummy.aspect]([modules:/zclothsphere.class].entitytype,[modules:/zboneattachaspect.class].entitytype).pc_entityblueprint","properties":{"m_fRadius":{"type":"float32","value":0.07000000029802322},"m_BoneName":{"type":"ZString","value":"L_UpperArm"},"m_linkedEntity":{"type":"SEntityTemplateReference","value":"aeb2400e6be85001","postInit":true},"m_eidParent":{"type":"SEntityTemplateReference","value":"61ca417bc860ab4f","postInit":true}}},"552a722d69b3a9a8":{"parent":"849a58c20c2454c3","name":"Agent47_S2_Suit_Mesh","factory":"[assembly:/templates/aspectdummy.aspect]([modules:/zbodypartentity.class].entitytype,[modules:/zclothcollidergroupaspect.class].entitytype).pc_entitytype","blueprint":"[assembly:/templates/aspectdummy.aspect]([modules:/zbodypartentity.class].entitytype,[modules:/zclothcollidergroupaspect.class].entitytype).pc_entityblueprint","properties":{"m_pMeshResource":{"type":"ZRuntimeResourceID","value":{"resource":"00F4635073E842DE","flag":"5F"}},"m_ClothColliders":{"type":"TArray<SEntityTemplateReference>","value":["61ca417bc860ab4f"],"postInit":true}}},"26438cea9f496d5":{"parent":"61ca417bc860ab4f","name":"C_Palm_R","factory":"[assembly:/templates/aspectdummy.aspect]([modules:/zclothsphere.class].entitytype,[modules:/zboneattachaspect.class].entitytype).pc_entitytype","blueprint":"[assembly:/templates/aspectdummy.aspect]([modules:/zclothsphere.class].entitytype,[modules:/zboneattachaspect.class].entitytype).pc_entityblueprint","properties":{"m_fRadius":{"type":"float32","value":0.07000000029802322},"m_BoneName":{"type":"ZString","value":"R_Hand"},"m_mTransform":{"type":"SMatrix43","value":{"rotation":{"x":0,"y":0,"z":0},"position":{"x":0.07999999821186066,"y":0,"z":0}}},"m_linkedEntity":{"type":"SEntityTemplateReference","value":"aeb2400e6be85001","postInit":true},"m_eidParent":{"type":"SEntityTemplateReference","value":"61ca417bc860ab4f","postInit":true}}},"7e88795f197a9a8f":{"parent":"aeb2400e6be85001","name":"Base Normal Bump Scale","factory":"[modules:/zmathlerp.class].pc_entitytype","blueprint":"[modules:/zmathlerp.class].pc_entityblueprint","properties":{"m_A":{"type":"float32","value":1},"m_fT":{"type":"float32","value":0},"m_B":{"type":"float32","value":1.4500000476837158}},"events":{"Lerp":{"ConstantVector1D_06_Value":["70ab79810db22053","849a58c20c2454c3"]}}},"a832c09a00cac806":{"parent":"aeb2400e6be85001","name":"Base Min","factory":"[modules:/zmathlerp.class].pc_entitytype","blueprint":"[modules:/zmathlerp.class].pc_entityblueprint","properties":{"m_A":{"type":"float32","value":0},"m_B":{"type":"float32","value":0.44999998807907104},"m_fT":{"type":"float32","value":0}},"events":{"Lerp":{"ConstantVector1D_14_Value":["70ab79810db22053"],"ConstantVector1D_04_Value":["849a58c20c2454c3","1006395254dd4436"]}}},"e71120d5455a8594":{"parent":"61ca417bc860ab4f","name":"CChain_Spine_L","factory":"[modules:/zclothspherechain.class].pc_entitytype","blueprint":"[modules:/zclothspherechain.class].pc_entityblueprint","properties":{"m_mTransform":{"type":"SMatrix43","value":{"rotation":{"x":0,"y":0,"z":0},"position":{"x":-0.0000001290655973207322,"y":0.000000002171457902377938,"z":0}}},"m_Spheres":{"type":"TArray<SEntityTemplateReference>","value":["d81a7e5c71455900","f70778e1bc88dc7f","937f19177192bb51"],"postInit":true},"m_eidParent":{"type":"SEntityTemplateReference","value":"61ca417bc860ab4f","postInit":true}}},"607b952cecacb2b2":{"parent":"aeb2400e6be85001","name":"Shoes_Derby_CapToe_SquareTip","factory":"0033E9BBFCA7B067","blueprint":"0002D822B863CAA8","properties":{"Diffuse_Color_01_Value":{"type":"SColorRGB","value":"#2e2e2e"},"ConstantVector1D_04_Value":{"type":"float32","value":0.14000000059604645}}},"40db0ea542fbf31c":{"parent":"61ca417bc860ab4f","name":"C_Elbow_L","factory":"[assembly:/templates/aspectdummy.aspect]([modules:/zclothsphere.class].entitytype,[modules:/zboneattachaspect.class].entitytype).pc_entitytype","blueprint":"[assembly:/templates/aspectdummy.aspect]([modules:/zclothsphere.class].entitytype,[modules:/zboneattachaspect.class].entitytype).pc_entityblueprint","properties":{"m_fRadius":{"type":"float32","value":0.05999999865889549},"m_BoneName":{"type":"ZString","value":"L_Forearm"},"m_linkedEntity":{"type":"SEntityTemplateReference","value":"aeb2400e6be85001","postInit":true},"m_eidParent":{"type":"SEntityTemplateReference","value":"61ca417bc860ab4f","postInit":true}}},"e5ccd88c19459043":{"parent":"61ca417bc860ab4f","name":"C_Hand_R","factory":"[assembly:/templates/aspectdummy.aspect]([modules:/zclothsphere.class].entitytype,[modules:/zboneattachaspect.class].entitytype).pc_entitytype","blueprint":"[assembly:/templates/aspectdummy.aspect]([modules:/zclothsphere.class].entitytype,[modules:/zboneattachaspect.class].entitytype).pc_entityblueprint","properties":{"m_fRadius":{"type":"float32","value":0.05000000074505806},"m_BoneName":{"type":"ZString","value":"R_Hand"},"m_linkedEntity":{"type":"SEntityTemplateReference","value":"aeb2400e6be85001","postInit":true},"m_eidParent":{"type":"SEntityTemplateReference","value":"61ca417bc860ab4f","postInit":true}}},"af1935219a5203d1":{"parent":"aeb2400e6be85001","name":"Min Head","factory":"[modules:/zmathlerp.class].pc_entitytype","blueprint":"[modules:/zmathlerp.class].pc_entityblueprint","properties":{"m_A":{"type":"float32","value":0},"m_B":{"type":"float32","value":0.30000001192092896},"m_fT":{"type":"float32","value":0}},"events":{"Lerp":{"ConstantVector1D_04_Value":["43497c1aec4dcb60","2a6550c14804b801"]}}},"5b139541e4ce1fc4":{"parent":"aeb2400e6be85001","name":"Jacket Spec","factory":"[modules:/zmathlerp.class].pc_entitytype","blueprint":"[modules:/zmathlerp.class].pc_entityblueprint","properties":{"m_A":{"type":"float32","value":1},"m_B":{"type":"float32","value":0.6000000238418579},"m_fT":{"type":"float32","value":0}},"events":{"Lerp":{"ConstantVector1D_03_Value":["849a58c20c2454c3","71b48d11c56b65f3"]}}},"937f19177192bb51":{"parent":"61ca417bc860ab4f","name":"C_Spine2_L","factory":"[assembly:/templates/aspectdummy.aspect]([modules:/zclothsphere.class].entitytype,[modules:/zboneattachaspect.class].entitytype).pc_entitytype","blueprint":"[assembly:/templates/aspectdummy.aspect]([modules:/zclothsphere.class].entitytype,[modules:/zboneattachaspect.class].entitytype).pc_entityblueprint","properties":{"m_BoneName":{"type":"ZString","value":"Spine2"},"m_fRadius":{"type":"float32","value":0.15000000596046448},"m_mTransform":{"type":"SMatrix43","value":{"rotation":{"x":0.7218317539587317,"y":0.04915981154774294,"z":7.789388884865077},"position":{"x":-0.0348690003156662,"y":0.02468400076031685,"z":0.040442001074552536}}},"m_bEnabled":{"type":"bool","value":true},"m_linkedEntity":{"type":"SEntityTemplateReference","value":"aeb2400e6be85001","postInit":true},"m_eidParent":{"type":"SEntityTemplateReference","value":"61ca417bc860ab4f","postInit":true}}},"f4bca7db2b8e2917":{"parent":"1006395254dd4436","name":"agent47_skunk_tie","factory":"00E1C4A9C7CFF9B2","blueprint":"0006457096DE6092","properties":{"m_mTransform":{"type":"SMatrix43","value":{"rotation":{"x":0,"y":0,"z":0},"position":{"x":0,"y":0,"z":0}}},"ConstantColorRGB_02_Value_op":{"type":"IRenderMaterialEntity.EModifierOperation","value":"eReplace"},"Texture2D_01":{"type":"ZRuntimeResourceID","value":{"resource":"00F97FB029944482","flag":"5F"}},"Texture2D_01_enab":{"type":"bool","value":true},"Texture2D_03_enab":{"type":"bool","value":true},"Texture2D_03":{"type":"ZRuntimeResourceID","value":{"resource":"0072F93F8DA8A800","flag":"5F"}},"ConstantColorRGB_02_Value":{"type":"SColorRGB","value":"#4a4a4a"},"ConstantVector1D_09_Value_op":{"type":"IRenderMaterialEntity.EModifierOperation","value":"eReplace"},"ConstantVector1D_09_Value":{"type":"float32","value":0.10999999940395355},"ConstantVector1D_04_Value_op":{"type":"IRenderMaterialEntity.EModifierOperation","value":"eReplace"},"Clients":{"type":"TArray<SEntityTemplateReference>","value":["1006395254dd4436"],"postInit":true},"m_eidParent":{"type":"SEntityTemplateReference","value":"aeb2400e6be85001","postInit":true}}},"1006395254dd4436":{"parent":"aeb2400e6be85001","name":"Tie_Kelvin_Jacket_Fit","factory":"0017527791AB5E5C","blueprint":"0002AAB0DAC51755","properties":{"ConstantColorRGB_02_Value":{"type":"SColorRGB","value":"#ffffff"},"ConstantColorRGB_05_Value":{"type":"SColorRGB","value":"#942e2e"},"Texture2D_01":{"type":"ZRuntimeResourceID","value":{"resource":"00B0DFCC2F35B7C0","flag":"5F"}},"Texture2D_03":{"type":"ZRuntimeResourceID","value":{"resource":"002D277A80921776","flag":"5F"}},"m_pMeshResource":{"type":"ZRuntimeResourceID","value":{"resource":"0019A8798AEC224F","flag":"5F"}},"Texture2DNormal_01":{"type":"ZRuntimeResourceID","value":{"resource":"0091E793D3996E1B","flag":"5F"}}},"inputCopying":{"ConstantVector1D_04_Value":{"ConstantVector1D_04_Value":["f4bca7db2b8e2917"]}}},"76e637a48f5d3b46":{"parent":"61ca417bc860ab4f","name":"C_Spine_R","factory":"[assembly:/templates/aspectdummy.aspect]([modules:/zclothsphere.class].entitytype,[modules:/zboneattachaspect.class].entitytype).pc_entitytype","blueprint":"[assembly:/templates/aspectdummy.aspect]([modules:/zclothsphere.class].entitytype,[modules:/zboneattachaspect.class].entitytype).pc_entityblueprint","properties":{"m_BoneName":{"type":"ZString","value":"Spine"},"m_fRadius":{"type":"float32","value":0.12999999523162842},"m_mTransform":{"type":"SMatrix43","value":{"rotation":{"x":-0.0541445491223199,"y":0.05047760715013112,"z":-0.05231108040821178},"position":{"x":-0.000011000000085914508,"y":0.030017999932169914,"z":-0.05071999877691269}}},"m_bEnabled":{"type":"bool","value":true},"m_bCollisionGroup0":{"type":"bool","value":true},"m_linkedEntity":{"type":"SEntityTemplateReference","value":"aeb2400e6be85001","postInit":true},"m_eidParent":{"type":"SEntityTemplateReference","value":"61ca417bc860ab4f","postInit":true}}},"1ebbc7ab73405639":{"parent":"61ca417bc860ab4f","name":"C_Pelvis_L","factory":"[assembly:/templates/aspectdummy.aspect]([modules:/zclothsphere.class].entitytype,[modules:/zboneattachaspect.class].entitytype).pc_entitytype","blueprint":"[assembly:/templates/aspectdummy.aspect]([modules:/zclothsphere.class].entitytype,[modules:/zboneattachaspect.class].entitytype).pc_entityblueprint","properties":{"m_fRadius":{"type":"float32","value":0.13199999928474426},"m_BoneName":{"type":"ZString","value":"Pelvis"},"m_mTransform":{"type":"SMatrix43","value":{"rotation":{"x":-0.05597795813053337,"y":0,"z":-0.055978018140436084},"position":{"x":0.03649799898266792,"y":0.013976000249385834,"z":0.05415799841284752}}},"m_bEnabled":{"type":"bool","value":true},"m_linkedEntity":{"type":"SEntityTemplateReference","value":"aeb2400e6be85001","postInit":true},"m_eidParent":{"type":"SEntityTemplateReference","value":"61ca417bc860ab4f","postInit":true}}},"b4b19f794a11a5da":{"parent":"61ca417bc860ab4f","name":"C_Shoulder_R","factory":"[assembly:/templates/aspectdummy.aspect]([modules:/zclothsphere.class].entitytype,[modules:/zboneattachaspect.class].entitytype).pc_entitytype","blueprint":"[assembly:/templates/aspectdummy.aspect]([modules:/zclothsphere.class].entitytype,[modules:/zboneattachaspect.class].entitytype).pc_entityblueprint","properties":{"m_fRadius":{"type":"float32","value":0.07000000029802322},"m_BoneName":{"type":"ZString","value":"R_UpperArm"},"m_linkedEntity":{"type":"SEntityTemplateReference","value":"aeb2400e6be85001","postInit":true},"m_eidParent":{"type":"SEntityTemplateReference","value":"61ca417bc860ab4f","postInit":true}}},"bfedb8f6b9e691c6":{"parent":"61ca417bc860ab4f","name":"CChain_Arms","factory":"[modules:/zclothspherechain.class].pc_entitytype","blueprint":"[modules:/zclothspherechain.class].pc_entityblueprint","properties":{"m_mTransform":{"type":"SMatrix43","value":{"rotation":{"x":0,"y":0,"z":0},"position":{"x":0,"y":0,"z":0}}},"m_Spheres":{"type":"TArray<SEntityTemplateReference>","value":["b679c6c08d9609d0","d03355487e540a76","40db0ea542fbf31c","a27f0c470de22981","412c52b92e40d27d","b4b19f794a11a5da","397258a7824a7aea","e5ccd88c19459043","26438cea9f496d5"],"postInit":true},"m_eidParent":{"type":"SEntityTemplateReference","value":"61ca417bc860ab4f","postInit":true}}},"8abaa948e642de64":{"parent":"61ca417bc860ab4f","name":"C_TighTop_R","factory":"[assembly:/templates/aspectdummy.aspect]([modules:/zclothsphere.class].entitytype,[modules:/zboneattachaspect.class].entitytype).pc_entitytype","blueprint":"[assembly:/templates/aspectdummy.aspect]([modules:/zclothsphere.class].entitytype,[modules:/zboneattachaspect.class].entitytype).pc_entityblueprint","properties":{"m_fRadius":{"type":"float32","value":0.13199999928474426},"m_BoneName":{"type":"ZString","value":"RThighTwist"},"m_mTransform":{"type":"SMatrix43","value":{"rotation":{"x":0,"y":0,"z":0},"position":{"x":0.001167000038549304,"y":0.015010000206530094,"z":-0.0352259986102581}}},"m_linkedEntity":{"type":"SEntityTemplateReference","value":"aeb2400e6be85001","postInit":true},"m_eidParent":{"type":"SEntityTemplateReference","value":"61ca417bc860ab4f","postInit":true}}},"412c52b92e40d27d":{"parent":"61ca417bc860ab4f","name":"C_Neck","factory":"[assembly:/templates/aspectdummy.aspect]([modules:/zclothsphere.class].entitytype,[modules:/zboneattachaspect.class].entitytype).pc_entitytype","blueprint":"[assembly:/templates/aspectdummy.aspect]([modules:/zclothsphere.class].entitytype,[modules:/zboneattachaspect.class].entitytype).pc_entityblueprint","properties":{"m_fRadius":{"type":"float32","value":0.07999999821186066},"m_BoneName":{"type":"ZString","value":"Neck"},"m_linkedEntity":{"type":"SEntityTemplateReference","value":"aeb2400e6be85001","postInit":true},"m_eidParent":{"type":"SEntityTemplateReference","value":"61ca417bc860ab4f","postInit":true}}},"b679c6c08d9609d0":{"parent":"61ca417bc860ab4f","name":"C_Palm_L","factory":"[assembly:/templates/aspectdummy.aspect]([modules:/zclothsphere.class].entitytype,[modules:/zboneattachaspect.class].entitytype).pc_entitytype","blueprint":"[assembly:/templates/aspectdummy.aspect]([modules:/zclothsphere.class].entitytype,[modules:/zboneattachaspect.class].entitytype).pc_entityblueprint","properties":{"m_fRadius":{"type":"float32","value":0.07000000029802322},"m_BoneName":{"type":"ZString","value":"L_Hand"},"m_mTransform":{"type":"SMatrix43","value":{"rotation":{"x":0,"y":0,"z":0},"position":{"x":0.07999999821186066,"y":0,"z":0}}},"m_linkedEntity":{"type":"SEntityTemplateReference","value":"aeb2400e6be85001","postInit":true},"m_eidParent":{"type":"SEntityTemplateReference","value":"61ca417bc860ab4f","postInit":true}}},"d8cc7a640b8730aa":{"parent":"61ca417bc860ab4f","name":"ColliderGroup","factory":"[modules:/zclothcollidergroup.class].pc_entitytype","blueprint":"[modules:/zclothcollidergroup.class].pc_entityblueprint","properties":{"m_ClothColliders":{"type":"TArray<SEntityTemplateReference>","value":["e2369f74ef0fe619","38368f8234721689","e71120d5455a8594","bfedb8f6b9e691c6"],"postInit":true},"m_eidParent":{"type":"SEntityTemplateReference","value":"61ca417bc860ab4f","postInit":true}}},"dbcc6acd49ca578f":{"parent":"61ca417bc860ab4f","name":"C_TighMid_L","factory":"[assembly:/templates/aspectdummy.aspect]([modules:/zclothsphere.class].entitytype,[modules:/zboneattachaspect.class].entitytype).pc_entitytype","blueprint":"[assembly:/templates/aspectdummy.aspect]([modules:/zclothsphere.class].entitytype,[modules:/zboneattachaspect.class].entitytype).pc_entityblueprint","properties":{"m_fRadius":{"type":"float32","value":0.11500000208616257},"m_BoneName":{"type":"ZString","value":"LThighTwist1"},"m_mTransform":{"type":"SMatrix43","value":{"rotation":{"x":0,"y":0,"z":0},"position":{"x":0.05449200049042702,"y":0.016682999208569527,"z":0.012148999609053135}}},"m_bCollisionGroup0":{"type":"bool","value":true},"m_linkedEntity":{"type":"SEntityTemplateReference","value":"aeb2400e6be85001","postInit":true},"m_eidParent":{"type":"SEntityTemplateReference","value":"61ca417bc860ab4f","postInit":true}}},"32d72ad53a287dd8":{"parent":"aeb2400e6be85001","name":"FX_Hitman_Wet_Logic_Character_01","factory":"0067CFB703A80787","blueprint":"00AA88C960CD2080","properties":{"HeadMaterialToOverride":{"type":"ZRuntimeResourceID","value":{"resource":"009F7978C601815A","flag":"5F"}},"HeadMaterialOverride":{"type":"TArray<SEntityTemplateReference>","value":["aeb2400e6be85001"],"postInit":true}},"events":{"HitmanWetness":{"T":["7e88795f197a9a8f","a832c09a00cac806","cadf7ad86a08cd2d","5b139541e4ce1fc4","af1935219a5203d1","34be42933e22f1e3"]}}},"b02cf42853c13fca":{"parent":"71b48d11c56b65f3","name":"agent47_greed_pants","factory":"00959C2F842BCEB9","blueprint":"00EBD5A832E5DEF4","properties":{"m_mTransform":{"type":"SMatrix43","value":{"rotation":{"x":0,"y":0,"z":0},"position":{"x":0,"y":0,"z":0}}},"ConstantVector1D_03_Value_op":{"type":"IRenderMaterialEntity.EModifierOperation","value":"eReplace"},"Clients":{"type":"TArray<SEntityTemplateReference>","value":["71b48d11c56b65f3"],"postInit":true},"m_eidParent":{"type":"SEntityTemplateReference","value":"aeb2400e6be85001","postInit":true}}},"71b48d11c56b65f3":{"parent":"aeb2400e6be85001","name":"Mesh_Pants","factory":"[modules:/zbodypartentity.class].pc_entitytype","blueprint":"[modules:/zbodypartentity.class].pc_entityblueprint","properties":{"m_pMeshResource":{"type":"ZRuntimeResourceID","value":{"resource":"00247C6B3DBFBCD0","flag":"5F"}}},"inputCopying":{"ConstantVector1D_03_Value":{"ConstantVector1D_03_Value":["b02cf42853c13fca"]}}},"e2369f74ef0fe619":{"parent":"61ca417bc860ab4f","name":"CChain_Legs","factory":"[modules:/zclothspherechain.class].pc_entitytype","blueprint":"[modules:/zclothspherechain.class].pc_entityblueprint","properties":{"m_mTransform":{"type":"SMatrix43","value":{"rotation":{"x":0,"y":0,"z":0},"position":{"x":-0.0000001290655973207322,"y":0.000000002171457902377938,"z":0}}},"m_bCollisionGroup0":{"type":"bool","value":true},"m_bEnabled":{"type":"bool","value":true},"m_Spheres":{"type":"TArray<SEntityTemplateReference>","value":["7ca8f348e918a3f8","6d2fcbf6267254f9","8abaa948e642de64","5061f31d99e740f7","1ebbc7ab73405639","b43a356612e29ad","dbcc6acd49ca578f","69017cefa6e02dfb"],"postInit":true},"m_eidParent":{"type":"SEntityTemplateReference","value":"61ca417bc860ab4f","postInit":true}}},"d81a7e5c71455900":{"parent":"61ca417bc860ab4f","name":"C_Spine_L","factory":"[assembly:/templates/aspectdummy.aspect]([modules:/zclothsphere.class].entitytype,[modules:/zboneattachaspect.class].entitytype).pc_entitytype","blueprint":"[assembly:/templates/aspectdummy.aspect]([modules:/zclothsphere.class].entitytype,[modules:/zboneattachaspect.class].entitytype).pc_entityblueprint","properties":{"m_BoneName":{"type":"ZString","value":"Spine"},"m_fRadius":{"type":"float32","value":0.12999999523162842},"m_mTransform":{"type":"SMatrix43","value":{"rotation":{"x":0,"y":0,"z":0},"position":{"x":-0.000007999999979801942,"y":0.03147900104522705,"z":0.04797400161623955}}},"m_bEnabled":{"type":"bool","value":true},"m_bCollisionGroup0":{"type":"bool","value":true},"m_linkedEntity":{"type":"SEntityTemplateReference","value":"aeb2400e6be85001","postInit":true},"m_eidParent":{"type":"SEntityTemplateReference","value":"61ca417bc860ab4f","postInit":true}}},"69017cefa6e02dfb":{"parent":"61ca417bc860ab4f","name":"C_Knee_L","factory":"[assembly:/templates/aspectdummy.aspect]([modules:/zclothsphere.class].entitytype,[modules:/zboneattachaspect.class].entitytype).pc_entitytype","blueprint":"[assembly:/templates/aspectdummy.aspect]([modules:/zclothsphere.class].entitytype,[modules:/zboneattachaspect.class].entitytype).pc_entityblueprint","properties":{"m_fRadius":{"type":"float32","value":0.10000000149011612},"m_BoneName":{"type":"ZString","value":"LThighTwist2"},"m_mTransform":{"type":"SMatrix43","value":{"rotation":{"x":0,"y":0.019767042409995977,"z":0},"position":{"x":0.12600800395011902,"y":-0.011082000099122524,"z":-0.008000999689102173}}},"m_linkedEntity":{"type":"SEntityTemplateReference","value":"aeb2400e6be85001","postInit":true},"m_eidParent":{"type":"SEntityTemplateReference","value":"61ca417bc860ab4f","postInit":true}}},"38368f8234721689":{"parent":"61ca417bc860ab4f","name":"CChain_Spine_R","factory":"[modules:/zclothspherechain.class].pc_entitytype","blueprint":"[modules:/zclothspherechain.class].pc_entityblueprint","properties":{"m_Spheres":{"type":"TArray<SEntityTemplateReference>","value":["76e637a48f5d3b46","383e5e318ccde793","a7f2464383a9355e"]},"m_mTransform":{"type":"SMatrix43","value":{"rotation":{"x":0,"y":0,"z":0},"position":{"x":-0.0000001290655973207322,"y":0.000000002171457902377938,"z":0}}},"m_eidParent":{"type":"SEntityTemplateReference","value":"61ca417bc860ab4f","postInit":true}}},"cadf7ad86a08cd2d":{"parent":"aeb2400e6be85001","name":"Base Diffuse","factory":"[modules:/zmathlerp.class].pc_entitytype","blueprint":"[modules:/zmathlerp.class].pc_entityblueprint","properties":{"m_A":{"type":"float32","value":0.5},"m_fT":{"type":"float32","value":0},"m_B":{"type":"float32","value":0.23000000417232513}}},"b43a356612e29ad":{"parent":"61ca417bc860ab4f","name":"C_TighTop_L","factory":"[assembly:/templates/aspectdummy.aspect]([modules:/zclothsphere.class].entitytype,[modules:/zboneattachaspect.class].entitytype).pc_entitytype","blueprint":"[assembly:/templates/aspectdummy.aspect]([modules:/zclothsphere.class].entitytype,[modules:/zboneattachaspect.class].entitytype).pc_entityblueprint","properties":{"m_fRadius":{"type":"float32","value":0.13199999928474426},"m_BoneName":{"type":"ZString","value":"LThighTwist"},"m_mTransform":{"type":"SMatrix43","value":{"rotation":{"x":0,"y":0.019767042409995977,"z":0},"position":{"x":0.001016999944113195,"y":0.013093000277876854,"z":0.035888999700546265}}},"m_linkedEntity":{"type":"SEntityTemplateReference","value":"aeb2400e6be85001","postInit":true},"m_eidParent":{"type":"SEntityTemplateReference","value":"61ca417bc860ab4f","postInit":true}}},"7ca8f348e918a3f8":{"parent":"61ca417bc860ab4f","name":"C_Knee_R","factory":"[assembly:/templates/aspectdummy.aspect]([modules:/zclothsphere.class].entitytype,[modules:/zboneattachaspect.class].entitytype).pc_entitytype","blueprint":"[assembly:/templates/aspectdummy.aspect]([modules:/zclothsphere.class].entitytype,[modules:/zboneattachaspect.class].entitytype).pc_entityblueprint","properties":{"m_fRadius":{"type":"float32","value":0.10000000149011612},"m_BoneName":{"type":"ZString","value":"RThighTwist2"},"m_mTransform":{"type":"SMatrix43","value":{"rotation":{"x":0.01976704358638215,"y":0,"z":0},"position":{"x":0.12606200575828552,"y":-0.011234999634325504,"z":-0.0020119999535381794}}},"m_linkedEntity":{"type":"SEntityTemplateReference","value":"aeb2400e6be85001","postInit":true},"m_eidParent":{"type":"SEntityTemplateReference","value":"61ca417bc860ab4f","postInit":true}}},"61ca417bc860ab4f":{"parent":"849a58c20c2454c3","name":"Agent47_S2_Suit_Collider","factory":"[modules:/zcompositeentity.class].pc_entitytype","blueprint":"[modules:/zcompositeentity.class].pc_entityblueprint","properties":{"m_mTransform":{"type":"SMatrix43","value":{"rotation":{"x":0,"y":0,"z":0},"position":{"x":0,"y":0,"z":0}}},"m_linkedEntity":{"type":"SEntityTemplateReference","value":"aeb2400e6be85001","postInit":true},"m_eidParent":{"type":"SEntityTemplateReference","value":"849a58c20c2454c3","postInit":true}},"propertyAliases":{"m_linkedEntity":[{"originalProperty":"m_linkedEntity","originalEntity":"69017cefa6e02dfb"},{"originalProperty":"m_linkedEntity","originalEntity":"7ca8f348e918a3f8"},{"originalProperty":"m_linkedEntity","originalEntity":"dbcc6acd49ca578f"},{"originalProperty":"m_linkedEntity","originalEntity":"6d2fcbf6267254f9"},{"originalProperty":"m_linkedEntity","originalEntity":"8abaa948e642de64"},{"originalProperty":"m_linkedEntity","originalEntity":"b43a356612e29ad"},{"originalProperty":"m_linkedEntity","originalEntity":"1ebbc7ab73405639"},{"originalProperty":"m_linkedEntity","originalEntity":"a7f2464383a9355e"},{"originalProperty":"m_linkedEntity","originalEntity":"383e5e318ccde793"},{"originalProperty":"m_linkedEntity","originalEntity":"76e637a48f5d3b46"},{"originalProperty":"m_linkedEntity","originalEntity":"d81a7e5c71455900"},{"originalProperty":"m_linkedEntity","originalEntity":"f70778e1bc88dc7f"},{"originalProperty":"m_linkedEntity","originalEntity":"937f19177192bb51"},{"originalProperty":"m_linkedEntity","originalEntity":"397258a7824a7aea"},{"originalProperty":"m_linkedEntity","originalEntity":"40db0ea542fbf31c"},{"originalProperty":"m_linkedEntity","originalEntity":"d03355487e540a76"},{"originalProperty":"m_linkedEntity","originalEntity":"e5ccd88c19459043"},{"originalProperty":"m_linkedEntity","originalEntity":"a27f0c470de22981"},{"originalProperty":"m_linkedEntity","originalEntity":"b4b19f794a11a5da"},{"originalProperty":"m_linkedEntity","originalEntity":"412c52b92e40d27d"},{"originalProperty":"m_linkedEntity","originalEntity":"26438cea9f496d5"},{"originalProperty":"m_linkedEntity","originalEntity":"b679c6c08d9609d0"}]},"exposedInterfaces":{"ZClothCollider":"d8cc7a640b8730aa","ZClothColliderGroup":"d8cc7a640b8730aa"}},"f7d38f556546de17":{"parent":"849a58c20c2454c3","name":"agent47_greed_jacket","factory":"0050D4B9E7346115","blueprint":"005F6491A2BAE5D5","properties":{"m_mTransform":{"type":"SMatrix43","value":{"rotation":{"x":0,"y":0,"z":0},"position":{"x":0,"y":0,"z":0}}},"ConstantVector1D_04_Value_op":{"type":"IRenderMaterialEntity.EModifierOperation","value":"eReplace"},"ConstantVector1D_05_Value_op":{"type":"IRenderMaterialEntity.EModifierOperation","value":"eReplace"},"ConstantVector1D_03_Value_op":{"type":"IRenderMaterialEntity.EModifierOperation","value":"eReplace"},"ConstantVector1D_06_Value_op":{"type":"IRenderMaterialEntity.EModifierOperation","value":"eReplace"},"Clients":{"type":"TArray<SEntityTemplateReference>","value":["849a58c20c2454c3"],"postInit":true},"m_eidParent":{"type":"SEntityTemplateReference","value":"849a58c20c2454c3","postInit":true}}},"849a58c20c2454c3":{"parent":"aeb2400e6be85001","name":"Agent47_Skunk_Jacket","factory":"[modules:/zcompositeentity.class].pc_entitytype","blueprint":"[modules:/zcompositeentity.class].pc_entityblueprint","properties":{"m_mTransform":{"type":"SMatrix43","value":{"rotation":{"x":0,"y":0,"z":0},"position":{"x":0,"y":0,"z":0}}},"m_eidParent":{"type":"SEntityTemplateReference","value":"aeb2400e6be85001","postInit":true}},"inputCopying":{"ConstantVector1D_04_Value":{"ConstantVector1D_04_Value":["f7d38f556546de17"]},"ConstantVector1D_03_Value":{"ConstantVector1D_03_Value":["f7d38f556546de17"]},"ConstantVector1D_06_Value":{"ConstantVector1D_06_Value":["f7d38f556546de17"]}},"exposedInterfaces":{"ZClothColliderGroupAspect":"552a722d69b3a9a8","ZBodyPartEntity":"552a722d69b3a9a8"}},"15efc557c3213136":{"parent":"849a58c20c2454c3","name":"buttons_01","factory":"[assembly:/_pro/characters/assets/_apparel/accessories/buttons/materials/buttons_01.mi].pc_entitytype","blueprint":"[assembly:/_pro/characters/assets/_apparel/accessories/buttons/materials/buttons_01.mi].pc_entityblueprint","properties":{"m_mTransform":{"type":"SMatrix43","value":{"rotation":{"x":0,"y":0,"z":0},"position":{"x":0,"y":0,"z":0}}},"Clients":{"type":"TArray<SEntityTemplateReference>","value":["849a58c20c2454c3"]},"Texture2D_03":{"type":"ZRuntimeResourceID","value":{"resource":"0042001036FC42F5","flag":"5F"}},"Texture2D_03_enab":{"type":"bool","value":true},"Diffuse_Color_01_Value_op":{"type":"IRenderMaterialEntity.EModifierOperation","value":"eReplace"},"Diffuse_Color_01_Value":{"type":"SColorRGB","value":"#000000"},"ConstantVector1D_03_Value_op":{"type":"IRenderMaterialEntity.EModifierOperation","value":"eReplace"},"ConstantVector1D_03_Value":{"type":"float32","value":0.7699999809265137},"Texture2D_01":{"type":"ZRuntimeResourceID","value":{"resource":"006A15874D2AF6C7","flag":"5F"}},"m_eidParent":{"type":"SEntityTemplateReference","value":"849a58c20c2454c3"}}},"34be42933e22f1e3":{"parent":"aeb2400e6be85001","name":"Base Diffuse 2","factory":"[modules:/zmathlerp.class].pc_entitytype","blueprint":"[modules:/zmathlerp.class].pc_entityblueprint","properties":{"m_A":{"type":"float32","value":0.5},"m_fT":{"type":"float32","value":0},"m_B":{"type":"float32","value":0.36000001430511475}}},"aeb2400e6be85001":{"parent":null,"name":"OUTFIT_Agent47_Global_Greed_HeroA_v0","factory":"00C0753FBF784C66","blueprint":"007294473357329E","properties":{"m_aBodyParts":{"type":"TArray<SEntityTemplateReference>","value":["2a6550c14804b801","43497c1aec4dcb60","607b952cecacb2b2","70ab79810db22053","849a58c20c2454c3","1006395254dd4436","71b48d11c56b65f3"]},"m_LocalColliders":{"type":"TArray<SEntityTemplateReference>","value":[]},"m_mTransform":{"type":"SMatrix43","value":{"rotation":{"x":0,"y":0,"z":-2.4017390756260815},"position":{"x":47.00046157836914,"y":34.00394058227539,"z":-0.006643999833613634}}},"m_pBonesAndCollisionResource":{"type":"ZRuntimeResourceID","value":{"resource":"0017416135CF879C","flag":"5F"}}}}},"propertyOverrides":[],"overrideDeletes":[],"pinConnectionOverrides":[],"pinConnectionOverrideDeletes":[],"externalScenes":[],"subType":"template","quickEntityVersion":3.1,"extraFactoryDependencies":[{"resource":"[assembly:/_pro/characters/assets/_apparel/accessories/buttons/textures/buttons_01.texture?/normal_a.tex](asnormalmap).pc_tex","flag":"5F"},{"resource":"007BBE2E48BD227A","flag":"5F"},{"resource":"006D7D55EEB61D8D","flag":"5F"},{"resource":"00170F40F9B4A653","flag":"5F"},{"resource":"[assembly:/_pro/characters/assets/hero/agent47/textures/agent47_gloves_white.texture?/normal_a.tex](asnormalmap).pc_tex","flag":"5F"},{"resource":"[assembly:/_pro/characters/assets/hero/agent47/textures/agent47_gloves_white.texture?/specular_a.tex](ascolormap).pc_tex","flag":"5F"},{"resource":"[assembly:/_pro/characters/assets/hero/agent47/textures/agent47_gloves_white.texture?/diffuse_a.tex](ascolormap).pc_tex","flag":"5F"},{"resource":"00011DE6E784E34C","flag":"5F"},{"resource":"00CE235077E58A59","flag":"5F"},{"resource":"002054DBD354DDED","flag":"5F"},{"resource":"00AEF0239623DB33","flag":"5F"},{"resource":"006A9072F2C78523","flag":"5F"},{"resource":"[assembly:/_pro/characters/assets/hero/agent47/textures/shoes_suit.texture?/diffuse_a.tex](ascolormap).pc_tex","flag":"5F"},{"resource":"[assembly:/_pro/characters/assets/hero/agent47/textures/shoes_suit.texture?/specular_a.tex](ascolormap).pc_tex","flag":"5F"},{"resource":"[assembly:/_pro/characters/assets/hero/agent47/textures/shoes_suit.texture?/normal_a.tex](asnormalmap).pc_tex","flag":"5F"},{"resource":"00A05761E67B636C","flag":"5F"},{"resource":"007D850436B0A092","flag":"5F"},{"resource":"00D247582859CA87","flag":"5F"},{"resource":"00D20CA72E352D16","flag":"5F"}],"extraBlueprintDependencies":[],"comments":[]}