{"tempHash":"002E28E4D2B84C72","tbluHash":"005BF335BCD6134E","patch":[{"RemoveEntityByID":"6ad3dbd67da3e755"},{"RemoveEntityByID":"e82b36af99661c51"},{"RemoveEntityByID":"919e14079d141b"},{"SubEntityOperation":["8ddcc94df76674b3",{"PatchArrayPropertyValue":["m_aBodyParts",[{"RemoveItemByValue":"919e14079d141b"},{"AddItemAfter":["4af6e0e7f64dfcf5","00919e14079d141b"]}]]}]},{"AddEntity":["00919e14079d141b",{"parent":"8ddcc94df76674b3","name":"Arms_Biceps_Hand","factory":"0081BA55B3D8292E","blueprint":"00CFA61BB1571AF8"}]},{"SubEntityOperation":["2e126334092ddd5e",{"PatchArrayPropertyValue":["Clients",[{"RemoveItemByValue":"919e14079d141b"},{"AddItem":"00919e14079d141b"}]]}]}],"patchVersion":6}