{"tempHash":"002F2AB8C63CED72","tbluHash":"00777DFED39BA7C0","patch":[{"RemoveEntityByID":"d591da965093412f"},{"RemoveEntityByID":"3497e683daa2c209"},{"SubEntityOperation":["bc1e1de9cb347eca",{"RemoveEventConnection":["Lerp","ConstantVector1D_14_Value","3497e683daa2c209"]}]},{"SubEntityOperation":["919d9ac4727ca3dd",{"PatchArrayPropertyValue":["m_aBodyParts",[{"RemoveItemByValue":"d591da965093412f"}]]}]},{"SubEntityOperation":["945f519cf62f2a3",{"RemoveEventConnection":["Lerp","ConstantVector1D_06_Value","3497e683daa2c209"]}]},{"SubEntityOperation":["aceb523d421bf049",{"RemoveAllEventConnectionsForEvent":"Lerp"}]}],"patchVersion":6}