{"tempHash":"006B2C62AD38044C","tbluHash":"00AB6387A6C6DD01","rootEntity":"8d2dd8c9d88913be","entities":{"33eb384f697f2293":{"parent":"1ab906663e18be75","name":"C_Neck","factory":"[assembly:/templates/aspectdummy.aspect]([modules:/zclothsphere.class].entitytype,[modules:/zboneattachaspect.class].entitytype).pc_entitytype","blueprint":"[assembly:/templates/aspectdummy.aspect]([modules:/zclothsphere.class].entitytype,[modules:/zboneattachaspect.class].entitytype).pc_entityblueprint","properties":{"m_BoneName":{"type":"ZString","value":"Neck"},"m_linkedEntity":{"type":"SEntityTemplateReference","value":null},"m_fRadius":{"type":"float32","value":0.08500000089406967},"m_mTransform":{"type":"SMatrix43","value":{"rotation":{"x":0,"y":0,"z":0},"position":{"x":0,"y":0,"z":0}}},"m_bEnabled":{"type":"bool","value":true},"m_eidParent":{"type":"SEntityTemplateReference","value":"1ab906663e18be75","postInit":true}}},"9687f71a55b68bb2":{"parent":"8d2dd8c9d88913be","name":"ChildNetwork","factory":"[modules:/zchildnetworkentity.class].pc_entitytype","blueprint":"[modules:/zchildnetworkentity.class].pc_entityblueprint","properties":{"m_RuntimeNetworkResourceID":{"type":"ZRuntimeResourceID","value":{"resource":"[assembly:/animationnetworks/hitman01/idles/suitidle.aln].pc_rtn","flag":"9F"}}}},"310514597cb7040d":{"parent":"8d2dd8c9d88913be","name":"Lerp 2","factory":"[modules:/zmathlerp.class].pc_entitytype","blueprint":"[modules:/zmathlerp.class].pc_entityblueprint","properties":{"m_A":{"type":"float32","value":1},"m_B":{"type":"float32","value":2},"m_fT":{"type":"float32","value":0}},"events":{"Lerp":{"ConstantVector1D_06_Value":["4a9b56626e8834a6"],"Jacket_NormalBump":["322790432fef177c"],"JacketSleave_NormalBump":["322790432fef177c"],"Shirt_NormalBump":["322790432fef177c"],"ConstantVector1D_04_Value":["f77197256491c642"]}}},"8d2dd8c9d88913be":{"parent":null,"name":"OUTFIT_Agent47_SignatureSuit_Gloves_HeroA_v0","factory":"[assembly:/templates/aspectdummy.aspect]([modules:/zlinkedproxyentity.class].entitytype,[modules:/zclothcharacterentity.class].entitytype,[modules:/zheroidlenetworkaspect.class].entitytype).pc_entitytype","blueprint":"[assembly:/templates/aspectdummy.aspect]([modules:/zlinkedproxyentity.class].entitytype,[modules:/zclothcharacterentity.class].entitytype,[modules:/zheroidlenetworkaspect.class].entitytype).pc_entityblueprint","properties":{"m_ResourceID":{"type":"ZRuntimeResourceID","value":null},"m_fLODScale":{"type":"float32","value":1},"m_mTransform":{"type":"SMatrix43","value":{"rotation":{"x":0,"y":0,"z":2.0785738327540413},"position":{"x":40.983638763427734,"y":4.180305004119873,"z":0}}},"m_pBonesAndCollisionResource":{"type":"ZRuntimeResourceID","value":{"resource":"0017416135CF879C","flag":"5F"}},"m_bUsePerVertexStiffness":{"type":"bool","value":true},"m_LocalColliders":{"type":"TArray<SEntityTemplateReference>","value":[]},"m_bGlobalCollidersEnabled":{"type":"bool","value":false},"m_fDamping":{"type":"float32","value":1},"m_fBendStiffness":{"type":"float32","value":1},"m_bUsePerVertexDamping":{"type":"bool","value":true},"m_fShearStiffness":{"type":"float32","value":1},"m_bUseSkinningPosNormalConstrains":{"type":"bool","value":true},"m_bUseSkinningNegNormalConstrains":{"type":"bool","value":true},"m_nIterations":{"type":"uint32","value":2},"m_fFrequency":{"type":"float32","value":90},"m_vTranslationScale":{"type":"SVector3","value":{"x":0.10000000149011612,"y":0.10000000149011612,"z":0.10000000149011612}},"m_vGravity":{"type":"SVector3","value":{"x":0,"y":0,"z":-13}},"m_fLODOffset":{"type":"float32","value":100},"m_fDragConstant":{"type":"float32","value":1},"m_eStretchConstrainType":{"type":"EClothStretchConstrainType","value":"eClothBendConstrainType_LRA"},"m_fAngularVelocityThreshold":{"type":"float32","value":60},"m_eRootBone":{"type":"BoneId.Enum","value":"PELVIS"},"m_bEnableAngularVelocityScale":{"type":"bool","value":true},"m_eBendConstrainType":{"type":"EClothBendConstrainType","value":"eClothBendConstrainType_Triangle"},"m_pIdleAnimNetworkEntity":{"type":"SEntityTemplateReference","value":"9687f71a55b68bb2"},"m_bRandomStartState":{"type":"bool","value":true},"m_fWindConstant":{"type":"float32","value":0.10000000149011612},"m_bSimulationEnabled":{"type":"bool","value":true},"m_aBodyParts":{"type":"TArray<SEntityTemplateReference>","value":["4a9b56626e8834a6","f77197256491c642","f9c0ea75115908ec","322790432fef177c","2e7fb675de2aed3d","d1c271d55dee239d","a13fe80799ac0549"],"postInit":true}}},"4f4dc728290ca20b":{"parent":"8d2dd8c9d88913be","name":"Lerp 3","factory":"[modules:/zmathlerp.class].pc_entitytype","blueprint":"[modules:/zmathlerp.class].pc_entityblueprint","properties":{"m_B":{"type":"float32","value":0.30000001192092896},"m_fT":{"type":"float32","value":0}},"events":{"Lerp":{"ConstantVector1D_14_Value":["4a9b56626e8834a6"],"ConstantVector1D_04_Value":["f9c0ea75115908ec","d1c271d55dee239d","2e7fb675de2aed3d"],"Shirt_RoughnessMin":["322790432fef177c"]}}},"259f7f28235d2cc6":{"parent":"48025dd95636cbbc","name":"male_reg_dress_shirt_long_sleeve_01","factory":"008F3CBB410A44C6","blueprint":"00789AC05E51C0A9","properties":{"m_mTransform":{"type":"SMatrix43","value":{"rotation":{"x":0,"y":0,"z":0},"position":{"x":0,"y":0,"z":0}}},"ConstantVector1D_01_Value_op":{"type":"IRenderMaterialEntity.EModifierOperation","value":"eReplace"},"Diffuse_Color_01_Value_op":{"type":"IRenderMaterialEntity.EModifierOperation","value":"eReplace"},"ConstantVector1D_14_Value_op":{"type":"IRenderMaterialEntity.EModifierOperation","value":"eReplace"},"ConstantVector1D_06_Value_op":{"type":"IRenderMaterialEntity.EModifierOperation","value":"eReplace"},"Diffuse_Color_01_Value":{"type":"SColorRGB","value":"#ffffff"},"ConstantVector1D_01_Value":{"type":"float32","value":0.4000000059604645},"Clients":{"type":"TArray<SEntityTemplateReference>","value":["48025dd95636cbbc"],"postInit":true},"m_eidParent":{"type":"SEntityTemplateReference","value":"48025dd95636cbbc","postInit":true}}},"5126195dc7f2fac7":{"parent":"1ab906663e18be75","name":"C_Clavicle_L","factory":"[assembly:/templates/aspectdummy.aspect]([modules:/zclothsphere.class].entitytype,[modules:/zboneattachaspect.class].entitytype).pc_entitytype","blueprint":"[assembly:/templates/aspectdummy.aspect]([modules:/zclothsphere.class].entitytype,[modules:/zboneattachaspect.class].entitytype).pc_entityblueprint","properties":{"m_BoneName":{"type":"ZString","value":"L_Clavicle"},"m_linkedEntity":{"type":"SEntityTemplateReference","value":null},"m_fRadius":{"type":"float32","value":0.08500000089406967},"m_mTransform":{"type":"SMatrix43","value":{"rotation":{"x":0,"y":0,"z":0},"position":{"x":0,"y":0,"z":0}}},"m_bEnabled":{"type":"bool","value":true},"m_eidParent":{"type":"SEntityTemplateReference","value":"1ab906663e18be75","postInit":true}}},"491202027374c418":{"parent":"4a9b56626e8834a6","name":"male_reg_suit_pants_01","factory":"0074A1B094FC4120","blueprint":"0007754D66EDCF32","properties":{"m_mTransform":{"type":"SMatrix43","value":{"rotation":{"x":0,"y":0,"z":0},"position":{"x":0,"y":0,"z":0}}},"ConstantVector1D_01_Value_op":{"type":"IRenderMaterialEntity.EModifierOperation","value":"eLeave"},"ConstantVector1D_01_Value":{"type":"float32","value":0.20000000298023224},"Active":{"type":"bool","value":true},"ConstantVector1D_16_Value_op":{"type":"IRenderMaterialEntity.EModifierOperation","value":"eReplace"},"ConstantVector1D_16_Value":{"type":"float32","value":0.5},"ConstantVector1D_03_Value_op":{"type":"IRenderMaterialEntity.EModifierOperation","value":"eReplace"},"ConstantVector1D_03_Value":{"type":"float32","value":2},"ConstantVector1D_14_Value_op":{"type":"IRenderMaterialEntity.EModifierOperation","value":"eReplace"},"ConstantVector1D_14_Value":{"type":"float32","value":0.05000000074505806},"Texture2D_01_enab":{"type":"bool","value":true},"Texture2D_01":{"type":"ZRuntimeResourceID","value":{"resource":"00AF802D36A4241A","flag":"5F"}},"Diffuse_Color_01_Value_op":{"type":"IRenderMaterialEntity.EModifierOperation","value":"eReplace"},"Diffuse_Color_01_Value":{"type":"SColorRGB","value":"#1f1f1f"},"ConstantVector1D_13_Value_op":{"type":"IRenderMaterialEntity.EModifierOperation","value":"eReplace"},"ConstantVector1D_13_Value":{"type":"float32","value":0},"Texture2D_03_enab":{"type":"bool","value":true},"ConstantVector1D_15_Value_op":{"type":"IRenderMaterialEntity.EModifierOperation","value":"eReplace"},"ConstantVector1D_15_Value":{"type":"float32","value":7},"ConstantVector1D_06_Value_op":{"type":"IRenderMaterialEntity.EModifierOperation","value":"eReplace"},"m_eidParent":{"type":"SEntityTemplateReference","value":"8d2dd8c9d88913be"},"Clients":{"type":"TArray<SEntityTemplateReference>","value":["4a9b56626e8834a6"],"postInit":true}}},"5b6a34b54f320d0e":{"parent":"8d2dd8c9d88913be","name":"Lerp 6","factory":"[modules:/zmathlerp.class].pc_entitytype","blueprint":"[modules:/zmathlerp.class].pc_entityblueprint","properties":{"m_A":{"type":"float32","value":0.20000000298023224},"m_fT":{"type":"float32","value":0},"m_B":{"type":"float32","value":0.4000000059604645}},"events":{"Lerp":{"TieRoughnessMin":["322790432fef177c"]}}},"7efb86fac7d44284":{"parent":"1ab906663e18be75","name":"C_Knee_L","factory":"[assembly:/templates/aspectdummy.aspect]([modules:/zclothsphere.class].entitytype,[modules:/zboneattachaspect.class].entitytype).pc_entitytype","blueprint":"[assembly:/templates/aspectdummy.aspect]([modules:/zclothsphere.class].entitytype,[modules:/zboneattachaspect.class].entitytype).pc_entityblueprint","properties":{"m_fRadius":{"type":"float32","value":0.10000000149011612},"m_BoneName":{"type":"ZString","value":"LThighTwist2"},"m_linkedEntity":{"type":"SEntityTemplateReference","value":null},"m_mTransform":{"type":"SMatrix43","value":{"rotation":{"x":0,"y":0.019767042409995977,"z":0},"position":{"x":0.12600800395011902,"y":-0.011082000099122524,"z":-0.008000999689102173}}},"m_eidParent":{"type":"SEntityTemplateReference","value":"1ab906663e18be75","postInit":true}}},"a90e340972ad4b74":{"parent":"1ab906663e18be75","name":"C_Clavicle_R","factory":"[assembly:/templates/aspectdummy.aspect]([modules:/zclothsphere.class].entitytype,[modules:/zboneattachaspect.class].entitytype).pc_entitytype","blueprint":"[assembly:/templates/aspectdummy.aspect]([modules:/zclothsphere.class].entitytype,[modules:/zboneattachaspect.class].entitytype).pc_entityblueprint","properties":{"m_BoneName":{"type":"ZString","value":"R_Clavicle"},"m_linkedEntity":{"type":"SEntityTemplateReference","value":null},"m_fRadius":{"type":"float32","value":0.08500000089406967},"m_mTransform":{"type":"SMatrix43","value":{"rotation":{"x":0,"y":0,"z":0},"position":{"x":0,"y":0,"z":0}}},"m_bEnabled":{"type":"bool","value":true},"m_eidParent":{"type":"SEntityTemplateReference","value":"1ab906663e18be75","postInit":true}}},"58a0e261c93d6562":{"parent":"1ab906663e18be75","name":"C_Spine2_R","factory":"[assembly:/templates/aspectdummy.aspect]([modules:/zclothsphere.class].entitytype,[modules:/zboneattachaspect.class].entitytype).pc_entitytype","blueprint":"[assembly:/templates/aspectdummy.aspect]([modules:/zclothsphere.class].entitytype,[modules:/zboneattachaspect.class].entitytype).pc_entityblueprint","properties":{"m_BoneName":{"type":"ZString","value":"Spine2"},"m_linkedEntity":{"type":"SEntityTemplateReference","value":null},"m_fRadius":{"type":"float32","value":0.10999999940395355},"m_mTransform":{"type":"SMatrix43","value":{"rotation":{"x":-0.0022918311214044566,"y":0.03420557047927663,"z":7.753118538587159},"position":{"x":-0.030070999637246132,"y":0.059817999601364136,"z":-0.04059600085020065}}},"m_bEnabled":{"type":"bool","value":true},"m_eidParent":{"type":"SEntityTemplateReference","value":"1ab906663e18be75","postInit":true}}},"c686522f777217d6":{"parent":"1ab906663e18be75","name":"C_Palm_L","factory":"[assembly:/templates/aspectdummy.aspect]([modules:/zclothsphere.class].entitytype,[modules:/zboneattachaspect.class].entitytype).pc_entitytype","blueprint":"[assembly:/templates/aspectdummy.aspect]([modules:/zclothsphere.class].entitytype,[modules:/zboneattachaspect.class].entitytype).pc_entityblueprint","properties":{"m_BoneName":{"type":"ZString","value":"L_Hand"},"m_linkedEntity":{"type":"SEntityTemplateReference","value":null},"m_fRadius":{"type":"float32","value":0.07000000029802322},"m_mTransform":{"type":"SMatrix43","value":{"rotation":{"x":0,"y":0,"z":0},"position":{"x":0.10000000149011612,"y":0,"z":0}}},"m_bEnabled":{"type":"bool","value":true},"m_eidParent":{"type":"SEntityTemplateReference","value":"1ab906663e18be75","postInit":true}}},"a13fe80799ac0549":{"parent":"8d2dd8c9d88913be","name":"Socks_Ankle_Cut_Shoe","factory":"00C50F4D59B78463","blueprint":"0060BDFBAAFA9324","properties":{"Diffuse_Color_01_Value":{"type":"SColorRGB","value":"#3d3d3d"}}},"33687d246e3cfaad":{"parent":"1ab906663e18be75","name":"C_Spine1_R","factory":"[assembly:/templates/aspectdummy.aspect]([modules:/zclothsphere.class].entitytype,[modules:/zboneattachaspect.class].entitytype).pc_entitytype","blueprint":"[assembly:/templates/aspectdummy.aspect]([modules:/zclothsphere.class].entitytype,[modules:/zboneattachaspect.class].entitytype).pc_entityblueprint","properties":{"m_BoneName":{"type":"ZString","value":"Spine1"},"m_linkedEntity":{"type":"SEntityTemplateReference","value":null},"m_fRadius":{"type":"float32","value":0.11699999868869781},"m_mTransform":{"type":"SMatrix43","value":{"rotation":{"x":-0.04194050230329097,"y":0,"z":0.05597804157870976},"position":{"x":-0.030827999114990234,"y":0.03131699934601784,"z":-0.03530000150203705}}},"m_bEnabled":{"type":"bool","value":true},"m_eidParent":{"type":"SEntityTemplateReference","value":"1ab906663e18be75","postInit":true}}},"46d16b4a7fb5fb97":{"parent":"1ab906663e18be75","name":"C_TighMid_R","factory":"[assembly:/templates/aspectdummy.aspect]([modules:/zclothsphere.class].entitytype,[modules:/zboneattachaspect.class].entitytype).pc_entitytype","blueprint":"[assembly:/templates/aspectdummy.aspect]([modules:/zclothsphere.class].entitytype,[modules:/zboneattachaspect.class].entitytype).pc_entityblueprint","properties":{"m_fRadius":{"type":"float32","value":0.11500000208616257},"m_BoneName":{"type":"ZString","value":"RThighTwist1"},"m_linkedEntity":{"type":"SEntityTemplateReference","value":null},"m_mTransform":{"type":"SMatrix43","value":{"rotation":{"x":0.013980169653958504,"y":0,"z":0},"position":{"x":0.054016001522541046,"y":0.009703000076115131,"z":-0.01396500039845705}}},"m_eidParent":{"type":"SEntityTemplateReference","value":"1ab906663e18be75","postInit":true}}},"d90127b503d7011f":{"parent":"1ab906663e18be75","name":"CChain_Legs","factory":"[modules:/zclothspherechain.class].pc_entitytype","blueprint":"[modules:/zclothspherechain.class].pc_entityblueprint","properties":{"m_mTransform":{"type":"SMatrix43","value":{"rotation":{"x":0,"y":0,"z":0},"position":{"x":-0.0000001290655973207322,"y":0.000000002171457902377938,"z":0}}},"m_bCollisionGroup0":{"type":"bool","value":true},"m_bEnabled":{"type":"bool","value":true},"m_Spheres":{"type":"TArray<SEntityTemplateReference>","value":["65e90e367797e9e9","46d16b4a7fb5fb97","b35a0ad95fdb4a82","cade68b7dbae9b6b","4373a49b8c8cef9","7b76a3c3da2492a0","e38e57e8437b1a31","7efb86fac7d44284"],"postInit":true},"m_eidParent":{"type":"SEntityTemplateReference","value":"1ab906663e18be75","postInit":true}}},"65e90e367797e9e9":{"parent":"1ab906663e18be75","name":"C_Knee_R","factory":"[assembly:/templates/aspectdummy.aspect]([modules:/zclothsphere.class].entitytype,[modules:/zboneattachaspect.class].entitytype).pc_entitytype","blueprint":"[assembly:/templates/aspectdummy.aspect]([modules:/zclothsphere.class].entitytype,[modules:/zboneattachaspect.class].entitytype).pc_entityblueprint","properties":{"m_fRadius":{"type":"float32","value":0.10000000149011612},"m_BoneName":{"type":"ZString","value":"RThighTwist2"},"m_linkedEntity":{"type":"SEntityTemplateReference","value":null},"m_mTransform":{"type":"SMatrix43","value":{"rotation":{"x":0.01976704358638215,"y":0,"z":0},"position":{"x":0.12606200575828552,"y":-0.011234999634325504,"z":-0.0020119999535381794}}},"m_eidParent":{"type":"SEntityTemplateReference","value":"1ab906663e18be75","postInit":true}}},"4a9b56626e8834a6":{"parent":"8d2dd8c9d88913be","name":"Mesh_Pant","factory":"[modules:/zbodypartentity.class].pc_entitytype","blueprint":"[modules:/zbodypartentity.class].pc_entityblueprint","properties":{"m_pMeshResource":{"type":"ZRuntimeResourceID","value":{"resource":"00BA5932458C87E6","flag":"5F"}}},"inputCopying":{"ConstantVector1D_14_Value":{"ConstantVector1D_14_Value":["491202027374c418"]},"ConstantVector1D_06_Value":{"ConstantVector1D_06_Value":["491202027374c418"]},"ConstantVector1D_01_Value":{"ConstantVector1D_01_Value":["491202027374c418"]}}},"830ccf34c5b0b2a6":{"parent":"48025dd95636cbbc","name":"buttons_01","factory":"[assembly:/_pro/characters/assets/_apparel/accessories/buttons/materials/buttons_01.mi].pc_entitytype","blueprint":"[assembly:/_pro/characters/assets/_apparel/accessories/buttons/materials/buttons_01.mi].pc_entityblueprint","properties":{"ConstantVector1D_01_Value_op":{"type":"IRenderMaterialEntity.EModifierOperation","value":"eReplace"},"ConstantVector1D_01_Value":{"type":"float32","value":0},"Clients":{"type":"TArray<SEntityTemplateReference>","value":["48025dd95636cbbc"],"postInit":true},"m_eidParent":{"type":"SEntityTemplateReference","value":"48025dd95636cbbc","postInit":true}}},"129970c39c58d892":{"parent":"d1c271d55dee239d","name":"male_reg_belt_01","factory":"0043725859FC505F","blueprint":"0023812E573A1012","properties":{"m_mTransform":{"type":"SMatrix43","value":{"rotation":{"x":0,"y":0,"z":0},"position":{"x":0,"y":0,"z":0}}},"Diffuse_Saturation_01_Value_op":{"type":"IRenderMaterialEntity.EModifierOperation","value":"eReplace"},"Diffuse_Saturation_01_Value":{"type":"float32","value":0.10000000149011612},"ConstantVector1D_01_Value_op":{"type":"IRenderMaterialEntity.EModifierOperation","value":"eReplace"},"ConstantVector1D_01_Value":{"type":"float32","value":0.20000000298023224},"ConstantVector1D_04_Value_op":{"type":"IRenderMaterialEntity.EModifierOperation","value":"eReplace"},"m_eidParent":{"type":"SEntityTemplateReference","value":"8d2dd8c9d88913be"},"Clients":{"type":"TArray<SEntityTemplateReference>","value":["d1c271d55dee239d"],"postInit":true}}},"b35a0ad95fdb4a82":{"parent":"1ab906663e18be75","name":"C_TighTop_R","factory":"[assembly:/templates/aspectdummy.aspect]([modules:/zclothsphere.class].entitytype,[modules:/zboneattachaspect.class].entitytype).pc_entitytype","blueprint":"[assembly:/templates/aspectdummy.aspect]([modules:/zclothsphere.class].entitytype,[modules:/zboneattachaspect.class].entitytype).pc_entityblueprint","properties":{"m_fRadius":{"type":"float32","value":0.14100000262260437},"m_BoneName":{"type":"ZString","value":"RThighTwist"},"m_linkedEntity":{"type":"SEntityTemplateReference","value":null},"m_mTransform":{"type":"SMatrix43","value":{"rotation":{"x":0,"y":0.027960334313977715,"z":0},"position":{"x":0.04392499849200249,"y":0.010266999714076519,"z":-0.03521699830889702}}},"m_eidParent":{"type":"SEntityTemplateReference","value":"1ab906663e18be75","postInit":true}}},"8c6149da317e1fd1":{"parent":"48025dd95636cbbc","name":"male_reg_suit_jacket_01_open","factory":"009762DAE23E62A4","blueprint":"00556A50017B3C2C","properties":{"Diffuse_Color_01_Value_op":{"type":"IRenderMaterialEntity.EModifierOperation","value":"eReplace"},"ConstantVector1D_01_Value_op":{"type":"IRenderMaterialEntity.EModifierOperation","value":"eReplace"},"ConstantVector1D_01_Value":{"type":"float32","value":20},"Active":{"type":"bool","value":true},"ConstantVector1D_16_Value_op":{"type":"IRenderMaterialEntity.EModifierOperation","value":"eReplace"},"ConstantVector1D_16_Value":{"type":"float32","value":0.5},"ConstantVector1D_03_Value_op":{"type":"IRenderMaterialEntity.EModifierOperation","value":"eReplace"},"ConstantVector1D_03_Value":{"type":"float32","value":1.75},"ConstantVector1D_14_Value_op":{"type":"IRenderMaterialEntity.EModifierOperation","value":"eReplace"},"ConstantVector1D_14_Value":{"type":"float32","value":-0.25},"Texture2D_01_enab":{"type":"bool","value":true},"Texture2D_01":{"type":"ZRuntimeResourceID","value":{"resource":"0047B2AC98210F8C","flag":"5F"}},"Diffuse_Color_01_Value":{"type":"SColorRGB","value":"#474747"},"ConstantVector1D_15_Value_op":{"type":"IRenderMaterialEntity.EModifierOperation","value":"eReplace"},"ConstantVector1D_15_Value":{"type":"float32","value":1.399999976158142},"ConstantVector1D_13_Value_op":{"type":"IRenderMaterialEntity.EModifierOperation","value":"eReplace"},"ConstantVector1D_13_Value":{"type":"float32","value":0},"Texture2D_03_enab":{"type":"bool","value":true},"Texture2D_03":{"type":"ZRuntimeResourceID","value":{"resource":"003DC44EE0B0DB99","flag":"5F"}},"Texture2DNormal_01_enab":{"type":"bool","value":true},"ConstantVector1D_06_Value_op":{"type":"IRenderMaterialEntity.EModifierOperation","value":"eReplace"},"Clients":{"type":"TArray<SEntityTemplateReference>","value":["48025dd95636cbbc"],"postInit":true},"m_eidParent":{"type":"SEntityTemplateReference","value":"48025dd95636cbbc","postInit":true}}},"e35aa15c68e99fe6":{"parent":"1ab906663e18be75","name":"C_Hand_R","factory":"[assembly:/templates/aspectdummy.aspect]([modules:/zclothsphere.class].entitytype,[modules:/zboneattachaspect.class].entitytype).pc_entitytype","blueprint":"[assembly:/templates/aspectdummy.aspect]([modules:/zclothsphere.class].entitytype,[modules:/zboneattachaspect.class].entitytype).pc_entityblueprint","properties":{"m_BoneName":{"type":"ZString","value":"R_Hand"},"m_linkedEntity":{"type":"SEntityTemplateReference","value":null},"m_fRadius":{"type":"float32","value":0.07000000029802322},"m_mTransform":{"type":"SMatrix43","value":{"rotation":{"x":0,"y":0,"z":0},"position":{"x":0,"y":0,"z":0}}},"m_bEnabled":{"type":"bool","value":true},"m_eidParent":{"type":"SEntityTemplateReference","value":"1ab906663e18be75","postInit":true}}},"5e97672e94e9bec":{"parent":"1ab906663e18be75","name":"C_Spine_L","factory":"[assembly:/templates/aspectdummy.aspect]([modules:/zclothsphere.class].entitytype,[modules:/zboneattachaspect.class].entitytype).pc_entitytype","blueprint":"[assembly:/templates/aspectdummy.aspect]([modules:/zclothsphere.class].entitytype,[modules:/zboneattachaspect.class].entitytype).pc_entityblueprint","properties":{"m_BoneName":{"type":"ZString","value":"Spine"},"m_linkedEntity":{"type":"SEntityTemplateReference","value":null},"m_fRadius":{"type":"float32","value":0.11999999731779099},"m_mTransform":{"type":"SMatrix43","value":{"rotation":{"x":0,"y":-0.027960334313977715,"z":0},"position":{"x":0.000003999999989900971,"y":0.024267999455332756,"z":0.047951001673936844}}},"m_bEnabled":{"type":"bool","value":true},"m_bCollisionGroup0":{"type":"bool","value":true},"m_eidParent":{"type":"SEntityTemplateReference","value":"1ab906663e18be75","postInit":true}}},"c63ba4c170853d4d":{"parent":"1ab906663e18be75","name":"C_Spine_R","factory":"[assembly:/templates/aspectdummy.aspect]([modules:/zclothsphere.class].entitytype,[modules:/zboneattachaspect.class].entitytype).pc_entitytype","blueprint":"[assembly:/templates/aspectdummy.aspect]([modules:/zclothsphere.class].entitytype,[modules:/zboneattachaspect.class].entitytype).pc_entityblueprint","properties":{"m_BoneName":{"type":"ZString","value":"Spine"},"m_linkedEntity":{"type":"SEntityTemplateReference","value":null},"m_fRadius":{"type":"float32","value":0.11999999731779099},"m_mTransform":{"type":"SMatrix43","value":{"rotation":{"x":0,"y":-0.027960334313977715,"z":0},"position":{"x":0.000018000000636675395,"y":0.022804999724030495,"z":-0.05074699968099594}}},"m_bEnabled":{"type":"bool","value":true},"m_bCollisionGroup0":{"type":"bool","value":true},"m_eidParent":{"type":"SEntityTemplateReference","value":"1ab906663e18be75","postInit":true}}},"d98ce3dadc0ba18":{"parent":"1ab906663e18be75","name":"CChain_Spine_L","factory":"[modules:/zclothspherechain.class].pc_entitytype","blueprint":"[modules:/zclothspherechain.class].pc_entityblueprint","properties":{"m_mTransform":{"type":"SMatrix43","value":{"rotation":{"x":0,"y":0,"z":0},"position":{"x":-0.0000001290655973207322,"y":0.000000002171457902377938,"z":0}}},"m_Spheres":{"type":"TArray<SEntityTemplateReference>","value":["5e97672e94e9bec","522ac90889a2b06d","cf4a26e0e6fd1603"],"postInit":true},"m_eidParent":{"type":"SEntityTemplateReference","value":"1ab906663e18be75","postInit":true}}},"fb0241c7cb2ee50c":{"parent":"8d2dd8c9d88913be","name":"Lerp 5","factory":"[modules:/zmathlerp.class].pc_entitytype","blueprint":"[modules:/zmathlerp.class].pc_entityblueprint","properties":{"m_A":{"type":"float32","value":-0.25},"m_fT":{"type":"float32","value":0},"m_B":{"type":"float32","value":0.20000000298023224}},"events":{"Lerp":{"Jacket_RoughnessMin":["322790432fef177c"],"JacketSleave_RoughnessMin":["322790432fef177c"]}}},"4464f4637cf02486":{"parent":"8d2dd8c9d88913be","name":"Lerp 4","factory":"[modules:/zmathlerp.class].pc_entitytype","blueprint":"[modules:/zmathlerp.class].pc_entityblueprint","properties":{"m_B":{"type":"float32","value":0.20000000298023224},"m_fT":{"type":"float32","value":0},"m_A":{"type":"float32","value":0.4000000059604645}},"events":{"Lerp":{"JacketSleave_DiffuseAlbedo":["322790432fef177c"],"Shirt_DiffuseAlbedo":["322790432fef177c"]}}},"4e22ddd8f0003035":{"parent":"48025dd95636cbbc","name":"buttons_03_shirt","factory":"[assembly:/_pro/characters/assets/_apparel/accessories/buttons/materials/buttons_03_shirt.mi].pc_entitytype","blueprint":"[assembly:/_pro/characters/assets/_apparel/accessories/buttons/materials/buttons_03_shirt.mi].pc_entityblueprint","properties":{"ConstantVector1D_01_Value_op":{"type":"IRenderMaterialEntity.EModifierOperation","value":"eReplace"},"ConstantVector1D_01_Value":{"type":"float32","value":0.5},"Diffuse_Saturation_01_Value_op":{"type":"IRenderMaterialEntity.EModifierOperation","value":"eReplace"},"Diffuse_Saturation_01_Value":{"type":"float32","value":0},"Active":{"type":"bool","value":true},"Clients":{"type":"TArray<SEntityTemplateReference>","value":["48025dd95636cbbc"],"postInit":true},"m_eidParent":{"type":"SEntityTemplateReference","value":"48025dd95636cbbc","postInit":true}}},"9ed1091e3cfe71ae":{"parent":"1ab906663e18be75","name":"C_Palm_R","factory":"[assembly:/templates/aspectdummy.aspect]([modules:/zclothsphere.class].entitytype,[modules:/zboneattachaspect.class].entitytype).pc_entitytype","blueprint":"[assembly:/templates/aspectdummy.aspect]([modules:/zclothsphere.class].entitytype,[modules:/zboneattachaspect.class].entitytype).pc_entityblueprint","properties":{"m_BoneName":{"type":"ZString","value":"R_Hand"},"m_linkedEntity":{"type":"SEntityTemplateReference","value":null},"m_fRadius":{"type":"float32","value":0.07000000029802322},"m_mTransform":{"type":"SMatrix43","value":{"rotation":{"x":0,"y":0,"z":0},"position":{"x":0.10000000149011612,"y":0,"z":0}}},"m_bEnabled":{"type":"bool","value":true},"m_eidParent":{"type":"SEntityTemplateReference","value":"1ab906663e18be75","postInit":true}}},"d1c271d55dee239d":{"parent":"8d2dd8c9d88913be","name":"Mesh_Belt","factory":"[modules:/zbodypartentity.class].pc_entitytype","blueprint":"[modules:/zbodypartentity.class].pc_entityblueprint","properties":{"m_pMeshResource":{"type":"ZRuntimeResourceID","value":{"resource":"00952E54D9CE47BA","flag":"5F"}}},"inputCopying":{"ConstantVector1D_04_Value":{"ConstantVector1D_04_Value":["129970c39c58d892"]}}},"fa2161a9f1474678":{"parent":"8d2dd8c9d88913be","name":"FX_Hitman_Wet_Logic_Character","factory":"0067CFB703A80787","blueprint":"00AA88C960CD2080","properties":{"HeadMaterialOverride":{"type":"TArray<SEntityTemplateReference>","value":["8d2dd8c9d88913be"]},"HeadMaterialToOverride":{"type":"ZRuntimeResourceID","value":{"resource":"009F7978C601815A","flag":"5F"}}},"events":{"HitmanWetness":{"T":["602420275c890a36","310514597cb7040d","fb0241c7cb2ee50c","4f4dc728290ca20b","4464f4637cf02486","5b6a34b54f320d0e"]}}},"1bc3c892b811e811":{"parent":"1ab906663e18be75","name":"C_UpperArm_R","factory":"[assembly:/templates/aspectdummy.aspect]([modules:/zclothsphere.class].entitytype,[modules:/zboneattachaspect.class].entitytype).pc_entitytype","blueprint":"[assembly:/templates/aspectdummy.aspect]([modules:/zclothsphere.class].entitytype,[modules:/zboneattachaspect.class].entitytype).pc_entityblueprint","properties":{"m_BoneName":{"type":"ZString","value":"R_UpperArm"},"m_linkedEntity":{"type":"SEntityTemplateReference","value":null},"m_fRadius":{"type":"float32","value":0.07999999821186066},"m_mTransform":{"type":"SMatrix43","value":{"rotation":{"x":0,"y":0,"z":0},"position":{"x":0,"y":0,"z":0}}},"m_bEnabled":{"type":"bool","value":true},"m_eidParent":{"type":"SEntityTemplateReference","value":"1ab906663e18be75","postInit":true}}},"2e7fb675de2aed3d":{"parent":"8d2dd8c9d88913be","name":"Head_47","factory":"00537D16B5CE7286","blueprint":"00F2E4A932ECAA63"},"cf4a26e0e6fd1603":{"parent":"1ab906663e18be75","name":"C_Spine2_L","factory":"[assembly:/templates/aspectdummy.aspect]([modules:/zclothsphere.class].entitytype,[modules:/zboneattachaspect.class].entitytype).pc_entitytype","blueprint":"[assembly:/templates/aspectdummy.aspect]([modules:/zclothsphere.class].entitytype,[modules:/zboneattachaspect.class].entitytype).pc_entityblueprint","properties":{"m_BoneName":{"type":"ZString","value":"Spine2"},"m_linkedEntity":{"type":"SEntityTemplateReference","value":null},"m_fRadius":{"type":"float32","value":0.11999999731779099},"m_mTransform":{"type":"SMatrix43","value":{"rotation":{"x":0.034205576629592435,"y":0.002291830302742032,"z":7.746362404366633},"position":{"x":-0.03236699849367142,"y":0.043060000985860825,"z":0.040146999061107635}}},"m_bEnabled":{"type":"bool","value":true},"m_eidParent":{"type":"SEntityTemplateReference","value":"1ab906663e18be75","postInit":true}}},"602420275c890a36":{"parent":"8d2dd8c9d88913be","name":"Lerp","factory":"[modules:/zmathlerp.class].pc_entitytype","blueprint":"[modules:/zmathlerp.class].pc_entityblueprint","properties":{"m_B":{"type":"float32","value":10},"m_fT":{"type":"float32","value":0},"m_A":{"type":"float32","value":20}},"events":{"Lerp":{"Jacket_DiffuseAlbedo":["322790432fef177c"]}}},"e447fc91bb1fcb3b":{"parent":"1ab906663e18be75","name":"C_Forearm_R","factory":"[assembly:/templates/aspectdummy.aspect]([modules:/zclothsphere.class].entitytype,[modules:/zboneattachaspect.class].entitytype).pc_entitytype","blueprint":"[assembly:/templates/aspectdummy.aspect]([modules:/zclothsphere.class].entitytype,[modules:/zboneattachaspect.class].entitytype).pc_entityblueprint","properties":{"m_BoneName":{"type":"ZString","value":"R_Forearm"},"m_linkedEntity":{"type":"SEntityTemplateReference","value":null},"m_fRadius":{"type":"float32","value":0.07000000029802322},"m_mTransform":{"type":"SMatrix43","value":{"rotation":{"x":0,"y":0,"z":0},"position":{"x":0,"y":0,"z":0}}},"m_bEnabled":{"type":"bool","value":true},"m_eidParent":{"type":"SEntityTemplateReference","value":"1ab906663e18be75","postInit":true}}},"6c858c9955a46bc4":{"parent":"1ab906663e18be75","name":"C_Head","factory":"[assembly:/templates/aspectdummy.aspect]([modules:/zclothsphere.class].entitytype,[modules:/zboneattachaspect.class].entitytype).pc_entitytype","blueprint":"[assembly:/templates/aspectdummy.aspect]([modules:/zclothsphere.class].entitytype,[modules:/zboneattachaspect.class].entitytype).pc_entityblueprint","properties":{"m_BoneName":{"type":"ZString","value":"Head"},"m_linkedEntity":{"type":"SEntityTemplateReference","value":null},"m_fRadius":{"type":"float32","value":0.125},"m_mTransform":{"type":"SMatrix43","value":{"rotation":{"x":0,"y":0,"z":0},"position":{"x":0.07091700285673141,"y":0.03724899888038635,"z":0}}},"m_bEnabled":{"type":"bool","value":true},"m_eidParent":{"type":"SEntityTemplateReference","value":"1ab906663e18be75","postInit":true}}},"522ac90889a2b06d":{"parent":"1ab906663e18be75","name":"C_Spine1_L","factory":"[assembly:/templates/aspectdummy.aspect]([modules:/zclothsphere.class].entitytype,[modules:/zboneattachaspect.class].entitytype).pc_entitytype","blueprint":"[assembly:/templates/aspectdummy.aspect]([modules:/zclothsphere.class].entitytype,[modules:/zboneattachaspect.class].entitytype).pc_entityblueprint","properties":{"m_BoneName":{"type":"ZString","value":"Spine1"},"m_linkedEntity":{"type":"SEntityTemplateReference","value":null},"m_fRadius":{"type":"float32","value":0.11699999868869781},"m_mTransform":{"type":"SMatrix43","value":{"rotation":{"x":0,"y":0,"z":0},"position":{"x":-0.03165699914097786,"y":0.02728099934756756,"z":0.04916999861598015}}},"m_bEnabled":{"type":"bool","value":true},"m_eidParent":{"type":"SEntityTemplateReference","value":"1ab906663e18be75","postInit":true}}},"8e67affedee5cfbd":{"parent":"1ab906663e18be75","name":"C_Hand_L","factory":"[assembly:/templates/aspectdummy.aspect]([modules:/zclothsphere.class].entitytype,[modules:/zboneattachaspect.class].entitytype).pc_entitytype","blueprint":"[assembly:/templates/aspectdummy.aspect]([modules:/zclothsphere.class].entitytype,[modules:/zboneattachaspect.class].entitytype).pc_entityblueprint","properties":{"m_BoneName":{"type":"ZString","value":"L_Hand"},"m_linkedEntity":{"type":"SEntityTemplateReference","value":null},"m_fRadius":{"type":"float32","value":0.07000000029802322},"m_mTransform":{"type":"SMatrix43","value":{"rotation":{"x":0,"y":0,"z":0},"position":{"x":0,"y":0,"z":0}}},"m_bEnabled":{"type":"bool","value":true},"m_eidParent":{"type":"SEntityTemplateReference","value":"1ab906663e18be75","postInit":true}}},"3df05f1098d714ff":{"parent":"1ab906663e18be75","name":"CChain_Spine_R","factory":"[modules:/zclothspherechain.class].pc_entitytype","blueprint":"[modules:/zclothspherechain.class].pc_entityblueprint","properties":{"m_Spheres":{"type":"TArray<SEntityTemplateReference>","value":["c63ba4c170853d4d","33687d246e3cfaad","58a0e261c93d6562"]},"m_mTransform":{"type":"SMatrix43","value":{"rotation":{"x":0,"y":0,"z":0},"position":{"x":-0.0000001290655973207322,"y":0.000000002171457902377938,"z":0}}},"m_eidParent":{"type":"SEntityTemplateReference","value":"1ab906663e18be75","postInit":true}}},"cade68b7dbae9b6b":{"parent":"1ab906663e18be75","name":"C_Pelvis_R","factory":"[assembly:/templates/aspectdummy.aspect]([modules:/zclothsphere.class].entitytype,[modules:/zboneattachaspect.class].entitytype).pc_entitytype","blueprint":"[assembly:/templates/aspectdummy.aspect]([modules:/zclothsphere.class].entitytype,[modules:/zboneattachaspect.class].entitytype).pc_entityblueprint","properties":{"m_fRadius":{"type":"float32","value":0.12999999523162842},"m_BoneName":{"type":"ZString","value":"Pelvis"},"m_mTransform":{"type":"SMatrix43","value":{"rotation":{"x":-0.03128349392462479,"y":0,"z":0.06560368507113774},"position":{"x":0.03649400174617767,"y":0.01624700054526329,"z":-0.06559299677610397}}},"m_bEnabled":{"type":"bool","value":true},"m_eidParent":{"type":"SEntityTemplateReference","value":"1ab906663e18be75","postInit":true}}},"9e70a167193728ba":{"parent":"48025dd95636cbbc","name":"male_reg_philip_01_tie_01","factory":"[assembly:/_pro/characters/assets/individuals/paris/philip/materials/male_reg_philip_01_tie_01.mi].pc_entitytype","blueprint":"[assembly:/_pro/characters/assets/individuals/paris/philip/materials/male_reg_philip_01_tie_01.mi].pc_entityblueprint","properties":{"594659090":{"type":"bool","value":true},"Texture2D_03_enab":{"type":"bool","value":true},"Texture2D_03":{"type":"ZRuntimeResourceID","value":{"resource":"[assembly:/_pro/characters/assets/individuals/paris/philip/textures/male_reg_philip_01_tie_01.texture?/specular_f.tex](ascolormap).pc_tex","flag":"5F"}},"Texture2D_01_enab":{"type":"bool","value":true},"Texture2D_01":{"type":"ZRuntimeResourceID","value":{"resource":"[assembly:/_pro/characters/assets/individuals/paris/philip/textures/male_reg_philip_01_tie_01.texture?/diffuse_f.tex](ascolormap).pc_tex","flag":"5F"}},"ConstantColorRGB_05_Value_op":{"type":"IRenderMaterialEntity.EModifierOperation","value":"eReplace"},"ConstantColorRGB_05_Value":{"type":"SColorRGB","value":"#a83e47"},"ConstantVector1D_05_Value_op":{"type":"IRenderMaterialEntity.EModifierOperation","value":"eReplace"},"ConstantVector1D_04_Value_op":{"type":"IRenderMaterialEntity.EModifierOperation","value":"eReplace"},"ConstantVector1D_04_Value":{"type":"float32","value":0.10000000149011612},"ConstantVector1D_05_Value":{"type":"float32","value":1},"ConstantVector1D_09_Value_op":{"type":"IRenderMaterialEntity.EModifierOperation","value":"eReplace"},"ConstantVector1D_09_Value":{"type":"float32","value":0.10000000149011612},"ConstantVector1D_03_Value_op":{"type":"IRenderMaterialEntity.EModifierOperation","value":"eReplace"},"ConstantVector1D_03_Value":{"type":"float32","value":30},"Texture2DCompoundNormal_01":{"type":"ZRuntimeResourceID","value":{"resource":"[assembly:/_pro/environment/textures/constants/directional_a.texture?/normal_a.tex](ascompoundnormal).pc_tex","flag":"5F"}},"ConstantVector1D_07_Value_op":{"type":"IRenderMaterialEntity.EModifierOperation","value":"eReplace"},"ConstantVector1D_07_Value":{"type":"float32","value":0},"ConstantVector1D_08_Value_op":{"type":"IRenderMaterialEntity.EModifierOperation","value":"eReplace"},"ConstantVector1D_08_Value":{"type":"float32","value":0.25},"ConstantVector1D_06_Value_op":{"type":"IRenderMaterialEntity.EModifierOperation","value":"eReplace"},"ConstantColorRGB_02_Value_op":{"type":"IRenderMaterialEntity.EModifierOperation","value":"eReplace"},"ConstantColorRGB_02_Value":{"type":"SColorRGB","value":"#ab1a2f"},"ConstantVector1D_01_Value_op":{"type":"IRenderMaterialEntity.EModifierOperation","value":"eReplace"},"ConstantVector1D_01_Value":{"type":"float32","value":2},"Texture2DNormal_01_enab":{"type":"bool","value":true},"Texture2DNormal_01":{"type":"ZRuntimeResourceID","value":{"resource":"[assembly:/_pro/characters/assets/individuals/paris/philip/textures/male_reg_philip_01_tie_01.texture?/normal_a.tex](asnormalmap).pc_tex","flag":"5F"}},"Clients":{"type":"TArray<SEntityTemplateReference>","value":["48025dd95636cbbc"],"postInit":true},"m_eidParent":{"type":"SEntityTemplateReference","value":"48025dd95636cbbc","postInit":true}}},"725f77f3778e782e":{"parent":"1ab906663e18be75","name":"CChain_Neck_Arms","factory":"[modules:/zclothspherechain.class].pc_entitytype","blueprint":"[modules:/zclothspherechain.class].pc_entityblueprint","properties":{"m_mTransform":{"type":"SMatrix43","value":{"rotation":{"x":0,"y":0,"z":0},"position":{"x":-0.00000011920930376163597,"y":0,"z":0}}},"m_bCollisionGroup0":{"type":"bool","value":true},"m_bEnabled":{"type":"bool","value":true},"m_Spheres":{"type":"TArray<SEntityTemplateReference>","value":["c686522f777217d6","8e67affedee5cfbd","752fea948aaa4fcc","648fb1a70c4e6a3e","5126195dc7f2fac7","6c858c9955a46bc4","33eb384f697f2293","a90e340972ad4b74","1bc3c892b811e811","e447fc91bb1fcb3b","e35aa15c68e99fe6","9ed1091e3cfe71ae"],"postInit":true},"m_eidParent":{"type":"SEntityTemplateReference","value":"1ab906663e18be75","postInit":true}}},"269e0267cf2b9a2e":{"parent":"48025dd95636cbbc","name":"Agent47_S2_Suit_Mesh","factory":"[assembly:/templates/aspectdummy.aspect]([modules:/zbodypartentity.class].entitytype,[modules:/zclothcollidergroupaspect.class].entitytype).pc_entitytype","blueprint":"[assembly:/templates/aspectdummy.aspect]([modules:/zbodypartentity.class].entitytype,[modules:/zclothcollidergroupaspect.class].entitytype).pc_entityblueprint","properties":{"m_pMeshResource":{"type":"ZRuntimeResourceID","value":{"resource":"007749C5E756ACF0","flag":"5F"}},"m_ClothColliders":{"type":"TArray<SEntityTemplateReference>","value":["1ab906663e18be75"],"postInit":true}}},"4373a49b8c8cef9":{"parent":"1ab906663e18be75","name":"C_Pelvis_L","factory":"[assembly:/templates/aspectdummy.aspect]([modules:/zclothsphere.class].entitytype,[modules:/zboneattachaspect.class].entitytype).pc_entitytype","blueprint":"[assembly:/templates/aspectdummy.aspect]([modules:/zclothsphere.class].entitytype,[modules:/zboneattachaspect.class].entitytype).pc_entityblueprint","properties":{"m_fRadius":{"type":"float32","value":0.12999999523162842},"m_BoneName":{"type":"ZString","value":"Pelvis"},"m_linkedEntity":{"type":"SEntityTemplateReference","value":null},"m_mTransform":{"type":"SMatrix43","value":{"rotation":{"x":-0.02796033764327057,"y":-0.04423230924880357,"z":0.03953405657108486},"position":{"x":0.03649799898266792,"y":0.016245000064373016,"z":0.06355500221252441}}},"m_bEnabled":{"type":"bool","value":true},"m_eidParent":{"type":"SEntityTemplateReference","value":"1ab906663e18be75","postInit":true}}},"ba2dab7750d73a52":{"parent":"1ab906663e18be75","name":"ColliderGroup","factory":"[modules:/zclothcollidergroup.class].pc_entitytype","blueprint":"[modules:/zclothcollidergroup.class].pc_entityblueprint","properties":{"m_ClothColliders":{"type":"TArray<SEntityTemplateReference>","value":["d90127b503d7011f","3df05f1098d714ff","d98ce3dadc0ba18","725f77f3778e782e"]},"m_eidParent":{"type":"SEntityTemplateReference","value":"1ab906663e18be75","postInit":true}}},"752fea948aaa4fcc":{"parent":"1ab906663e18be75","name":"C_Forearm_L","factory":"[assembly:/templates/aspectdummy.aspect]([modules:/zclothsphere.class].entitytype,[modules:/zboneattachaspect.class].entitytype).pc_entitytype","blueprint":"[assembly:/templates/aspectdummy.aspect]([modules:/zclothsphere.class].entitytype,[modules:/zboneattachaspect.class].entitytype).pc_entityblueprint","properties":{"m_BoneName":{"type":"ZString","value":"L_Forearm"},"m_linkedEntity":{"type":"SEntityTemplateReference","value":null},"m_fRadius":{"type":"float32","value":0.07000000029802322},"m_mTransform":{"type":"SMatrix43","value":{"rotation":{"x":0,"y":0,"z":0},"position":{"x":0,"y":0,"z":0}}},"m_bEnabled":{"type":"bool","value":true},"m_eidParent":{"type":"SEntityTemplateReference","value":"1ab906663e18be75","postInit":true}}},"e08efcd3a537d934":{"parent":"48025dd95636cbbc","name":"male_reg_dress_shirt_buttoned_up_01","factory":"00D3DD963A6AF70D","blueprint":"0076BDBA804A2941","properties":{"ConstantVector1D_01_Value_op":{"type":"IRenderMaterialEntity.EModifierOperation","value":"eReplace"},"ConstantVector1D_01_Value":{"type":"float32","value":0.4000000059604645},"Texture2D_01_enab":{"type":"bool","value":true},"Texture2D_03":{"type":"ZRuntimeResourceID","value":{"resource":"008AD9A4D6B794E3","flag":"5F"}},"Texture2D_03_enab":{"type":"bool","value":true},"Texture2D_01":{"type":"ZRuntimeResourceID","value":{"resource":"00324339E7353795","flag":"5F"}},"ConstantVector1D_13_Value_op":{"type":"IRenderMaterialEntity.EModifierOperation","value":"eReplace"},"ConstantVector1D_13_Value":{"type":"float32","value":0},"ConstantVector1D_16_Value_op":{"type":"IRenderMaterialEntity.EModifierOperation","value":"eReplace"},"ConstantVector1D_16_Value":{"type":"float32","value":1},"Diffuse_Color_01_Value_op":{"type":"IRenderMaterialEntity.EModifierOperation","value":"eReplace"},"ConstantVector1D_14_Value_op":{"type":"IRenderMaterialEntity.EModifierOperation","value":"eReplace"},"ConstantVector1D_06_Value_op":{"type":"IRenderMaterialEntity.EModifierOperation","value":"eReplace"},"Diffuse_Color_01_Value":{"type":"SColorRGB","value":"#ffffff"},"Clients":{"type":"TArray<SEntityTemplateReference>","value":["48025dd95636cbbc"],"postInit":true},"m_eidParent":{"type":"SEntityTemplateReference","value":"48025dd95636cbbc","postInit":true}}},"48025dd95636cbbc":{"parent":"8d2dd8c9d88913be","name":"Agent47_S2_Suit_01","factory":"[modules:/zcompositeentity.class].pc_entitytype","blueprint":"[modules:/zcompositeentity.class].pc_entityblueprint","properties":{"m_mTransform":{"type":"SMatrix43","value":{"rotation":{"x":0,"y":0,"z":0},"position":{"x":0,"y":0,"z":0}}},"ConstantColorRGB_05_Value":{"type":"SColorRGB","value":"#a83e47"},"ConstantColorRGB_02_Value":{"type":"SColorRGB","value":"#ab1a2f"},"ConstantVector1D_03_Value":{"type":"float32","value":30},"Diffuse_Color_01_Value":{"type":"SColorRGB","value":"#474747"},"ConstantVector1D_01_Value_1":{"type":"float32","value":20},"ConstantVector1D_01_Value_4":{"type":"float32","value":0.4000000059604645},"m_eidParent":{"type":"SEntityTemplateReference","value":"8d2dd8c9d88913be"}},"inputCopying":{"Jacket_RoughnessMin":{"ConstantVector1D_14_Value":["8c6149da317e1fd1"]},"Jacket_NormalBump":{"ConstantVector1D_06_Value":["8c6149da317e1fd1"]},"Jacket_DiffuseAlbedo":{"ConstantVector1D_01_Value":["8c6149da317e1fd1"]},"JacketSleave_RoughnessMin":{"ConstantVector1D_14_Value":["259f7f28235d2cc6"]},"JacketSleave_NormalBump":{"ConstantVector1D_06_Value":["259f7f28235d2cc6"]},"JacketSleave_DiffuseAlbedo":{"ConstantVector1D_01_Value":["259f7f28235d2cc6"]},"Shirt_RoughnessMin":{"ConstantVector1D_14_Value":["e08efcd3a537d934"]},"Shirt_NormalBump":{"ConstantVector1D_06_Value":["e08efcd3a537d934"]},"Shirt_DiffuseAlbedo":{"ConstantVector1D_01_Value":["e08efcd3a537d934"]},"TieRoughnessMin":{"ConstantVector1D_04_Value":["9e70a167193728ba"]}},"propertyAliases":{"ConstantVector1D_04_Value":[{"originalProperty":"ConstantVector1D_04_Value","originalEntity":"9e70a167193728ba"}],"ConstantColorRGB_05_Value":[{"originalProperty":"ConstantColorRGB_05_Value","originalEntity":"9e70a167193728ba"}],"ConstantColorRGB_02_Value":[{"originalProperty":"ConstantColorRGB_02_Value","originalEntity":"9e70a167193728ba"}],"ConstantVector1D_01_Value":[{"originalProperty":"ConstantVector1D_01_Value","originalEntity":"9e70a167193728ba"}],"ConstantVector1D_03_Value":[{"originalProperty":"ConstantVector1D_03_Value","originalEntity":"9e70a167193728ba"}],"Texture2D_03":[{"originalProperty":"Texture2D_03","originalEntity":"9e70a167193728ba"}],"Texture2DNormal_01":[{"originalProperty":"Texture2DNormal_01","originalEntity":"9e70a167193728ba"}],"ConstantVector1D_14_Value":[{"originalProperty":"ConstantVector1D_14_Value","originalEntity":"8c6149da317e1fd1"}],"ConstantVector1D_15_Value":[{"originalProperty":"ConstantVector1D_15_Value","originalEntity":"8c6149da317e1fd1"}],"Diffuse_Color_01_Value":[{"originalProperty":"Diffuse_Color_01_Value","originalEntity":"8c6149da317e1fd1"}],"ConstantVector1D_01_Value_1":[{"originalProperty":"ConstantVector1D_01_Value","originalEntity":"8c6149da317e1fd1"}],"m_pMeshResource":[{"originalProperty":"m_pMeshResource","originalEntity":"269e0267cf2b9a2e"}],"Texture2D_01":[{"originalProperty":"Texture2D_01","originalEntity":"8c6149da317e1fd1"}],"ConstantVector1D_01_Value_2":[{"originalProperty":"ConstantVector1D_01_Value","originalEntity":"830ccf34c5b0b2a6"}],"ConstantVector1D_01_Value_3":[{"originalProperty":"ConstantVector1D_01_Value","originalEntity":"e08efcd3a537d934"}],"Diffuse_Color_01_Value_1":[{"originalProperty":"Diffuse_Color_01_Value","originalEntity":"e08efcd3a537d934"}],"Diffuse_Color_01_Value_2":[{"originalProperty":"Diffuse_Color_01_Value","originalEntity":"259f7f28235d2cc6"}],"ConstantVector1D_01_Value_4":[{"originalProperty":"ConstantVector1D_01_Value","originalEntity":"259f7f28235d2cc6"}]},"exposedInterfaces":{"ZClothColliderGroupAspect":"269e0267cf2b9a2e","ZBodyPartEntity":"269e0267cf2b9a2e"}},"e38e57e8437b1a31":{"parent":"1ab906663e18be75","name":"C_TighMid_L","factory":"[assembly:/templates/aspectdummy.aspect]([modules:/zclothsphere.class].entitytype,[modules:/zboneattachaspect.class].entitytype).pc_entitytype","blueprint":"[assembly:/templates/aspectdummy.aspect]([modules:/zclothsphere.class].entitytype,[modules:/zboneattachaspect.class].entitytype).pc_entityblueprint","properties":{"m_fRadius":{"type":"float32","value":0.11500000208616257},"m_BoneName":{"type":"ZString","value":"LThighTwist1"},"m_linkedEntity":{"type":"SEntityTemplateReference","value":null},"m_mTransform":{"type":"SMatrix43","value":{"rotation":{"x":0,"y":0,"z":0},"position":{"x":0.05449200049042702,"y":0.016682999208569527,"z":0.012148999609053135}}},"m_bCollisionGroup0":{"type":"bool","value":true},"m_eidParent":{"type":"SEntityTemplateReference","value":"1ab906663e18be75","postInit":true}}},"7b76a3c3da2492a0":{"parent":"1ab906663e18be75","name":"C_TighTop_L","factory":"[assembly:/templates/aspectdummy.aspect]([modules:/zclothsphere.class].entitytype,[modules:/zboneattachaspect.class].entitytype).pc_entitytype","blueprint":"[assembly:/templates/aspectdummy.aspect]([modules:/zclothsphere.class].entitytype,[modules:/zboneattachaspect.class].entitytype).pc_entityblueprint","properties":{"m_fRadius":{"type":"float32","value":0.14100000262260437},"m_BoneName":{"type":"ZString","value":"LThighTwist"},"m_linkedEntity":{"type":"SEntityTemplateReference","value":null},"m_mTransform":{"type":"SMatrix43","value":{"rotation":{"x":-0.02796033764327057,"y":0.0197670377025951,"z":-0.000000000000000000000758303373037855},"position":{"x":0.043779000639915466,"y":0.008338999934494495,"z":0.03589500114321709}}},"m_eidParent":{"type":"SEntityTemplateReference","value":"1ab906663e18be75","postInit":true}}},"648fb1a70c4e6a3e":{"parent":"1ab906663e18be75","name":"C_UpperArm_L","factory":"[assembly:/templates/aspectdummy.aspect]([modules:/zclothsphere.class].entitytype,[modules:/zboneattachaspect.class].entitytype).pc_entitytype","blueprint":"[assembly:/templates/aspectdummy.aspect]([modules:/zclothsphere.class].entitytype,[modules:/zboneattachaspect.class].entitytype).pc_entityblueprint","properties":{"m_BoneName":{"type":"ZString","value":"L_UpperArm"},"m_linkedEntity":{"type":"SEntityTemplateReference","value":null},"m_fRadius":{"type":"float32","value":0.07999999821186066},"m_mTransform":{"type":"SMatrix43","value":{"rotation":{"x":0,"y":0,"z":0},"position":{"x":0,"y":0,"z":0}}},"m_bEnabled":{"type":"bool","value":true},"m_eidParent":{"type":"SEntityTemplateReference","value":"1ab906663e18be75","postInit":true}}},"1ab906663e18be75":{"parent":"48025dd95636cbbc","name":"Agent47_S2_Suit_Collider","factory":"[modules:/zcompositeentity.class].pc_entitytype","blueprint":"[modules:/zcompositeentity.class].pc_entityblueprint","properties":{"m_mTransform":{"type":"SMatrix43","value":{"rotation":{"x":0,"y":0,"z":0},"position":{"x":0,"y":0,"z":0}}},"m_linkedEntity":{"type":"SEntityTemplateReference","value":null},"m_eidParent":{"type":"SEntityTemplateReference","value":"48025dd95636cbbc"}},"propertyAliases":{"m_linkedEntity":[{"originalProperty":"m_linkedEntity","originalEntity":"7efb86fac7d44284"},{"originalProperty":"m_linkedEntity","originalEntity":"65e90e367797e9e9"},{"originalProperty":"m_linkedEntity","originalEntity":"e38e57e8437b1a31"},{"originalProperty":"m_linkedEntity","originalEntity":"46d16b4a7fb5fb97"},{"originalProperty":"m_linkedEntity","originalEntity":"b35a0ad95fdb4a82"},{"originalProperty":"m_linkedEntity","originalEntity":"7b76a3c3da2492a0"},{"originalProperty":"m_linkedEntity","originalEntity":"4373a49b8c8cef9"},{"originalProperty":"m_linkedEntity","originalEntity":"58a0e261c93d6562"},{"originalProperty":"m_linkedEntity","originalEntity":"33687d246e3cfaad"},{"originalProperty":"m_linkedEntity","originalEntity":"c63ba4c170853d4d"},{"originalProperty":"m_linkedEntity","originalEntity":"5e97672e94e9bec"},{"originalProperty":"m_linkedEntity","originalEntity":"522ac90889a2b06d"},{"originalProperty":"m_linkedEntity","originalEntity":"cf4a26e0e6fd1603"},{"originalProperty":"m_linkedEntity","originalEntity":"33eb384f697f2293"},{"originalProperty":"m_linkedEntity","originalEntity":"6c858c9955a46bc4"},{"originalProperty":"m_linkedEntity","originalEntity":"a90e340972ad4b74"},{"originalProperty":"m_linkedEntity","originalEntity":"5126195dc7f2fac7"},{"originalProperty":"m_linkedEntity","originalEntity":"1bc3c892b811e811"},{"originalProperty":"m_linkedEntity","originalEntity":"648fb1a70c4e6a3e"},{"originalProperty":"m_linkedEntity","originalEntity":"752fea948aaa4fcc"},{"originalProperty":"m_linkedEntity","originalEntity":"e447fc91bb1fcb3b"},{"originalProperty":"m_linkedEntity","originalEntity":"e35aa15c68e99fe6"},{"originalProperty":"m_linkedEntity","originalEntity":"8e67affedee5cfbd"},{"originalProperty":"m_linkedEntity","originalEntity":"c686522f777217d6"},{"originalProperty":"m_linkedEntity","originalEntity":"9ed1091e3cfe71ae"}]},"exposedInterfaces":{"ZClothCollider":"ba2dab7750d73a52","ZClothColliderGroup":"ba2dab7750d73a52"}},"f77197256491c642":{"parent":"8d2dd8c9d88913be","name":"Hands","factory":"009A6D9F7927FB89","blueprint":"00F49463DEA8D412"},"19268a3f19f2591b":{"parent":"f9c0ea75115908ec","name":"male_reg_bangkok_hotelsecurity_shoes","factory":"[assembly:/_pro/characters/assets/guards/bangkok/hotel_security/materials/male_reg_bangkok_hotelsecurity_shoes.mi].pc_entitytype","blueprint":"[assembly:/_pro/characters/assets/guards/bangkok/hotel_security/materials/male_reg_bangkok_hotelsecurity_shoes.mi].pc_entityblueprint","properties":{"m_mTransform":{"type":"SMatrix43","value":{"rotation":{"x":0,"y":0,"z":0},"position":{"x":0,"y":0,"z":0}}},"ConstantVector1D_05_Value_op":{"type":"IRenderMaterialEntity.EModifierOperation","value":"eReplace"},"ConstantVector1D_05_Value":{"type":"float32","value":0.5099999904632568},"Texture2D_01_enab":{"type":"bool","value":true},"Texture2D_01":{"type":"ZRuntimeResourceID","value":{"resource":"0056D10B3D6AFAD8","flag":"5F"}},"Texture2DNormal_01_enab":{"type":"bool","value":true},"Texture2DNormal_01":{"type":"ZRuntimeResourceID","value":{"resource":"0012B1C58624FB9D","flag":"5F"}},"Texture2D_03_enab":{"type":"bool","value":true},"Texture2D_03":{"type":"ZRuntimeResourceID","value":{"resource":"0066A12C24F2E2F9","flag":"5F"}},"ConstantVector1D_04_Value_op":{"type":"IRenderMaterialEntity.EModifierOperation","value":"eReplace"},"m_eidParent":{"type":"SEntityTemplateReference","value":"8d2dd8c9d88913be"},"Clients":{"type":"TArray<SEntityTemplateReference>","value":["f9c0ea75115908ec"],"postInit":true}}},"f9c0ea75115908ec":{"parent":"8d2dd8c9d88913be","name":"Mesh_Shoes01","factory":"[modules:/zbodypartentity.class].pc_entitytype","blueprint":"[modules:/zbodypartentity.class].pc_entityblueprint","properties":{"m_pMeshResource":{"type":"ZRuntimeResourceID","value":{"resource":"00C536224D4F37E1","flag":"5F"}}},"inputCopying":{"ConstantVector1D_04_Value":{"ConstantVector1D_04_Value":["19268a3f19f2591b"]}}},"322790432fef177c":{"parent":"8d2dd8c9d88913be","name":"Agent47_S3_Suit","factory":"00CC8D05D84066FB","blueprint":"00241B53E6FED25C","properties":{"ConstantColorRGB_05_Value":{"type":"SColorRGB","value":"#942c3c"},"ConstantVector1D_03_Value":{"type":"float32","value":30},"ConstantColorRGB_02_Value":{"type":"SColorRGB","value":"#ab1a2f"},"ConstantVector1D_04_Value":{"type":"float32","value":0.20000000298023224},"Diffuse_Color_01_Value":{"type":"SColorRGB","value":"#404040"},"m_pMeshResource":{"type":"ZRuntimeResourceID","value":{"resource":"00C32AB85F240E67","flag":"5F"}}}}},"propertyOverrides":[],"overrideDeletes":[],"pinConnectionOverrides":[],"pinConnectionOverrideDeletes":[],"externalScenes":[],"subType":"template","quickEntityVersion":3.1,"extraFactoryDependencies":[{"resource":"00E4CE86EE7A5CC2","flag":"5F"},{"resource":"00FFC5352D7A5D64","flag":"5F"},{"resource":"001083E516801F5E","flag":"5F"},{"resource":"001EE759F57B6DCE","flag":"5F"},{"resource":"0051A1136DC9485E","flag":"5F"},{"resource":"007D850436B0A092","flag":"5F"},{"resource":"00D247582859CA87","flag":"5F"},{"resource":"00D20CA72E352D16","flag":"5F"},{"resource":"00C197DBB1B74FF6","flag":"5F"},{"resource":"007E2F6DB1068A8D","flag":"5F"},{"resource":"00AAD107E192CFAE","flag":"5F"},{"resource":"0063B05E0712FBB3","flag":"5F"},{"resource":"00188997D678EF0B","flag":"5F"},{"resource":"[assembly:/_pro/characters/assets/_apparel/accessories/buttons/textures/buttons_01.texture?/normal_a.tex](asnormalmap).pc_tex","flag":"5F"},{"resource":"[assembly:/_pro/characters/assets/_apparel/accessories/buttons/textures/buttons_01.texture?/specular_a.tex](ascolormap).pc_tex","flag":"5F"},{"resource":"[assembly:/_pro/characters/assets/_apparel/accessories/buttons/textures/buttons_01.texture?/diffuse_a.tex](ascolormap).pc_tex","flag":"5F"},{"resource":"008631A82AC9BD09","flag":"5F"},{"resource":"006A9072F2C78523","flag":"5F"},{"resource":"005A3A86E39FBFB7","flag":"5F"},{"resource":"006258232B3126D5","flag":"5F"},{"resource":"00357C8C30F5EDF2","flag":"5F"},{"resource":"[assembly:/_pro/characters/assets/hero/agent47/textures/agent47_gloves_white.texture?/normal_a.tex](asnormalmap).pc_tex","flag":"5F"},{"resource":"[assembly:/_pro/characters/assets/hero/agent47/textures/agent47_gloves_white.texture?/specular_a.tex](ascolormap).pc_tex","flag":"5F"},{"resource":"[assembly:/_pro/characters/assets/hero/agent47/textures/agent47_gloves_white.texture?/diffuse_a.tex](ascolormap).pc_tex","flag":"5F"}],"extraBlueprintDependencies":[],"comments":[]}