{"tempHash":"00847D96009C7062","tbluHash":"007B98C6271A0BA5","rootEntity":"9606208b24b28e6a","entities":{"30f1cf4f055b0af8":{"parent":"9606208b24b28e6a","name":"Torso_Neck","factory":"00D43167687E61AD","blueprint":"007E9340AD2C2425"},"27a51afd287e04d7":{"parent":"999503113d5c5239","name":"CChain_Neck_Arms","factory":"[modules:/zclothspherechain.class].pc_entitytype","blueprint":"[modules:/zclothspherechain.class].pc_entityblueprint","properties":{"m_mTransform":{"type":"SMatrix43","value":{"rotation":{"x":0,"y":0,"z":0},"position":{"x":-1.1920930376163597e-7,"y":0,"z":0}}},"m_bCollisionGroup0":{"type":"bool","value":true},"m_bEnabled":{"type":"bool","value":true},"m_Spheres":{"type":"TArray<SEntityTemplateReference>","value":["e7fa502686205fea","360705a6c510452","1cb9aedeab0de47f","d79e01ad3c043c63"],"postInit":true},"m_eidParent":{"type":"SEntityTemplateReference","value":"999503113d5c5239","postInit":true}}},"a1e30b5e04852706":{"parent":"9606208b24b28e6a","name":"Shoes_Derby_CapToe_SquareTip","factory":"0033E9BBFCA7B067","blueprint":"0002D822B863CAA8","properties":{"Diffuse_Color_01_Value":{"type":"SColorRGB","value":"#2e2e2e"},"ConstantVector1D_04_Value":{"type":"float32","value":0.14000000059604645}}},"7c60115e700072f":{"parent":"6bb77b8d90644319","name":"Mesh","factory":"[assembly:/templates/aspectdummy.aspect]([modules:/zbodypartentity.class].entitytype,[modules:/zclothcollidergroupaspect.class].entitytype).pc_entitytype","blueprint":"[assembly:/templates/aspectdummy.aspect]([modules:/zbodypartentity.class].entitytype,[modules:/zclothcollidergroupaspect.class].entitytype).pc_entityblueprint","properties":{"m_pMeshResource":{"type":"ZRuntimeResourceID","value":{"resource":"0046E6A62636AF6A","flag":"5F"}},"m_ClothColliders":{"type":"TArray<SEntityTemplateReference>","value":["999503113d5c5239"],"postInit":true}}},"8265571fd2bdf7b7":{"parent":"999503113d5c5239","name":"C_Spine1_R","factory":"[assembly:/templates/aspectdummy.aspect]([modules:/zclothsphere.class].entitytype,[modules:/zboneattachaspect.class].entitytype).pc_entitytype","blueprint":"[assembly:/templates/aspectdummy.aspect]([modules:/zclothsphere.class].entitytype,[modules:/zboneattachaspect.class].entitytype).pc_entityblueprint","properties":{"m_BoneName":{"type":"ZString","value":"Spine1"},"m_fRadius":{"type":"float32","value":0.1169999986886978},"m_mTransform":{"type":"SMatrix43","value":{"rotation":{"x":0,"y":0,"z":0},"position":{"x":-0.030852999538183212,"y":0.001858999952673912,"z":-0.0661339983344078}}},"m_bEnabled":{"type":"bool","value":true},"m_eidParent":{"type":"SEntityTemplateReference","value":"999503113d5c5239","postInit":true}}},"e3f9b8332b3567fc":{"parent":"9606208b24b28e6a","name":"Suit Fuzz Max","factory":"[modules:/zmathlerp.class].pc_entitytype","blueprint":"[modules:/zmathlerp.class].pc_entityblueprint","properties":{"m_A":{"type":"float32","value":9.920000076293944},"m_B":{"type":"float32","value":8.539999961853027},"m_fT":{"type":"float32","value":0}},"events":{"Lerp":{"ConstantVector1D_16_Value":["6bb77b8d90644319","d15523875bc79fbe"]}}},"6bc8de20ff189f84":{"parent":"9606208b24b28e6a","name":"Suit Normal Bump Scale","factory":"[modules:/zmathlerp.class].pc_entitytype","blueprint":"[modules:/zmathlerp.class].pc_entityblueprint","properties":{"m_A":{"type":"float32","value":1.1299999952316284},"m_fT":{"type":"float32","value":0},"m_B":{"type":"float32","value":1.440000057220459}},"events":{"Lerp":{"ConstantVector1D_06_Value":["6bb77b8d90644319","d15523875bc79fbe"]}}},"d79e01ad3c043c63":{"parent":"999503113d5c5239","name":"C_Clavicle_R","factory":"[assembly:/templates/aspectdummy.aspect]([modules:/zclothsphere.class].entitytype,[modules:/zboneattachaspect.class].entitytype).pc_entitytype","blueprint":"[assembly:/templates/aspectdummy.aspect]([modules:/zclothsphere.class].entitytype,[modules:/zboneattachaspect.class].entitytype).pc_entityblueprint","properties":{"m_BoneName":{"type":"ZString","value":"R_Clavicle"},"m_fRadius":{"type":"float32","value":0.08500000089406966},"m_mTransform":{"type":"SMatrix43","value":{"rotation":{"x":0,"y":0,"z":0},"position":{"x":0,"y":0,"z":0}}},"m_bEnabled":{"type":"bool","value":true},"m_eidParent":{"type":"SEntityTemplateReference","value":"999503113d5c5239","postInit":true}}},"58b289fa45aa6d37":{"parent":"999503113d5c5239","name":"ColliderGroup","factory":"[modules:/zclothcollidergroup.class].pc_entitytype","blueprint":"[modules:/zclothcollidergroup.class].pc_entityblueprint","properties":{"m_ClothColliders":{"type":"TArray<SEntityTemplateReference>","value":["6e43cc63af243ec5","b77274e0e24318ad","7ed106c27a6573f9","27a51afd287e04d7"],"postInit":true},"m_eidParent":{"type":"SEntityTemplateReference","value":"999503113d5c5239","postInit":true}}},"6f841b42890fe2ed":{"parent":"999503113d5c5239","name":"C_Spine1_L","factory":"[assembly:/templates/aspectdummy.aspect]([modules:/zclothsphere.class].entitytype,[modules:/zboneattachaspect.class].entitytype).pc_entitytype","blueprint":"[assembly:/templates/aspectdummy.aspect]([modules:/zclothsphere.class].entitytype,[modules:/zboneattachaspect.class].entitytype).pc_entityblueprint","properties":{"m_BoneName":{"type":"ZString","value":"Spine1"},"m_fRadius":{"type":"float32","value":0.1169999986886978},"m_mTransform":{"type":"SMatrix43","value":{"rotation":{"x":0,"y":0,"z":0},"position":{"x":-0.03167999908328056,"y":0.010743999853730202,"z":0.05462599918246269}}},"m_bEnabled":{"type":"bool","value":true},"m_eidParent":{"type":"SEntityTemplateReference","value":"999503113d5c5239","postInit":true}}},"ff519470ca3da096":{"parent":"999503113d5c5239","name":"C_Knee_R","factory":"[assembly:/templates/aspectdummy.aspect]([modules:/zclothsphere.class].entitytype,[modules:/zboneattachaspect.class].entitytype).pc_entitytype","blueprint":"[assembly:/templates/aspectdummy.aspect]([modules:/zclothsphere.class].entitytype,[modules:/zboneattachaspect.class].entitytype).pc_entityblueprint","properties":{"m_fRadius":{"type":"float32","value":0.07999999821186066},"m_BoneName":{"type":"ZString","value":"RThighTwist2"},"m_mTransform":{"type":"SMatrix43","value":{"rotation":{"x":0.019767044112086293,"y":0,"z":0},"position":{"x":0.12606200575828552,"y":-0.011234999634325504,"z":-0.0020119999535381794}}},"m_eidParent":{"type":"SEntityTemplateReference","value":"999503113d5c5239","postInit":true}}},"115aa8f2bd580eea":{"parent":"9606208b24b28e6a","name":"Min Head","factory":"[modules:/zmathlerp.class].pc_entitytype","blueprint":"[modules:/zmathlerp.class].pc_entityblueprint","properties":{"m_A":{"type":"float32","value":0},"m_B":{"type":"float32","value":0.30000001192092896},"m_fT":{"type":"float32","value":0}},"events":{"Lerp":{"ConstantVector1D_04_Value":["6d257b1d26d80e58"]}}},"3cd44c541f6af687":{"parent":"999503113d5c5239","name":"C_TighTop_R","factory":"[assembly:/templates/aspectdummy.aspect]([modules:/zclothsphere.class].entitytype,[modules:/zboneattachaspect.class].entitytype).pc_entitytype","blueprint":"[assembly:/templates/aspectdummy.aspect]([modules:/zclothsphere.class].entitytype,[modules:/zboneattachaspect.class].entitytype).pc_entityblueprint","properties":{"m_fRadius":{"type":"float32","value":0.1509999930858612},"m_BoneName":{"type":"ZString","value":"RThighTwist"},"m_mTransform":{"type":"SMatrix43","value":{"rotation":{"x":0,"y":0.027960339561104778,"z":0},"position":{"x":0.0009330000029876828,"y":0.01523900032043457,"z":-0.047203999012708664}}},"m_eidParent":{"type":"SEntityTemplateReference","value":"999503113d5c5239","postInit":true}}},"7569a6d99dcc980d":{"parent":"999503113d5c5239","name":"C_Pelvis_R","factory":"[assembly:/templates/aspectdummy.aspect]([modules:/zclothsphere.class].entitytype,[modules:/zboneattachaspect.class].entitytype).pc_entitytype","blueprint":"[assembly:/templates/aspectdummy.aspect]([modules:/zclothsphere.class].entitytype,[modules:/zboneattachaspect.class].entitytype).pc_entityblueprint","properties":{"m_fRadius":{"type":"float32","value":0.12999999523162842},"m_BoneName":{"type":"ZString","value":"Pelvis"},"m_mTransform":{"type":"SMatrix43","value":{"rotation":{"x":-0.05597795173525809,"y":0,"z":-0.055977951735258075},"position":{"x":0.03649599850177765,"y":0.011141999624669552,"z":-0.05660700052976608}}},"m_bEnabled":{"type":"bool","value":true},"m_eidParent":{"type":"SEntityTemplateReference","value":"999503113d5c5239","postInit":true}}},"617b3666a0bcec53":{"parent":"6bb77b8d90644319","name":"agent47_sloth_jacket","factory":"00F95DFA6BC51067","blueprint":"00A331FED065CCA7","properties":{"1239136802":{"type":"IRenderMaterialEntity.EModifierOperation","value":"eReplace"},"1294887455":{"type":"IRenderMaterialEntity.EModifierOperation","value":"eReplace"},"2359342559":{"type":"IRenderMaterialEntity.EModifierOperation","value":"eReplace"},"m_mTransform":{"type":"SMatrix43","value":{"rotation":{"x":0,"y":0,"z":0},"position":{"x":0,"y":0,"z":0}}},"ConstantVector1D_01_Value_op":{"type":"IRenderMaterialEntity.EModifierOperation","value":"eReplace"},"Clients":{"type":"TArray<SEntityTemplateReference>","value":["6bb77b8d90644319"],"postInit":true},"m_eidParent":{"type":"SEntityTemplateReference","value":"6bb77b8d90644319","postInit":true}}},"360705a6c510452":{"parent":"999503113d5c5239","name":"C_Head","factory":"[assembly:/templates/aspectdummy.aspect]([modules:/zclothsphere.class].entitytype,[modules:/zboneattachaspect.class].entitytype).pc_entitytype","blueprint":"[assembly:/templates/aspectdummy.aspect]([modules:/zclothsphere.class].entitytype,[modules:/zboneattachaspect.class].entitytype).pc_entityblueprint","properties":{"m_BoneName":{"type":"ZString","value":"Head"},"m_fRadius":{"type":"float32","value":0.125},"m_mTransform":{"type":"SMatrix43","value":{"rotation":{"x":0,"y":0,"z":0},"position":{"x":0.07091700285673141,"y":0.03724899888038635,"z":0}}},"m_bEnabled":{"type":"bool","value":true},"m_eidParent":{"type":"SEntityTemplateReference","value":"999503113d5c5239","postInit":true}}},"6bb77b8d90644319":{"parent":"9606208b24b28e6a","name":"Sloth Jacket","factory":"[modules:/zcompositeentity.class].pc_entitytype","blueprint":"[modules:/zcompositeentity.class].pc_entityblueprint","properties":{"m_eidParent":{"type":"SEntityTemplateReference","value":"9606208b24b28e6a","postInit":true}},"inputCopying":{"ConstantVector1D_06_Value":{"ConstantVector1D_06_Value":["617b3666a0bcec53"]},"ConstantVector1D_01_Value":{"ConstantVector1D_01_Value":["617b3666a0bcec53"]},"ConstantVector1D_16_Value":{"ConstantVector1D_16_Value":["617b3666a0bcec53"]},"ConstantVector1D_14_Value":{"ConstantVector1D_14_Value":["617b3666a0bcec53"]}},"exposedInterfaces":{"ZClothColliderGroupAspect":"7c60115e700072f","ZBodyPartEntity":"7c60115e700072f"}},"7d350fe7e742742d":{"parent":"999503113d5c5239","name":"C_Spine2_R","factory":"[assembly:/templates/aspectdummy.aspect]([modules:/zclothsphere.class].entitytype,[modules:/zboneattachaspect.class].entitytype).pc_entitytype","blueprint":"[assembly:/templates/aspectdummy.aspect]([modules:/zclothsphere.class].entitytype,[modules:/zboneattachaspect.class].entitytype).pc_entityblueprint","properties":{"m_BoneName":{"type":"ZString","value":"Spine2"},"m_fRadius":{"type":"float32","value":0.14000000059604645},"m_mTransform":{"type":"SMatrix43","value":{"rotation":{"x":0.607518970966339,"y":0.041310258209705346,"z":7.778167724609376},"position":{"x":-0.034866999834775925,"y":0.024687999859452248,"z":-0.04030299931764603},"scale":{"x":1,"y":0.9999999999999999,"z":0.9999999999999999}}},"m_bEnabled":{"type":"bool","value":true},"m_eidParent":{"type":"SEntityTemplateReference","value":"999503113d5c5239","postInit":true}}},"7c99091f9653b989":{"parent":"9606208b24b28e6a","name":"Tie_Wide","factory":"002183800CC9472C","blueprint":"00F34B370F002913","properties":{"Texture2D_01":{"type":"ZRuntimeResourceID","value":{"resource":"[assembly:/_pro/characters/assets/individuals/paris/philip/textures/male_reg_philip_01_tie_01.texture?/diffuse_f.tex](ascolormap).pc_tex","flag":"5F"}},"ConstantColorRGB_02_Value":{"type":"SColorRGB","value":"#e8dfeb"},"ConstantColorRGB_05_Value":{"type":"SColorRGB","value":"#30374c"},"m_pMeshResource":{"type":"ZRuntimeResourceID","value":{"resource":"0013E90F7EA1DDA8","flag":"5F"}},"Texture2D_03":{"type":"ZRuntimeResourceID","value":{"resource":"[assembly:/_pro/characters/assets/individuals/paris/philip/textures/male_reg_philip_01_tie_01.texture?/specular_f.tex](ascolormap).pc_tex","flag":"5F"}}}},"d7f54bcff416ed7d":{"parent":"999503113d5c5239","name":"C_Knee_L","factory":"[assembly:/templates/aspectdummy.aspect]([modules:/zclothsphere.class].entitytype,[modules:/zboneattachaspect.class].entitytype).pc_entitytype","blueprint":"[assembly:/templates/aspectdummy.aspect]([modules:/zclothsphere.class].entitytype,[modules:/zboneattachaspect.class].entitytype).pc_entityblueprint","properties":{"m_fRadius":{"type":"float32","value":0.07999999821186066},"m_BoneName":{"type":"ZString","value":"LThighTwist2"},"m_mTransform":{"type":"SMatrix43","value":{"rotation":{"x":0,"y":0.019767044112086293,"z":0},"position":{"x":0.12600800395011902,"y":-0.011082000099122524,"z":-0.008000999689102173}}},"m_eidParent":{"type":"SEntityTemplateReference","value":"999503113d5c5239","postInit":true}}},"8fb9c4d4d9f2fb0f":{"parent":"999503113d5c5239","name":"C_Spine_R","factory":"[assembly:/templates/aspectdummy.aspect]([modules:/zclothsphere.class].entitytype,[modules:/zboneattachaspect.class].entitytype).pc_entitytype","blueprint":"[assembly:/templates/aspectdummy.aspect]([modules:/zclothsphere.class].entitytype,[modules:/zboneattachaspect.class].entitytype).pc_entityblueprint","properties":{"m_BoneName":{"type":"ZString","value":"Spine"},"m_fRadius":{"type":"float32","value":0.15000000596046448},"m_mTransform":{"type":"SMatrix43","value":{"rotation":{"x":0,"y":0,"z":0},"position":{"x":-0.000009000000318337698,"y":0.027367999777197838,"z":-0.042892999947071075}}},"m_bEnabled":{"type":"bool","value":true},"m_bCollisionGroup0":{"type":"bool","value":true},"m_eidParent":{"type":"SEntityTemplateReference","value":"999503113d5c5239","postInit":true}}},"af9ab15d42109df3":{"parent":"9606208b24b28e6a","name":"FX_Hitman_Wet_Logic_Character_01","factory":"0067CFB703A80787","blueprint":"00AA88C960CD2080","properties":{"HeadMaterialToOverride":{"type":"ZRuntimeResourceID","value":{"resource":"009F7978C601815A","flag":"5F"}},"HeadMaterialOverride":{"type":"TArray<SEntityTemplateReference>","value":["9606208b24b28e6a"],"postInit":true}},"events":{"HitmanWetness":{"T":["6bc8de20ff189f84","fbbe55e018bee6c2","e3f9b8332b3567fc","115aa8f2bd580eea","8cef98bab0797b45","29af9d551058bdef","da43f79be1f88f11","73c5deb83fe6655c"]}}},"29af9d551058bdef":{"parent":"9606208b24b28e6a","name":"Base Normal Bump Scale","factory":"[modules:/zmathlerp.class].pc_entitytype","blueprint":"[modules:/zmathlerp.class].pc_entityblueprint","properties":{"m_A":{"type":"float32","value":1},"m_fT":{"type":"float32","value":0},"m_B":{"type":"float32","value":1.440000057220459}},"events":{"Lerp":{"ConstantVector1D_06_Value":["7c99091f9653b989"]}}},"e7fa502686205fea":{"parent":"999503113d5c5239","name":"C_Clavicle_L","factory":"[assembly:/templates/aspectdummy.aspect]([modules:/zclothsphere.class].entitytype,[modules:/zboneattachaspect.class].entitytype).pc_entitytype","blueprint":"[assembly:/templates/aspectdummy.aspect]([modules:/zclothsphere.class].entitytype,[modules:/zboneattachaspect.class].entitytype).pc_entityblueprint","properties":{"m_BoneName":{"type":"ZString","value":"L_Clavicle"},"m_fRadius":{"type":"float32","value":0.08500000089406966},"m_mTransform":{"type":"SMatrix43","value":{"rotation":{"x":0,"y":0,"z":0},"position":{"x":0,"y":0,"z":0}}},"m_bEnabled":{"type":"bool","value":true},"m_eidParent":{"type":"SEntityTemplateReference","value":"999503113d5c5239","postInit":true}}},"7ed106c27a6573f9":{"parent":"999503113d5c5239","name":"CChain_Spine_L","factory":"[modules:/zclothspherechain.class].pc_entitytype","blueprint":"[modules:/zclothspherechain.class].pc_entityblueprint","properties":{"m_mTransform":{"type":"SMatrix43","value":{"rotation":{"x":0,"y":0,"z":0},"position":{"x":-1.290655973207322e-7,"y":2.171457902377938e-9,"z":0}}},"m_Spheres":{"type":"TArray<SEntityTemplateReference>","value":["93b9a475352daf20","6f841b42890fe2ed","d0df6e4ea288cdc3"],"postInit":true},"m_eidParent":{"type":"SEntityTemplateReference","value":"999503113d5c5239","postInit":true}}},"6e43cc63af243ec5":{"parent":"999503113d5c5239","name":"CChain_Legs","factory":"[modules:/zclothspherechain.class].pc_entitytype","blueprint":"[modules:/zclothspherechain.class].pc_entityblueprint","properties":{"m_mTransform":{"type":"SMatrix43","value":{"rotation":{"x":0,"y":0,"z":0},"position":{"x":-1.290655973207322e-7,"y":2.171457902377938e-9,"z":0}}},"m_bCollisionGroup0":{"type":"bool","value":true},"m_bEnabled":{"type":"bool","value":true},"m_Spheres":{"type":"TArray<SEntityTemplateReference>","value":["ff519470ca3da096","bd8bb338375a6310","3cd44c541f6af687","7569a6d99dcc980d","4716df920a4f5a4e","2720fe98ca2d6c2f","705752b8e41dc1c5","d7f54bcff416ed7d"],"postInit":true},"m_eidParent":{"type":"SEntityTemplateReference","value":"999503113d5c5239","postInit":true}}},"4716df920a4f5a4e":{"parent":"999503113d5c5239","name":"C_Pelvis_L","factory":"[assembly:/templates/aspectdummy.aspect]([modules:/zclothsphere.class].entitytype,[modules:/zboneattachaspect.class].entitytype).pc_entitytype","blueprint":"[assembly:/templates/aspectdummy.aspect]([modules:/zclothsphere.class].entitytype,[modules:/zboneattachaspect.class].entitytype).pc_entityblueprint","properties":{"m_fRadius":{"type":"float32","value":0.12999999523162842},"m_BoneName":{"type":"ZString","value":"Pelvis"},"m_mTransform":{"type":"SMatrix43","value":{"rotation":{"x":-0.05597795173525809,"y":0,"z":-0.055977951735258075},"position":{"x":0.03650100156664848,"y":0.011141999624669552,"z":0.05415499955415726}}},"m_bEnabled":{"type":"bool","value":true},"m_eidParent":{"type":"SEntityTemplateReference","value":"999503113d5c5239","postInit":true}}},"6d257b1d26d80e58":{"parent":"9606208b24b28e6a","name":"Head_47","factory":"00537D16B5CE7286","blueprint":"00F2E4A932ECAA63"},"8df6b651b6c5ad9d":{"parent":"9606208b24b28e6a","name":"Gloves_Leather","factory":"00BEE701448762C1","blueprint":"005D2B1CBD509E61","properties":{"Diffuse_Color_01_Value":{"type":"SColorRGB","value":"#333c4e"},"m_pMeshResource":{"type":"ZRuntimeResourceID","value":{"resource":"00F5296B29B4BCDC","flag":"5F"}}}},"da43f79be1f88f11":{"parent":"9606208b24b28e6a","name":"Tie Diffuse","factory":"[modules:/zmathlerp.class].pc_entitytype","blueprint":"[modules:/zmathlerp.class].pc_entityblueprint","properties":{"m_A":{"type":"float32","value":0.5},"m_fT":{"type":"float32","value":0},"m_B":{"type":"float32","value":0.33000001311302185}},"events":{"Lerp":{"ConstantVector1D_01_Value":["7c99091f9653b989","cc7436eebc22e4cf"]}}},"9606208b24b28e6a":{"parent":null,"name":"OUTFIT_Agent47_Global_Sloth_HeroA_v0","factory":"00C0753FBF784C66","blueprint":"007294473357329E","properties":{"m_LocalColliders":{"type":"TArray<SEntityTemplateReference>","value":[]},"m_mTransform":{"type":"SMatrix43","value":{"rotation":{"x":0,"y":0,"z":-0.8223372101783751},"position":{"x":49.74739074707031,"y":34.30426025390625,"z":-0.01523900032043457}}},"m_pBonesAndCollisionResource":{"type":"ZRuntimeResourceID","value":{"resource":"0017416135CF879C","flag":"5F"}},"m_aBodyParts":{"type":"TArray<SEntityTemplateReference>","value":["8df6b651b6c5ad9d","6d257b1d26d80e58","a1e30b5e04852706","d15523875bc79fbe","30f1cf4f055b0af8","6bb77b8d90644319","7c99091f9653b989","cc7436eebc22e4cf"],"postInit":true}}},"5080c11ff4e789d5":{"parent":"d15523875bc79fbe","name":"agent47_sloth_pants","factory":"00791123B5F3466A","blueprint":"000F066A0C0EF27E","properties":{"1239136802":{"type":"IRenderMaterialEntity.EModifierOperation","value":"eReplace"},"1294887455":{"type":"IRenderMaterialEntity.EModifierOperation","value":"eReplace"},"2359342559":{"type":"IRenderMaterialEntity.EModifierOperation","value":"eReplace"},"m_mTransform":{"type":"SMatrix43","value":{"rotation":{"x":0,"y":0,"z":0},"position":{"x":0,"y":0,"z":0}}},"ConstantVector1D_01_Value_op":{"type":"IRenderMaterialEntity.EModifierOperation","value":"eReplace"},"ConstantVector1D_14_Value":{"type":"float32","value":0.03999999910593033},"m_eidParent":{"type":"SEntityTemplateReference","value":"9606208b24b28e6a"},"Clients":{"type":"TArray<SEntityTemplateReference>","value":["d15523875bc79fbe"],"postInit":true}}},"d15523875bc79fbe":{"parent":"9606208b24b28e6a","name":"Mesh_Pants","factory":"[modules:/zbodypartentity.class].pc_entitytype","blueprint":"[modules:/zbodypartentity.class].pc_entityblueprint","properties":{"m_pMeshResource":{"type":"ZRuntimeResourceID","value":{"resource":"00E81214C091DCC0","flag":"5F"}}},"inputCopying":{"ConstantVector1D_06_Value":{"ConstantVector1D_06_Value":["5080c11ff4e789d5"]},"ConstantVector1D_16_Value":{"ConstantVector1D_16_Value":["5080c11ff4e789d5"]},"ConstantVector1D_01_Value":{"ConstantVector1D_01_Value":["5080c11ff4e789d5"]},"ConstantVector1D_14_Value":{"ConstantVector1D_14_Value":["5080c11ff4e789d5"]}}},"fbbe55e018bee6c2":{"parent":"9606208b24b28e6a","name":"Base Min","factory":"[modules:/zmathlerp.class].pc_entitytype","blueprint":"[modules:/zmathlerp.class].pc_entityblueprint","properties":{"m_A":{"type":"float32","value":0},"m_B":{"type":"float32","value":0.20000000298023224},"m_fT":{"type":"float32","value":0}},"events":{"Lerp":{"ConstantVector1D_04_Value":["7c99091f9653b989"],"ConstantVector1D_14_Value":["cc7436eebc22e4cf"]}}},"8cef98bab0797b45":{"parent":"9606208b24b28e6a","name":"Suit Diffuse","factory":"[modules:/zmathlerp.class].pc_entitytype","blueprint":"[modules:/zmathlerp.class].pc_entityblueprint","properties":{"m_A":{"type":"float32","value":0.550000011920929},"m_fT":{"type":"float32","value":0},"m_B":{"type":"float32","value":0.38999998569488525}},"events":{"Lerp":{"ConstantVector1D_01_Value":["6bb77b8d90644319","d15523875bc79fbe"]}}},"1cb9aedeab0de47f":{"parent":"999503113d5c5239","name":"C_Neck","factory":"[assembly:/templates/aspectdummy.aspect]([modules:/zclothsphere.class].entitytype,[modules:/zboneattachaspect.class].entitytype).pc_entitytype","blueprint":"[assembly:/templates/aspectdummy.aspect]([modules:/zclothsphere.class].entitytype,[modules:/zboneattachaspect.class].entitytype).pc_entityblueprint","properties":{"m_BoneName":{"type":"ZString","value":"Neck"},"m_fRadius":{"type":"float32","value":0.08500000089406966},"m_mTransform":{"type":"SMatrix43","value":{"rotation":{"x":0,"y":0,"z":0},"position":{"x":0,"y":0,"z":0}}},"m_bEnabled":{"type":"bool","value":true},"m_eidParent":{"type":"SEntityTemplateReference","value":"999503113d5c5239","postInit":true}}},"b77274e0e24318ad":{"parent":"999503113d5c5239","name":"CChain_Spine_R","factory":"[modules:/zclothspherechain.class].pc_entitytype","blueprint":"[modules:/zclothspherechain.class].pc_entityblueprint","properties":{"m_Spheres":{"type":"TArray<SEntityTemplateReference>","value":["8fb9c4d4d9f2fb0f","8265571fd2bdf7b7","7d350fe7e742742d"]},"m_mTransform":{"type":"SMatrix43","value":{"rotation":{"x":0,"y":0,"z":0},"position":{"x":-1.290655973207322e-7,"y":2.171457902377938e-9,"z":0}}},"m_eidParent":{"type":"SEntityTemplateReference","value":"999503113d5c5239","postInit":true}}},"705752b8e41dc1c5":{"parent":"999503113d5c5239","name":"C_TighMid_L","factory":"[assembly:/templates/aspectdummy.aspect]([modules:/zclothsphere.class].entitytype,[modules:/zboneattachaspect.class].entitytype).pc_entitytype","blueprint":"[assembly:/templates/aspectdummy.aspect]([modules:/zclothsphere.class].entitytype,[modules:/zboneattachaspect.class].entitytype).pc_entityblueprint","properties":{"m_fRadius":{"type":"float32","value":0.11500000208616255},"m_BoneName":{"type":"ZString","value":"LThighTwist1"},"m_mTransform":{"type":"SMatrix43","value":{"rotation":{"x":0,"y":0,"z":0},"position":{"x":0.05392700061202049,"y":0.006835999898612499,"z":0.0031419999431818724}}},"m_bCollisionGroup0":{"type":"bool","value":true},"m_eidParent":{"type":"SEntityTemplateReference","value":"999503113d5c5239","postInit":true}}},"e9a04207446b8d72":{"parent":"6bb77b8d90644319","name":"buttons_01","factory":"[assembly:/_pro/characters/assets/_apparel/accessories/buttons/materials/buttons_01.mi].pc_entitytype","blueprint":"[assembly:/_pro/characters/assets/_apparel/accessories/buttons/materials/buttons_01.mi].pc_entityblueprint","properties":{"1737952988":{"type":"IRenderMaterialEntity.EModifierOperation","value":"eReplace"},"1787395739":{"type":"IRenderMaterialEntity.EModifierOperation","value":"eReplace"},"3516673141":{"type":"IRenderMaterialEntity.EModifierOperation","value":"eReplace"},"m_mTransform":{"type":"SMatrix43","value":{"rotation":{"x":0,"y":0,"z":0},"position":{"x":0,"y":0,"z":0}}},"Clients":{"type":"TArray<SEntityTemplateReference>","value":["6bb77b8d90644319"]},"Texture2D_03":{"type":"ZRuntimeResourceID","value":{"resource":"[assembly:/_pro/characters/assets/_apparel/accessories/buttons/textures/buttons_01.texture?/specular_b.tex](ascolormap).pc_tex","flag":"5F"}},"Texture2D_03_enab":{"type":"bool","value":true},"Diffuse_Color_01_Value":{"type":"SColorRGB","value":"#2e3045"},"ConstantVector1D_03_Value":{"type":"float32","value":0.5},"Texture2D_01":{"type":"ZRuntimeResourceID","value":{"resource":"006A15874D2AF6C7","flag":"5F"}},"ConstantVector1D_05_Value":{"type":"float32","value":0.5},"m_eidParent":{"type":"SEntityTemplateReference","value":"6bb77b8d90644319"}}},"cc7436eebc22e4cf":{"parent":"9606208b24b28e6a","name":"Shirt_Dress_BtnUp_2open","factory":"003B517DD5A49927","blueprint":"004C1F54F1D4A7D9","properties":{"Diffuse_Color_02_Value":{"type":"SColorRGB","value":"#7989b2"},"Diffuse_Color_01_Value":{"type":"SColorRGB","value":"#7989b2"},"m_pMeshResource":{"type":"ZRuntimeResourceID","value":{"resource":"00089A99B0358C20","flag":"5F"}},"Diffuse_Color_01_Value_1":{"type":"SColorRGB","value":"#9999e0"}}},"73c5deb83fe6655c":{"parent":"9606208b24b28e6a","name":"Base Min 2","factory":"[modules:/zmathlerp.class].pc_entitytype","blueprint":"[modules:/zmathlerp.class].pc_entityblueprint","properties":{"m_A":{"type":"float32","value":0.03999999910593033},"m_B":{"type":"float32","value":0.3799999952316284},"m_fT":{"type":"float32","value":0}},"events":{"Lerp":{"ConstantVector1D_14_Value":["6bb77b8d90644319","d15523875bc79fbe"]}}},"93b9a475352daf20":{"parent":"999503113d5c5239","name":"C_Spine_L","factory":"[assembly:/templates/aspectdummy.aspect]([modules:/zclothsphere.class].entitytype,[modules:/zboneattachaspect.class].entitytype).pc_entitytype","blueprint":"[assembly:/templates/aspectdummy.aspect]([modules:/zclothsphere.class].entitytype,[modules:/zboneattachaspect.class].entitytype).pc_entityblueprint","properties":{"m_BoneName":{"type":"ZString","value":"Spine"},"m_fRadius":{"type":"float32","value":0.15000000596046448},"m_mTransform":{"type":"SMatrix43","value":{"rotation":{"x":0,"y":0,"z":0},"position":{"x":0,"y":0.02884799987077713,"z":0.04099300131201744}}},"m_bEnabled":{"type":"bool","value":true},"m_bCollisionGroup0":{"type":"bool","value":true},"m_eidParent":{"type":"SEntityTemplateReference","value":"999503113d5c5239","postInit":true}}},"d0df6e4ea288cdc3":{"parent":"999503113d5c5239","name":"C_Spine2_L","factory":"[assembly:/templates/aspectdummy.aspect]([modules:/zclothsphere.class].entitytype,[modules:/zboneattachaspect.class].entitytype).pc_entitytype","blueprint":"[assembly:/templates/aspectdummy.aspect]([modules:/zclothsphere.class].entitytype,[modules:/zboneattachaspect.class].entitytype).pc_entityblueprint","properties":{"m_BoneName":{"type":"ZString","value":"Spine2"},"m_fRadius":{"type":"float32","value":0.14000000059604645},"m_mTransform":{"type":"SMatrix43","value":{"rotation":{"x":0.7218316793441774,"y":0.04915978386998179,"z":7.789383888244627},"position":{"x":-0.0348690003156662,"y":0.02468400076031685,"z":0.040442001074552536},"scale":{"x":1,"y":1.0000000000000002,"z":0.9999999999999999}}},"m_bEnabled":{"type":"bool","value":true},"m_eidParent":{"type":"SEntityTemplateReference","value":"999503113d5c5239","postInit":true}}},"bd8bb338375a6310":{"parent":"999503113d5c5239","name":"C_TighMid_R","factory":"[assembly:/templates/aspectdummy.aspect]([modules:/zclothsphere.class].entitytype,[modules:/zboneattachaspect.class].entitytype).pc_entitytype","blueprint":"[assembly:/templates/aspectdummy.aspect]([modules:/zclothsphere.class].entitytype,[modules:/zboneattachaspect.class].entitytype).pc_entityblueprint","properties":{"m_fRadius":{"type":"float32","value":0.11500000208616255},"m_BoneName":{"type":"ZString","value":"RThighTwist1"},"m_mTransform":{"type":"SMatrix43","value":{"rotation":{"x":0,"y":0,"z":0},"position":{"x":0.053668998181819916,"y":0.006515000015497208,"z":-0.0036349999718368053}}},"m_eidParent":{"type":"SEntityTemplateReference","value":"999503113d5c5239","postInit":true}}},"2720fe98ca2d6c2f":{"parent":"999503113d5c5239","name":"C_TighTop_L","factory":"[assembly:/templates/aspectdummy.aspect]([modules:/zclothsphere.class].entitytype,[modules:/zboneattachaspect.class].entitytype).pc_entitytype","blueprint":"[assembly:/templates/aspectdummy.aspect]([modules:/zclothsphere.class].entitytype,[modules:/zboneattachaspect.class].entitytype).pc_entityblueprint","properties":{"m_fRadius":{"type":"float32","value":0.1509999930858612},"m_BoneName":{"type":"ZString","value":"LThighTwist"},"m_mTransform":{"type":"SMatrix43","value":{"rotation":{"x":0,"y":0,"z":0},"position":{"x":0.0005510000046342611,"y":0.013880000449717045,"z":0.053095001727342606}}},"m_eidParent":{"type":"SEntityTemplateReference","value":"999503113d5c5239","postInit":true}}},"999503113d5c5239":{"parent":"6bb77b8d90644319","name":"CarlIngram_Jacket_Collider","factory":"[modules:/zcompositeentity.class].pc_entitytype","blueprint":"[modules:/zcompositeentity.class].pc_entityblueprint","properties":{"m_eidParent":{"type":"SEntityTemplateReference","value":"6bb77b8d90644319"}},"propertyAliases":{"m_linkedEntity":[{"originalProperty":"m_linkedEntity","originalEntity":"d7f54bcff416ed7d"},{"originalProperty":"m_linkedEntity","originalEntity":"ff519470ca3da096"},{"originalProperty":"m_linkedEntity","originalEntity":"705752b8e41dc1c5"},{"originalProperty":"m_linkedEntity","originalEntity":"bd8bb338375a6310"},{"originalProperty":"m_linkedEntity","originalEntity":"3cd44c541f6af687"},{"originalProperty":"m_linkedEntity","originalEntity":"2720fe98ca2d6c2f"},{"originalProperty":"m_linkedEntity","originalEntity":"4716df920a4f5a4e"},{"originalProperty":"m_linkedEntity","originalEntity":"7d350fe7e742742d"},{"originalProperty":"m_linkedEntity","originalEntity":"8265571fd2bdf7b7"},{"originalProperty":"m_linkedEntity","originalEntity":"8fb9c4d4d9f2fb0f"},{"originalProperty":"m_linkedEntity","originalEntity":"93b9a475352daf20"},{"originalProperty":"m_linkedEntity","originalEntity":"6f841b42890fe2ed"},{"originalProperty":"m_linkedEntity","originalEntity":"d0df6e4ea288cdc3"},{"originalProperty":"m_linkedEntity","originalEntity":"1cb9aedeab0de47f"},{"originalProperty":"m_linkedEntity","originalEntity":"360705a6c510452"},{"originalProperty":"m_linkedEntity","originalEntity":"d79e01ad3c043c63"},{"originalProperty":"m_linkedEntity","originalEntity":"e7fa502686205fea"}]},"exposedInterfaces":{"ZClothCollider":"58b289fa45aa6d37","ZClothColliderGroup":"58b289fa45aa6d37"}}},"propertyOverrides":[],"overrideDeletes":[],"pinConnectionOverrides":[],"pinConnectionOverrideDeletes":[],"externalScenes":[],"subType":"template","quickEntityVersion":3.1,"extraFactoryDependencies":[],"extraBlueprintDependencies":[],"comments":[]}