{"tempHash":"0075CC9E284E3236","tbluHash":"00496DB4C060F685","rootEntity":"aa573ec50c2a54f0","entities":{"29965900676e7786":{"parent":"aa573ec50c2a54f0","name":"Mesh_Hands","factory":"[modules:/zbodypartentity.class].pc_entitytype","blueprint":"[modules:/zbodypartentity.class].pc_entityblueprint","properties":{"m_pMeshResource":{"type":"ZRuntimeResourceID","value":{"resource":"006EF3B73EB77D7A","flag":"5F"}}}},"cd0aca38b6022483":{"parent":"aa573ec50c2a54f0","name":"Mesh_Shirt","factory":"[modules:/zbodypartentity.class].pc_entitytype","blueprint":"[modules:/zbodypartentity.class].pc_entityblueprint","properties":{"m_pMeshResource":{"type":"ZRuntimeResourceID","value":{"resource":"[assembly:/_pro/characters/assets/hero/agent47/geometry/regmale_agent47.wl2?/shirt.weightedprim](bodypart).pc_weightedprim","flag":"5F"}}}},"4fa9a479d4be0169":{"parent":"aa573ec50c2a54f0","name":"ChildNetwork","factory":"[modules:/zchildnetworkentity.class].pc_entitytype","blueprint":"[modules:/zchildnetworkentity.class].pc_entityblueprint","properties":{"m_RuntimeNetworkResourceID":{"type":"ZRuntimeResourceID","value":{"resource":"[assembly:/animationnetworks/hitman01/idles/suitidle.aln].pc_rtn","flag":"9F"}}}},"849cd9b85ba1be4f":{"parent":"aa573ec50c2a54f0","name":"Mesh_Tie01","factory":"[modules:/zbodypartentity.class].pc_entitytype","blueprint":"[modules:/zbodypartentity.class].pc_entityblueprint","properties":{"m_pMeshResource":{"type":"ZRuntimeResourceID","value":{"resource":"00F71B320593CAA2","flag":"5F"}}}},"aa573ec50c2a54f0":{"parent":null,"name":"OUTFIT_Agent47_Absolution_Gloves_HeroA_V0","factory":"[assembly:/templates/aspectdummy.aspect]([modules:/zlinkedproxyentity.class].entitytype,[modules:/zclothcharacterentity.class].entitytype,[modules:/zheroidlenetworkaspect.class].entitytype).pc_entitytype","blueprint":"[assembly:/templates/aspectdummy.aspect]([modules:/zlinkedproxyentity.class].entitytype,[modules:/zclothcharacterentity.class].entitytype,[modules:/zheroidlenetworkaspect.class].entitytype).pc_entityblueprint","properties":{"m_ResourceID":{"type":"ZRuntimeResourceID","value":null},"m_fLODScale":{"type":"float32","value":1},"m_mTransform":{"type":"SMatrix43","value":{"rotation":{"x":0,"y":0,"z":-1.717010426755565},"position":{"x":23.790180206298828,"y":5.695763111114502,"z":0.00002700000004551839}}},"m_pBonesAndCollisionResource":{"type":"ZRuntimeResourceID","value":{"resource":"004E2C4FC114F487","flag":"5F"}},"m_bUsePerVertexStiffness":{"type":"bool","value":true},"m_bGlobalCollidersEnabled":{"type":"bool","value":false},"m_fDamping":{"type":"float32","value":1},"m_fBendStiffness":{"type":"float32","value":1},"m_bUsePerVertexDamping":{"type":"bool","value":true},"m_fShearStiffness":{"type":"float32","value":1},"m_bUseSkinningPosNormalConstrains":{"type":"bool","value":true},"m_bUseSkinningNegNormalConstrains":{"type":"bool","value":true},"m_nIterations":{"type":"uint32","value":2},"m_fFrequency":{"type":"float32","value":90},"m_vTranslationScale":{"type":"SVector3","value":{"x":0.10000000149011612,"y":0.10000000149011612,"z":0.10000000149011612}},"m_vGravity":{"type":"SVector3","value":{"x":0,"y":0,"z":-13}},"m_fLODOffset":{"type":"float32","value":100},"m_fDragConstant":{"type":"float32","value":1},"m_eStretchConstrainType":{"type":"EClothStretchConstrainType","value":"eClothBendConstrainType_LRA"},"m_fAngularVelocityThreshold":{"type":"float32","value":60},"m_eRootBone":{"type":"BoneId.Enum","value":"PELVIS"},"m_bEnableAngularVelocityScale":{"type":"bool","value":true},"m_eBendConstrainType":{"type":"EClothBendConstrainType","value":"eClothBendConstrainType_Triangle"},"m_pIdleAnimNetworkEntity":{"type":"SEntityTemplateReference","value":"4fa9a479d4be0169"},"m_bRandomStartState":{"type":"bool","value":true},"m_fWindConstant":{"type":"float32","value":0.10000000149011612},"m_aBodyParts":{"type":"TArray<SEntityTemplateReference>","value":["c3c01cfdaeae11a4","29965900676e7786","3bb39d30308224cb","97fa37e8a6774015","7770b2a7aa3afed7","ceccf89f17ad0bff","8065649bda6593a2","cd0aca38b6022483","849cd9b85ba1be4f","b5ad3356ce59deea"],"postInit":true},"m_LocalColliders":{"type":"TArray<SEntityTemplateReference>","value":["6f32156e2f9686cd"],"postInit":true}}},"3bb39d30308224cb":{"parent":"aa573ec50c2a54f0","name":"Mesh_Jacket","factory":"[modules:/zbodypartentity.class].pc_entitytype","blueprint":"[modules:/zbodypartentity.class].pc_entityblueprint","properties":{"m_pMeshResource":{"type":"ZRuntimeResourceID","value":{"resource":"[assembly:/_pro/characters/assets/hero/agent47/geometry/male_reg_agent47_marrakesh.wl2?/jacket.weightedprim](bodypart).pc_weightedprim","flag":"5F"}}}},"ceccf89f17ad0bff":{"parent":"aa573ec50c2a54f0","name":"Mesh_Tie","factory":"[modules:/zbodypartentity.class].pc_entitytype","blueprint":"[modules:/zbodypartentity.class].pc_entityblueprint","properties":{"m_pMeshResource":{"type":"ZRuntimeResourceID","value":{"resource":"006D1BF1B36511FD","flag":"5F"}}}},"8be9369b854fa685":{"parent":"aa573ec50c2a54f0","name":"agent47_eye","factory":"[assembly:/_pro/characters/assets/hero/agent47/materials/agent47_eye.mi].pc_entitytype","blueprint":"[assembly:/_pro/characters/assets/hero/agent47/materials/agent47_eye.mi].pc_entityblueprint","properties":{"1405740434":{"type":"IRenderMaterialEntity.EModifierOperation","value":"eReplace"},"2298771567":{"type":"IRenderMaterialEntity.EModifierOperation","value":"eReplace"},"m_mTransform":{"type":"SMatrix43","value":{"rotation":{"x":0,"y":0,"z":0},"position":{"x":0,"y":0,"z":0}}},"Clients":{"type":"TArray<SEntityTemplateReference>","value":["aa573ec50c2a54f0"]},"EyeShader_01_ScleraSpecularIntensity":{"type":"float32","value":0.007000000216066837},"EyeShader_01_CorneaSpecularIntensity":{"type":"float32","value":0.007000000216066837},"m_eidParent":{"type":"SEntityTemplateReference","value":"aa573ec50c2a54f0"}}},"b5ad3356ce59deea":{"parent":"aa573ec50c2a54f0","name":"Mesh_Belt","factory":"[modules:/zbodypartentity.class].pc_entitytype","blueprint":"[modules:/zbodypartentity.class].pc_entityblueprint","properties":{"m_pMeshResource":{"type":"ZRuntimeResourceID","value":{"resource":"[assembly:/_pro/characters/assets/hero/agent47/geometry/regmale_agent47.wl2?/belt.weightedprim](bodypart).pc_weightedprim","flag":"5F"}}}},"7770b2a7aa3afed7":{"parent":"aa573ec50c2a54f0","name":"Mesh_Shoes","factory":"[modules:/zbodypartentity.class].pc_entitytype","blueprint":"[modules:/zbodypartentity.class].pc_entityblueprint","properties":{"m_pMeshResource":{"type":"ZRuntimeResourceID","value":{"resource":"[assembly:/_pro/characters/assets/hero/agent47/geometry/male_reg_agent47_marrakesh.wl2?/shoes.weightedprim](bodypart).pc_weightedprim","flag":"5F"}}}},"eb77262522fb5632":{"parent":"aa573ec50c2a54f0","name":"agent47_tie_absolution","factory":"[assembly:/_pro/characters/assets/hero/agent47/materials/agent47_tie_absolution.mi].pc_entitytype","blueprint":"[assembly:/_pro/characters/assets/hero/agent47/materials/agent47_tie_absolution.mi].pc_entityblueprint","properties":{"594659090":{"type":"bool","value":true},"1737952988":{"type":"IRenderMaterialEntity.EModifierOperation","value":"eReplace"},"1787395739":{"type":"IRenderMaterialEntity.EModifierOperation","value":"eReplace"},"2287298018":{"type":"IRenderMaterialEntity.EModifierOperation","value":"eReplace"},"2456388972":{"type":"IRenderMaterialEntity.EModifierOperation","value":"eReplace"},"m_mTransform":{"type":"SMatrix43","value":{"rotation":{"x":0,"y":0,"z":0},"position":{"x":0,"y":0,"z":0}}},"Clients":{"type":"TArray<SEntityTemplateReference>","value":["aa573ec50c2a54f0"]},"ConstantVector1D_09_Value_op":{"type":"IRenderMaterialEntity.EModifierOperation","value":"eReplace"},"ConstantVector1D_09_Value":{"type":"float32","value":0.10000000149011612},"ConstantVector1D_03_Value":{"type":"float32","value":7},"Texture2D_03_enab":{"type":"bool","value":false},"ConstantVector1D_05_Value":{"type":"float32","value":0.6000000238418579},"ConstantVector1D_04_Value":{"type":"float32","value":0.5},"ConstantVector1D_07_Value_op":{"type":"IRenderMaterialEntity.EModifierOperation","value":"eReplace"},"ConstantVector1D_07_Value":{"type":"float32","value":-0.14000000059604645},"ConstantVector1D_08_Value":{"type":"float32","value":-0.009999999776482582},"ConstantVector1D_01_Value_op":{"type":"IRenderMaterialEntity.EModifierOperation","value":"eReplace"},"ConstantVector1D_01_Value":{"type":"float32","value":0.800000011920929},"m_eidParent":{"type":"SEntityTemplateReference","value":"aa573ec50c2a54f0"}}},"6fe0dc38a9a631a4":{"parent":"aa573ec50c2a54f0","name":"agent47_shirt_02","factory":"[assembly:/_pro/characters/assets/hero/agent47/materials/agent47_shirt_02.mi].pc_entitytype","blueprint":"[assembly:/_pro/characters/assets/hero/agent47/materials/agent47_shirt_02.mi].pc_entityblueprint","properties":{"m_mTransform":{"type":"SMatrix43","value":{"rotation":{"x":0,"y":0,"z":0},"position":{"x":0,"y":0,"z":0}}},"Clients":{"type":"TArray<SEntityTemplateReference>","value":["aa573ec50c2a54f0"]},"Texture2D_03_enab":{"type":"bool","value":true},"Texture2D_03":{"type":"ZRuntimeResourceID","value":{"resource":"0072D38B88867A1D","flag":"5F"}},"Texture2DNormal_01_enab":{"type":"bool","value":true},"Texture2DNormal_01":{"type":"ZRuntimeResourceID","value":{"resource":"007183AAB2E11BC9","flag":"5F"}},"Texture2D_01_enab":{"type":"bool","value":true},"Texture2D_01":{"type":"ZRuntimeResourceID","value":{"resource":"00DFBA255A9E740A","flag":"5F"}},"m_eidParent":{"type":"SEntityTemplateReference","value":"aa573ec50c2a54f0"}}},"6f32156e2f9686cd":{"parent":"aa573ec50c2a54f0","name":"malereg_tie","factory":"009407FC235CE191","blueprint":"000FB527EDF21212","properties":{"Elbow_L_Enabled":{"type":"bool","value":false},"Elbow_R_Enabled":{"type":"bool","value":false},"Hand_L_Enabled":{"type":"bool","value":false},"Hand_R_Enabled":{"type":"bool","value":false},"m_eidParent":{"type":"SEntityTemplateReference","value":"aa573ec50c2a54f0"},"m_linkedEntity":{"type":"SEntityTemplateReference","value":"aa573ec50c2a54f0","postInit":true}}},"8065649bda6593a2":{"parent":"aa573ec50c2a54f0","name":"Mesh_Watch","factory":"[modules:/zbodypartentity.class].pc_entitytype","blueprint":"[modules:/zbodypartentity.class].pc_entityblueprint","properties":{"m_pMeshResource":{"type":"ZRuntimeResourceID","value":{"resource":"004638FB3F3C2B9A","flag":"5F"}}}},"97fa37e8a6774015":{"parent":"aa573ec50c2a54f0","name":"Mesh_Pant","factory":"[modules:/zbodypartentity.class].pc_entitytype","blueprint":"[modules:/zbodypartentity.class].pc_entityblueprint","properties":{"m_pMeshResource":{"type":"ZRuntimeResourceID","value":{"resource":"[assembly:/_pro/characters/assets/hero/agent47/geometry/regmale_agent47.wl2?/pant.weightedprim](bodypart).pc_weightedprim","flag":"5F"}}}},"c3c01cfdaeae11a4":{"parent":"aa573ec50c2a54f0","name":"Mesh_Head","factory":"[modules:/zbodypartentity.class].pc_entitytype","blueprint":"[modules:/zbodypartentity.class].pc_entityblueprint","properties":{"m_pMeshResource":{"type":"ZRuntimeResourceID","value":{"resource":"[assembly:/_pro/characters/assets/hero/agent47/geometry/regmale_agent47.wl2?/agent47_head.weightedprim](bodypart).pc_weightedprim","flag":"5F"}},"m_IsHiddenInVR":{"type":"bool","value":true}}}},"propertyOverrides":[],"overrideDeletes":[],"pinConnectionOverrides":[],"pinConnectionOverrideDeletes":[],"externalScenes":[],"subType":"template","quickEntityVersion":3.1,"extraFactoryDependencies":[],"extraBlueprintDependencies":[],"comments":[]}