{"tempHash":"0030873AC710F7CB","tbluHash":"0092EFBEDD9F3294","patch":[{"SubEntityOperation":["2820998b04618345",{"PatchArrayPropertyValue":["m_aBodyParts",[{"AddItemAfter":["1c211c6da719d940","abcd6aa2c1fa330c"]}]]}]},{"AddEntity":["abcd599fff707e87",{"parent":"abcd6aa2c1fa330c","name":"whiteninja_goggles","factory":"0045F13A3CCD7E24","blueprint":"0026F3B64F3DA0C9","properties":{"2287298018":{"type":"IRenderMaterialEntity.EModifierOperation","value":"eReplace"},"m_mTransform":{"type":"SMatrix43","value":{"rotation":{"x":0,"y":0,"z":0},"position":{"x":0,"y":0,"z":0}}},"ConstantVector1D_01_Value_op":{"type":"IRenderMaterialEntity.EModifierOperation","value":"eReplace"},"Clients":{"type":"TArray<SEntityTemplateReference>","value":["abcd6aa2c1fa330c"],"postInit":true},"m_eidParent":{"type":"SEntityTemplateReference","value":"2820998b04618345","postInit":true}}}]},{"AddEntity":["abcd6aa2c1fa330c",{"parent":"2820998b04618345","name":"Mesh_Goggles","factory":"[modules:/zbodypartentity.class].pc_entitytype","blueprint":"[modules:/zbodypartentity.class].pc_entityblueprint","properties":{"m_pMeshResource":{"type":"ZRuntimeResourceID","value":{"resource":"001419C6F3DCE229","flag":"5F"}},"m_IsHiddenInVR":{"type":"bool","value":true}},"inputCopying":{"ConstantVector1D_04_Value":{"ConstantVector1D_04_Value":["abcd599fff707e87"]},"ConstantVector1D_01_Value":{"ConstantVector1D_01_Value":["abcd599fff707e87"]}}}]}],"patchVersion":6}