{"tempHash":"009C345AB071BCD4","tbluHash":"00493ADBB2677A3F","rootEntity":"f988e9dc2ea04b8","entities":{"39e7982baf704e00":{"parent":"f2b5f32d833565e3","name":"male_reg_belt_01","factory":"0043725859FC505F","blueprint":"0023812E573A1012","properties":{"m_mTransform":{"type":"SMatrix43","value":{"rotation":{"x":0,"y":0,"z":0},"position":{"x":34.61589813232422,"y":11.678770065307617,"z":0}}},"Diffuse_Saturation_01_Value_op":{"type":"IRenderMaterialEntity.EModifierOperation","value":"eReplace"},"Diffuse_Saturation_01_Value":{"type":"float32","value":0.10000000149011612},"ConstantVector1D_01_Value_op":{"type":"IRenderMaterialEntity.EModifierOperation","value":"eReplace"},"ConstantVector1D_01_Value":{"type":"float32","value":0.6600000262260437},"ConstantVector1D_04_Value_op":{"type":"IRenderMaterialEntity.EModifierOperation","value":"eReplace"},"Texture2D_01_enab":{"type":"bool","value":true},"Texture2D_01":{"type":"ZRuntimeResourceID","value":{"resource":"009B8A5F78999ED1","flag":"5F"}},"ConstantVector1D_03_Value_op":{"type":"IRenderMaterialEntity.EModifierOperation","value":"eReplace"},"ConstantVector1D_03_Value":{"type":"float32","value":0.36000001430511475},"Texture2D_03_enab":{"type":"bool","value":true},"Texture2D_03":{"type":"ZRuntimeResourceID","value":{"resource":"0065EB1DBE4992E5","flag":"5F"}},"Clients":{"type":"TArray<SEntityTemplateReference>","value":["f2b5f32d833565e3"],"postInit":true},"m_eidParent":{"type":"SEntityTemplateReference","value":"f988e9dc2ea04b8","postInit":true}}},"537f883d0b846de7":{"parent":"f988e9dc2ea04b8","name":"baseRough 2","factory":"[modules:/zmathlerp.class].pc_entitytype","blueprint":"[modules:/zmathlerp.class].pc_entityblueprint","properties":{"m_B":{"type":"float32","value":0.30000001192092896},"m_fT":{"type":"float32","value":0},"m_A":{"type":"float32","value":0.1599999964237213}},"events":{"Lerp":{"Shirt_RoughnessMin":["e54c81c8a11231bc"]}}},"47c056ac3b17acea":{"parent":"2d9bd8257492f347","name":"C_Hand_L","factory":"[assembly:/templates/aspectdummy.aspect]([modules:/zclothsphere.class].entitytype,[modules:/zboneattachaspect.class].entitytype).pc_entitytype","blueprint":"[assembly:/templates/aspectdummy.aspect]([modules:/zclothsphere.class].entitytype,[modules:/zboneattachaspect.class].entitytype).pc_entityblueprint","properties":{"m_BoneName":{"type":"ZString","value":"L_Hand"},"m_linkedEntity":{"type":"SEntityTemplateReference","value":null},"m_fRadius":{"type":"float32","value":0.07000000029802322},"m_mTransform":{"type":"SMatrix43","value":{"rotation":{"x":0,"y":0,"z":0},"position":{"x":0,"y":0,"z":0}}},"m_bEnabled":{"type":"bool","value":true},"m_eidParent":{"type":"SEntityTemplateReference","value":"2d9bd8257492f347","postInit":true}}},"494fbe9aa915d592":{"parent":"2d9bd8257492f347","name":"C_Knee_R","factory":"[assembly:/templates/aspectdummy.aspect]([modules:/zclothsphere.class].entitytype,[modules:/zboneattachaspect.class].entitytype).pc_entitytype","blueprint":"[assembly:/templates/aspectdummy.aspect]([modules:/zclothsphere.class].entitytype,[modules:/zboneattachaspect.class].entitytype).pc_entityblueprint","properties":{"m_fRadius":{"type":"float32","value":0.10000000149011612},"m_BoneName":{"type":"ZString","value":"RThighTwist2"},"m_linkedEntity":{"type":"SEntityTemplateReference","value":null},"m_mTransform":{"type":"SMatrix43","value":{"rotation":{"x":0.01976704358638215,"y":0,"z":0},"position":{"x":0.12606200575828552,"y":-0.011234999634325504,"z":-0.0020119999535381794}}},"m_eidParent":{"type":"SEntityTemplateReference","value":"2d9bd8257492f347","postInit":true}}},"a5d5e8e3c5759227":{"parent":"2d9bd8257492f347","name":"C_TighTop_R","factory":"[assembly:/templates/aspectdummy.aspect]([modules:/zclothsphere.class].entitytype,[modules:/zboneattachaspect.class].entitytype).pc_entitytype","blueprint":"[assembly:/templates/aspectdummy.aspect]([modules:/zclothsphere.class].entitytype,[modules:/zboneattachaspect.class].entitytype).pc_entityblueprint","properties":{"m_fRadius":{"type":"float32","value":0.13099999725818634},"m_BoneName":{"type":"ZString","value":"RThighTwist"},"m_linkedEntity":{"type":"SEntityTemplateReference","value":null},"m_mTransform":{"type":"SMatrix43","value":{"rotation":{"x":0.01976704358638215,"y":0,"z":0},"position":{"x":0.0008270000107586384,"y":0.010259999893605709,"z":-0.0352259986102581}}},"m_eidParent":{"type":"SEntityTemplateReference","value":"2d9bd8257492f347","postInit":true}}},"142382922ede73da":{"parent":"f988e9dc2ea04b8","name":"Hands","factory":"009A6D9F7927FB89","blueprint":"00F49463DEA8D412"},"b8e18442060b4e85":{"parent":"2d9bd8257492f347","name":"C_Forearm_R","factory":"[assembly:/templates/aspectdummy.aspect]([modules:/zclothsphere.class].entitytype,[modules:/zboneattachaspect.class].entitytype).pc_entitytype","blueprint":"[assembly:/templates/aspectdummy.aspect]([modules:/zclothsphere.class].entitytype,[modules:/zboneattachaspect.class].entitytype).pc_entityblueprint","properties":{"m_BoneName":{"type":"ZString","value":"R_Forearm"},"m_linkedEntity":{"type":"SEntityTemplateReference","value":null},"m_fRadius":{"type":"float32","value":0.07000000029802322},"m_mTransform":{"type":"SMatrix43","value":{"rotation":{"x":0,"y":0,"z":0},"position":{"x":0,"y":0,"z":0}}},"m_bEnabled":{"type":"bool","value":true},"m_eidParent":{"type":"SEntityTemplateReference","value":"2d9bd8257492f347","postInit":true}}},"118f9da18cfde567":{"parent":"f988e9dc2ea04b8","name":"diff 2","factory":"[modules:/zmathlerp.class].pc_entitytype","blueprint":"[modules:/zmathlerp.class].pc_entityblueprint","properties":{"m_B":{"type":"float32","value":0.4000000059604645},"m_fT":{"type":"float32","value":0},"m_A":{"type":"float32","value":0.6600000262260437}},"events":{"Lerp":{"ConstantVector1D_01_Value":["f2b5f32d833565e3"]}}},"1e3037854d17a26a":{"parent":"2d9bd8257492f347","name":"C_UpperArm_L","factory":"[assembly:/templates/aspectdummy.aspect]([modules:/zclothsphere.class].entitytype,[modules:/zboneattachaspect.class].entitytype).pc_entitytype","blueprint":"[assembly:/templates/aspectdummy.aspect]([modules:/zclothsphere.class].entitytype,[modules:/zboneattachaspect.class].entitytype).pc_entityblueprint","properties":{"m_BoneName":{"type":"ZString","value":"L_UpperArm"},"m_linkedEntity":{"type":"SEntityTemplateReference","value":null},"m_fRadius":{"type":"float32","value":0.07999999821186066},"m_mTransform":{"type":"SMatrix43","value":{"rotation":{"x":0,"y":0,"z":0},"position":{"x":0,"y":0,"z":0}}},"m_bEnabled":{"type":"bool","value":true},"m_eidParent":{"type":"SEntityTemplateReference","value":"2d9bd8257492f347","postInit":true}}},"fb471ead4fa10c92":{"parent":"f988e9dc2ea04b8","name":"Head_47","factory":"00537D16B5CE7286","blueprint":"00F2E4A932ECAA63"},"4183fc6cb01f6b5":{"parent":"2d9bd8257492f347","name":"CChain_Spine_L","factory":"[modules:/zclothspherechain.class].pc_entitytype","blueprint":"[modules:/zclothspherechain.class].pc_entityblueprint","properties":{"m_mTransform":{"type":"SMatrix43","value":{"rotation":{"x":0,"y":0,"z":0},"position":{"x":-0.0000001290655973207322,"y":0.000000002171457902377938,"z":0}}},"m_Spheres":{"type":"TArray<SEntityTemplateReference>","value":["40eaa0df9d662414","9d3efea92858beeb","4de57039d6b6ffdb"],"postInit":true},"m_eidParent":{"type":"SEntityTemplateReference","value":"2d9bd8257492f347","postInit":true}}},"670bfa2c043cb0db":{"parent":"2d9bd8257492f347","name":"C_Clavicle_R","factory":"[assembly:/templates/aspectdummy.aspect]([modules:/zclothsphere.class].entitytype,[modules:/zboneattachaspect.class].entitytype).pc_entitytype","blueprint":"[assembly:/templates/aspectdummy.aspect]([modules:/zclothsphere.class].entitytype,[modules:/zboneattachaspect.class].entitytype).pc_entityblueprint","properties":{"m_BoneName":{"type":"ZString","value":"R_Clavicle"},"m_linkedEntity":{"type":"SEntityTemplateReference","value":null},"m_fRadius":{"type":"float32","value":0.08500000089406967},"m_mTransform":{"type":"SMatrix43","value":{"rotation":{"x":0,"y":0,"z":0},"position":{"x":0,"y":0,"z":0}}},"m_bEnabled":{"type":"bool","value":true},"m_eidParent":{"type":"SEntityTemplateReference","value":"2d9bd8257492f347","postInit":true}}},"40eaa0df9d662414":{"parent":"2d9bd8257492f347","name":"C_Spine_L","factory":"[assembly:/templates/aspectdummy.aspect]([modules:/zclothsphere.class].entitytype,[modules:/zboneattachaspect.class].entitytype).pc_entitytype","blueprint":"[assembly:/templates/aspectdummy.aspect]([modules:/zclothsphere.class].entitytype,[modules:/zboneattachaspect.class].entitytype).pc_entityblueprint","properties":{"m_BoneName":{"type":"ZString","value":"Spine"},"m_linkedEntity":{"type":"SEntityTemplateReference","value":null},"m_fRadius":{"type":"float32","value":0.12999999523162842},"m_mTransform":{"type":"SMatrix43","value":{"rotation":{"x":-0.05597795813053337,"y":0,"z":-0.055978018140436084},"position":{"x":0.0000009999999974752427,"y":0.032037001103162766,"z":0.04795899987220764}}},"m_bEnabled":{"type":"bool","value":true},"m_bCollisionGroup0":{"type":"bool","value":true},"m_eidParent":{"type":"SEntityTemplateReference","value":"2d9bd8257492f347","postInit":true}}},"db2378397fcdb4db":{"parent":"f988e9dc2ea04b8","name":"rough","factory":"[modules:/zmathlerp.class].pc_entitytype","blueprint":"[modules:/zmathlerp.class].pc_entityblueprint","properties":{"m_B":{"type":"float32","value":0.30000001192092896},"m_fT":{"type":"float32","value":0},"m_A":{"type":"float32","value":0.029999999329447746}},"events":{"Lerp":{"ConstantVector1D_04_Value":["782ced55e7b08a28"]}}},"9b5e13ed4e432e1e":{"parent":"e54c81c8a11231bc","name":"male_reg_philip_01_tie_01","factory":"[assembly:/_pro/characters/assets/individuals/paris/philip/materials/male_reg_philip_01_tie_01.mi].pc_entitytype","blueprint":"[assembly:/_pro/characters/assets/individuals/paris/philip/materials/male_reg_philip_01_tie_01.mi].pc_entityblueprint","properties":{"594659090":{"type":"bool","value":true},"Texture2D_03_enab":{"type":"bool","value":true},"Texture2D_03":{"type":"ZRuntimeResourceID","value":{"resource":"[assembly:/_pro/characters/assets/individuals/paris/philip/textures/male_reg_philip_01_tie_01.texture?/specular_f.tex](ascolormap).pc_tex","flag":"5F"}},"Texture2D_01_enab":{"type":"bool","value":true},"Texture2D_01":{"type":"ZRuntimeResourceID","value":{"resource":"[assembly:/_pro/characters/assets/individuals/paris/philip/textures/male_reg_philip_01_tie_01.texture?/diffuse_g.tex](ascolormap).pc_tex","flag":"5F"}},"ConstantColorRGB_05_Value_op":{"type":"IRenderMaterialEntity.EModifierOperation","value":"eReplace"},"ConstantColorRGB_05_Value":{"type":"SColorRGB","value":"#e6e6e6"},"ConstantVector1D_05_Value_op":{"type":"IRenderMaterialEntity.EModifierOperation","value":"eReplace"},"ConstantVector1D_04_Value_op":{"type":"IRenderMaterialEntity.EModifierOperation","value":"eReplace"},"ConstantVector1D_04_Value":{"type":"float32","value":0.029999999329447746},"ConstantVector1D_05_Value":{"type":"float32","value":1},"ConstantVector1D_09_Value_op":{"type":"IRenderMaterialEntity.EModifierOperation","value":"eReplace"},"ConstantVector1D_09_Value":{"type":"float32","value":0.10000000149011612},"ConstantVector1D_03_Value_op":{"type":"IRenderMaterialEntity.EModifierOperation","value":"eReplace"},"ConstantVector1D_03_Value":{"type":"float32","value":8},"Texture2DCompoundNormal_01":{"type":"ZRuntimeResourceID","value":{"resource":"[assembly:/_pro/environment/textures/constants/directional_a.texture?/normal_a.tex](ascompoundnormal).pc_tex","flag":"5F"}},"ConstantVector1D_07_Value_op":{"type":"IRenderMaterialEntity.EModifierOperation","value":"eReplace"},"ConstantVector1D_07_Value":{"type":"float32","value":0},"ConstantVector1D_08_Value_op":{"type":"IRenderMaterialEntity.EModifierOperation","value":"eReplace"},"ConstantVector1D_08_Value":{"type":"float32","value":0.25},"ConstantVector1D_06_Value_op":{"type":"IRenderMaterialEntity.EModifierOperation","value":"eReplace"},"ConstantColorRGB_02_Value_op":{"type":"IRenderMaterialEntity.EModifierOperation","value":"eReplace"},"ConstantColorRGB_02_Value":{"type":"SColorRGB","value":"#f0f0f0"},"ConstantVector1D_01_Value_op":{"type":"IRenderMaterialEntity.EModifierOperation","value":"eReplace"},"ConstantVector1D_01_Value":{"type":"float32","value":0.5},"Texture2DNormal_01_enab":{"type":"bool","value":true},"Texture2DNormal_01":{"type":"ZRuntimeResourceID","value":{"resource":"[assembly:/_pro/characters/assets/individuals/paris/philip/textures/male_reg_philip_01_tie_01.texture?/normal_a.tex](asnormalmap).pc_tex","flag":"5F"}},"Clients":{"type":"TArray<SEntityTemplateReference>","value":["e54c81c8a11231bc"],"postInit":true},"m_eidParent":{"type":"SEntityTemplateReference","value":"e54c81c8a11231bc","postInit":true}}},"cedfc674e110e208":{"parent":"2d9bd8257492f347","name":"C_Neck","factory":"[assembly:/templates/aspectdummy.aspect]([modules:/zclothsphere.class].entitytype,[modules:/zboneattachaspect.class].entitytype).pc_entitytype","blueprint":"[assembly:/templates/aspectdummy.aspect]([modules:/zclothsphere.class].entitytype,[modules:/zboneattachaspect.class].entitytype).pc_entityblueprint","properties":{"m_BoneName":{"type":"ZString","value":"Neck"},"m_linkedEntity":{"type":"SEntityTemplateReference","value":null},"m_fRadius":{"type":"float32","value":0.08500000089406967},"m_mTransform":{"type":"SMatrix43","value":{"rotation":{"x":0,"y":0,"z":0},"position":{"x":0,"y":0,"z":0}}},"m_bEnabled":{"type":"bool","value":true},"m_eidParent":{"type":"SEntityTemplateReference","value":"2d9bd8257492f347","postInit":true}}},"8551248781fd527a":{"parent":"2d9bd8257492f347","name":"CChain_Spine_R","factory":"[modules:/zclothspherechain.class].pc_entitytype","blueprint":"[modules:/zclothspherechain.class].pc_entityblueprint","properties":{"m_mTransform":{"type":"SMatrix43","value":{"rotation":{"x":0,"y":0,"z":0},"position":{"x":-0.0000001290655973207322,"y":0.000000002171457902377938,"z":0}}},"m_Spheres":{"type":"TArray<SEntityTemplateReference>","value":["3c77b190e7debba7","f4ceb36912c39be0","65b7a7f4bf50a94d"],"postInit":true},"m_eidParent":{"type":"SEntityTemplateReference","value":"2d9bd8257492f347","postInit":true}}},"489e1cdcc8ee711e":{"parent":"2d9bd8257492f347","name":"C_Clavicle_L","factory":"[assembly:/templates/aspectdummy.aspect]([modules:/zclothsphere.class].entitytype,[modules:/zboneattachaspect.class].entitytype).pc_entitytype","blueprint":"[assembly:/templates/aspectdummy.aspect]([modules:/zclothsphere.class].entitytype,[modules:/zboneattachaspect.class].entitytype).pc_entityblueprint","properties":{"m_BoneName":{"type":"ZString","value":"L_Clavicle"},"m_linkedEntity":{"type":"SEntityTemplateReference","value":null},"m_fRadius":{"type":"float32","value":0.08500000089406967},"m_mTransform":{"type":"SMatrix43","value":{"rotation":{"x":0,"y":0,"z":0},"position":{"x":0,"y":0,"z":0}}},"m_bEnabled":{"type":"bool","value":true},"m_eidParent":{"type":"SEntityTemplateReference","value":"2d9bd8257492f347","postInit":true}}},"3c77b190e7debba7":{"parent":"2d9bd8257492f347","name":"C_Spine_R","factory":"[assembly:/templates/aspectdummy.aspect]([modules:/zclothsphere.class].entitytype,[modules:/zboneattachaspect.class].entitytype).pc_entitytype","blueprint":"[assembly:/templates/aspectdummy.aspect]([modules:/zclothsphere.class].entitytype,[modules:/zboneattachaspect.class].entitytype).pc_entityblueprint","properties":{"m_BoneName":{"type":"ZString","value":"Spine"},"m_linkedEntity":{"type":"SEntityTemplateReference","value":null},"m_fRadius":{"type":"float32","value":0.12999999523162842},"m_mTransform":{"type":"SMatrix43","value":{"rotation":{"x":-0.059301168690513356,"y":0.048472245765408935,"z":-0.06250971406781075},"position":{"x":-0.0000019999999949504854,"y":0.030573999509215355,"z":-0.050732001662254333}}},"m_bEnabled":{"type":"bool","value":true},"m_bCollisionGroup0":{"type":"bool","value":true},"m_eidParent":{"type":"SEntityTemplateReference","value":"2d9bd8257492f347","postInit":true}}},"a643d947871c8ff5":{"parent":"2d9bd8257492f347","name":"C_Pelvis_L","factory":"[assembly:/templates/aspectdummy.aspect]([modules:/zclothsphere.class].entitytype,[modules:/zboneattachaspect.class].entitytype).pc_entitytype","blueprint":"[assembly:/templates/aspectdummy.aspect]([modules:/zclothsphere.class].entitytype,[modules:/zboneattachaspect.class].entitytype).pc_entityblueprint","properties":{"m_fRadius":{"type":"float32","value":0.12999999523162842},"m_BoneName":{"type":"ZString","value":"Pelvis"},"m_linkedEntity":{"type":"SEntityTemplateReference","value":null},"m_mTransform":{"type":"SMatrix43","value":{"rotation":{"x":-0.05597795813053337,"y":0,"z":-0.055978018140436084},"position":{"x":0.03650100156664848,"y":0.011141999624669552,"z":0.05415499955415726}}},"m_bEnabled":{"type":"bool","value":true},"m_eidParent":{"type":"SEntityTemplateReference","value":"2d9bd8257492f347","postInit":true}}},"ac5c2540e18a0c20":{"parent":"f988e9dc2ea04b8","name":"diff","factory":"[modules:/zmathlerp.class].pc_entitytype","blueprint":"[modules:/zmathlerp.class].pc_entityblueprint","properties":{"m_B":{"type":"float32","value":10},"m_fT":{"type":"float32","value":0},"m_A":{"type":"float32","value":20}},"events":{"Lerp":{"ConstantVector1D_01_Value":["142382922ede73da"]}}},"c8ad51ca9e8e4e6b":{"parent":"f988e9dc2ea04b8","name":"DaseDiff","factory":"[modules:/zmathlerp.class].pc_entitytype","blueprint":"[modules:/zmathlerp.class].pc_entityblueprint","properties":{"m_B":{"type":"float32","value":0.20000000298023224},"m_fT":{"type":"float32","value":0},"m_A":{"type":"float32","value":0.5}},"events":{"Lerp":{"Jacket_DiffuseAlbedo":["e54c81c8a11231bc"],"JacketSleave_DiffuseAlbedo":["e54c81c8a11231bc"],"Shirt_DiffuseAlbedo":["e54c81c8a11231bc"],"ConstantVector1D_01_Value":["e54c81c8a11231bc","782ced55e7b08a28"]}}},"2d73fc351229b0b4":{"parent":"2d9bd8257492f347","name":"C_Pelvis_R","factory":"[assembly:/templates/aspectdummy.aspect]([modules:/zclothsphere.class].entitytype,[modules:/zboneattachaspect.class].entitytype).pc_entitytype","blueprint":"[assembly:/templates/aspectdummy.aspect]([modules:/zclothsphere.class].entitytype,[modules:/zboneattachaspect.class].entitytype).pc_entityblueprint","properties":{"m_fRadius":{"type":"float32","value":0.12999999523162842},"m_BoneName":{"type":"ZString","value":"Pelvis"},"m_mTransform":{"type":"SMatrix43","value":{"rotation":{"x":-0.05597795813053337,"y":0,"z":-0.055978018140436084},"position":{"x":0.03649599850177765,"y":0.011141999624669552,"z":-0.05660700052976608}}},"m_bEnabled":{"type":"bool","value":true},"m_eidParent":{"type":"SEntityTemplateReference","value":"2d9bd8257492f347","postInit":true}}},"7a688058321d4b8a":{"parent":"2d9bd8257492f347","name":"CChain_Neck_Arms","factory":"[modules:/zclothspherechain.class].pc_entitytype","blueprint":"[modules:/zclothspherechain.class].pc_entityblueprint","properties":{"m_mTransform":{"type":"SMatrix43","value":{"rotation":{"x":0,"y":0,"z":0},"position":{"x":-0.00000011920930376163597,"y":0,"z":0}}},"m_bCollisionGroup0":{"type":"bool","value":true},"m_bEnabled":{"type":"bool","value":true},"m_Spheres":{"type":"TArray<SEntityTemplateReference>","value":["8059d5102c90eee4","47c056ac3b17acea","6c5dfb790a2fb118","1e3037854d17a26a","489e1cdcc8ee711e","b354df3723556056","cedfc674e110e208","670bfa2c043cb0db","2e693ee06cf0736d","b8e18442060b4e85","a647933f53bb4aef","338db225475ac46d"],"postInit":true},"m_eidParent":{"type":"SEntityTemplateReference","value":"2d9bd8257492f347","postInit":true}}},"54ef8f1538da95ac":{"parent":"f988e9dc2ea04b8","name":"baseRough 3","factory":"[modules:/zmathlerp.class].pc_entitytype","blueprint":"[modules:/zmathlerp.class].pc_entityblueprint","properties":{"m_B":{"type":"float32","value":0.5},"m_fT":{"type":"float32","value":0},"m_A":{"type":"float32","value":0.05999999865889549}},"events":{"Lerp":{"Jacket_RoughnessMin":["e54c81c8a11231bc"],"TieRoughnessMin":["e54c81c8a11231bc"]}}},"314ee82b3048e83f":{"parent":"782ced55e7b08a28","name":"male_reg_suit_pants_anisotropic","factory":"00475ECD0A7CE94A","blueprint":"00D34BFD3AA1A4D6","properties":{"m_mTransform":{"type":"SMatrix43","value":{"rotation":{"x":0,"y":0,"z":0},"position":{"x":0,"y":0,"z":0}}},"ConstantColorRGB_02_Value_op":{"type":"IRenderMaterialEntity.EModifierOperation","value":"eReplace"},"ConstantColorRGB_02_Value":{"type":"SColorRGB","value":"#e3e3e3"},"ConstantColorRGB_05_Value_op":{"type":"IRenderMaterialEntity.EModifierOperation","value":"eLeave"},"ConstantColorRGB_05_Value":{"type":"SColorRGB","value":"#ffffff"},"ConstantVector1D_06_Value_op":{"type":"IRenderMaterialEntity.EModifierOperation","value":"eReplace"},"ConstantVector1D_04_Value_op":{"type":"IRenderMaterialEntity.EModifierOperation","value":"eReplace"},"ConstantVector1D_01_Value_op":{"type":"IRenderMaterialEntity.EModifierOperation","value":"eReplace"},"Texture2D_01_enab":{"type":"bool","value":true},"Texture2D_01":{"type":"ZRuntimeResourceID","value":{"resource":"00AF802D36A4241A","flag":"5F"}},"Texture2D_03_enab":{"type":"bool","value":true},"Texture2D_03":{"type":"ZRuntimeResourceID","value":{"resource":"0013F0C8B8AAE0C8","flag":"5F"}},"ConstantVector1D_03_Value_op":{"type":"IRenderMaterialEntity.EModifierOperation","value":"eLeave"},"ConstantVector1D_03_Value":{"type":"float32","value":1.5},"ConstantVector1D_05_Value_op":{"type":"IRenderMaterialEntity.EModifierOperation","value":"eReplace"},"ConstantVector1D_04_Value":{"type":"float32","value":0.029999999329447746},"ConstantVector1D_05_Value":{"type":"float32","value":0.25999999046325684},"Clients":{"type":"TArray<SEntityTemplateReference>","value":["782ced55e7b08a28"],"postInit":true},"m_eidParent":{"type":"SEntityTemplateReference","value":"f988e9dc2ea04b8","postInit":true}}},"f2b5f32d833565e3":{"parent":"f988e9dc2ea04b8","name":"Mesh_Belt","factory":"[modules:/zbodypartentity.class].pc_entitytype","blueprint":"[modules:/zbodypartentity.class].pc_entityblueprint","properties":{"m_pMeshResource":{"type":"ZRuntimeResourceID","value":{"resource":"004AE40C64125C4E","flag":"5F"}}},"inputCopying":{"ConstantVector1D_04_Value":{"ConstantVector1D_04_Value":["39e7982baf704e00"]},"ConstantVector1D_01_Value":{"ConstantVector1D_01_Value":["39e7982baf704e00"]}}},"4c9ecee2cd27cb5a":{"parent":"f988e9dc2ea04b8","name":"baseRough 4","factory":"[modules:/zmathlerp.class].pc_entitytype","blueprint":"[modules:/zmathlerp.class].pc_entityblueprint","properties":{"m_B":{"type":"float32","value":0.5},"m_fT":{"type":"float32","value":0},"m_A":{"type":"float32","value":0.3499999940395355}},"events":{"Lerp":{"SpecularRoughnessMin":["142382922ede73da"]}}},"eb51131c98f8624e":{"parent":"e54c81c8a11231bc","name":"male_reg_dress_shirt_long_sleeve_01","factory":"008F3CBB410A44C6","blueprint":"00789AC05E51C0A9","properties":{"m_mTransform":{"type":"SMatrix43","value":{"rotation":{"x":0,"y":0,"z":0},"position":{"x":0,"y":0,"z":0}}},"ConstantVector1D_01_Value_op":{"type":"IRenderMaterialEntity.EModifierOperation","value":"eReplace"},"Diffuse_Color_01_Value_op":{"type":"IRenderMaterialEntity.EModifierOperation","value":"eReplace"},"ConstantVector1D_14_Value_op":{"type":"IRenderMaterialEntity.EModifierOperation","value":"eReplace"},"ConstantVector1D_06_Value_op":{"type":"IRenderMaterialEntity.EModifierOperation","value":"eReplace"},"Texture2D_01_enab":{"type":"bool","value":true},"Diffuse_Color_01_Value":{"type":"SColorRGB","value":"#d9d9d9"},"ConstantVector1D_01_Value":{"type":"float32","value":0.5},"Clients":{"type":"TArray<SEntityTemplateReference>","value":["e54c81c8a11231bc"],"postInit":true},"m_eidParent":{"type":"SEntityTemplateReference","value":"e54c81c8a11231bc","postInit":true}}},"b1b4204bd0908d57":{"parent":"e54c81c8a11231bc","name":"male_reg_suit_jacket_01_closed_anisotropic","factory":"006B1597F1644AD3","blueprint":"0031DDC42BCE981A","properties":{"m_mTransform":{"type":"SMatrix43","value":{"rotation":{"x":0,"y":0,"z":0},"position":{"x":0,"y":0,"z":0}}},"Texture2D_01_enab":{"type":"bool","value":true},"Texture2D_01":{"type":"ZRuntimeResourceID","value":{"resource":"00F6632EB51F7D08","flag":"5F"}},"ConstantColorRGB_02_Value_op":{"type":"IRenderMaterialEntity.EModifierOperation","value":"eReplace"},"ConstantColorRGB_02_Value":{"type":"SColorRGB","value":"#dedede"},"ConstantColorRGB_05_Value_op":{"type":"IRenderMaterialEntity.EModifierOperation","value":"eReplace"},"ConstantColorRGB_05_Value":{"type":"SColorRGB","value":"#e8f5ff"},"ConstantVector1D_03_Value_op":{"type":"IRenderMaterialEntity.EModifierOperation","value":"eReplace"},"ConstantVector1D_03_Value":{"type":"float32","value":1.5},"Texture2DNormal_01_enab":{"type":"bool","value":true},"Texture2DNormal_01":{"type":"ZRuntimeResourceID","value":{"resource":"008631A82AC9BD09","flag":"5F"}},"Texture2D_03_enab":{"type":"bool","value":true},"Texture2D_03":{"type":"ZRuntimeResourceID","value":{"resource":"00DB60C2C9486865","flag":"5F"}},"ConstantVector1D_05_Value_op":{"type":"IRenderMaterialEntity.EModifierOperation","value":"eReplace"},"ConstantVector1D_05_Value":{"type":"float32","value":0.46000000834465027},"ConstantVector1D_01_Value_op":{"type":"IRenderMaterialEntity.EModifierOperation","value":"eReplace"},"ConstantVector1D_01_Value":{"type":"float32","value":0.5},"ConstantVector1D_04_Value_op":{"type":"IRenderMaterialEntity.EModifierOperation","value":"eReplace"},"ConstantVector1D_04_Value":{"type":"float32","value":0.05999999865889549},"ConstantVector1D_06_Value_op":{"type":"IRenderMaterialEntity.EModifierOperation","value":"eReplace"},"Clients":{"type":"TArray<SEntityTemplateReference>","value":["e54c81c8a11231bc"],"postInit":true},"m_eidParent":{"type":"SEntityTemplateReference","value":"e54c81c8a11231bc","postInit":true}}},"68cac55471b34d8c":{"parent":"f988e9dc2ea04b8","name":"FX_Hitman_Wet_Logic_Character","factory":"0067CFB703A80787","blueprint":"00AA88C960CD2080","properties":{"HeadMaterialToOverride":{"type":"ZRuntimeResourceID","value":{"resource":"009F7978C601815A","flag":"5F"}},"HeadMaterialOverride":{"type":"TArray<SEntityTemplateReference>","value":["f988e9dc2ea04b8"],"postInit":true}},"events":{"HitmanWetness":{"T":["f1f5cefe57fb9f6c","c8ad51ca9e8e4e6b","b5c2a9be430a70a1","537f883d0b846de7","54ef8f1538da95ac","4c9ecee2cd27cb5a","ac5c2540e18a0c20","118f9da18cfde567","db2378397fcdb4db"]}}},"a647933f53bb4aef":{"parent":"2d9bd8257492f347","name":"C_Hand_R","factory":"[assembly:/templates/aspectdummy.aspect]([modules:/zclothsphere.class].entitytype,[modules:/zboneattachaspect.class].entitytype).pc_entitytype","blueprint":"[assembly:/templates/aspectdummy.aspect]([modules:/zclothsphere.class].entitytype,[modules:/zboneattachaspect.class].entitytype).pc_entityblueprint","properties":{"m_BoneName":{"type":"ZString","value":"R_Hand"},"m_linkedEntity":{"type":"SEntityTemplateReference","value":null},"m_fRadius":{"type":"float32","value":0.07000000029802322},"m_mTransform":{"type":"SMatrix43","value":{"rotation":{"x":0,"y":0,"z":0},"position":{"x":0,"y":0,"z":0}}},"m_bEnabled":{"type":"bool","value":true},"m_eidParent":{"type":"SEntityTemplateReference","value":"2d9bd8257492f347","postInit":true}}},"6c5dfb790a2fb118":{"parent":"2d9bd8257492f347","name":"C_Forearm_L","factory":"[assembly:/templates/aspectdummy.aspect]([modules:/zclothsphere.class].entitytype,[modules:/zboneattachaspect.class].entitytype).pc_entitytype","blueprint":"[assembly:/templates/aspectdummy.aspect]([modules:/zclothsphere.class].entitytype,[modules:/zboneattachaspect.class].entitytype).pc_entityblueprint","properties":{"m_BoneName":{"type":"ZString","value":"L_Forearm"},"m_linkedEntity":{"type":"SEntityTemplateReference","value":null},"m_fRadius":{"type":"float32","value":0.07000000029802322},"m_mTransform":{"type":"SMatrix43","value":{"rotation":{"x":0,"y":0,"z":0},"position":{"x":0,"y":0,"z":0}}},"m_bEnabled":{"type":"bool","value":true},"m_eidParent":{"type":"SEntityTemplateReference","value":"2d9bd8257492f347","postInit":true}}},"40a4c83351052e24":{"parent":"2d9bd8257492f347","name":"C_TighMid_L","factory":"[assembly:/templates/aspectdummy.aspect]([modules:/zclothsphere.class].entitytype,[modules:/zboneattachaspect.class].entitytype).pc_entitytype","blueprint":"[assembly:/templates/aspectdummy.aspect]([modules:/zclothsphere.class].entitytype,[modules:/zboneattachaspect.class].entitytype).pc_entityblueprint","properties":{"m_fRadius":{"type":"float32","value":0.11500000208616257},"m_BoneName":{"type":"ZString","value":"LThighTwist1"},"m_linkedEntity":{"type":"SEntityTemplateReference","value":null},"m_mTransform":{"type":"SMatrix43","value":{"rotation":{"x":0,"y":0,"z":0},"position":{"x":0.05449200049042702,"y":0.016682999208569527,"z":0.012148999609053135}}},"m_bCollisionGroup0":{"type":"bool","value":true},"m_eidParent":{"type":"SEntityTemplateReference","value":"2d9bd8257492f347","postInit":true}}},"f1a98ce520ecabbb":{"parent":"2d9bd8257492f347","name":"C_TighTop_L","factory":"[assembly:/templates/aspectdummy.aspect]([modules:/zclothsphere.class].entitytype,[modules:/zboneattachaspect.class].entitytype).pc_entitytype","blueprint":"[assembly:/templates/aspectdummy.aspect]([modules:/zclothsphere.class].entitytype,[modules:/zboneattachaspect.class].entitytype).pc_entityblueprint","properties":{"m_fRadius":{"type":"float32","value":0.13099999725818634},"m_BoneName":{"type":"ZString","value":"LThighTwist"},"m_linkedEntity":{"type":"SEntityTemplateReference","value":null},"m_mTransform":{"type":"SMatrix43","value":{"rotation":{"x":0,"y":0.019767042409995977,"z":0},"position":{"x":0.0006779999821446836,"y":0.008342999964952469,"z":0.035888999700546265}}},"m_eidParent":{"type":"SEntityTemplateReference","value":"2d9bd8257492f347","postInit":true}}},"992295ab3071ad21":{"parent":"f988e9dc2ea04b8","name":"ChildNetwork","factory":"[modules:/zchildnetworkentity.class].pc_entitytype","blueprint":"[modules:/zchildnetworkentity.class].pc_entityblueprint","properties":{"m_RuntimeNetworkResourceID":{"type":"ZRuntimeResourceID","value":{"resource":"[assembly:/animationnetworks/hitman01/idles/suitidle.aln].pc_rtn","flag":"9F"}}}},"f988e9dc2ea04b8":{"parent":null,"name":"OUTFIT_Agent47_Preorder_BirthSuit_HeroA_V0","factory":"[assembly:/templates/aspectdummy.aspect]([modules:/zlinkedproxyentity.class].entitytype,[modules:/zclothcharacterentity.class].entitytype,[modules:/zheroidlenetworkaspect.class].entitytype).pc_entitytype","blueprint":"[assembly:/templates/aspectdummy.aspect]([modules:/zlinkedproxyentity.class].entitytype,[modules:/zclothcharacterentity.class].entitytype,[modules:/zheroidlenetworkaspect.class].entitytype).pc_entityblueprint","properties":{"m_ResourceID":{"type":"ZRuntimeResourceID","value":null},"m_fLODScale":{"type":"float32","value":1},"m_mTransform":{"type":"SMatrix43","value":{"rotation":{"x":0,"y":0,"z":0},"position":{"x":35.558319091796875,"y":33.87372970581055,"z":0}}},"m_pBonesAndCollisionResource":{"type":"ZRuntimeResourceID","value":{"resource":"0017416135CF879C","flag":"5F"}},"m_pIdleAnimNetworkEntity":{"type":"SEntityTemplateReference","value":"992295ab3071ad21"},"m_bUsePerVertexStiffness":{"type":"bool","value":true},"m_LocalColliders":{"type":"TArray<SEntityTemplateReference>","value":[]},"m_bGlobalCollidersEnabled":{"type":"bool","value":false},"m_fDamping":{"type":"float32","value":1},"m_fBendStiffness":{"type":"float32","value":1},"m_bUsePerVertexDamping":{"type":"bool","value":true},"m_fShearStiffness":{"type":"float32","value":1},"m_bUseSkinningPosNormalConstrains":{"type":"bool","value":true},"m_bUseSkinningNegNormalConstrains":{"type":"bool","value":true},"m_nIterations":{"type":"uint32","value":2},"m_fFrequency":{"type":"float32","value":90},"m_vTranslationScale":{"type":"SVector3","value":{"x":0.10000000149011612,"y":0.10000000149011612,"z":0.10000000149011612}},"m_vGravity":{"type":"SVector3","value":{"x":0,"y":0,"z":-13}},"m_fLODOffset":{"type":"float32","value":100},"m_fDragConstant":{"type":"float32","value":1},"m_eStretchConstrainType":{"type":"EClothStretchConstrainType","value":"eClothBendConstrainType_LRA"},"m_fAngularVelocityThreshold":{"type":"float32","value":60},"m_eRootBone":{"type":"BoneId.Enum","value":"PELVIS"},"m_bEnableAngularVelocityScale":{"type":"bool","value":true},"m_eBendConstrainType":{"type":"EClothBendConstrainType","value":"eClothBendConstrainType_Triangle"},"m_bRandomStartState":{"type":"bool","value":true},"m_fWindConstant":{"type":"float32","value":0.10000000149011612},"m_aBodyParts":{"type":"TArray<SEntityTemplateReference>","value":["804fb8a2283a4e39","f2b5f32d833565e3","782ced55e7b08a28","e54c81c8a11231bc","142382922ede73da","fb471ead4fa10c92"],"postInit":true}}},"a55065bd6d2a135a":{"parent":"804fb8a2283a4e39","name":"male_reg_bangkok_hotelsecurity_shoes","factory":"[assembly:/_pro/characters/assets/guards/bangkok/hotel_security/materials/male_reg_bangkok_hotelsecurity_shoes.mi].pc_entitytype","blueprint":"[assembly:/_pro/characters/assets/guards/bangkok/hotel_security/materials/male_reg_bangkok_hotelsecurity_shoes.mi].pc_entityblueprint","properties":{"m_mTransform":{"type":"SMatrix43","value":{"rotation":{"x":0,"y":0,"z":0},"position":{"x":34.55331039428711,"y":11.807040214538574,"z":0}}},"ConstantVector1D_05_Value_op":{"type":"IRenderMaterialEntity.EModifierOperation","value":"eReplace"},"ConstantVector1D_05_Value":{"type":"float32","value":0.5099999904632568},"Texture2D_01_enab":{"type":"bool","value":true},"Texture2D_01":{"type":"ZRuntimeResourceID","value":{"resource":"[assembly:/_pro/characters/assets/guards/bangkok/hotel_security/textures/male_reg_bangkok_hotelsecurity_shoes.texture?/diffuse_white.tex](ascolormap).pc_tex","flag":"5F"}},"Texture2DNormal_01_enab":{"type":"bool","value":true},"Texture2DNormal_01":{"type":"ZRuntimeResourceID","value":{"resource":"0012B1C58624FB9D","flag":"5F"}},"Texture2D_03_enab":{"type":"bool","value":true},"Texture2D_03":{"type":"ZRuntimeResourceID","value":{"resource":"0066A12C24F2E2F9","flag":"5F"}},"ConstantVector1D_04_Value_op":{"type":"IRenderMaterialEntity.EModifierOperation","value":"eReplace"},"ConstantVector1D_01_Value_op":{"type":"IRenderMaterialEntity.EModifierOperation","value":"eReplace"},"ConstantVector1D_01_Value":{"type":"float32","value":0.4000000059604645},"ConstantVector1D_03_Value_op":{"type":"IRenderMaterialEntity.EModifierOperation","value":"eReplace"},"ConstantVector1D_03_Value":{"type":"float32","value":2},"m_eidParent":{"type":"SEntityTemplateReference","value":"f988e9dc2ea04b8"},"Clients":{"type":"TArray<SEntityTemplateReference>","value":["804fb8a2283a4e39"],"postInit":true}}},"804fb8a2283a4e39":{"parent":"f988e9dc2ea04b8","name":"Mesh_Shoes01","factory":"[modules:/zbodypartentity.class].pc_entitytype","blueprint":"[modules:/zbodypartentity.class].pc_entityblueprint","properties":{"m_pMeshResource":{"type":"ZRuntimeResourceID","value":{"resource":"00C536224D4F37E1","flag":"5F"}}},"inputCopying":{"ConstantVector1D_04_Value":{"ConstantVector1D_04_Value":["a55065bd6d2a135a"]}}},"b354df3723556056":{"parent":"2d9bd8257492f347","name":"C_Head","factory":"[assembly:/templates/aspectdummy.aspect]([modules:/zclothsphere.class].entitytype,[modules:/zboneattachaspect.class].entitytype).pc_entitytype","blueprint":"[assembly:/templates/aspectdummy.aspect]([modules:/zclothsphere.class].entitytype,[modules:/zboneattachaspect.class].entitytype).pc_entityblueprint","properties":{"m_BoneName":{"type":"ZString","value":"Head"},"m_linkedEntity":{"type":"SEntityTemplateReference","value":null},"m_fRadius":{"type":"float32","value":0.125},"m_mTransform":{"type":"SMatrix43","value":{"rotation":{"x":0,"y":0,"z":0},"position":{"x":0.07091700285673141,"y":0.03724899888038635,"z":0}}},"m_bEnabled":{"type":"bool","value":true},"m_eidParent":{"type":"SEntityTemplateReference","value":"2d9bd8257492f347","postInit":true}}},"daec5a796de92c33":{"parent":"2d9bd8257492f347","name":"C_TighMid_R","factory":"[assembly:/templates/aspectdummy.aspect]([modules:/zclothsphere.class].entitytype,[modules:/zboneattachaspect.class].entitytype).pc_entitytype","blueprint":"[assembly:/templates/aspectdummy.aspect]([modules:/zclothsphere.class].entitytype,[modules:/zboneattachaspect.class].entitytype).pc_entityblueprint","properties":{"m_fRadius":{"type":"float32","value":0.11500000208616257},"m_BoneName":{"type":"ZString","value":"RThighTwist1"},"m_linkedEntity":{"type":"SEntityTemplateReference","value":null},"m_mTransform":{"type":"SMatrix43","value":{"rotation":{"x":0.013980169653958504,"y":0,"z":0},"position":{"x":0.054016001522541046,"y":0.009703000076115131,"z":-0.01396500039845705}}},"m_eidParent":{"type":"SEntityTemplateReference","value":"2d9bd8257492f347","postInit":true}}},"106b4790fa9d8d2f":{"parent":"2d9bd8257492f347","name":"ColliderGroup","factory":"[modules:/zclothcollidergroup.class].pc_entitytype","blueprint":"[modules:/zclothcollidergroup.class].pc_entityblueprint","properties":{"m_ClothColliders":{"type":"TArray<SEntityTemplateReference>","value":["df5fcce94bcaa6ba","8551248781fd527a","4183fc6cb01f6b5","7a688058321d4b8a"],"postInit":true},"m_eidParent":{"type":"SEntityTemplateReference","value":"2d9bd8257492f347","postInit":true}}},"6ca13e2ff35a696":{"parent":"e54c81c8a11231bc","name":"buttons_01","factory":"[assembly:/_pro/characters/assets/_apparel/accessories/buttons/materials/buttons_01.mi].pc_entitytype","blueprint":"[assembly:/_pro/characters/assets/_apparel/accessories/buttons/materials/buttons_01.mi].pc_entityblueprint","properties":{"ConstantVector1D_01_Value_op":{"type":"IRenderMaterialEntity.EModifierOperation","value":"eReplace"},"ConstantVector1D_01_Value":{"type":"float32","value":0.5},"Clients":{"type":"TArray<SEntityTemplateReference>","value":["e54c81c8a11231bc"],"postInit":true},"m_eidParent":{"type":"SEntityTemplateReference","value":"e54c81c8a11231bc","postInit":true}}},"8059d5102c90eee4":{"parent":"2d9bd8257492f347","name":"C_Palm_L","factory":"[assembly:/templates/aspectdummy.aspect]([modules:/zclothsphere.class].entitytype,[modules:/zboneattachaspect.class].entitytype).pc_entitytype","blueprint":"[assembly:/templates/aspectdummy.aspect]([modules:/zclothsphere.class].entitytype,[modules:/zboneattachaspect.class].entitytype).pc_entityblueprint","properties":{"m_BoneName":{"type":"ZString","value":"L_Hand"},"m_linkedEntity":{"type":"SEntityTemplateReference","value":null},"m_fRadius":{"type":"float32","value":0.07000000029802322},"m_mTransform":{"type":"SMatrix43","value":{"rotation":{"x":0,"y":0,"z":0},"position":{"x":0.10000000149011612,"y":0,"z":0}}},"m_bEnabled":{"type":"bool","value":true},"m_eidParent":{"type":"SEntityTemplateReference","value":"2d9bd8257492f347","postInit":true}}},"af13c92ee8207d99":{"parent":"e54c81c8a11231bc","name":"male_reg_dress_shirt_buttoned_up_01","factory":"00D3DD963A6AF70D","blueprint":"0076BDBA804A2941","properties":{"ConstantVector1D_01_Value_op":{"type":"IRenderMaterialEntity.EModifierOperation","value":"eReplace"},"ConstantVector1D_01_Value":{"type":"float32","value":0.5},"Texture2D_01_enab":{"type":"bool","value":true},"Texture2D_01":{"type":"ZRuntimeResourceID","value":{"resource":"006F835120511247","flag":"5F"}},"Texture2D_03_enab":{"type":"bool","value":true},"Texture2D_03":{"type":"ZRuntimeResourceID","value":{"resource":"00687720CED935A7","flag":"5F"}},"ConstantVector1D_13_Value_op":{"type":"IRenderMaterialEntity.EModifierOperation","value":"eReplace"},"ConstantVector1D_13_Value":{"type":"float32","value":0},"ConstantVector1D_16_Value_op":{"type":"IRenderMaterialEntity.EModifierOperation","value":"eReplace"},"ConstantVector1D_16_Value":{"type":"float32","value":0},"Diffuse_Color_01_Value_op":{"type":"IRenderMaterialEntity.EModifierOperation","value":"eReplace"},"ConstantVector1D_14_Value_op":{"type":"IRenderMaterialEntity.EModifierOperation","value":"eReplace"},"ConstantVector1D_06_Value_op":{"type":"IRenderMaterialEntity.EModifierOperation","value":"eReplace"},"Diffuse_Saturation_01_Value_op":{"type":"IRenderMaterialEntity.EModifierOperation","value":"eReplace"},"Diffuse_Saturation_01_Value":{"type":"float32","value":0.20000000298023224},"ConstantVector1D_14_Value":{"type":"float32","value":0.1599999964237213},"ConstantVector1D_03_Value_op":{"type":"IRenderMaterialEntity.EModifierOperation","value":"eReplace"},"ConstantVector1D_03_Value":{"type":"float32","value":2.1600000858306885},"Diffuse_Color_01_Value":{"type":"SColorRGB","value":"#ebebeb"},"Clients":{"type":"TArray<SEntityTemplateReference>","value":["e54c81c8a11231bc"],"postInit":true},"m_eidParent":{"type":"SEntityTemplateReference","value":"e54c81c8a11231bc","postInit":true}}},"3d31d4b1162354f1":{"parent":"e54c81c8a11231bc","name":"Agent47_S2_Suit_Mesh","factory":"[assembly:/templates/aspectdummy.aspect]([modules:/zbodypartentity.class].entitytype,[modules:/zclothcollidergroupaspect.class].entitytype).pc_entitytype","blueprint":"[assembly:/templates/aspectdummy.aspect]([modules:/zbodypartentity.class].entitytype,[modules:/zclothcollidergroupaspect.class].entitytype).pc_entityblueprint","properties":{"m_pMeshResource":{"type":"ZRuntimeResourceID","value":{"resource":"00215B222F3CE65D","flag":"5F"}},"m_ClothColliders":{"type":"TArray<SEntityTemplateReference>","value":["2d9bd8257492f347"],"postInit":true}}},"e54c81c8a11231bc":{"parent":"f988e9dc2ea04b8","name":"Agent47_S2_Suit","factory":"[modules:/zcompositeentity.class].pc_entitytype","blueprint":"[modules:/zcompositeentity.class].pc_entityblueprint","properties":{"ConstantVector1D_04_Value":{"type":"float32","value":0.029999999329447746},"ConstantColorRGB_05_Value":{"type":"SColorRGB","value":"#e6e6e6"},"ConstantColorRGB_02_Value":{"type":"SColorRGB","value":"#f0f0f0"},"ConstantVector1D_03_Value":{"type":"float32","value":8},"ConstantVector1D_01_Value_4":{"type":"float32","value":0.5},"ConstantVector1D_01_Value_2":{"type":"float32","value":0.5},"ConstantVector1D_01_Value":{"type":"float32","value":0.5},"ConstantVector1D_01_Value_3":{"type":"float32","value":0.5},"Diffuse_Color_01_Value_1":{"type":"SColorRGB","value":"#ebebeb"},"Diffuse_Color_01_Value_2":{"type":"SColorRGB","value":"#d9d9d9"},"m_eidParent":{"type":"SEntityTemplateReference","value":"f988e9dc2ea04b8"}},"inputCopying":{"JacketSleave_RoughnessMin":{"ConstantVector1D_14_Value":["eb51131c98f8624e"]},"JacketSleave_NormalBump":{"ConstantVector1D_06_Value":["eb51131c98f8624e"]},"JacketSleave_DiffuseAlbedo":{"ConstantVector1D_01_Value":["eb51131c98f8624e"]},"Shirt_RoughnessMin":{"ConstantVector1D_14_Value":["af13c92ee8207d99"]},"Shirt_NormalBump":{"ConstantVector1D_06_Value":["af13c92ee8207d99"]},"Shirt_DiffuseAlbedo":{"ConstantVector1D_01_Value":["af13c92ee8207d99"]},"TieRoughnessMin":{"ConstantVector1D_04_Value":["9b5e13ed4e432e1e"]},"Jacket_RoughnessMin":{"ConstantVector1D_04_Value":["b1b4204bd0908d57"]},"Jacket_NormalBump":{"ConstantVector1D_06_Value":["b1b4204bd0908d57"]},"Jacket_DiffuseAlbedo":{"ConstantVector1D_01_Value":["b1b4204bd0908d57"]},"ConstantVector1D_01_Value":{"ConstantVector1D_01_Value":["9b5e13ed4e432e1e"]}},"propertyAliases":{"ConstantVector1D_04_Value":[{"originalProperty":"ConstantVector1D_04_Value","originalEntity":"9b5e13ed4e432e1e"}],"ConstantColorRGB_05_Value":[{"originalProperty":"ConstantColorRGB_05_Value","originalEntity":"9b5e13ed4e432e1e"}],"ConstantColorRGB_02_Value":[{"originalProperty":"ConstantColorRGB_02_Value","originalEntity":"9b5e13ed4e432e1e"}],"ConstantVector1D_01_Value":[{"originalProperty":"ConstantVector1D_01_Value","originalEntity":"9b5e13ed4e432e1e"}],"ConstantVector1D_03_Value":[{"originalProperty":"ConstantVector1D_03_Value","originalEntity":"9b5e13ed4e432e1e"}],"Texture2D_03":[{"originalProperty":"Texture2D_03","originalEntity":"9b5e13ed4e432e1e"}],"Texture2DNormal_01":[{"originalProperty":"Texture2DNormal_01","originalEntity":"9b5e13ed4e432e1e"}],"ConstantVector1D_01_Value_2":[{"originalProperty":"ConstantVector1D_01_Value","originalEntity":"6ca13e2ff35a696"}],"ConstantVector1D_01_Value_3":[{"originalProperty":"ConstantVector1D_01_Value","originalEntity":"af13c92ee8207d99"}],"Diffuse_Color_01_Value_1":[{"originalProperty":"Diffuse_Color_01_Value","originalEntity":"af13c92ee8207d99"}],"Diffuse_Color_01_Value_2":[{"originalProperty":"Diffuse_Color_01_Value","originalEntity":"eb51131c98f8624e"}],"ConstantVector1D_01_Value_4":[{"originalProperty":"ConstantVector1D_01_Value","originalEntity":"eb51131c98f8624e"}]},"exposedInterfaces":{"ZBodyPartEntity":"3d31d4b1162354f1","ZClothColliderGroupAspect":"3d31d4b1162354f1"}},"65b7a7f4bf50a94d":{"parent":"2d9bd8257492f347","name":"C_Spine2_R","factory":"[assembly:/templates/aspectdummy.aspect]([modules:/zclothsphere.class].entitytype,[modules:/zboneattachaspect.class].entitytype).pc_entitytype","blueprint":"[assembly:/templates/aspectdummy.aspect]([modules:/zclothsphere.class].entitytype,[modules:/zboneattachaspect.class].entitytype).pc_entityblueprint","properties":{"m_BoneName":{"type":"ZString","value":"Spine2"},"m_linkedEntity":{"type":"SEntityTemplateReference","value":null},"m_fRadius":{"type":"float32","value":0.15000000596046448},"m_mTransform":{"type":"SMatrix43","value":{"rotation":{"x":0.6075190242261481,"y":0.041310303697811766,"z":7.778161808700826},"position":{"x":-0.034866999834775925,"y":0.024687999859452248,"z":-0.04030299931764603}}},"m_bEnabled":{"type":"bool","value":true},"m_eidParent":{"type":"SEntityTemplateReference","value":"2d9bd8257492f347","postInit":true}}},"782ced55e7b08a28":{"parent":"f988e9dc2ea04b8","name":"Mesh_Pants","factory":"[modules:/zbodypartentity.class].pc_entitytype","blueprint":"[modules:/zbodypartentity.class].pc_entityblueprint","properties":{"m_pMeshResource":{"type":"ZRuntimeResourceID","value":{"resource":"00E2D159F9700B40","flag":"5F"}}},"inputCopying":{"ConstantVector1D_04_Value":{"ConstantVector1D_04_Value":["314ee82b3048e83f"]},"ConstantVector1D_06_Value":{"ConstantVector1D_06_Value":["314ee82b3048e83f"]},"ConstantVector1D_01_Value":{"ConstantVector1D_01_Value":["314ee82b3048e83f"]}}},"7e94a098405c5d93":{"parent":"2d9bd8257492f347","name":"C_Knee_L","factory":"[assembly:/templates/aspectdummy.aspect]([modules:/zclothsphere.class].entitytype,[modules:/zboneattachaspect.class].entitytype).pc_entitytype","blueprint":"[assembly:/templates/aspectdummy.aspect]([modules:/zclothsphere.class].entitytype,[modules:/zboneattachaspect.class].entitytype).pc_entityblueprint","properties":{"m_fRadius":{"type":"float32","value":0.10000000149011612},"m_BoneName":{"type":"ZString","value":"LThighTwist2"},"m_linkedEntity":{"type":"SEntityTemplateReference","value":null},"m_mTransform":{"type":"SMatrix43","value":{"rotation":{"x":0,"y":0.019767042409995977,"z":0},"position":{"x":0.12600800395011902,"y":-0.011082000099122524,"z":-0.008000999689102173}}},"m_eidParent":{"type":"SEntityTemplateReference","value":"2d9bd8257492f347","postInit":true}}},"338db225475ac46d":{"parent":"2d9bd8257492f347","name":"C_Palm_R","factory":"[assembly:/templates/aspectdummy.aspect]([modules:/zclothsphere.class].entitytype,[modules:/zboneattachaspect.class].entitytype).pc_entitytype","blueprint":"[assembly:/templates/aspectdummy.aspect]([modules:/zclothsphere.class].entitytype,[modules:/zboneattachaspect.class].entitytype).pc_entityblueprint","properties":{"m_BoneName":{"type":"ZString","value":"R_Hand"},"m_linkedEntity":{"type":"SEntityTemplateReference","value":null},"m_fRadius":{"type":"float32","value":0.07000000029802322},"m_mTransform":{"type":"SMatrix43","value":{"rotation":{"x":0,"y":0,"z":0},"position":{"x":0.10000000149011612,"y":0,"z":0}}},"m_bEnabled":{"type":"bool","value":true},"m_eidParent":{"type":"SEntityTemplateReference","value":"2d9bd8257492f347","postInit":true}}},"b5c2a9be430a70a1":{"parent":"f988e9dc2ea04b8","name":"Nrom","factory":"[modules:/zmathlerp.class].pc_entitytype","blueprint":"[modules:/zmathlerp.class].pc_entityblueprint","properties":{"m_A":{"type":"float32","value":1},"m_B":{"type":"float32","value":1.5},"m_fT":{"type":"float32","value":0}},"events":{"Lerp":{"JacketSleave_NormalBump":["e54c81c8a11231bc"],"Shirt_NormalBump":["e54c81c8a11231bc"],"ConstantVector1D_06_Value":["782ced55e7b08a28"]}}},"9d3efea92858beeb":{"parent":"2d9bd8257492f347","name":"C_Spine1_L","factory":"[assembly:/templates/aspectdummy.aspect]([modules:/zclothsphere.class].entitytype,[modules:/zboneattachaspect.class].entitytype).pc_entitytype","blueprint":"[assembly:/templates/aspectdummy.aspect]([modules:/zclothsphere.class].entitytype,[modules:/zboneattachaspect.class].entitytype).pc_entityblueprint","properties":{"m_BoneName":{"type":"ZString","value":"Spine1"},"m_linkedEntity":{"type":"SEntityTemplateReference","value":null},"m_fRadius":{"type":"float32","value":0.12700000405311584},"m_mTransform":{"type":"SMatrix43","value":{"rotation":{"x":0,"y":0,"z":0},"position":{"x":-0.0316540002822876,"y":0.035999998450279236,"z":0.0381769984960556}}},"m_bEnabled":{"type":"bool","value":true},"m_eidParent":{"type":"SEntityTemplateReference","value":"2d9bd8257492f347","postInit":true}}},"2e693ee06cf0736d":{"parent":"2d9bd8257492f347","name":"C_UpperArm_R","factory":"[assembly:/templates/aspectdummy.aspect]([modules:/zclothsphere.class].entitytype,[modules:/zboneattachaspect.class].entitytype).pc_entitytype","blueprint":"[assembly:/templates/aspectdummy.aspect]([modules:/zclothsphere.class].entitytype,[modules:/zboneattachaspect.class].entitytype).pc_entityblueprint","properties":{"m_BoneName":{"type":"ZString","value":"R_UpperArm"},"m_linkedEntity":{"type":"SEntityTemplateReference","value":null},"m_fRadius":{"type":"float32","value":0.07999999821186066},"m_mTransform":{"type":"SMatrix43","value":{"rotation":{"x":0,"y":0,"z":0},"position":{"x":0,"y":0,"z":0}}},"m_bEnabled":{"type":"bool","value":true},"m_eidParent":{"type":"SEntityTemplateReference","value":"2d9bd8257492f347","postInit":true}}},"4de57039d6b6ffdb":{"parent":"2d9bd8257492f347","name":"C_Spine2_L","factory":"[assembly:/templates/aspectdummy.aspect]([modules:/zclothsphere.class].entitytype,[modules:/zboneattachaspect.class].entitytype).pc_entitytype","blueprint":"[assembly:/templates/aspectdummy.aspect]([modules:/zclothsphere.class].entitytype,[modules:/zboneattachaspect.class].entitytype).pc_entityblueprint","properties":{"m_BoneName":{"type":"ZString","value":"Spine2"},"m_linkedEntity":{"type":"SEntityTemplateReference","value":null},"m_fRadius":{"type":"float32","value":0.15000000596046448},"m_mTransform":{"type":"SMatrix43","value":{"rotation":{"x":0.7218317539587317,"y":0.04915981154774294,"z":7.789388884865077},"position":{"x":-0.0348690003156662,"y":0.02468400076031685,"z":0.040442001074552536}}},"m_bEnabled":{"type":"bool","value":true},"m_eidParent":{"type":"SEntityTemplateReference","value":"2d9bd8257492f347","postInit":true}}},"df5fcce94bcaa6ba":{"parent":"2d9bd8257492f347","name":"CChain_Legs","factory":"[modules:/zclothspherechain.class].pc_entitytype","blueprint":"[modules:/zclothspherechain.class].pc_entityblueprint","properties":{"m_Spheres":{"type":"TArray<SEntityTemplateReference>","value":["494fbe9aa915d592","daec5a796de92c33","a5d5e8e3c5759227","2d73fc351229b0b4","a643d947871c8ff5","f1a98ce520ecabbb","40a4c83351052e24","7e94a098405c5d93"]},"m_mTransform":{"type":"SMatrix43","value":{"rotation":{"x":0,"y":0,"z":0},"position":{"x":-0.0000001290655973207322,"y":0.000000002171457902377938,"z":0}}},"m_bCollisionGroup0":{"type":"bool","value":true},"m_bEnabled":{"type":"bool","value":true},"m_eidParent":{"type":"SEntityTemplateReference","value":"2d9bd8257492f347","postInit":true}}},"f1f5cefe57fb9f6c":{"parent":"f988e9dc2ea04b8","name":"baseRough","factory":"[modules:/zmathlerp.class].pc_entitytype","blueprint":"[modules:/zmathlerp.class].pc_entityblueprint","properties":{"m_B":{"type":"float32","value":0.30000001192092896},"m_fT":{"type":"float32","value":0}},"events":{"Lerp":{"JacketSleave_RoughnessMin":["e54c81c8a11231bc"],"ConstantVector1D_04_Value":["804fb8a2283a4e39"]}}},"fcbd02324a46ece0":{"parent":"e54c81c8a11231bc","name":"buttons_03_shirt","factory":"[assembly:/_pro/characters/assets/_apparel/accessories/buttons/materials/buttons_03_shirt.mi].pc_entitytype","blueprint":"[assembly:/_pro/characters/assets/_apparel/accessories/buttons/materials/buttons_03_shirt.mi].pc_entityblueprint","properties":{"Clients":{"type":"TArray<SEntityTemplateReference>","value":["e54c81c8a11231bc"]},"ConstantVector1D_01_Value_op":{"type":"IRenderMaterialEntity.EModifierOperation","value":"eReplace"},"ConstantVector1D_01_Value":{"type":"float32","value":0.5},"Diffuse_Saturation_01_Value_op":{"type":"IRenderMaterialEntity.EModifierOperation","value":"eReplace"},"Diffuse_Saturation_01_Value":{"type":"float32","value":0},"Active":{"type":"bool","value":true},"m_eidParent":{"type":"SEntityTemplateReference","value":"e54c81c8a11231bc"}}},"f4ceb36912c39be0":{"parent":"2d9bd8257492f347","name":"C_Spine1_R","factory":"[assembly:/templates/aspectdummy.aspect]([modules:/zclothsphere.class].entitytype,[modules:/zboneattachaspect.class].entitytype).pc_entitytype","blueprint":"[assembly:/templates/aspectdummy.aspect]([modules:/zclothsphere.class].entitytype,[modules:/zboneattachaspect.class].entitytype).pc_entityblueprint","properties":{"m_BoneName":{"type":"ZString","value":"Spine1"},"m_linkedEntity":{"type":"SEntityTemplateReference","value":null},"m_fRadius":{"type":"float32","value":0.12700000405311584},"m_mTransform":{"type":"SMatrix43","value":{"rotation":{"x":0,"y":0,"z":0},"position":{"x":-0.030838999897241592,"y":0.02711400017142296,"z":-0.04226800054311752}}},"m_bEnabled":{"type":"bool","value":true},"m_eidParent":{"type":"SEntityTemplateReference","value":"2d9bd8257492f347","postInit":true}}},"2d9bd8257492f347":{"parent":"e54c81c8a11231bc","name":"Agent47_S2_Suit_Collider","factory":"[modules:/zcompositeentity.class].pc_entitytype","blueprint":"[modules:/zcompositeentity.class].pc_entityblueprint","properties":{"m_mTransform":{"type":"SMatrix43","value":{"rotation":{"x":0,"y":0,"z":0},"position":{"x":0,"y":0,"z":0}}},"m_linkedEntity":{"type":"SEntityTemplateReference","value":null},"m_eidParent":{"type":"SEntityTemplateReference","value":"e54c81c8a11231bc"}},"propertyAliases":{"m_linkedEntity":[{"originalProperty":"m_linkedEntity","originalEntity":"7e94a098405c5d93"},{"originalProperty":"m_linkedEntity","originalEntity":"494fbe9aa915d592"},{"originalProperty":"m_linkedEntity","originalEntity":"40a4c83351052e24"},{"originalProperty":"m_linkedEntity","originalEntity":"daec5a796de92c33"},{"originalProperty":"m_linkedEntity","originalEntity":"a5d5e8e3c5759227"},{"originalProperty":"m_linkedEntity","originalEntity":"f1a98ce520ecabbb"},{"originalProperty":"m_linkedEntity","originalEntity":"a643d947871c8ff5"},{"originalProperty":"m_linkedEntity","originalEntity":"65b7a7f4bf50a94d"},{"originalProperty":"m_linkedEntity","originalEntity":"f4ceb36912c39be0"},{"originalProperty":"m_linkedEntity","originalEntity":"3c77b190e7debba7"},{"originalProperty":"m_linkedEntity","originalEntity":"40eaa0df9d662414"},{"originalProperty":"m_linkedEntity","originalEntity":"9d3efea92858beeb"},{"originalProperty":"m_linkedEntity","originalEntity":"4de57039d6b6ffdb"},{"originalProperty":"m_linkedEntity","originalEntity":"cedfc674e110e208"},{"originalProperty":"m_linkedEntity","originalEntity":"b354df3723556056"},{"originalProperty":"m_linkedEntity","originalEntity":"670bfa2c043cb0db"},{"originalProperty":"m_linkedEntity","originalEntity":"489e1cdcc8ee711e"},{"originalProperty":"m_linkedEntity","originalEntity":"2e693ee06cf0736d"},{"originalProperty":"m_linkedEntity","originalEntity":"1e3037854d17a26a"},{"originalProperty":"m_linkedEntity","originalEntity":"6c5dfb790a2fb118"},{"originalProperty":"m_linkedEntity","originalEntity":"b8e18442060b4e85"},{"originalProperty":"m_linkedEntity","originalEntity":"a647933f53bb4aef"},{"originalProperty":"m_linkedEntity","originalEntity":"47c056ac3b17acea"},{"originalProperty":"m_linkedEntity","originalEntity":"8059d5102c90eee4"},{"originalProperty":"m_linkedEntity","originalEntity":"338db225475ac46d"}]},"exposedInterfaces":{"ZClothCollider":"106b4790fa9d8d2f","ZClothColliderGroup":"106b4790fa9d8d2f"}}},"propertyOverrides":[],"overrideDeletes":[],"pinConnectionOverrides":[],"pinConnectionOverrideDeletes":[],"externalScenes":[],"subType":"template","quickEntityVersion":3.1,"extraFactoryDependencies":[{"resource":"00E4CE86EE7A5CC2","flag":"5F"},{"resource":"004FB94B910DAD5D","flag":"5F"},{"resource":"[assembly:/_pro/environment/textures/constants/directional_a.texture?/normal_b.tex](ascompoundnormal).pc_tex","flag":"5F"},{"resource":"[assembly:/_pro/characters/assets/hero/agent47/textures/agent47_gloves.texture?/normal_a.tex](asnormalmap).pc_tex","flag":"5F"},{"resource":"[assembly:/_pro/characters/assets/hero/agent47/textures/agent47_gloves.texture?/diffuse_a.tex](ascolormap).pc_tex","flag":"5F"},{"resource":"001C437FF0448691","flag":"5F"},{"resource":"006A9072F2C78523","flag":"5F"},{"resource":"005A3A86E39FBFB7","flag":"5F"},{"resource":"006258232B3126D5","flag":"5F"},{"resource":"[assembly:/_pro/characters/assets/_apparel/accessories/buttons/textures/buttons_01.texture?/normal_a.tex](asnormalmap).pc_tex","flag":"5F"},{"resource":"[assembly:/_pro/characters/assets/_apparel/accessories/buttons/textures/buttons_01.texture?/specular_a.tex](ascolormap).pc_tex","flag":"5F"},{"resource":"[assembly:/_pro/characters/assets/_apparel/accessories/buttons/textures/buttons_01.texture?/diffuse_a.tex](ascolormap).pc_tex","flag":"5F"},{"resource":"00188997D678EF0B","flag":"5F"},{"resource":"007D850436B0A092","flag":"5F"},{"resource":"00D247582859CA87","flag":"5F"},{"resource":"00D20CA72E352D16","flag":"5F"}],"extraBlueprintDependencies":[],"comments":[]}