{"tempHash":"0030873AC710F7CB","tbluHash":"0092EFBEDD9F3294","rootEntity":"2820998b04618345","entities":{"11c6c4b4ed3535b7":{"parent":"2820998b04618345","name":"Head_47","factory":"00537D16B5CE7286","blueprint":"00F2E4A932ECAA63"},"59e0361e55d60c9a":{"parent":"2820998b04618345","name":"male_reg_ninja_string_neon","factory":"[assembly:/_pro/characters/assets/individuals/hokkaido/ninja/materials/male_reg_ninja_string_neon.mi].pc_entitytype","blueprint":"[assembly:/_pro/characters/assets/individuals/hokkaido/ninja/materials/male_reg_ninja_string_neon.mi].pc_entityblueprint","properties":{"m_mTransform":{"type":"SMatrix43","value":{"rotation":{"x":0,"y":0,"z":0},"position":{"x":0,"y":0,"z":0}}},"Texture2D_04_enab":{"type":"bool","value":true},"Texture2D_04_dest":{"type":"SEntityTemplateReference","value":null},"ConstantVector1D_07_Value_op":{"type":"IRenderMaterialEntity.EModifierOperation","value":"eReplace"},"ConstantVector1D_07_Value":{"type":"float32","value":90},"ConstantVector1D_01_Value_op":{"type":"IRenderMaterialEntity.EModifierOperation","value":"eReplace"},"ConstantVector1D_01_Value":{"type":"float32","value":1},"Active":{"type":"bool","value":true},"Clients":{"type":"TArray<SEntityTemplateReference>","value":["2820998b04618345","1c211c6da719d940","8d282b696308d06e"],"postInit":true},"m_eidParent":{"type":"SEntityTemplateReference","value":"2820998b04618345","postInit":true}}},"5c1eddffbc5fb648":{"parent":"685c1cceada83405","name":"C_Tri_R","factory":"[assembly:/templates/aspectdummy.aspect]([modules:/zclothsphere.class].entitytype,[modules:/zboneattachaspect.class].entitytype).pc_entitytype","blueprint":"[assembly:/templates/aspectdummy.aspect]([modules:/zclothsphere.class].entitytype,[modules:/zboneattachaspect.class].entitytype).pc_entityblueprint","properties":{"m_fRadius":{"type":"float32","value":0.14000000059604645},"m_BoneName":{"type":"ZString","value":"RThighTwist1"},"m_mTransform":{"type":"SMatrix43","value":{"rotation":{"x":0,"y":0,"z":0},"position":{"x":0,"y":0,"z":0}}},"m_bEnabled":{"type":"bool","value":true},"m_bCollisionGroup0":{"type":"bool","value":false},"m_bCollisionGroup1":{"type":"bool","value":true},"m_linkedEntity":{"type":"SEntityTemplateReference","value":"2820998b04618345","postInit":true},"m_eidParent":{"type":"SEntityTemplateReference","value":"685c1cceada83405","postInit":true}}},"b07bd15d6cda3fa8":{"parent":"685c1cceada83405","name":"CChain01_Legs","factory":"[modules:/zclothspherechain.class].pc_entitytype","blueprint":"[modules:/zclothspherechain.class].pc_entityblueprint","properties":{"m_mTransform":{"type":"SMatrix43","value":{"rotation":{"x":0,"y":0,"z":0},"position":{"x":-0.0000001290655973207322,"y":0.000000002171457902377938,"z":0}}},"m_bCollisionGroup0":{"type":"bool","value":false},"m_bCollisionGroup1":{"type":"bool","value":true},"m_bEnabled":{"type":"bool","value":true},"m_Spheres":{"type":"TArray<SEntityTemplateReference>","value":["52a5254244c14e89","e5a5622f930e4c6d","542fb7f153a3a4ce"],"postInit":true},"m_eidParent":{"type":"SEntityTemplateReference","value":"685c1cceada83405","postInit":true}}},"52a5254244c14e89":{"parent":"685c1cceada83405","name":"C_TighTop01_L","factory":"[assembly:/templates/aspectdummy.aspect]([modules:/zclothsphere.class].entitytype,[modules:/zboneattachaspect.class].entitytype).pc_entitytype","blueprint":"[assembly:/templates/aspectdummy.aspect]([modules:/zclothsphere.class].entitytype,[modules:/zboneattachaspect.class].entitytype).pc_entityblueprint","properties":{"m_fRadius":{"type":"float32","value":0.1599999964237213},"m_BoneName":{"type":"ZString","value":"LThighTwist"},"m_mTransform":{"type":"SMatrix43","value":{"rotation":{"x":0,"y":0.019767042409995977,"z":0},"position":{"x":0.02055400051176548,"y":0.008950999937951565,"z":0.045030999928712845}}},"m_bCollisionGroup0":{"type":"bool","value":false},"m_bCollisionGroup1":{"type":"bool","value":true},"m_bEnabled":{"type":"bool","value":true},"m_linkedEntity":{"type":"SEntityTemplateReference","value":"2820998b04618345","postInit":true},"m_eidParent":{"type":"SEntityTemplateReference","value":"685c1cceada83405","postInit":true}}},"fe8886239051a3fb":{"parent":"685c1cceada83405","name":"CChain_RightArm","factory":"[modules:/zclothspherechain.class].pc_entitytype","blueprint":"[modules:/zclothspherechain.class].pc_entityblueprint","properties":{"m_mTransform":{"type":"SMatrix43","value":{"rotation":{"x":0,"y":0,"z":0},"position":{"x":-0.0000001290655973207322,"y":0.000000002171457902377938,"z":0}}},"m_bCollisionGroup0":{"type":"bool","value":true},"m_bCollisionGroup1":{"type":"bool","value":false},"m_bEnabled":{"type":"bool","value":true},"m_Spheres":{"type":"TArray<SEntityTemplateReference>","value":["b662a9c5efa6e427","3d3d08440fbac135","ecac505593b5cfa5","da8177e8a798a317"],"postInit":true},"m_eidParent":{"type":"SEntityTemplateReference","value":"685c1cceada83405","postInit":true}}},"2c8e88984dd03fcd":{"parent":"685c1cceada83405","name":"C_Spine","factory":"[assembly:/templates/aspectdummy.aspect]([modules:/zclothcapsule.class].entitytype,[modules:/zboneattachaspect.class].entitytype).pc_entitytype","blueprint":"[assembly:/templates/aspectdummy.aspect]([modules:/zclothcapsule.class].entitytype,[modules:/zboneattachaspect.class].entitytype).pc_entityblueprint","properties":{"m_BoneName":{"type":"ZString","value":"Spine"},"m_fRadiusX":{"type":"float32","value":0.18000000715255737},"m_fRadiusY":{"type":"float32","value":0.13500000536441803},"m_fTop":{"type":"float32","value":0.009999999776482582},"m_fBottom":{"type":"float32","value":0},"m_fRadiusZ":{"type":"float32","value":0.1979999989271164},"m_bEnableBottomRadii":{"type":"bool","value":false},"m_fRadiusXBottom":{"type":"float32","value":1},"m_fRadiusYBottom":{"type":"float32","value":1},"m_fRadiusZBottom":{"type":"float32","value":1},"m_mTransform":{"type":"SMatrix43","value":{"rotation":{"x":0,"y":0,"z":0},"position":{"x":0,"y":0.03200000151991844,"z":-0.0010000000474974513}}},"m_bEnabled":{"type":"bool","value":true},"m_linkedEntity":{"type":"SEntityTemplateReference","value":"2820998b04618345","postInit":true},"m_eidParent":{"type":"SEntityTemplateReference","value":"685c1cceada83405","postInit":true}}},"569ed0f16d89f967":{"parent":"685c1cceada83405","name":"C_Hand_L","factory":"[assembly:/templates/aspectdummy.aspect]([modules:/zclothsphere.class].entitytype,[modules:/zboneattachaspect.class].entitytype).pc_entitytype","blueprint":"[assembly:/templates/aspectdummy.aspect]([modules:/zclothsphere.class].entitytype,[modules:/zboneattachaspect.class].entitytype).pc_entityblueprint","properties":{"m_fRadius":{"type":"float32","value":0.07000000029802322},"m_BoneName":{"type":"ZString","value":"L_Hand"},"m_mTransform":{"type":"SMatrix43","value":{"rotation":{"x":0,"y":0,"z":0},"position":{"x":0.1120000034570694,"y":0.02500000037252903,"z":0.003000000026077032}}},"m_bEnabled":{"type":"bool","value":false},"m_linkedEntity":{"type":"SEntityTemplateReference","value":"2820998b04618345","postInit":true},"m_eidParent":{"type":"SEntityTemplateReference","value":"685c1cceada83405","postInit":true}}},"6517a5b07208d4ad":{"parent":"2820998b04618345","name":"FX_Hitman_Wet_Logic_Character_01","factory":"0067CFB703A80787","blueprint":"00AA88C960CD2080","properties":{"HeadMaterialToOverride":{"type":"ZRuntimeResourceID","value":{"resource":"009F7978C601815A","flag":"5F"}},"HeadMaterialOverride":{"type":"TArray<SEntityTemplateReference>","value":["2820998b04618345"],"postInit":true}},"events":{"HitmanWetness":{"T":["7cdfb6a022b3e563","fe3ec892fbf05ace","6f131405724fefd5","7688f01e51aaf43b"]}}},"4702441332c9f26":{"parent":"4eaadd6f151644ab","name":"male_reg_ninja_shoes","factory":"[assembly:/_pro/characters/assets/individuals/hokkaido/ninja/materials/male_reg_ninja_shoes.mi].pc_entitytype","blueprint":"[assembly:/_pro/characters/assets/individuals/hokkaido/ninja/materials/male_reg_ninja_shoes.mi].pc_entityblueprint","properties":{"m_mTransform":{"type":"SMatrix43","value":{"rotation":{"x":0,"y":0,"z":0},"position":{"x":0,"y":0,"z":0}}},"Texture2D_01_enab":{"type":"bool","value":true},"Texture2D_01":{"type":"ZRuntimeResourceID","value":{"resource":"[assembly:/_pro/characters/assets/individuals/hokkaido/ninja/textures/male_reg_ninja_shoes.texture?/diffuse_white.tex](ascolormap).pc_tex","flag":"5F"}},"ConstantVector1D_06_Value_op":{"type":"IRenderMaterialEntity.EModifierOperation","value":"eReplace"},"ConstantVector1D_01_Value_op":{"type":"IRenderMaterialEntity.EModifierOperation","value":"eReplace"},"ConstantVector1D_04_Value_op":{"type":"IRenderMaterialEntity.EModifierOperation","value":"eReplace"},"Diffuse_Color_01_Value_op":{"type":"IRenderMaterialEntity.EModifierOperation","value":"eReplace"},"Diffuse_Color_01_Value":{"type":"SColorRGB","value":"#292929"},"Clients":{"type":"TArray<SEntityTemplateReference>","value":["4eaadd6f151644ab"],"postInit":true},"m_eidParent":{"type":"SEntityTemplateReference","value":"2820998b04618345","postInit":true}}},"55ac0f7927ad077f":{"parent":"685c1cceada83405","name":"CChainHead_Neck","factory":"[modules:/zclothspherechain.class].pc_entitytype","blueprint":"[modules:/zclothspherechain.class].pc_entityblueprint","properties":{"m_Spheres":{"type":"TArray<SEntityTemplateReference>","value":["3f07a85140136275","db794944cac25f40","b662a9c5efa6e427"],"postInit":true},"m_eidParent":{"type":"SEntityTemplateReference","value":"685c1cceada83405","postInit":true}}},"fab3299a2b43ab32":{"parent":"685c1cceada83405","name":"ColliderGroup","factory":"[modules:/zclothcollidergroup.class].pc_entitytype","blueprint":"[modules:/zclothcollidergroup.class].pc_entityblueprint","properties":{"m_bCollisionGroup1":{"type":"bool","value":true},"m_ClothColliders":{"type":"TArray<SEntityTemplateReference>","value":["436fbaaef945190b","fe8886239051a3fb","cc3e2c5e2912687c","cf7ffd00b97ad23e","2c8e88984dd03fcd","55ac0f7927ad077f","b662a9c5efa6e427","7b0af0df3c821821","b07bd15d6cda3fa8","2797758e2d10fcc6"],"postInit":true},"m_eidParent":{"type":"SEntityTemplateReference","value":"685c1cceada83405","postInit":true}}},"8ef680fe909e1a24":{"parent":"685c1cceada83405","name":"C_TighTop_L","factory":"[assembly:/templates/aspectdummy.aspect]([modules:/zclothsphere.class].entitytype,[modules:/zboneattachaspect.class].entitytype).pc_entitytype","blueprint":"[assembly:/templates/aspectdummy.aspect]([modules:/zclothsphere.class].entitytype,[modules:/zboneattachaspect.class].entitytype).pc_entityblueprint","properties":{"m_fRadius":{"type":"float32","value":0.14499999582767487},"m_BoneName":{"type":"ZString","value":"LThighTwist"},"m_mTransform":{"type":"SMatrix43","value":{"rotation":{"x":0,"y":0.019767042409995977,"z":0},"position":{"x":0.03216100111603737,"y":0.015238000079989433,"z":0.04561600089073181}}},"m_bEnabled":{"type":"bool","value":true},"m_linkedEntity":{"type":"SEntityTemplateReference","value":"2820998b04618345","postInit":true},"m_eidParent":{"type":"SEntityTemplateReference","value":"685c1cceada83405","postInit":true}}},"db794944cac25f40":{"parent":"685c1cceada83405","name":"C_Head_Lower","factory":"[assembly:/templates/aspectdummy.aspect]([modules:/zclothsphere.class].entitytype,[modules:/zboneattachaspect.class].entitytype).pc_entitytype","blueprint":"[assembly:/templates/aspectdummy.aspect]([modules:/zclothsphere.class].entitytype,[modules:/zboneattachaspect.class].entitytype).pc_entityblueprint","properties":{"m_fRadius":{"type":"float32","value":0.10000000149011612},"m_BoneName":{"type":"ZString","value":"Head"},"m_mTransform":{"type":"SMatrix43","value":{"rotation":{"x":0,"y":0,"z":0},"position":{"x":0.018286999315023422,"y":0.03781700134277344,"z":-0.0000009999999974752427}}},"m_bEnabled":{"type":"bool","value":true},"m_linkedEntity":{"type":"SEntityTemplateReference","value":"2820998b04618345","postInit":true},"m_eidParent":{"type":"SEntityTemplateReference","value":"685c1cceada83405","postInit":true}}},"db8e8ef169fabffb":{"parent":"685c1cceada83405","name":"C_Tri","factory":"[assembly:/templates/aspectdummy.aspect]([modules:/zclothsphere.class].entitytype,[modules:/zboneattachaspect.class].entitytype).pc_entitytype","blueprint":"[assembly:/templates/aspectdummy.aspect]([modules:/zclothsphere.class].entitytype,[modules:/zboneattachaspect.class].entitytype).pc_entityblueprint","properties":{"m_fRadius":{"type":"float32","value":0.14000000059604645},"m_BoneName":{"type":"ZString","value":"Pelvis"},"m_mTransform":{"type":"SMatrix43","value":{"rotation":{"x":-0.08623017336632245,"y":0.00011459153141002388,"z":-0.11533643862921224},"position":{"x":-0.014000000432133675,"y":0.04606299847364426,"z":0.004999999888241291}}},"m_bEnabled":{"type":"bool","value":true},"m_bCollisionGroup0":{"type":"bool","value":false},"m_bCollisionGroup1":{"type":"bool","value":true},"m_linkedEntity":{"type":"SEntityTemplateReference","value":"2820998b04618345","postInit":true},"m_eidParent":{"type":"SEntityTemplateReference","value":"685c1cceada83405","postInit":true}}},"8d282b696308d06e":{"parent":"2820998b04618345","name":"Mesh_Neon","factory":"[modules:/zbodypartentity.class].pc_entitytype","blueprint":"[modules:/zbodypartentity.class].pc_entityblueprint","properties":{"m_pMeshResource":{"type":"ZRuntimeResourceID","value":{"resource":"009A00403A12959A","flag":"5F"}},"m_IsHiddenInVR":{"type":"bool","value":true}}},"7b0af0df3c821821":{"parent":"685c1cceada83405","name":"CChain_LeftArm","factory":"[modules:/zclothspherechain.class].pc_entitytype","blueprint":"[modules:/zclothspherechain.class].pc_entityblueprint","properties":{"m_mTransform":{"type":"SMatrix43","value":{"rotation":{"x":0,"y":0,"z":0},"position":{"x":-0.00000016075250641733874,"y":0.0000000035905429740523687,"z":0}}},"m_bCollisionGroup1":{"type":"bool","value":false},"m_bCollisionGroup0":{"type":"bool","value":true},"m_bEnabled":{"type":"bool","value":true},"m_Spheres":{"type":"TArray<SEntityTemplateReference>","value":["569ed0f16d89f967","d75d9bd9789df9b9","7252fcafe09851c9","b662a9c5efa6e427"],"postInit":true},"m_eidParent":{"type":"SEntityTemplateReference","value":"685c1cceada83405","postInit":true}}},"1c211c6da719d940":{"parent":"2820998b04618345","name":"Mesh_Strings_Neon","factory":"[modules:/zbodypartentity.class].pc_entitytype","blueprint":"[modules:/zbodypartentity.class].pc_entityblueprint","properties":{"m_pMeshResource":{"type":"ZRuntimeResourceID","value":{"resource":"009A00403A12959A","flag":"5F"}}}},"b662a9c5efa6e427":{"parent":"685c1cceada83405","name":"C_Neck","factory":"[assembly:/templates/aspectdummy.aspect]([modules:/zclothsphere.class].entitytype,[modules:/zboneattachaspect.class].entitytype).pc_entitytype","blueprint":"[assembly:/templates/aspectdummy.aspect]([modules:/zclothsphere.class].entitytype,[modules:/zboneattachaspect.class].entitytype).pc_entityblueprint","properties":{"m_fRadius":{"type":"float32","value":0.10000000149011612},"m_BoneName":{"type":"ZString","value":"Neck"},"m_mTransform":{"type":"SMatrix43","value":{"rotation":{"x":0,"y":0,"z":0},"position":{"x":-0.007079999893903732,"y":-0.010920999571681023,"z":0}}},"m_bEnabled":{"type":"bool","value":true},"m_linkedEntity":{"type":"SEntityTemplateReference","value":"2820998b04618345","postInit":true},"m_eidParent":{"type":"SEntityTemplateReference","value":"685c1cceada83405","postInit":true}}},"cc3e2c5e2912687c":{"parent":"685c1cceada83405","name":"C_Spine2","factory":"[assembly:/templates/aspectdummy.aspect]([modules:/zclothcapsule.class].entitytype,[modules:/zboneattachaspect.class].entitytype).pc_entitytype","blueprint":"[assembly:/templates/aspectdummy.aspect]([modules:/zclothcapsule.class].entitytype,[modules:/zboneattachaspect.class].entitytype).pc_entityblueprint","properties":{"m_BoneName":{"type":"ZString","value":"Spine2"},"m_fRadiusX":{"type":"float32","value":0.2199999988079071},"m_fRadiusY":{"type":"float32","value":0.15000000596046448},"m_fTop":{"type":"float32","value":0.009999999776482582},"m_fBottom":{"type":"float32","value":0},"m_fRadiusZ":{"type":"float32","value":0.20000000298023224},"m_bEnableBottomRadii":{"type":"bool","value":false},"m_fRadiusXBottom":{"type":"float32","value":1},"m_fRadiusYBottom":{"type":"float32","value":1},"m_fRadiusZBottom":{"type":"float32","value":1},"m_mTransform":{"type":"SMatrix43","value":{"rotation":{"x":0.13458789714711922,"y":0.009110027519166626,"z":7.750298935477406},"position":{"x":-0.016380000859498978,"y":0.02500000037252903,"z":-0.0010000000474974513}}},"m_bEnabled":{"type":"bool","value":true},"m_linkedEntity":{"type":"SEntityTemplateReference","value":"2820998b04618345","postInit":true},"m_eidParent":{"type":"SEntityTemplateReference","value":"685c1cceada83405","postInit":true}}},"fe3ec892fbf05ace":{"parent":"2820998b04618345","name":"Base Min","factory":"[modules:/zmathlerp.class].pc_entitytype","blueprint":"[modules:/zmathlerp.class].pc_entityblueprint","properties":{"m_A":{"type":"float32","value":0},"m_B":{"type":"float32","value":0.20000000298023224},"m_fT":{"type":"float32","value":0}},"events":{"Lerp":{"ConstantVector1D_04_Value":["23342b986b1b95a5","ada7fd8580302482","fc50cd1f7c178b4d","4eaadd6f151644ab","11c6c4b4ed3535b7","51314a096f811822"]}}},"3f07a85140136275":{"parent":"685c1cceada83405","name":"C_Head_Top","factory":"[assembly:/templates/aspectdummy.aspect]([modules:/zclothsphere.class].entitytype,[modules:/zboneattachaspect.class].entitytype).pc_entitytype","blueprint":"[assembly:/templates/aspectdummy.aspect]([modules:/zclothsphere.class].entitytype,[modules:/zboneattachaspect.class].entitytype).pc_entityblueprint","properties":{"m_fRadius":{"type":"float32","value":0.10499999672174454},"m_BoneName":{"type":"ZString","value":"Head"},"m_mTransform":{"type":"SMatrix43","value":{"rotation":{"x":0,"y":0,"z":0},"position":{"x":0.08580199629068375,"y":0.02185400016605854,"z":0}}},"m_bEnabled":{"type":"bool","value":true},"m_linkedEntity":{"type":"SEntityTemplateReference","value":"2820998b04618345","postInit":true},"m_eidParent":{"type":"SEntityTemplateReference","value":"685c1cceada83405","postInit":true}}},"e11eca44943afb05":{"parent":"685c1cceada83405","name":"C_Foot_R","factory":"[assembly:/templates/aspectdummy.aspect]([modules:/zclothsphere.class].entitytype,[modules:/zboneattachaspect.class].entitytype).pc_entitytype","blueprint":"[assembly:/templates/aspectdummy.aspect]([modules:/zclothsphere.class].entitytype,[modules:/zboneattachaspect.class].entitytype).pc_entityblueprint","properties":{"m_fRadius":{"type":"float32","value":0.10000000149011612},"m_BoneName":{"type":"ZString","value":"R_Foot"},"m_mTransform":{"type":"SMatrix43","value":{"rotation":{"x":0,"y":0,"z":0},"position":{"x":0,"y":-0.03858200088143349,"z":-0.000009999999747378752}}},"m_bEnabled":{"type":"bool","value":true},"m_bCollisionGroup0":{"type":"bool","value":true},"m_linkedEntity":{"type":"SEntityTemplateReference","value":"2820998b04618345","postInit":true},"m_eidParent":{"type":"SEntityTemplateReference","value":"685c1cceada83405","postInit":true}}},"da8177e8a798a317":{"parent":"685c1cceada83405","name":"C_Hand_R","factory":"[assembly:/templates/aspectdummy.aspect]([modules:/zclothsphere.class].entitytype,[modules:/zboneattachaspect.class].entitytype).pc_entitytype","blueprint":"[assembly:/templates/aspectdummy.aspect]([modules:/zclothsphere.class].entitytype,[modules:/zboneattachaspect.class].entitytype).pc_entityblueprint","properties":{"m_fRadius":{"type":"float32","value":0.05000000074505806},"m_BoneName":{"type":"ZString","value":"R_Hand"},"m_mTransform":{"type":"SMatrix43","value":{"rotation":{"x":0,"y":0,"z":0},"position":{"x":0.1123398020863533,"y":0.024796010926365852,"z":0.003324999939650297}}},"m_bEnabled":{"type":"bool","value":false},"m_linkedEntity":{"type":"SEntityTemplateReference","value":"2820998b04618345","postInit":true},"m_eidParent":{"type":"SEntityTemplateReference","value":"685c1cceada83405","postInit":true}}},"d4a202c1ebb32d78":{"parent":"2820998b04618345","name":"Mesh_white","factory":"[modules:/zbodypartentity.class].pc_entitytype","blueprint":"[modules:/zbodypartentity.class].pc_entityblueprint","properties":{"m_pMeshResource":{"type":"ZRuntimeResourceID","value":{"resource":"00E3C5A037BF3AA4","flag":"5F"}},"m_IsHiddenInVR":{"type":"bool","value":true}}},"1705713f61a82188":{"parent":"2820998b04618345","name":"Mesh_Strings_white","factory":"[modules:/zbodypartentity.class].pc_entitytype","blueprint":"[modules:/zbodypartentity.class].pc_entityblueprint","properties":{"m_pMeshResource":{"type":"ZRuntimeResourceID","value":{"resource":"009A00403A12959A","flag":"5F"}}}},"15d7bb4196f2fe84":{"parent":"51314a096f811822","name":"male_reg_ninja_shirt","factory":"[assembly:/_pro/characters/assets/individuals/hokkaido/ninja/materials/male_reg_ninja_shirt.mi].pc_entitytype","blueprint":"[assembly:/_pro/characters/assets/individuals/hokkaido/ninja/materials/male_reg_ninja_shirt.mi].pc_entityblueprint","properties":{"m_mTransform":{"type":"SMatrix43","value":{"rotation":{"x":0,"y":0,"z":0},"position":{"x":0,"y":0,"z":0}}},"ConstantVector1D_06_Value_op":{"type":"IRenderMaterialEntity.EModifierOperation","value":"eReplace"},"ConstantVector1D_04_Value_op":{"type":"IRenderMaterialEntity.EModifierOperation","value":"eReplace"},"ConstantVector1D_01_Value_op":{"type":"IRenderMaterialEntity.EModifierOperation","value":"eReplace"},"Clients":{"type":"TArray<SEntityTemplateReference>","value":["51314a096f811822"],"postInit":true},"m_eidParent":{"type":"SEntityTemplateReference","value":"2820998b04618345","postInit":true}}},"bb92246f3fbb541b":{"parent":"685c1cceada83405","name":"C_Foot_L","factory":"[assembly:/templates/aspectdummy.aspect]([modules:/zclothsphere.class].entitytype,[modules:/zboneattachaspect.class].entitytype).pc_entitytype","blueprint":"[assembly:/templates/aspectdummy.aspect]([modules:/zclothsphere.class].entitytype,[modules:/zboneattachaspect.class].entitytype).pc_entityblueprint","properties":{"m_fRadius":{"type":"float32","value":0.10000000149011612},"m_BoneName":{"type":"ZString","value":"L_Foot"},"m_mTransform":{"type":"SMatrix43","value":{"rotation":{"x":0,"y":0,"z":0},"position":{"x":0,"y":-0.03858200088143349,"z":0.000009999999747378752}}},"m_bCollisionGroup0":{"type":"bool","value":true},"m_bEnabled":{"type":"bool","value":true},"m_linkedEntity":{"type":"SEntityTemplateReference","value":"2820998b04618345","postInit":true},"m_eidParent":{"type":"SEntityTemplateReference","value":"685c1cceada83405","postInit":true}}},"71f0e2f1a59c6015":{"parent":"685c1cceada83405","name":"C_Knee_R","factory":"[assembly:/templates/aspectdummy.aspect]([modules:/zclothsphere.class].entitytype,[modules:/zboneattachaspect.class].entitytype).pc_entitytype","blueprint":"[assembly:/templates/aspectdummy.aspect]([modules:/zclothsphere.class].entitytype,[modules:/zboneattachaspect.class].entitytype).pc_entityblueprint","properties":{"m_fRadius":{"type":"float32","value":0.11999999731779099},"m_BoneName":{"type":"ZString","value":"R_Calf"},"m_mTransform":{"type":"SMatrix43","value":{"rotation":{"x":0,"y":-0.019767042409995977,"z":0},"position":{"x":0.010417000390589237,"y":-0.02453099936246872,"z":0.035117000341415405}}},"m_bEnabled":{"type":"bool","value":true},"m_linkedEntity":{"type":"SEntityTemplateReference","value":"2820998b04618345","postInit":true},"m_eidParent":{"type":"SEntityTemplateReference","value":"685c1cceada83405","postInit":true}}},"51314a096f811822":{"parent":"2820998b04618345","name":"Mesh_Shirt","factory":"[modules:/zbodypartentity.class].pc_entitytype","blueprint":"[modules:/zbodypartentity.class].pc_entityblueprint","properties":{"m_pMeshResource":{"type":"ZRuntimeResourceID","value":{"resource":"003722BDEE688B59","flag":"5F"}}},"inputCopying":{"ConstantVector1D_04_Value":{"ConstantVector1D_04_Value":["15d7bb4196f2fe84"]},"ConstantVector1D_06_Value":{"ConstantVector1D_06_Value":["15d7bb4196f2fe84"]}}},"c4a9b19340d7af4d":{"parent":"685c1cceada83405","name":"C_TighMid_L","factory":"[assembly:/templates/aspectdummy.aspect]([modules:/zclothsphere.class].entitytype,[modules:/zboneattachaspect.class].entitytype).pc_entitytype","blueprint":"[assembly:/templates/aspectdummy.aspect]([modules:/zclothsphere.class].entitytype,[modules:/zboneattachaspect.class].entitytype).pc_entityblueprint","properties":{"m_fRadius":{"type":"float32","value":0.14000000059604645},"m_BoneName":{"type":"ZString","value":"LThighTwist1"},"m_mTransform":{"type":"SMatrix43","value":{"rotation":{"x":0,"y":0.019767042409995977,"z":0},"position":{"x":0.06485400348901749,"y":0.009108999744057655,"z":-0.005001999903470278}}},"m_bEnabled":{"type":"bool","value":true},"m_linkedEntity":{"type":"SEntityTemplateReference","value":"2820998b04618345","postInit":true},"m_eidParent":{"type":"SEntityTemplateReference","value":"685c1cceada83405","postInit":true}}},"7688f01e51aaf43b":{"parent":"2820998b04618345","name":"Hand Diffuse","factory":"[modules:/zmathlerp.class].pc_entitytype","blueprint":"[modules:/zmathlerp.class].pc_entityblueprint","properties":{"m_A":{"type":"float32","value":6.119999885559082},"m_fT":{"type":"float32","value":0},"m_B":{"type":"float32","value":3.119999885559082}},"events":{"Lerp":{"ConstantVector1D_06_Value":["fc50cd1f7c178b4d"],"ConstantVector1D_01_Value":["fc50cd1f7c178b4d"]}}},"dd61cff58c37f072":{"parent":"23342b986b1b95a5","name":"male_reg_ninja_pants","factory":"[assembly:/_pro/characters/assets/individuals/hokkaido/ninja/materials/male_reg_ninja_pants.mi].pc_entitytype","blueprint":"[assembly:/_pro/characters/assets/individuals/hokkaido/ninja/materials/male_reg_ninja_pants.mi].pc_entityblueprint","properties":{"m_mTransform":{"type":"SMatrix43","value":{"rotation":{"x":0,"y":0,"z":0},"position":{"x":0,"y":0,"z":0}}},"Texture2D_01":{"type":"ZRuntimeResourceID","value":{"resource":"[assembly:/_pro/characters/assets/individuals/hokkaido/ninja/textures/male_reg_ninja_pants.texture?/diffuse_white.tex](ascolormap).pc_tex","flag":"5F"}},"Texture2D_01_enab":{"type":"bool","value":true},"Diffuse_Saturation_01_Value_op":{"type":"IRenderMaterialEntity.EModifierOperation","value":"eReplace"},"Diffuse_Saturation_01_Value":{"type":"float32","value":0},"ConstantVector1D_04_Value_op":{"type":"IRenderMaterialEntity.EModifierOperation","value":"eReplace"},"ConstantVector1D_01_Value_op":{"type":"IRenderMaterialEntity.EModifierOperation","value":"eReplace"},"ConstantVector1D_06_Value_op":{"type":"IRenderMaterialEntity.EModifierOperation","value":"eReplace"},"Diffuse_Color_01_Value_op":{"type":"IRenderMaterialEntity.EModifierOperation","value":"eReplace"},"Diffuse_Color_01_Value":{"type":"SColorRGB","value":"#292929"},"Clients":{"type":"TArray<SEntityTemplateReference>","value":["23342b986b1b95a5"],"postInit":true},"m_eidParent":{"type":"SEntityTemplateReference","value":"2820998b04618345","postInit":true}}},"44c1ee5e325bb3aa":{"parent":"685c1cceada83405","name":"C_Knee_L","factory":"[assembly:/templates/aspectdummy.aspect]([modules:/zclothsphere.class].entitytype,[modules:/zboneattachaspect.class].entitytype).pc_entitytype","blueprint":"[assembly:/templates/aspectdummy.aspect]([modules:/zclothsphere.class].entitytype,[modules:/zboneattachaspect.class].entitytype).pc_entityblueprint","properties":{"m_fRadius":{"type":"float32","value":0.11999999731779099},"m_BoneName":{"type":"ZString","value":"L_Calf"},"m_mTransform":{"type":"SMatrix43","value":{"rotation":{"x":0,"y":-0.019767042409995977,"z":0},"position":{"x":0.010483000427484512,"y":-0.02452000044286251,"z":-0.020560000091791153}}},"m_bEnabled":{"type":"bool","value":true},"m_linkedEntity":{"type":"SEntityTemplateReference","value":"2820998b04618345","postInit":true},"m_eidParent":{"type":"SEntityTemplateReference","value":"685c1cceada83405","postInit":true}}},"4eaadd6f151644ab":{"parent":"2820998b04618345","name":"Mesh_Shoes","factory":"[modules:/zbodypartentity.class].pc_entitytype","blueprint":"[modules:/zbodypartentity.class].pc_entityblueprint","properties":{"m_pMeshResource":{"type":"ZRuntimeResourceID","value":{"resource":"009BE8E0D6B067DD","flag":"5F"}}},"inputCopying":{"ConstantVector1D_06_Value":{"ConstantVector1D_06_Value":["4702441332c9f26"]},"ConstantVector1D_04_Value":{"ConstantVector1D_04_Value":["4702441332c9f26"]},"ConstantVector1D_01_Value":{"ConstantVector1D_01_Value":["4702441332c9f26"]}}},"7252fcafe09851c9":{"parent":"685c1cceada83405","name":"C_ShoulderL","factory":"[assembly:/templates/aspectdummy.aspect]([modules:/zclothsphere.class].entitytype,[modules:/zboneattachaspect.class].entitytype).pc_entitytype","blueprint":"[assembly:/templates/aspectdummy.aspect]([modules:/zclothsphere.class].entitytype,[modules:/zboneattachaspect.class].entitytype).pc_entityblueprint","properties":{"m_fRadius":{"type":"float32","value":0.11500000208616257},"m_BoneName":{"type":"ZString","value":"L_Clavicle"},"m_mTransform":{"type":"SMatrix43","value":{"rotation":{"x":0,"y":0,"z":0},"position":{"x":0.1420000046491623,"y":0.012000000104308128,"z":0.0020000000949949026}}},"m_bEnabled":{"type":"bool","value":true},"m_linkedEntity":{"type":"SEntityTemplateReference","value":"2820998b04618345","postInit":true},"m_eidParent":{"type":"SEntityTemplateReference","value":"685c1cceada83405","postInit":true}}},"436fbaaef945190b":{"parent":"685c1cceada83405","name":"CChain_Legs","factory":"[modules:/zclothspherechain.class].pc_entitytype","blueprint":"[modules:/zclothspherechain.class].pc_entityblueprint","properties":{"m_mTransform":{"type":"SMatrix43","value":{"rotation":{"x":0,"y":0,"z":0},"position":{"x":-0.0000001290655973207322,"y":0.000000002171457902377938,"z":0}}},"m_bEnabled":{"type":"bool","value":true},"m_Spheres":{"type":"TArray<SEntityTemplateReference>","value":["e11eca44943afb05","71f0e2f1a59c6015","3d0e536fc57d9581","8bceb15e07cef84d","e5a5622f930e4c6d","8ef680fe909e1a24","c4a9b19340d7af4d","44c1ee5e325bb3aa","bb92246f3fbb541b"],"postInit":true},"m_eidParent":{"type":"SEntityTemplateReference","value":"685c1cceada83405","postInit":true}}},"e5c141992e223f16":{"parent":"2820998b04618345","name":"Torso_Neck_LowCut","factory":"00AC8D5EB0F5A755","blueprint":"00CC398F7A37A27F"},"c7e8080d6309e386":{"parent":"ada7fd8580302482","name":"male_reg_ninja_belt","factory":"[assembly:/_pro/characters/assets/individuals/hokkaido/ninja/materials/male_reg_ninja_belt.mi].pc_entitytype","blueprint":"[assembly:/_pro/characters/assets/individuals/hokkaido/ninja/materials/male_reg_ninja_belt.mi].pc_entityblueprint","properties":{"m_mTransform":{"type":"SMatrix43","value":{"rotation":{"x":0,"y":0,"z":0},"position":{"x":0,"y":0,"z":0}}},"Texture2D_01_enab":{"type":"bool","value":true},"Texture2D_01":{"type":"ZRuntimeResourceID","value":{"resource":"[assembly:/_pro/characters/assets/individuals/hokkaido/ninja/textures/male_reg_ninja_belt.texture?/diffuse_white.tex](ascolormap).pc_tex","flag":"5F"}},"ConstantVector1D_06_Value_op":{"type":"IRenderMaterialEntity.EModifierOperation","value":"eReplace"},"ConstantVector1D_04_Value_op":{"type":"IRenderMaterialEntity.EModifierOperation","value":"eReplace"},"ConstantVector1D_01_Value_op":{"type":"IRenderMaterialEntity.EModifierOperation","value":"eReplace"},"Diffuse_Color_01_Value":{"type":"SColorRGB","value":"#292929"},"Diffuse_Color_01_Value_op":{"type":"IRenderMaterialEntity.EModifierOperation","value":"eReplace"},"Clients":{"type":"TArray<SEntityTemplateReference>","value":["ada7fd8580302482"],"postInit":true},"m_eidParent":{"type":"SEntityTemplateReference","value":"2820998b04618345","postInit":true}}},"ada7fd8580302482":{"parent":"2820998b04618345","name":"Mesh_Belt","factory":"[modules:/zbodypartentity.class].pc_entitytype","blueprint":"[modules:/zbodypartentity.class].pc_entityblueprint","properties":{"m_pMeshResource":{"type":"ZRuntimeResourceID","value":{"resource":"003C170AC06C1D47","flag":"5F"}}},"inputCopying":{"ConstantVector1D_06_Value":{"ConstantVector1D_06_Value":["c7e8080d6309e386"]},"ConstantVector1D_01_Value":{"ConstantVector1D_01_Value":["c7e8080d6309e386"]},"ConstantVector1D_04_Value":{"ConstantVector1D_04_Value":["c7e8080d6309e386"]}}},"e5a5622f930e4c6d":{"parent":"685c1cceada83405","name":"C_Pelvis","factory":"[assembly:/templates/aspectdummy.aspect]([modules:/zclothsphere.class].entitytype,[modules:/zboneattachaspect.class].entitytype).pc_entitytype","blueprint":"[assembly:/templates/aspectdummy.aspect]([modules:/zclothsphere.class].entitytype,[modules:/zboneattachaspect.class].entitytype).pc_entityblueprint","properties":{"m_fRadius":{"type":"float32","value":0.14000000059604645},"m_BoneName":{"type":"ZString","value":"Pelvis"},"m_mTransform":{"type":"SMatrix43","value":{"rotation":{"x":-0.06250973638926272,"y":0.052368348364419594,"z":-0.06852576615092817},"position":{"x":-0.014000000432133675,"y":0.015922000631690025,"z":0.004999999888241291}}},"m_bEnabled":{"type":"bool","value":false},"m_linkedEntity":{"type":"SEntityTemplateReference","value":"2820998b04618345","postInit":true},"m_eidParent":{"type":"SEntityTemplateReference","value":"685c1cceada83405","postInit":true}}},"cf7ffd00b97ad23e":{"parent":"685c1cceada83405","name":"C_Spine1","factory":"[assembly:/templates/aspectdummy.aspect]([modules:/zclothcapsule.class].entitytype,[modules:/zboneattachaspect.class].entitytype).pc_entitytype","blueprint":"[assembly:/templates/aspectdummy.aspect]([modules:/zclothcapsule.class].entitytype,[modules:/zboneattachaspect.class].entitytype).pc_entityblueprint","properties":{"m_BoneName":{"type":"ZString","value":"Spine1"},"m_fRadiusX":{"type":"float32","value":0.18000000715255737},"m_fRadiusY":{"type":"float32","value":0.14000000059604645},"m_fTop":{"type":"float32","value":0.009999999776482582},"m_fBottom":{"type":"float32","value":0},"m_fRadiusZ":{"type":"float32","value":0.1899999976158142},"m_bEnableBottomRadii":{"type":"bool","value":false},"m_fRadiusXBottom":{"type":"float32","value":1},"m_fRadiusYBottom":{"type":"float32","value":1},"m_fRadiusZBottom":{"type":"float32","value":1},"m_mTransform":{"type":"SMatrix43","value":{"rotation":{"x":0,"y":0,"z":0},"position":{"x":-0.003000000026077032,"y":0.027000000700354576,"z":-0.0010000000474974513}}},"m_bEnabled":{"type":"bool","value":true},"m_linkedEntity":{"type":"SEntityTemplateReference","value":"2820998b04618345","postInit":true},"m_eidParent":{"type":"SEntityTemplateReference","value":"685c1cceada83405","postInit":true}}},"8bceb15e07cef84d":{"parent":"685c1cceada83405","name":"C_TighTop_R","factory":"[assembly:/templates/aspectdummy.aspect]([modules:/zclothsphere.class].entitytype,[modules:/zboneattachaspect.class].entitytype).pc_entitytype","blueprint":"[assembly:/templates/aspectdummy.aspect]([modules:/zclothsphere.class].entitytype,[modules:/zboneattachaspect.class].entitytype).pc_entityblueprint","properties":{"m_fRadius":{"type":"float32","value":0.14499999582767487},"m_BoneName":{"type":"ZString","value":"RThighTwist"},"m_mTransform":{"type":"SMatrix43","value":{"rotation":{"x":0.01976704358638215,"y":0,"z":0},"position":{"x":0.03216399997472763,"y":0.015238000079989433,"z":-0.04583200067281723}}},"m_bEnabled":{"type":"bool","value":true},"m_linkedEntity":{"type":"SEntityTemplateReference","value":"2820998b04618345","postInit":true},"m_eidParent":{"type":"SEntityTemplateReference","value":"685c1cceada83405","postInit":true}}},"3fd47efba1c1a72":{"parent":"685c1cceada83405","name":"C_Tri_L","factory":"[assembly:/templates/aspectdummy.aspect]([modules:/zclothsphere.class].entitytype,[modules:/zboneattachaspect.class].entitytype).pc_entitytype","blueprint":"[assembly:/templates/aspectdummy.aspect]([modules:/zclothsphere.class].entitytype,[modules:/zboneattachaspect.class].entitytype).pc_entityblueprint","properties":{"m_fRadius":{"type":"float32","value":0.14000000059604645},"m_BoneName":{"type":"ZString","value":"LThighTwist1"},"m_mTransform":{"type":"SMatrix43","value":{"rotation":{"x":0,"y":0,"z":0},"position":{"x":0,"y":0,"z":0}}},"m_bEnabled":{"type":"bool","value":true},"m_bCollisionGroup0":{"type":"bool","value":false},"m_bCollisionGroup1":{"type":"bool","value":true},"m_linkedEntity":{"type":"SEntityTemplateReference","value":"2820998b04618345","postInit":true},"m_eidParent":{"type":"SEntityTemplateReference","value":"685c1cceada83405","postInit":true}}},"ecac505593b5cfa5":{"parent":"685c1cceada83405","name":"C_Elbow_R","factory":"[assembly:/templates/aspectdummy.aspect]([modules:/zclothsphere.class].entitytype,[modules:/zboneattachaspect.class].entitytype).pc_entitytype","blueprint":"[assembly:/templates/aspectdummy.aspect]([modules:/zclothsphere.class].entitytype,[modules:/zboneattachaspect.class].entitytype).pc_entityblueprint","properties":{"m_fRadius":{"type":"float32","value":0.05000000074505806},"m_BoneName":{"type":"ZString","value":"R_ForeTwist"},"m_mTransform":{"type":"SMatrix43","value":{"rotation":{"x":0,"y":0,"z":0},"position":{"x":-0.004000000189989805,"y":-0.009999999776482582,"z":0.00800000037997961}}},"m_bEnabled":{"type":"bool","value":false},"m_linkedEntity":{"type":"SEntityTemplateReference","value":"2820998b04618345","postInit":true},"m_eidParent":{"type":"SEntityTemplateReference","value":"685c1cceada83405","postInit":true}}},"6f131405724fefd5":{"parent":"2820998b04618345","name":"Base Diffuse","factory":"[modules:/zmathlerp.class].pc_entitytype","blueprint":"[modules:/zmathlerp.class].pc_entityblueprint","properties":{"m_A":{"type":"float32","value":0.5},"m_fT":{"type":"float32","value":0},"m_B":{"type":"float32","value":0.23000000417232513}},"events":{"Lerp":{"ConstantVector1D_01_Value":["23342b986b1b95a5","ada7fd8580302482","4eaadd6f151644ab"]}}},"d75d9bd9789df9b9":{"parent":"685c1cceada83405","name":"C_Elbow_L","factory":"[assembly:/templates/aspectdummy.aspect]([modules:/zclothsphere.class].entitytype,[modules:/zboneattachaspect.class].entitytype).pc_entitytype","blueprint":"[assembly:/templates/aspectdummy.aspect]([modules:/zclothsphere.class].entitytype,[modules:/zboneattachaspect.class].entitytype).pc_entityblueprint","properties":{"m_fRadius":{"type":"float32","value":0.05000000074505806},"m_BoneName":{"type":"ZString","value":"L_ForeTwist"},"m_mTransform":{"type":"SMatrix43","value":{"rotation":{"x":0,"y":0,"z":0},"position":{"x":-0.008999999612569809,"y":-0.010999999940395355,"z":-0.014000000432133675}}},"m_bEnabled":{"type":"bool","value":false},"m_linkedEntity":{"type":"SEntityTemplateReference","value":"2820998b04618345","postInit":true},"m_eidParent":{"type":"SEntityTemplateReference","value":"685c1cceada83405","postInit":true}}},"3d0e536fc57d9581":{"parent":"685c1cceada83405","name":"C_TighMid_R","factory":"[assembly:/templates/aspectdummy.aspect]([modules:/zclothsphere.class].entitytype,[modules:/zboneattachaspect.class].entitytype).pc_entitytype","blueprint":"[assembly:/templates/aspectdummy.aspect]([modules:/zclothsphere.class].entitytype,[modules:/zboneattachaspect.class].entitytype).pc_entityblueprint","properties":{"m_fRadius":{"type":"float32","value":0.14000000059604645},"m_BoneName":{"type":"ZString","value":"RThighTwist1"},"m_mTransform":{"type":"SMatrix43","value":{"rotation":{"x":0.01976704358638215,"y":0,"z":0},"position":{"x":0.061622001230716705,"y":0.005229999776929617,"z":0.013539999723434448}}},"m_bEnabled":{"type":"bool","value":true},"m_linkedEntity":{"type":"SEntityTemplateReference","value":"2820998b04618345","postInit":true},"m_eidParent":{"type":"SEntityTemplateReference","value":"685c1cceada83405","postInit":true}}},"23342b986b1b95a5":{"parent":"2820998b04618345","name":"Mesh_Pants","factory":"[modules:/zbodypartentity.class].pc_entitytype","blueprint":"[modules:/zbodypartentity.class].pc_entityblueprint","properties":{"m_pMeshResource":{"type":"ZRuntimeResourceID","value":{"resource":"00F862990BD70892","flag":"5F"}}},"inputCopying":{"ConstantVector1D_04_Value":{"ConstantVector1D_04_Value":["dd61cff58c37f072"]},"ConstantVector1D_01_Value":{"ConstantVector1D_01_Value":["dd61cff58c37f072"]},"ConstantVector1D_06_Value":{"ConstantVector1D_06_Value":["dd61cff58c37f072"]}}},"542fb7f153a3a4ce":{"parent":"685c1cceada83405","name":"C_TighTop01_R","factory":"[assembly:/templates/aspectdummy.aspect]([modules:/zclothsphere.class].entitytype,[modules:/zboneattachaspect.class].entitytype).pc_entitytype","blueprint":"[assembly:/templates/aspectdummy.aspect]([modules:/zclothsphere.class].entitytype,[modules:/zboneattachaspect.class].entitytype).pc_entityblueprint","properties":{"m_fRadius":{"type":"float32","value":0.1599999964237213},"m_BoneName":{"type":"ZString","value":"RThighTwist"},"m_mTransform":{"type":"SMatrix43","value":{"rotation":{"x":0.01976704358638215,"y":0,"z":0},"position":{"x":0.023031000047922134,"y":0.008980999700725079,"z":-0.039236001670360565}}},"m_bCollisionGroup0":{"type":"bool","value":false},"m_bCollisionGroup1":{"type":"bool","value":true},"m_bEnabled":{"type":"bool","value":true},"m_linkedEntity":{"type":"SEntityTemplateReference","value":"2820998b04618345","postInit":true},"m_eidParent":{"type":"SEntityTemplateReference","value":"685c1cceada83405","postInit":true}}},"7cdfb6a022b3e563":{"parent":"2820998b04618345","name":"Base Normal Bump Scale","factory":"[modules:/zmathlerp.class].pc_entitytype","blueprint":"[modules:/zmathlerp.class].pc_entityblueprint","properties":{"m_A":{"type":"float32","value":1},"m_fT":{"type":"float32","value":0},"m_B":{"type":"float32","value":1.3600000143051147}},"events":{"Lerp":{"ConstantVector1D_06_Value":["23342b986b1b95a5","ada7fd8580302482","4eaadd6f151644ab","51314a096f811822"]}}},"3d3d08440fbac135":{"parent":"685c1cceada83405","name":"C_ShoulderR","factory":"[assembly:/templates/aspectdummy.aspect]([modules:/zclothsphere.class].entitytype,[modules:/zboneattachaspect.class].entitytype).pc_entitytype","blueprint":"[assembly:/templates/aspectdummy.aspect]([modules:/zclothsphere.class].entitytype,[modules:/zboneattachaspect.class].entitytype).pc_entityblueprint","properties":{"m_fRadius":{"type":"float32","value":0.11500000208616257},"m_BoneName":{"type":"ZString","value":"R_Clavicle"},"m_mTransform":{"type":"SMatrix43","value":{"rotation":{"x":0,"y":0,"z":0},"position":{"x":0.14300000667572021,"y":0.012000000104308128,"z":-0.0020000000949949026}}},"m_bEnabled":{"type":"bool","value":true},"m_linkedEntity":{"type":"SEntityTemplateReference","value":"2820998b04618345","postInit":true},"m_eidParent":{"type":"SEntityTemplateReference","value":"685c1cceada83405","postInit":true}}},"685c1cceada83405":{"parent":"2820998b04618345","name":"MaleReg_Ninja_Collider","factory":"[modules:/zcompositeentity.class].pc_entitytype","blueprint":"[modules:/zcompositeentity.class].pc_entityblueprint","properties":{"m_mTransform":{"type":"SMatrix43","value":{"rotation":{"x":0,"y":0,"z":0},"position":{"x":0,"y":0,"z":0}}},"m_linkedEntity":{"type":"SEntityTemplateReference","value":"2820998b04618345","postInit":true},"m_eidParent":{"type":"SEntityTemplateReference","value":"2820998b04618345","postInit":true}},"propertyAliases":{"m_linkedEntity":[{"originalProperty":"m_linkedEntity","originalEntity":"569ed0f16d89f967"},{"originalProperty":"m_linkedEntity","originalEntity":"d75d9bd9789df9b9"},{"originalProperty":"m_linkedEntity","originalEntity":"ecac505593b5cfa5"},{"originalProperty":"m_linkedEntity","originalEntity":"bb92246f3fbb541b"},{"originalProperty":"m_linkedEntity","originalEntity":"e11eca44943afb05"},{"originalProperty":"m_linkedEntity","originalEntity":"3d3d08440fbac135"},{"originalProperty":"m_linkedEntity","originalEntity":"da8177e8a798a317"},{"originalProperty":"m_linkedEntity","originalEntity":"2c8e88984dd03fcd"},{"originalProperty":"m_linkedEntity","originalEntity":"44c1ee5e325bb3aa"},{"originalProperty":"m_linkedEntity","originalEntity":"cf7ffd00b97ad23e"},{"originalProperty":"m_linkedEntity","originalEntity":"71f0e2f1a59c6015"},{"originalProperty":"m_linkedEntity","originalEntity":"cc3e2c5e2912687c"},{"originalProperty":"m_linkedEntity","originalEntity":"e5a5622f930e4c6d"},{"originalProperty":"m_linkedEntity","originalEntity":"7252fcafe09851c9"},{"originalProperty":"m_linkedEntity","originalEntity":"c4a9b19340d7af4d"},{"originalProperty":"m_linkedEntity","originalEntity":"3d0e536fc57d9581"},{"originalProperty":"m_linkedEntity","originalEntity":"8bceb15e07cef84d"},{"originalProperty":"m_linkedEntity","originalEntity":"8ef680fe909e1a24"},{"originalProperty":"m_linkedEntity","originalEntity":"3f07a85140136275"},{"originalProperty":"m_linkedEntity","originalEntity":"db794944cac25f40"},{"originalProperty":"m_linkedEntity","originalEntity":"b662a9c5efa6e427"},{"originalProperty":"m_linkedEntity","originalEntity":"542fb7f153a3a4ce"},{"originalProperty":"m_linkedEntity","originalEntity":"52a5254244c14e89"},{"originalProperty":"m_linkedEntity","originalEntity":"3fd47efba1c1a72"},{"originalProperty":"m_linkedEntity","originalEntity":"db8e8ef169fabffb"},{"originalProperty":"m_linkedEntity","originalEntity":"5c1eddffbc5fb648"}],"Neck_Radius":[{"originalProperty":"m_fRadius","originalEntity":"b662a9c5efa6e427"}],"Head_Low_Radius":[{"originalProperty":"m_fRadius","originalEntity":"db794944cac25f40"}],"Head_Top_Radius":[{"originalProperty":"m_fRadius","originalEntity":"3f07a85140136275"}],"Head_Top_Position":[{"originalProperty":"m_mTransform","originalEntity":"3f07a85140136275"}],"Hand_R_Radius":[{"originalProperty":"m_fRadius","originalEntity":"da8177e8a798a317"}],"Hand_L_Radius":[{"originalProperty":"m_fRadius","originalEntity":"569ed0f16d89f967"}],"Elbow_R_Radius":[{"originalProperty":"m_fRadius","originalEntity":"ecac505593b5cfa5"}],"Elbow_L_Radius":[{"originalProperty":"m_fRadius","originalEntity":"d75d9bd9789df9b9"}],"Shoulder_R_Radius":[{"originalProperty":"m_fRadius","originalEntity":"3d3d08440fbac135"}],"Head_Low_Position":[{"originalProperty":"m_mTransform","originalEntity":"db794944cac25f40"}],"Shoulder_L_Radius":[{"originalProperty":"m_fRadius","originalEntity":"7252fcafe09851c9"}],"Neck_Position":[{"originalProperty":"m_mTransform","originalEntity":"b662a9c5efa6e427"}],"Shoulder_L_Position":[{"originalProperty":"m_mTransform","originalEntity":"7252fcafe09851c9"}],"Shoulder_R_Position":[{"originalProperty":"m_mTransform","originalEntity":"3d3d08440fbac135"}],"Elbow_L_Position":[{"originalProperty":"m_mTransform","originalEntity":"d75d9bd9789df9b9"}],"Elbow_R_Position":[{"originalProperty":"m_mTransform","originalEntity":"ecac505593b5cfa5"}],"Hand_L_Position":[{"originalProperty":"m_mTransform","originalEntity":"569ed0f16d89f967"}],"Hand_R_Position":[{"originalProperty":"m_mTransform","originalEntity":"da8177e8a798a317"}],"Spine_Top_Position":[{"originalProperty":"m_mTransform","originalEntity":"cc3e2c5e2912687c"}],"Spine_Mid_Position":[{"originalProperty":"m_mTransform","originalEntity":"cf7ffd00b97ad23e"}],"Spine_Low_Position":[{"originalProperty":"m_mTransform","originalEntity":"2c8e88984dd03fcd"}],"Pelvis_Position":[{"originalProperty":"m_mTransform","originalEntity":"e5a5622f930e4c6d"}],"Thigh_Top_L_Position":[{"originalProperty":"m_mTransform","originalEntity":"8ef680fe909e1a24"}],"Thigh_Top_R_Position":[{"originalProperty":"m_mTransform","originalEntity":"8bceb15e07cef84d"}],"Thigh_Mid_L_Position":[{"originalProperty":"m_mTransform","originalEntity":"c4a9b19340d7af4d"}],"Thigh_Mid_R_Position":[{"originalProperty":"m_mTransform","originalEntity":"3d0e536fc57d9581"}],"Knee_L_Position":[{"originalProperty":"m_mTransform","originalEntity":"44c1ee5e325bb3aa"}],"Knee_R_Position":[{"originalProperty":"m_mTransform","originalEntity":"71f0e2f1a59c6015"}],"Foot_L_Position":[{"originalProperty":"m_mTransform","originalEntity":"bb92246f3fbb541b"}],"Foot_R_Position":[{"originalProperty":"m_mTransform","originalEntity":"e11eca44943afb05"}],"Spine_Top_RadiusX":[{"originalProperty":"m_fRadiusX","originalEntity":"cc3e2c5e2912687c"}],"Spine_Top_RadiusY":[{"originalProperty":"m_fRadiusY","originalEntity":"cc3e2c5e2912687c"}],"Spine_Top_RadiusZ":[{"originalProperty":"m_fRadiusZ","originalEntity":"cc3e2c5e2912687c"}],"Spine_Mid_RadiusX":[{"originalProperty":"m_fRadiusX","originalEntity":"cf7ffd00b97ad23e"}],"Spine_Mid_RadiusY":[{"originalProperty":"m_fRadiusY","originalEntity":"cf7ffd00b97ad23e"}],"Spine_Mid_RadiusZ":[{"originalProperty":"m_fRadiusZ","originalEntity":"cf7ffd00b97ad23e"}],"Spine_Low_RadiusX":[{"originalProperty":"m_fRadiusX","originalEntity":"2c8e88984dd03fcd"}],"Spine_Low_RadiusY":[{"originalProperty":"m_fRadiusY","originalEntity":"2c8e88984dd03fcd"}],"Spine_Low_RadiusZ":[{"originalProperty":"m_fRadiusZ","originalEntity":"2c8e88984dd03fcd"}],"Pelvis_Radius":[{"originalProperty":"m_fRadius","originalEntity":"e5a5622f930e4c6d"}],"Thigh_Top_L_Radius":[{"originalProperty":"m_fRadius","originalEntity":"8ef680fe909e1a24"}],"Thigh_Top_R_Radius":[{"originalProperty":"m_fRadius","originalEntity":"8bceb15e07cef84d"}],"Thigh_Mid_L_Radius":[{"originalProperty":"m_fRadius","originalEntity":"c4a9b19340d7af4d"}],"Thigh_Mid_R_Radius":[{"originalProperty":"m_fRadius","originalEntity":"3d0e536fc57d9581"}],"Knee_L_Radius":[{"originalProperty":"m_fRadius","originalEntity":"44c1ee5e325bb3aa"}],"Knee_R_Radius":[{"originalProperty":"m_fRadius","originalEntity":"71f0e2f1a59c6015"}],"Foot_L_Radius":[{"originalProperty":"m_fRadius","originalEntity":"bb92246f3fbb541b"}],"Foot_R_Radius":[{"originalProperty":"m_fRadius","originalEntity":"e11eca44943afb05"}],"Head_Top_Enabled":[{"originalProperty":"m_bEnabled","originalEntity":"3f07a85140136275"}],"Head_Low_Enabled":[{"originalProperty":"m_bEnabled","originalEntity":"db794944cac25f40"}],"Neck_Enabled":[{"originalProperty":"m_bEnabled","originalEntity":"b662a9c5efa6e427"}],"Shoulder_L_Enabled":[{"originalProperty":"m_bEnabled","originalEntity":"7252fcafe09851c9"}],"Shoulder_R_Enabled":[{"originalProperty":"m_bEnabled","originalEntity":"3d3d08440fbac135"}],"Elbow_L_Enabled":[{"originalProperty":"m_bEnabled","originalEntity":"d75d9bd9789df9b9"}],"Elbow_R_Enabled":[{"originalProperty":"m_bEnabled","originalEntity":"ecac505593b5cfa5"}],"Spine_Top_Enabled":[{"originalProperty":"m_bEnabled","originalEntity":"cc3e2c5e2912687c"}],"Hand_R_Enabled":[{"originalProperty":"m_bEnabled","originalEntity":"da8177e8a798a317"}],"Hand_L_Enabled":[{"originalProperty":"m_bEnabled","originalEntity":"569ed0f16d89f967"}],"Spine_Mid_Enabled":[{"originalProperty":"m_bEnabled","originalEntity":"cf7ffd00b97ad23e"}],"Spine_Low_Enabled":[{"originalProperty":"m_bEnabled","originalEntity":"2c8e88984dd03fcd"}],"Pelvis_Enabled":[{"originalProperty":"m_bEnabled","originalEntity":"e5a5622f930e4c6d"}],"Thigh_Top_L_Enabled":[{"originalProperty":"m_bEnabled","originalEntity":"8ef680fe909e1a24"}],"Thigh_Top_R_Enabled":[{"originalProperty":"m_bEnabled","originalEntity":"8bceb15e07cef84d"}],"Thigh_Mid_L_Enabled":[{"originalProperty":"m_bEnabled","originalEntity":"c4a9b19340d7af4d"}],"Thigh_Mid_R_Enabled":[{"originalProperty":"m_bEnabled","originalEntity":"3d0e536fc57d9581"}],"Knee_L_Enabled":[{"originalProperty":"m_bEnabled","originalEntity":"44c1ee5e325bb3aa"}],"Knee_R_Enabled":[{"originalProperty":"m_bEnabled","originalEntity":"71f0e2f1a59c6015"}],"Foot_L_Enabled":[{"originalProperty":"m_bEnabled","originalEntity":"bb92246f3fbb541b"}],"Foot_R_Enabled":[{"originalProperty":"m_bEnabled","originalEntity":"e11eca44943afb05"}]},"exposedInterfaces":{"ZClothCollider":"fab3299a2b43ab32","ZClothColliderGroup":"fab3299a2b43ab32"}},"fc50cd1f7c178b4d":{"parent":"2820998b04618345","name":"Hands","factory":"009A6D9F7927FB89","blueprint":"00F49463DEA8D412","properties":{"m_pMeshResource":{"type":"ZRuntimeResourceID","value":{"resource":"003B27AA158D48FB","flag":"5F"}}}},"2797758e2d10fcc6":{"parent":"685c1cceada83405","name":"CChain01_Tri","factory":"[modules:/zclothspherechain.class].pc_entitytype","blueprint":"[modules:/zclothspherechain.class].pc_entityblueprint","properties":{"m_Spheres":{"type":"TArray<SEntityTemplateReference>","value":["3fd47efba1c1a72","db8e8ef169fabffb","5c1eddffbc5fb648"]},"m_mTransform":{"type":"SMatrix43","value":{"rotation":{"x":0,"y":0,"z":0},"position":{"x":-0.0000001290655973207322,"y":0.000000002171457902377938,"z":0}}},"m_bCollisionGroup0":{"type":"bool","value":false},"m_bCollisionGroup1":{"type":"bool","value":true},"m_bEnabled":{"type":"bool","value":true},"m_bSphereTriangles":{"type":"bool","value":true},"m_eidParent":{"type":"SEntityTemplateReference","value":"685c1cceada83405"}}},"2820998b04618345":{"parent":null,"name":"OUTFIT_Agent47_Reward_Neon_HeroA_V0","factory":"00C0753FBF784C66","blueprint":"007294473357329E","properties":{"m_aBodyParts":{"type":"TArray<SEntityTemplateReference>","value":["fc50cd1f7c178b4d","51314a096f811822","23342b986b1b95a5","11c6c4b4ed3535b7","4eaadd6f151644ab","e5c141992e223f16","ada7fd8580302482","d4a202c1ebb32d78","1705713f61a82188","8d282b696308d06e","1c211c6da719d940"]},"m_LocalColliders":{"type":"TArray<SEntityTemplateReference>","value":["685c1cceada83405"]},"m_mTransform":{"type":"SMatrix43","value":{"rotation":{"x":0,"y":0,"z":-3.5695436896415043},"position":{"x":74.9780502319336,"y":35.04616928100586,"z":0.003272000001743436}}},"m_pBonesAndCollisionResource":{"type":"ZRuntimeResourceID","value":{"resource":"0017416135CF879C","flag":"5F"}}}}},"propertyOverrides":[],"overrideDeletes":[],"pinConnectionOverrides":[],"pinConnectionOverrideDeletes":[],"externalScenes":[],"subType":"template","quickEntityVersion":3.1,"extraFactoryDependencies":[{"resource":"[assembly:/_pro/characters/assets/individuals/hokkaido/ninja/textures/male_reg_ninja_shoes.texture?/normal_a.tex](asnormalmap).pc_tex","flag":"5F"},{"resource":"[assembly:/_pro/characters/assets/individuals/hokkaido/ninja/textures/male_reg_ninja_shoes.texture?/specular_a.tex](ascolormap).pc_tex","flag":"5F"},{"resource":"[assembly:/_pro/characters/assets/individuals/hokkaido/ninja/textures/male_reg_ninja_pants.texture?/normal_a.tex](asnormalmap).pc_tex","flag":"5F"},{"resource":"[assembly:/_pro/characters/assets/individuals/hokkaido/ninja/textures/male_reg_ninja_pants.texture?/specular_a.tex](ascolormap).pc_tex","flag":"5F"},{"resource":"[assembly:/_pro/characters/assets/individuals/hokkaido/ninja/textures/male_reg_ninja_hands.texture?/normal_a.tex](asnormalmap).pc_tex","flag":"5F"},{"resource":"[assembly:/_pro/characters/assets/individuals/hokkaido/ninja/textures/male_reg_ninja_hands.texture?/specular_a.tex](ascolormap).pc_tex","flag":"5F"},{"resource":"[assembly:/_pro/characters/assets/individuals/hokkaido/ninja/textures/male_reg_ninja_hands.texture?/diffuse_a.tex](ascolormap).pc_tex","flag":"5F"},{"resource":"[assembly:/_pro/characters/assets/individuals/hokkaido/ninja/textures/male_reg_ninja_belt.texture?/normal_a.tex](asnormalmap).pc_tex","flag":"5F"},{"resource":"[assembly:/_pro/characters/assets/individuals/hokkaido/ninja/textures/male_reg_ninja_belt.texture?/specular_a.tex](ascolormap).pc_tex","flag":"5F"},{"resource":"007D850436B0A092","flag":"5F"},{"resource":"00D247582859CA87","flag":"5F"},{"resource":"00D20CA72E352D16","flag":"5F"},{"resource":"[assembly:/_pro/characters/assets/individuals/hokkaido/ninja/textures/male_reg_ninja_shirt.texture?/normal_a.tex](asnormalmap).pc_tex","flag":"5F"},{"resource":"[assembly:/_pro/characters/assets/individuals/hokkaido/ninja/textures/male_reg_ninja_shirt.texture?/specular_a.tex](ascolormap).pc_tex","flag":"5F"},{"resource":"[assembly:/_pro/characters/assets/individuals/hokkaido/ninja/textures/male_reg_ninja_shirt.texture?/diffuse_a.tex](ascolormap).pc_tex","flag":"5F"},{"resource":"006F77B2B1322E4C","flag":"5F"},{"resource":"[assembly:/_pro/environment/textures/constants/color_grey.texture?/diffuse_a.tex](ascolormap).pc_tex","flag":"5F"},{"resource":"[assembly:/_pro/characters/assets/individuals/hokkaido/ninja/textures/male_reg_ninja_string.texture?/normal_a.tex](asnormalmap).pc_tex","flag":"5F"},{"resource":"[assembly:/_pro/characters/assets/individuals/hokkaido/ninja/textures/male_reg_ninja_string.texture?/specular_a.tex](ascolormap).pc_tex","flag":"5F"},{"resource":"0025B9168B52D9F6","flag":"5F"}],"extraBlueprintDependencies":[],"comments":[]}