{"tempHash":"000D2A73CB9F36C7","tbluHash":"006D10477C81EBBE","rootEntity":"7caf4e915dbe7c40","entities":{"7eaa258d82f3e2e0":{"parent":"7caf4e915dbe7c40","name":"male_reg_shoulder_holster","factory":"[assembly:/_pro/characters/assets/hero/agent47/materials/male_reg_agent47_tutorial_holstersingle_01.mi].pc_entitytype","blueprint":"[assembly:/_pro/characters/assets/hero/agent47/materials/male_reg_agent47_tutorial_holstersingle_01.mi].pc_entityblueprint","properties":{"m_mTransform":{"type":"SMatrix43","value":{"rotation":{"x":0,"y":0,"z":0},"position":{"x":0,"y":0,"z":0}}},"Texture2D_01_enab":{"type":"bool","value":true},"Texture2DNormal_01_enab":{"type":"bool","value":true},"Texture2D_03_enab":{"type":"bool","value":true},"ConstantVector1D_01_Value_op":{"type":"IRenderMaterialEntity.EModifierOperation","value":"eReplace"},"Diffuse_Color_01_Value_op":{"type":"IRenderMaterialEntity.EModifierOperation","value":"eReplace"},"Diffuse_Saturation_01_Value_op":{"type":"IRenderMaterialEntity.EModifierOperation","value":"eReplace"},"Diffuse_Hue_Shift_01_Value_op":{"type":"IRenderMaterialEntity.EModifierOperation","value":"eReplace"},"ConstantVector1D_03_Value_op":{"type":"IRenderMaterialEntity.EModifierOperation","value":"eReplace"},"Diffuse_Saturation_01_Value":{"type":"float32","value":1},"Diffuse_Hue_Shift_01_Value":{"type":"float32","value":0},"ConstantVector1D_01_Value":{"type":"float32","value":1},"Diffuse_Color_01_Value":{"type":"SColorRGB","value":"#ffffff"},"Texture2D_03":{"type":"ZRuntimeResourceID","value":{"resource":"[assembly:/_pro/characters/assets/hero/agent47/textures/male_reg_agent47_tutorial_holstersingle_01.texture?/specular_a.tex](ascolormap).pc_tex","flag":"5F"}},"Texture2D_01":{"type":"ZRuntimeResourceID","value":{"resource":"[assembly:/_pro/characters/assets/hero/agent47/textures/male_reg_agent47_tutorial_holstersingle_01.texture?/diffuse_a.tex](ascolormap).pc_tex","flag":"5F"}},"Texture2DNormal_01":{"type":"ZRuntimeResourceID","value":{"resource":"[assembly:/_pro/characters/assets/hero/agent47/textures/male_reg_agent47_tutorial_holstersingle_01.texture?/normal_a.tex](asnormalmap).pc_tex","flag":"5F"}},"ConstantVector1D_03_Value":{"type":"float32","value":1},"Clients":{"type":"TArray<SEntityTemplateReference>","value":["7caf4e915dbe7c40"],"postInit":true}}},"b59f4fe38d82e1c2":{"parent":"7caf4e915dbe7c40","name":"Mesh","factory":"[assembly:/templates/aspectdummy.aspect]([modules:/zbodypartentity.class].entitytype,[modules:/zclothcollidergroupaspect.class].entitytype).pc_entitytype","blueprint":"[assembly:/templates/aspectdummy.aspect]([modules:/zbodypartentity.class].entitytype,[modules:/zclothcollidergroupaspect.class].entitytype).pc_entityblueprint","properties":{"m_pMeshResource":{"type":"ZRuntimeResourceID","value":{"resource":"00B8B9779B76916A","flag":"5F"}},"m_ClothColliders":{"type":"TArray<SEntityTemplateReference>","value":[]}}},"7caf4e915dbe7c40":{"parent":null,"name":"Shoulder_Holster_Leather_Single","factory":"[modules:/zentity.class].pc_entitytype","blueprint":"[modules:/zentity.class].pc_entityblueprint","properties":{"ConstantVector1D_03_Value":{"type":"float32","value":1},"ConstantVector1D_01_Value":{"type":"float32","value":1}},"propertyAliases":{"Diffuse_Saturation_01_Value":[{"originalProperty":"Diffuse_Saturation_01_Value","originalEntity":"7eaa258d82f3e2e0"}],"Diffuse_Hue_Shift_01_Value":[{"originalProperty":"Diffuse_Hue_Shift_01_Value","originalEntity":"7eaa258d82f3e2e0"}],"ConstantVector1D_01_Value":[{"originalProperty":"ConstantVector1D_01_Value","originalEntity":"7eaa258d82f3e2e0"}],"Diffuse_Color_01_Value":[{"originalProperty":"Diffuse_Color_01_Value","originalEntity":"7eaa258d82f3e2e0"}],"Texture2D_03":[{"originalProperty":"Texture2D_03","originalEntity":"7eaa258d82f3e2e0"}],"Texture2D_01":[{"originalProperty":"Texture2D_01","originalEntity":"7eaa258d82f3e2e0"}],"Texture2DNormal_01":[{"originalProperty":"Texture2DNormal_01","originalEntity":"7eaa258d82f3e2e0"}],"ConstantVector1D_14_Value":[{"originalProperty":"ConstantVector1D_14_Value","originalEntity":"7eaa258d82f3e2e0"}],"ConstantVector1D_15_Value":[{"originalProperty":"ConstantVector1D_15_Value","originalEntity":"7eaa258d82f3e2e0"}],"ConstantVector1D_03_Value":[{"originalProperty":"ConstantVector1D_03_Value","originalEntity":"7eaa258d82f3e2e0"}]},"exposedInterfaces":{"ZBodyPartEntity":"b59f4fe38d82e1c2","ZClothColliderGroupAspect":"b59f4fe38d82e1c2"}}},"propertyOverrides":[],"overrideDeletes":[],"pinConnectionOverrides":[],"pinConnectionOverrideDeletes":[],"externalScenes":[],"subType":"template","quickEntityVersion":3.1,"extraFactoryDependencies":[],"extraBlueprintDependencies":[],"comments":[]}