{"tempHash":"00605BD5EF358E40","tbluHash":"007FE95865364152","patch":[{"RemoveEntityByID":"cf7da575fa3eea44"},{"RemoveEntityByID":"6bf5d8a69027ee9a"},{"RemoveEntityByID":"7b803486fd01072f"},{"SubEntityOperation":["270dd190b8831caa",{"PatchArrayPropertyValue":["m_aBodyParts",[{"RemoveItemByValue":"6bf5d8a69027ee9a"}]]}]},{"SubEntityOperation":["f4aed1940c00332c",{"RemoveEventConnection":["HitmanWetness","T","7b803486fd01072f"]}]},{"SubEntityOperation":["f4aed1940c00332c",{"RemoveEventConnection":["HitmanWetness","T","cf7da575fa3eea44"]}]}],"patchVersion":6}