{"tempHash":"002A5ABB720E99C4","tbluHash":"0031BA779311FF5A","rootEntity":"927e2539d580ca35","entities":{"a03e7081cbdd239d":{"parent":"927e2539d580ca35","name":"Mesh_Tie","factory":"[modules:/zbodypartentity.class].pc_entitytype","blueprint":"[modules:/zbodypartentity.class].pc_entityblueprint","properties":{"m_pMeshResource":{"type":"ZRuntimeResourceID","value":{"resource":"[assembly:/_pro/characters/assets/hero/agent47/geometry/male_reg_agent47_terminus.wl2?/tie.weightedprim](bodypart).pc_weightedprim","flag":"5F"}}}},"f697d61300108436":{"parent":"927e2539d580ca35","name":"male_reg_body","factory":"003DCA5E22F37B5F","blueprint":"0041C89DFA9D7801","properties":{"m_mTransform":{"type":"SMatrix43","value":{"rotation":{"x":0,"y":0,"z":0},"position":{"x":0,"y":0,"z":0}}},"Texture2DNormal_01_enab":{"type":"bool","value":true},"Texture2D_03_enab":{"type":"bool","value":true},"Texture2D_01_enab":{"type":"bool","value":true},"Texture2D_01":{"type":"ZRuntimeResourceID","value":{"resource":"0050DDCE91E6C6A3","flag":"5F"}},"Texture2DNormal_01":{"type":"ZRuntimeResourceID","value":{"resource":"002A91695E748772","flag":"5F"}},"Texture2D_03":{"type":"ZRuntimeResourceID","value":{"resource":"00A07AE8903D816A","flag":"5F"}},"Clients":{"type":"TArray<SEntityTemplateReference>","value":["927e2539d580ca35"],"postInit":true},"m_eidParent":{"type":"SEntityTemplateReference","value":"927e2539d580ca35","postInit":true}}},"c877ad14ce60b120":{"parent":"927e2539d580ca35","name":"malereg_tie","factory":"009407FC235CE191","blueprint":"000FB527EDF21212","properties":{"Elbow_L_Enabled":{"type":"bool","value":false},"Elbow_R_Enabled":{"type":"bool","value":false},"Hand_L_Enabled":{"type":"bool","value":false},"Hand_R_Enabled":{"type":"bool","value":false},"m_linkedEntity":{"type":"SEntityTemplateReference","value":"927e2539d580ca35","postInit":true},"m_eidParent":{"type":"SEntityTemplateReference","value":"927e2539d580ca35","postInit":true}}},"68db136528ca89af":{"parent":"927e2539d580ca35","name":"Lerp","factory":"[modules:/zmathlerp.class].pc_entitytype","blueprint":"[modules:/zmathlerp.class].pc_entityblueprint","properties":{"m_A":{"type":"float32","value":0.15000000596046448},"m_fT":{"type":"float32","value":0},"m_B":{"type":"float32","value":0.5}},"events":{"Lerp":{"ConstantVector1D_04_Value":["511cf0ced3a68bca"]}}},"4a47d0aac6bb3d38":{"parent":"927e2539d580ca35","name":"Mesh_Shirt","factory":"[modules:/zbodypartentity.class].pc_entitytype","blueprint":"[modules:/zbodypartentity.class].pc_entityblueprint","properties":{"m_pMeshResource":{"type":"ZRuntimeResourceID","value":{"resource":"[assembly:/_pro/characters/assets/hero/agent47/geometry/male_reg_agent47_terminus.wl2?/shirt.weightedprim](bodypart).pc_weightedprim","flag":"5F"}}}},"39eb92831336d7a4":{"parent":"927e2539d580ca35","name":"Mesh_Shoes","factory":"[modules:/zbodypartentity.class].pc_entitytype","blueprint":"[modules:/zbodypartentity.class].pc_entityblueprint","properties":{"m_pMeshResource":{"type":"ZRuntimeResourceID","value":{"resource":"[assembly:/_pro/characters/assets/hero/agent47/geometry/male_reg_agent47_marrakesh.wl2?/shoes.weightedprim](bodypart).pc_weightedprim","flag":"5F"}}}},"511cf0ced3a68bca":{"parent":"927e2539d580ca35","name":"base_male_body","factory":"[assembly:/_pro/characters/assets/_base/pro_male_regular/materials/base_male_body.mi].pc_entitytype","blueprint":"[assembly:/_pro/characters/assets/_base/pro_male_regular/materials/base_male_body.mi].pc_entityblueprint","properties":{"1787395739":{"type":"IRenderMaterialEntity.EModifierOperation","value":"eReplace"},"2287298018":{"type":"IRenderMaterialEntity.EModifierOperation","value":"eReplace"},"ConstantVector1D_01_Value_op":{"type":"IRenderMaterialEntity.EModifierOperation","value":"eReplace"},"ConstantColorRGB_01_Value":{"type":"SColorRGB","value":"#b8a5a5"},"ConstantColorRGB_01_Value_op":{"type":"IRenderMaterialEntity.EModifierOperation","value":"eReplace"},"ConstantVector1D_03_Value":{"type":"float32","value":0.7300000190734864},"ConstantVector1D_01_Value":{"type":"float32","value":0.6299999952316284},"Clients":{"type":"TArray<SEntityTemplateReference>","value":["927e2539d580ca35"],"postInit":true},"m_eidParent":{"type":"SEntityTemplateReference","value":"927e2539d580ca35","postInit":true}}},"f6ac08e2d59ffd01":{"parent":"927e2539d580ca35","name":"Mesh_Head","factory":"[modules:/zbodypartentity.class].pc_entitytype","blueprint":"[modules:/zbodypartentity.class].pc_entityblueprint","properties":{"m_pMeshResource":{"type":"ZRuntimeResourceID","value":{"resource":"00B56DB95950BD5E","flag":"5F"}},"m_IsHiddenInVR":{"type":"bool","value":true}}},"3054dff46aa960a8":{"parent":"927e2539d580ca35","name":"agent47_shirt_02","factory":"[assembly:/_pro/characters/assets/hero/agent47/materials/agent47_shirt_02.mi].pc_entitytype","blueprint":"[assembly:/_pro/characters/assets/hero/agent47/materials/agent47_shirt_02.mi].pc_entityblueprint","properties":{"2287298018":{"type":"IRenderMaterialEntity.EModifierOperation","value":"eReplace"},"2359342559":{"type":"IRenderMaterialEntity.EModifierOperation","value":"eReplace"},"m_mTransform":{"type":"SMatrix43","value":{"rotation":{"x":0,"y":0,"z":0},"position":{"x":0,"y":0,"z":0}}},"Texture2D_03_enab":{"type":"bool","value":true},"Texture2D_03":{"type":"ZRuntimeResourceID","value":{"resource":"[assembly:/_pro/characters/assets/hero/agent47/textures/agent47_shirt_absolution.texture?/specular_a.tex](ascolormap).pc_tex","flag":"5F"}},"Texture2DNormal_01_enab":{"type":"bool","value":true},"Texture2DNormal_01":{"type":"ZRuntimeResourceID","value":{"resource":"[assembly:/_pro/characters/assets/hero/agent47/textures/agent47_shirt_absolution.texture?/normal_a.tex](asnormalmap).pc_tex","flag":"5F"}},"Texture2D_01_enab":{"type":"bool","value":true},"Texture2D_01":{"type":"ZRuntimeResourceID","value":{"resource":"[assembly:/_pro/characters/assets/hero/agent47/textures/agent47_terminussuit_shirt.texture?/diffuse_a.tex](ascolormap).pc_tex","flag":"5F"}},"ConstantVector1D_01_Value_op":{"type":"IRenderMaterialEntity.EModifierOperation","value":"eReplace"},"Clients":{"type":"TArray<SEntityTemplateReference>","value":["927e2539d580ca35"],"postInit":true},"m_eidParent":{"type":"SEntityTemplateReference","value":"927e2539d580ca35","postInit":true}}},"189aacba07faabdb":{"parent":"927e2539d580ca35","name":"Lerp 3","factory":"[modules:/zmathlerp.class].pc_entitytype","blueprint":"[modules:/zmathlerp.class].pc_entityblueprint","properties":{"m_fT":{"type":"float32","value":0},"m_B":{"type":"float32","value":0.800000011920929},"m_A":{"type":"float32","value":0.5}},"events":{"Lerp":{"ConstantVector1D_04_Value":["91088247825cbf1e"]}}},"8c21617c7e7f36":{"parent":"927e2539d580ca35","name":"agent47_eye","factory":"[assembly:/_pro/characters/assets/hero/agent47/materials/agent47_eye.mi].pc_entitytype","blueprint":"[assembly:/_pro/characters/assets/hero/agent47/materials/agent47_eye.mi].pc_entityblueprint","properties":{"1405740434":{"type":"IRenderMaterialEntity.EModifierOperation","value":"eReplace"},"2298771567":{"type":"IRenderMaterialEntity.EModifierOperation","value":"eReplace"},"m_mTransform":{"type":"SMatrix43","value":{"rotation":{"x":0,"y":0,"z":0},"position":{"x":0,"y":0,"z":0}}},"EyeShader_01_ScleraSpecularIntensity":{"type":"float32","value":0.007000000216066837},"EyeShader_01_CorneaSpecularIntensity":{"type":"float32","value":0.007000000216066837},"Clients":{"type":"TArray<SEntityTemplateReference>","value":["927e2539d580ca35"],"postInit":true},"m_eidParent":{"type":"SEntityTemplateReference","value":"927e2539d580ca35","postInit":true}}},"4ee16f3ee2103a93":{"parent":"927e2539d580ca35","name":"Lerp 1","factory":"[modules:/zmathlerp.class].pc_entitytype","blueprint":"[modules:/zmathlerp.class].pc_entityblueprint","properties":{"m_fT":{"type":"float32","value":0},"m_B":{"type":"float32","value":0.30000001192092896}},"events":{"Lerp":{"ConstantVector1D_04_Value":["3054dff46aa960a8","ebf0f7a5b407add2","4e3ecc2de0fc67fc","a1f0411a049e16da","1338bb7930cb866"]}}},"34c3770c103d7923":{"parent":"927e2539d580ca35","name":"Lerp 2","factory":"[modules:/zmathlerp.class].pc_entitytype","blueprint":"[modules:/zmathlerp.class].pc_entityblueprint","properties":{"m_B":{"type":"float32","value":2},"m_A":{"type":"float32","value":1.2999999523162842},"m_fT":{"type":"float32","value":0}},"events":{"Lerp":{"ConstantVector1D_06_Value":["3054dff46aa960a8","ebf0f7a5b407add2","4e3ecc2de0fc67fc"]}}},"443fe3ced8fdd31b":{"parent":"927e2539d580ca35","name":"Mesh_Belt","factory":"[modules:/zbodypartentity.class].pc_entitytype","blueprint":"[modules:/zbodypartentity.class].pc_entityblueprint","properties":{"m_pMeshResource":{"type":"ZRuntimeResourceID","value":{"resource":"[assembly:/_pro/characters/assets/hero/agent47/geometry/regmale_agent47.wl2?/belt.weightedprim](bodypart).pc_weightedprim","flag":"5F"}}}},"595cd92e4e2076d":{"parent":"927e2539d580ca35","name":"Lerp 4","factory":"[modules:/zmathlerp.class].pc_entitytype","blueprint":"[modules:/zmathlerp.class].pc_entityblueprint","properties":{"m_A":{"type":"float32","value":0.5},"m_B":{"type":"float32","value":0.20000000298023224},"m_fT":{"type":"float32","value":0}},"events":{"Lerp":{"ConstantVector1D_01_Value":["3054dff46aa960a8","1338bb7930cb866"]}}},"1d702b4e31f34d64":{"parent":"927e2539d580ca35","name":"ChildNetwork","factory":"[modules:/zchildnetworkentity.class].pc_entitytype","blueprint":"[modules:/zchildnetworkentity.class].pc_entityblueprint","properties":{"m_RuntimeNetworkResourceID":{"type":"ZRuntimeResourceID","value":{"resource":"[assembly:/animationnetworks/hitman01/idles/suitidle.aln].pc_rtn","flag":"9F"}}}},"927e2539d580ca35":{"parent":null,"name":"OUTFIT_Agent47_TerminusHotel_HeroA_V0","factory":"[assembly:/templates/aspectdummy.aspect]([modules:/zlinkedproxyentity.class].entitytype,[modules:/zclothcharacterentity.class].entitytype,[modules:/zheroidlenetworkaspect.class].entitytype).pc_entitytype","blueprint":"[assembly:/templates/aspectdummy.aspect]([modules:/zlinkedproxyentity.class].entitytype,[modules:/zclothcharacterentity.class].entitytype,[modules:/zheroidlenetworkaspect.class].entitytype).pc_entityblueprint","properties":{"m_ResourceID":{"type":"ZRuntimeResourceID","value":null},"m_fLODScale":{"type":"float32","value":1},"m_mTransform":{"type":"SMatrix43","value":{"rotation":{"x":0,"y":0,"z":0},"position":{"x":22.401620864868164,"y":5.364147186279297,"z":0.00004099999932805076}}},"m_pBonesAndCollisionResource":{"type":"ZRuntimeResourceID","value":{"resource":"004E2C4FC114F487","flag":"5F"}},"m_bUsePerVertexStiffness":{"type":"bool","value":true},"m_LocalColliders":{"type":"TArray<SEntityTemplateReference>","value":["c877ad14ce60b120"]},"m_bGlobalCollidersEnabled":{"type":"bool","value":false},"m_fDamping":{"type":"float32","value":1},"m_fBendStiffness":{"type":"float32","value":1},"m_bUsePerVertexDamping":{"type":"bool","value":true},"m_fShearStiffness":{"type":"float32","value":1},"m_bUseSkinningPosNormalConstrains":{"type":"bool","value":true},"m_bUseSkinningNegNormalConstrains":{"type":"bool","value":true},"m_nIterations":{"type":"uint32","value":2},"m_fFrequency":{"type":"float32","value":90},"m_vTranslationScale":{"type":"SVector3","value":{"x":0.10000000149011612,"y":0.10000000149011612,"z":0.10000000149011612}},"m_vGravity":{"type":"SVector3","value":{"x":0,"y":0,"z":-13}},"m_fLODOffset":{"type":"float32","value":100},"m_fDragConstant":{"type":"float32","value":1},"m_eStretchConstrainType":{"type":"EClothStretchConstrainType","value":"eClothBendConstrainType_LRA"},"m_fAngularVelocityThreshold":{"type":"float32","value":60},"m_eRootBone":{"type":"BoneId.Enum","value":"PELVIS"},"m_bEnableAngularVelocityScale":{"type":"bool","value":true},"m_eBendConstrainType":{"type":"EClothBendConstrainType","value":"eClothBendConstrainType_Triangle"},"m_pIdleAnimNetworkEntity":{"type":"SEntityTemplateReference","value":"1d702b4e31f34d64"},"m_bRandomStartState":{"type":"bool","value":true},"m_fWindConstant":{"type":"float32","value":0.10000000149011612},"m_aBodyParts":{"type":"TArray<SEntityTemplateReference>","value":["f6ac08e2d59ffd01","e5aaa14e4b71c172","2c052e89b5d9d4b7","6d614ff4d54ec327","39eb92831336d7a4","a03e7081cbdd239d","4a47d0aac6bb3d38","443fe3ced8fdd31b","aad0915461245912","f8115a7589158186"],"postInit":true}}},"1338bb7930cb866":{"parent":"927e2539d580ca35","name":"agent47_bandaid","factory":"[assembly:/_pro/characters/assets/hero/agent47/materials/agent47_bandaid.mi].pc_entitytype","blueprint":"[assembly:/_pro/characters/assets/hero/agent47/materials/agent47_bandaid.mi].pc_entityblueprint","properties":{"2287298018":{"type":"IRenderMaterialEntity.EModifierOperation","value":"eReplace"},"m_mTransform":{"type":"SMatrix43","value":{"rotation":{"x":0,"y":0,"z":0},"position":{"x":0.12905119359493256,"y":-9.727795600891113,"z":2.008043050765991}}},"Clients":{"type":"TArray<SEntityTemplateReference>","value":["927e2539d580ca35"]},"Active":{"type":"bool","value":false},"ConstantVector1D_01_Value_op":{"type":"IRenderMaterialEntity.EModifierOperation","value":"eReplace"},"m_eidParent":{"type":"SEntityTemplateReference","value":"927e2539d580ca35"}}},"f9418376100ee2da":{"parent":"927e2539d580ca35","name":"FX_Hitman_Wet_Logic_Character","factory":"0067CFB703A80787","blueprint":"00AA88C960CD2080","properties":{"HeadMaterialOverride":{"type":"TArray<SEntityTemplateReference>","value":["927e2539d580ca35"]},"HeadMaterialToOverride":{"type":"ZRuntimeResourceID","value":{"resource":"009F7978C601815A","flag":"5F"}}},"events":{"HitmanWetness":{"T":["68db136528ca89af","4ee16f3ee2103a93","34c3770c103d7923","189aacba07faabdb","595cd92e4e2076d"]},"ChangedDisguiseTrigger":{"Activate":["4e3ecc2de0fc67fc","a1f0411a049e16da","1338bb7930cb866"]}}},"6d614ff4d54ec327":{"parent":"927e2539d580ca35","name":"Mesh_Pant","factory":"[modules:/zbodypartentity.class].pc_entitytype","blueprint":"[modules:/zbodypartentity.class].pc_entityblueprint","properties":{"m_pMeshResource":{"type":"ZRuntimeResourceID","value":{"resource":"[assembly:/_pro/characters/assets/hero/agent47/geometry/regmale_agent47.wl2?/pant.weightedprim](bodypart).pc_weightedprim","flag":"5F"}}}},"f8115a7589158186":{"parent":"927e2539d580ca35","name":"Part_Chest","factory":"[modules:/zbodypartentity.class].pc_entitytype","blueprint":"[modules:/zbodypartentity.class].pc_entityblueprint","properties":{"m_pMeshResource":{"type":"ZRuntimeResourceID","value":{"resource":"00A63E0FE4B6D665","flag":"5F"}}}},"ebf0f7a5b407add2":{"parent":"927e2539d580ca35","name":"agent47_pants_02","factory":"[assembly:/_pro/characters/assets/hero/agent47/materials/agent47_pants_02.mi].pc_entitytype","blueprint":"[assembly:/_pro/characters/assets/hero/agent47/materials/agent47_pants_02.mi].pc_entityblueprint","properties":{"2287298018":{"type":"IRenderMaterialEntity.EModifierOperation","value":"eReplace"},"2359342559":{"type":"IRenderMaterialEntity.EModifierOperation","value":"eReplace"},"m_mTransform":{"type":"SMatrix43","value":{"rotation":{"x":0,"y":0,"z":0},"position":{"x":0,"y":0,"z":0}}},"Clients":{"type":"TArray<SEntityTemplateReference>","value":["927e2539d580ca35"]},"Texture2D_01_enab":{"type":"bool","value":true},"Texture2D_01":{"type":"ZRuntimeResourceID","value":{"resource":"[assembly:/_pro/characters/assets/hero/agent47/textures/agent47_terminussuit_pants.texture?/diffuse_a.tex](ascolormap).pc_tex","flag":"5F"}},"Texture2D_03_enab":{"type":"bool","value":true},"Texture2D_03":{"type":"ZRuntimeResourceID","value":{"resource":"[assembly:/_pro/characters/assets/hero/agent47/textures/agent47_terminussuit_pants.texture?/specular_a.tex](ascolormap).pc_tex","flag":"5F"}},"m_eidParent":{"type":"SEntityTemplateReference","value":"927e2539d580ca35"}}},"a1f0411a049e16da":{"parent":"927e2539d580ca35","name":"shoes_suit","factory":"[assembly:/_pro/characters/assets/hero/agent47/materials/shoes_suit.mi].pc_entitytype","blueprint":"[assembly:/_pro/characters/assets/hero/agent47/materials/shoes_suit.mi].pc_entityblueprint","properties":{"2287298018":{"type":"IRenderMaterialEntity.EModifierOperation","value":"eReplace"},"m_mTransform":{"type":"SMatrix43","value":{"rotation":{"x":0,"y":0,"z":0},"position":{"x":-3.245048999786377,"y":7.573000907897949,"z":-4.4219889640808105}}},"Clients":{"type":"TArray<SEntityTemplateReference>","value":["927e2539d580ca35"]},"Active":{"type":"bool","value":false},"m_eidParent":{"type":"SEntityTemplateReference","value":"927e2539d580ca35"}}},"4e3ecc2de0fc67fc":{"parent":"927e2539d580ca35","name":"agent47_terminussuit","factory":"[assembly:/_pro/characters/assets/hero/agent47/materials/agent47_terminussuit.mi].pc_entitytype","blueprint":"[assembly:/_pro/characters/assets/hero/agent47/materials/agent47_terminussuit.mi].pc_entityblueprint","properties":{"2287298018":{"type":"IRenderMaterialEntity.EModifierOperation","value":"eReplace"},"2359342559":{"type":"IRenderMaterialEntity.EModifierOperation","value":"eReplace"},"m_mTransform":{"type":"SMatrix43","value":{"rotation":{"x":0,"y":0,"z":0},"position":{"x":-2.066662073135376,"y":8.6815767288208,"z":0.8035628795623779}}},"Clients":{"type":"TArray<SEntityTemplateReference>","value":["927e2539d580ca35"]},"Active":{"type":"bool","value":false},"m_eidParent":{"type":"SEntityTemplateReference","value":"927e2539d580ca35"}}},"e5aaa14e4b71c172":{"parent":"927e2539d580ca35","name":"Mesh_Hands","factory":"[modules:/zbodypartentity.class].pc_entitytype","blueprint":"[modules:/zbodypartentity.class].pc_entityblueprint","properties":{"m_pMeshResource":{"type":"ZRuntimeResourceID","value":{"resource":"00F5F167F44F4964","flag":"5F"}}}},"2fd95e4e6e07f852":{"parent":"927e2539d580ca35","name":"agent47_accessories_02","factory":"[assembly:/_pro/characters/assets/hero/agent47/materials/agent47_accessories_02.mi].pc_entitytype","blueprint":"[assembly:/_pro/characters/assets/hero/agent47/materials/agent47_accessories_02.mi].pc_entityblueprint","properties":{"m_mTransform":{"type":"SMatrix43","value":{"rotation":{"x":0,"y":0,"z":0},"position":{"x":0,"y":0,"z":0}}},"Clients":{"type":"TArray<SEntityTemplateReference>","value":["927e2539d580ca35"]},"Texture2D_01_enab":{"type":"bool","value":true},"Texture2D_01":{"type":"ZRuntimeResourceID","value":{"resource":"[assembly:/_pro/characters/assets/hero/agent47/textures/agent47_terminussuit_tie.texture?/diffuse_a.tex](ascolormap).pc_tex","flag":"5F"}},"Texture2D_03_enab":{"type":"bool","value":true},"Texture2D_03":{"type":"ZRuntimeResourceID","value":{"resource":"[assembly:/_pro/characters/assets/hero/agent47/textures/agent47_terminussuit_tie.texture?/specular_a.tex](ascolormap).pc_tex","flag":"5F"}},"m_eidParent":{"type":"SEntityTemplateReference","value":"927e2539d580ca35"}}},"2c052e89b5d9d4b7":{"parent":"927e2539d580ca35","name":"Mesh_Jacket","factory":"[modules:/zbodypartentity.class].pc_entitytype","blueprint":"[modules:/zbodypartentity.class].pc_entityblueprint","properties":{"m_pMeshResource":{"type":"ZRuntimeResourceID","value":{"resource":"[assembly:/_pro/characters/assets/hero/agent47/geometry/male_reg_agent47_terminus.wl2?/jacket.weightedprim](bodypart).pc_weightedprim","flag":"5F"}}}},"91088247825cbf1e":{"parent":"927e2539d580ca35","name":"agent47_tie_absolution","factory":"[assembly:/_pro/characters/assets/hero/agent47/materials/agent47_tie_absolution.mi].pc_entitytype","blueprint":"[assembly:/_pro/characters/assets/hero/agent47/materials/agent47_tie_absolution.mi].pc_entityblueprint","properties":{"594659090":{"type":"bool","value":true},"1737952988":{"type":"IRenderMaterialEntity.EModifierOperation","value":"eReplace"},"1787395739":{"type":"IRenderMaterialEntity.EModifierOperation","value":"eReplace"},"2287298018":{"type":"IRenderMaterialEntity.EModifierOperation","value":"eReplace"},"2359342559":{"type":"IRenderMaterialEntity.EModifierOperation","value":"eLeave"},"2456388972":{"type":"IRenderMaterialEntity.EModifierOperation","value":"eReplace"},"m_mTransform":{"type":"SMatrix43","value":{"rotation":{"x":0,"y":0,"z":0},"position":{"x":0,"y":0,"z":0}}},"Clients":{"type":"TArray<SEntityTemplateReference>","value":["927e2539d580ca35"]},"ConstantVector1D_09_Value_op":{"type":"IRenderMaterialEntity.EModifierOperation","value":"eReplace"},"ConstantVector1D_09_Value":{"type":"float32","value":0.10000000149011612},"ConstantVector1D_03_Value":{"type":"float32","value":7},"Texture2D_03_enab":{"type":"bool","value":false},"ConstantVector1D_05_Value":{"type":"float32","value":0.6000000238418579},"ConstantVector1D_04_Value":{"type":"float32","value":0.5},"ConstantVector1D_07_Value_op":{"type":"IRenderMaterialEntity.EModifierOperation","value":"eReplace"},"ConstantVector1D_07_Value":{"type":"float32","value":-0.14000000059604645},"ConstantVector1D_08_Value":{"type":"float32","value":-0.009999999776482582},"ConstantVector1D_01_Value_op":{"type":"IRenderMaterialEntity.EModifierOperation","value":"eReplace"},"ConstantVector1D_01_Value":{"type":"float32","value":0.800000011920929},"Override":{"type":"bool","value":false},"m_eidParent":{"type":"SEntityTemplateReference","value":"927e2539d580ca35"}}},"aad0915461245912":{"parent":"927e2539d580ca35","name":"Mesh_Bandaid","factory":"[modules:/zbodypartentity.class].pc_entitytype","blueprint":"[modules:/zbodypartentity.class].pc_entityblueprint","properties":{"m_pMeshResource":{"type":"ZRuntimeResourceID","value":{"resource":"[assembly:/_pro/characters/assets/hero/agent47/geometry/male_reg_agent47_terminus.wl2?/bandaid.weightedprim](bodypart).pc_weightedprim","flag":"5F"}}}}},"propertyOverrides":[],"overrideDeletes":[],"pinConnectionOverrides":[],"pinConnectionOverrideDeletes":[],"externalScenes":[],"subType":"template","quickEntityVersion":3.1,"extraFactoryDependencies":[],"extraBlueprintDependencies":[],"comments":[]}