{"tempHash":"0030873AC710F7CB","tbluHash":"0092EFBEDD9F3294","patch":[{"SubEntityOperation":["11c6c4b4ed3535b7",{"SetFactory":"0079D5ED321BC047"}]},{"SubEntityOperation":["11c6c4b4ed3535b7",{"SetBlueprint":"00B32F3EC205DBD3"}]},{"SubEntityOperation":["2820998b04618345",{"PatchArrayPropertyValue":["m_aBodyParts",[{"AddItemAfter":["1c211c6da719d940","feedc14cd6477971"]}]]}]},{"AddEntity":["feedc14cd6477971",{"parent":"2820998b04618345","name":"Mesh_Hood","factory":"[modules:/zbodypartentity.class].pc_entitytype","blueprint":"[modules:/zbodypartentity.class].pc_entityblueprint","properties":{"m_pMeshResource":{"type":"ZRuntimeResourceID","value":{"resource":"00B08AAE3C867C66","flag":"5F"}},"m_IsHiddenInVR":{"type":"bool","value":true}},"inputCopying":{"ConstantVector1D_04_Value":{"ConstantVector1D_04_Value":["feede8aed3e93096"]},"ConstantVector1D_06_Value":{"ConstantVector1D_06_Value":["feede8aed3e93096"]},"ConstantVector1D_01_Value":{"ConstantVector1D_01_Value":["feede8aed3e93096"]}}}]},{"AddEntity":["feede8aed3e93096",{"parent":"feedc14cd6477971","name":"male_reg_ninja_hood","factory":"[assembly:/_pro/characters/assets/individuals/hokkaido/ninja/materials/male_reg_ninja_hood.mi].pc_entitytype","blueprint":"[assembly:/_pro/characters/assets/individuals/hokkaido/ninja/materials/male_reg_ninja_hood.mi].pc_entityblueprint","properties":{"m_mTransform":{"type":"SMatrix43","value":{"rotation":{"x":0,"y":0,"z":0},"position":{"x":0,"y":0,"z":0}}},"ConstantVector1D_01_Value_op":{"type":"IRenderMaterialEntity.EModifierOperation","value":"eReplace"},"ConstantVector1D_01_Value":{"type":"float32","value":0.5},"Diffuse_Saturation_01_Value_op":{"type":"IRenderMaterialEntity.EModifierOperation","value":"eReplace"},"Diffuse_Saturation_01_Value":{"type":"float32","value":1},"Texture2D_01":{"type":"ZRuntimeResourceID","value":{"resource":"[assembly:/_pro/characters/assets/individuals/hokkaido/ninja/textures/male_reg_ninja_hood.texture?/diffuse_white.tex](ascolormap).pc_tex","flag":"5F"}},"Texture2D_01_enab":{"type":"bool","value":true},"Diffuse_Color_01_Value":{"type":"SColorRGB","value":"#2e2e2e"},"Diffuse_Color_01_Value_op":{"type":"IRenderMaterialEntity.EModifierOperation","value":"eReplace"},"ConstantVector1D_06_Value_op":{"type":"IRenderMaterialEntity.EModifierOperation","value":"eReplace"},"ConstantVector1D_04_Value_op":{"type":"IRenderMaterialEntity.EModifierOperation","value":"eReplace"},"m_eidParent":{"type":"SEntityTemplateReference","value":"2820998b04618345"},"Clients":{"type":"TArray<SEntityTemplateReference>","value":["feedc14cd6477971"],"postInit":true}}}]}],"patchVersion":6}