{"tempHash":"0053075728E685CF","tbluHash":"0075637AEFB2117A","rootEntity":"599af50b9aa6907d","entities":{"c14ef0e709b99438":{"parent":"599af50b9aa6907d","name":"Lerp","factory":"[modules:/zmathlerp.class].pc_entitytype","blueprint":"[modules:/zmathlerp.class].pc_entityblueprint","properties":{"m_fT":{"type":"float32","value":0},"m_B":{"type":"float32","value":0.4000000059604645}},"events":{"Lerp":{"ConstantVector1D_04_Value":["ad03c812b230ad9a","af74c3dab25d48d2","2c17ea774b7d9683"]}}},"537feb263c19bceb":{"parent":"599af50b9aa6907d","name":"Patient_Collider","factory":"001624E8AF2CF024","blueprint":"0014AFF524B16FC4","properties":{"Spine_Low_RadiusZ":{"type":"float32","value":0.18000000715255737},"Elbow_R_Enabled":{"type":"bool","value":true},"Elbow_L_Enabled":{"type":"bool","value":true},"m_linkedEntity":{"type":"SEntityTemplateReference","value":"599af50b9aa6907d","postInit":true},"m_eidParent":{"type":"SEntityTemplateReference","value":"599af50b9aa6907d","postInit":true}}},"96338018e0d5db51":{"parent":"599af50b9aa6907d","name":"FX_Hitman_Wet_Logic_Character","factory":"0067CFB703A80787","blueprint":"00AA88C960CD2080","properties":{"HeadMaterialToOverride":{"type":"ZRuntimeResourceID","value":{"resource":"009F7978C601815A","flag":"5F"}},"HeadMaterialOverride":{"type":"TArray<SEntityTemplateReference>","value":["599af50b9aa6907d"],"postInit":true}},"events":{"HitmanWetness":{"T":["c14ef0e709b99438","4290e366e3520902"]}}},"599af50b9aa6907d":{"parent":null,"name":"OUTFIT_Agent47_Hokkaido_Requiem_HeroA_V0","factory":"00EC23CD5ED3321D","blueprint":"00F08545F4143973","properties":{"m_ResourceID":{"type":"ZRuntimeResourceID","value":null},"m_fLODScale":{"type":"float32","value":1},"m_mTransform":{"type":"SMatrix43","value":{"rotation":{"x":0,"y":0,"z":-0.7383338212966922},"position":{"x":17.7450008392334,"y":9.98393440246582,"z":0},"scale":{"x":0.9999999999999999,"y":0.9999999999999999,"z":1}}},"m_pBonesAndCollisionResource":{"type":"ZRuntimeResourceID","value":{"resource":"004E2C4FC114F487","flag":"5F"}},"m_bUsePerVertexStiffness":{"type":"bool","value":false},"m_LocalColliders":{"type":"TArray<SEntityTemplateReference>","value":["537feb263c19bceb"]},"m_bGlobalCollidersEnabled":{"type":"bool","value":false},"m_bUsePerVertexDamping":{"type":"bool","value":false},"m_bUseSkinningPosNormalConstrains":{"type":"bool","value":true},"m_bUseSkinningNegNormalConstrains":{"type":"bool","value":false},"m_fLODOffset":{"type":"float32","value":100},"m_bLimitTranslation":{"type":"bool","value":false},"m_fDamping":{"type":"float32","value":0.20000000298023224},"m_fWindConstant":{"type":"float32","value":0.10000000149011612},"m_eRootBone":{"type":"BoneId.Enum","value":"PELVIS"},"m_bEnableAngularVelocityScale":{"type":"bool","value":true},"m_eBendConstrainType":{"type":"EClothBendConstrainType","value":"eClothBendConstrainType_Stick"},"m_fBendStiffness":{"type":"float32","value":0.5},"m_fShearStiffness":{"type":"float32","value":0.5},"m_fFrequency":{"type":"float32","value":60},"m_nIterations":{"type":"uint32","value":2},"m_eStretchConstrainType":{"type":"EClothStretchConstrainType","value":"eClothBendConstrainType_Anchor"},"m_vBodypartBoundingMarginMin":{"type":"SVector3","value":{"x":0,"y":0,"z":0}},"Pistol_Holster_Attacher_Transform":{"type":"SMatrix43","value":{"rotation":{"x":0,"y":0,"z":0},"position":{"x":0,"y":0,"z":0}}},"Back1_Attacher_Transform":{"type":"SMatrix43","value":{"rotation":{"x":0,"y":0,"z":0},"position":{"x":0,"y":0.05000000074505806,"z":0}}},"Rifle_Holster_Attacher_Transform":{"type":"SMatrix43","value":{"rotation":{"x":2.015007257461549,"y":6.995714187622073,"z":-0.24551774561405187},"position":{"x":0.009999999776482582,"y":0,"z":0},"scale":{"x":0.9999999999999999,"y":1,"z":1}}},"m_bCreateSleeveConstrains":{"type":"bool","value":true},"m_bCreateSkirtConstrains":{"type":"bool","value":true},"m_aBodyParts":{"type":"TArray<SEntityTemplateReference>","value":["a3f7b3e6dbf66a2c","f93d5e72bd02f819","e8491a352e58045f","f8067fe78a780f71","63cb71863577f60d","8d60562d73686dbf","feed60ace9892ad2"],"postInit":true}}},"8d60562d73686dbf":{"parent":"599af50b9aa6907d","name":"Mesh_ThighsFeet","factory":"[modules:/zbodypartentity.class].pc_entitytype","blueprint":"[modules:/zbodypartentity.class].pc_entityblueprint","properties":{"m_pMeshResource":{"type":"ZRuntimeResourceID","value":{"resource":"00F8AAC32C825C62","flag":"5F"}}}},"2c17ea774b7d9683":{"parent":"599af50b9aa6907d","name":"male_reg_seabreeze_belt","factory":"00B2F4C8E395EBEB","blueprint":"002EEC5E5D2B62D5","properties":{"1787395739":{"type":"IRenderMaterialEntity.EModifierOperation","value":"eLeave"},"2287298018":{"type":"IRenderMaterialEntity.EModifierOperation","value":"eReplace"},"Clients":{"type":"TArray<SEntityTemplateReference>","value":["599af50b9aa6907d"]},"Texture2D_01_enab":{"type":"bool","value":true},"Texture2D_01":{"type":"ZRuntimeResourceID","value":{"resource":"002B435674D38C9E","flag":"5F"}},"Texture2DNormal_01_enab":{"type":"bool","value":true},"Texture2DNormal_01":{"type":"ZRuntimeResourceID","value":{"resource":"002520E453E4E1BC","flag":"5F"}},"Texture2D_03_enab":{"type":"bool","value":true},"Texture2D_03":{"type":"ZRuntimeResourceID","value":{"resource":"00F05D0C0FF645E3","flag":"5F"}},"m_eidParent":{"type":"SEntityTemplateReference","value":"599af50b9aa6907d"}}},"ad03c812b230ad9a":{"parent":"599af50b9aa6907d","name":"male_reg_seabreeze_yukata","factory":"005F11167B753E51","blueprint":"00F1F374F088F086","properties":{"1565884279":{"type":"IRenderMaterialEntity.EModifierOperation","value":"eLeave"},"1955327607":{"type":"IRenderMaterialEntity.EModifierOperation","value":"eLeave"},"2287298018":{"type":"IRenderMaterialEntity.EModifierOperation","value":"eReplace"},"Clients":{"type":"TArray<SEntityTemplateReference>","value":["599af50b9aa6907d"]},"Diffuse_Hue_Shift_01_Value":{"type":"float32","value":0},"ConstantVector1D_01_Value_op":{"type":"IRenderMaterialEntity.EModifierOperation","value":"eReplace"},"Texture2D_01":{"type":"ZRuntimeResourceID","value":{"resource":"00DDECEDAA5D0A64","flag":"5F"}},"Texture2D_01_enab":{"type":"bool","value":true},"m_eidParent":{"type":"SEntityTemplateReference","value":"599af50b9aa6907d"}}},"4290e366e3520902":{"parent":"599af50b9aa6907d","name":"Lerp 1","factory":"[modules:/zmathlerp.class].pc_entitytype","blueprint":"[modules:/zmathlerp.class].pc_entityblueprint","properties":{"m_A":{"type":"float32","value":0.5},"m_B":{"type":"float32","value":0.20000000298023224},"m_fT":{"type":"float32","value":0}},"events":{"Lerp":{"ConstantVector1D_01_Value":["ad03c812b230ad9a"]}}},"63cb71863577f60d":{"parent":"599af50b9aa6907d","name":"Mesh_Socks","factory":"[modules:/zbodypartentity.class].pc_entitytype","blueprint":"[modules:/zbodypartentity.class].pc_entityblueprint","properties":{"m_pMeshResource":{"type":"ZRuntimeResourceID","value":{"resource":"00463B22D8D341A3","flag":"5F"}}}},"a3f7b3e6dbf66a2c":{"parent":"599af50b9aa6907d","name":"Mesh_Dress","factory":"[modules:/zbodypartentity.class].pc_entitytype","blueprint":"[modules:/zbodypartentity.class].pc_entityblueprint","properties":{"m_pMeshResource":{"type":"ZRuntimeResourceID","value":{"resource":"00EDBBE409CBBB10","flag":"5F"}}}},"18f171f3b4e41584":{"parent":"599af50b9aa6907d","name":"ChildNetwork","factory":"[modules:/zchildnetworkentity.class].pc_entitytype","blueprint":"[modules:/zchildnetworkentity.class].pc_entityblueprint","properties":{"m_RuntimeNetworkResourceID":{"type":"ZRuntimeResourceID","value":{"resource":"[assembly:/animationnetworks/hitman01/idles/suitidle.aln].pc_rtn","flag":"9F"}}}},"af74c3dab25d48d2":{"parent":"599af50b9aa6907d","name":"male_reg_seabreeze_shoes","factory":"006662E4284F6F4F","blueprint":"0053ABEC2FE8747F","properties":{"2287298018":{"type":"IRenderMaterialEntity.EModifierOperation","value":"eReplace"},"Clients":{"type":"TArray<SEntityTemplateReference>","value":["599af50b9aa6907d"]},"Texture2D_01_enab":{"type":"bool","value":true},"Texture2D_01":{"type":"ZRuntimeResourceID","value":{"resource":"00501AF027FA8EAF","flag":"5F"}},"m_eidParent":{"type":"SEntityTemplateReference","value":"599af50b9aa6907d"}}},"e8491a352e58045f":{"parent":"599af50b9aa6907d","name":"Mesh_Head","factory":"[modules:/zbodypartentity.class].pc_entitytype","blueprint":"[modules:/zbodypartentity.class].pc_entityblueprint","properties":{"m_pMeshResource":{"type":"ZRuntimeResourceID","value":{"resource":"00B56DB95950BD5E","flag":"5F"}},"m_IsHiddenInVR":{"type":"bool","value":true}}},"896843561450676e":{"parent":"599af50b9aa6907d","name":"male_reg_body","factory":"003DCA5E22F37B5F","blueprint":"0041C89DFA9D7801","properties":{"m_mTransform":{"type":"SMatrix43","value":{"rotation":{"x":0,"y":0,"z":0},"position":{"x":0,"y":0,"z":0}}},"Clients":{"type":"TArray<SEntityTemplateReference>","value":["599af50b9aa6907d"]},"Texture2DNormal_01_enab":{"type":"bool","value":true},"Texture2D_03_enab":{"type":"bool","value":true},"Texture2D_01_enab":{"type":"bool","value":true},"Texture2D_01":{"type":"ZRuntimeResourceID","value":{"resource":"0050DDCE91E6C6A3","flag":"5F"}},"Texture2DNormal_01":{"type":"ZRuntimeResourceID","value":{"resource":"002A91695E748772","flag":"5F"}},"Texture2D_03":{"type":"ZRuntimeResourceID","value":{"resource":"00A07AE8903D816A","flag":"5F"}},"m_eidParent":{"type":"SEntityTemplateReference","value":"599af50b9aa6907d"}}},"57f664649413e630":{"parent":"599af50b9aa6907d","name":"agent47_eye01","factory":"[assembly:/_pro/characters/assets/hero/agent47/materials/agent47_eye.mi].pc_entitytype","blueprint":"[assembly:/_pro/characters/assets/hero/agent47/materials/agent47_eye.mi].pc_entityblueprint","properties":{"1405740434":{"type":"IRenderMaterialEntity.EModifierOperation","value":"eLeave"},"2298771567":{"type":"IRenderMaterialEntity.EModifierOperation","value":"eReplace"},"Clients":{"type":"TArray<SEntityTemplateReference>","value":["599af50b9aa6907d"]},"EyeShader_01_CorneaSpecularIntensity":{"type":"float32","value":0.007000000216066837},"EyeShader_01_ScleraSpecularIntensity":{"type":"float32","value":0.007000000216066837},"m_eidParent":{"type":"SEntityTemplateReference","value":"599af50b9aa6907d"}}},"f8067fe78a780f71":{"parent":"599af50b9aa6907d","name":"Mesh_Shoes","factory":"[modules:/zbodypartentity.class].pc_entitytype","blueprint":"[modules:/zbodypartentity.class].pc_entityblueprint","properties":{"m_pMeshResource":{"type":"ZRuntimeResourceID","value":{"resource":"0062F3ED87B70D71","flag":"5F"}}}},"f93d5e72bd02f819":{"parent":"599af50b9aa6907d","name":"Mesh_Hands","factory":"[modules:/zbodypartentity.class].pc_entitytype","blueprint":"[modules:/zbodypartentity.class].pc_entityblueprint","properties":{"m_pMeshResource":{"type":"ZRuntimeResourceID","value":{"resource":"007695F81C97C801","flag":"5F"}}}},"feedcc67dd244a2a":{"parent":"599af50b9aa6907d","name":"agent47_gloves_white","factory":"[assembly:/_pro/characters/assets/hero/agent47/materials/agent47_gloves_white.mi].pc_entitytype","blueprint":"[assembly:/_pro/characters/assets/hero/agent47/materials/agent47_gloves_white.mi].pc_entityblueprint","properties":{"2287298018":{"type":"IRenderMaterialEntity.EModifierOperation","value":"eReplace"},"3516673141":{"type":"IRenderMaterialEntity.EModifierOperation","value":"eLeave"},"m_mTransform":{"type":"SMatrix43","value":{"rotation":{"x":0,"y":0,"z":0},"position":{"x":0,"y":0,"z":0}}},"Diffuse_Color_01_Value":{"type":"SColorRGB","value":"#ffffff"},"ConstantVector1D_01_Value_op":{"type":"IRenderMaterialEntity.EModifierOperation","value":"eReplace"},"ConstantVector1D_01_Value":{"type":"float32","value":0.029999999329447746},"Clients":{"type":"TArray<SEntityTemplateReference>","value":["599af50b9aa6907d"],"postInit":true},"m_eidParent":{"type":"SEntityTemplateReference","value":"599af50b9aa6907d","postInit":true}}},"feed60ace9892ad2":{"parent":"599af50b9aa6907d","name":"Part_GLoves","factory":"[modules:/zbodypartentity.class].pc_entitytype","blueprint":"[modules:/zbodypartentity.class].pc_entityblueprint","properties":{"m_pMeshResource":{"type":"ZRuntimeResourceID","value":{"resource":"[assembly:/_pro/characters/assets/hero/agent47/geometry/male_reg_agent47_bangkok.wl2?/gloves.weightedprim](bodypart).pc_weightedprim","flag":"5F"}}}}},"propertyOverrides":[],"overrideDeletes":[],"pinConnectionOverrides":[],"pinConnectionOverrideDeletes":[],"externalScenes":[],"subType":"template","quickEntityVersion":3.1,"extraFactoryDependencies":[],"extraBlueprintDependencies":[],"comments":[]}