{"tempHash":"009E3B04F297EF82","tbluHash":"007A3A482FD8AF7C","rootEntity":"ff3edb21cc0d32ca","entities":{"613ad20f9fb721bc":{"parent":"ff3edb21cc0d32ca","name":"Mesh_Socks","factory":"[modules:/zbodypartentity.class].pc_entitytype","blueprint":"[modules:/zbodypartentity.class].pc_entityblueprint","properties":{"m_pMeshResource":{"type":"ZRuntimeResourceID","value":{"resource":"00463B22D8D341A3","flag":"5F"}}}},"74cabdba521f06cb":{"parent":"ff3edb21cc0d32ca","name":"Lerp 1","factory":"[modules:/zmathlerp.class].pc_entitytype","blueprint":"[modules:/zmathlerp.class].pc_entityblueprint","properties":{"m_A":{"type":"float32","value":0.5},"m_B":{"type":"float32","value":0.20000000298023224},"m_fT":{"type":"float32","value":0}},"events":{"Lerp":{"ConstantVector1D_01_Value":["3313144a8ce26023"],"ConstantVector1D_04_Value":["b8cfd9fed21fe03c"]}}},"c51537fa2641daab":{"parent":"ff3edb21cc0d32ca","name":"Mesh_Hands","factory":"[modules:/zbodypartentity.class].pc_entitytype","blueprint":"[modules:/zbodypartentity.class].pc_entityblueprint","properties":{"m_pMeshResource":{"type":"ZRuntimeResourceID","value":{"resource":"007695F81C97C801","flag":"5F"}}}},"cb7a2b9e82400b9f":{"parent":"ff3edb21cc0d32ca","name":"Mesh_Dress","factory":"[modules:/zbodypartentity.class].pc_entitytype","blueprint":"[modules:/zbodypartentity.class].pc_entityblueprint","properties":{"m_pMeshResource":{"type":"ZRuntimeResourceID","value":{"resource":"[assembly:/_pro/characters/assets/hero/agent47/geometry/male_reg_agent47_hokkaido.wl2?/kimono.weightedprim](bodypart).pc_weightedprim","flag":"5F"}}}},"9d9f7938de7fb077":{"parent":"ff3edb21cc0d32ca","name":"Mesh_Head","factory":"[modules:/zbodypartentity.class].pc_entitytype","blueprint":"[modules:/zbodypartentity.class].pc_entityblueprint","properties":{"m_pMeshResource":{"type":"ZRuntimeResourceID","value":{"resource":"00B56DB95950BD5E","flag":"5F"}},"m_IsHiddenInVR":{"type":"bool","value":true}}},"fa661b710c4d951f":{"parent":"ff3edb21cc0d32ca","name":"FX_Hitman_Wet_Logic_Character","factory":"0067CFB703A80787","blueprint":"00AA88C960CD2080","properties":{"HeadMaterialToOverride":{"type":"ZRuntimeResourceID","value":{"resource":"009F7978C601815A","flag":"5F"}},"HeadMaterialOverride":{"type":"TArray<SEntityTemplateReference>","value":["ff3edb21cc0d32ca"],"postInit":true}},"events":{"HitmanWetness":{"T":["6d6b8b4cd8c31577","74cabdba521f06cb"]}}},"3313144a8ce26023":{"parent":"ff3edb21cc0d32ca","name":"male_reg_agent47_hokkaido_kimono","factory":"[assembly:/_pro/characters/assets/hero/agent47/materials/male_reg_agent47_hokkaido_kimono.mi].pc_entitytype","blueprint":"[assembly:/_pro/characters/assets/hero/agent47/materials/male_reg_agent47_hokkaido_kimono.mi].pc_entityblueprint","properties":{"Texture2D_01_enab":{"type":"bool","value":true},"Texture2D_01":{"type":"ZRuntimeResourceID","value":{"resource":"[assembly:/_pro/characters/assets/hero/agent47/textures/male_reg_agent47_hokkaido_kimono.texture?/diffuse_a.tex](ascolormap).pc_tex","flag":"5F"}},"ConstantVector1D_09_Value_op":{"type":"IRenderMaterialEntity.EModifierOperation","value":"eReplace"},"ConstantVector1D_09_Value":{"type":"float32","value":0.10000000149011612},"ConstantVector1D_04_Value_op":{"type":"IRenderMaterialEntity.EModifierOperation","value":"eReplace"},"ConstantVector1D_04_Value":{"type":"float32","value":0.25},"ConstantVector1D_01_Value_op":{"type":"IRenderMaterialEntity.EModifierOperation","value":"eReplace"},"ConstantVector1D_01_Value":{"type":"float32","value":0.5},"ConstantVector1D_07_Value_op":{"type":"IRenderMaterialEntity.EModifierOperation","value":"eReplace"},"ConstantVector1D_07_Value":{"type":"float32","value":-0.18000000715255737},"ConstantVector1D_03_Value_op":{"type":"IRenderMaterialEntity.EModifierOperation","value":"eReplace"},"ConstantVector1D_03_Value":{"type":"float32","value":8},"ConstantVector1D_05_Value_op":{"type":"IRenderMaterialEntity.EModifierOperation","value":"eReplace"},"ConstantVector1D_05_Value":{"type":"float32","value":1},"Texture2D_03_enab":{"type":"bool","value":true},"Texture2D_03":{"type":"ZRuntimeResourceID","value":{"resource":"[assembly:/_pro/characters/assets/hero/agent47/textures/male_reg_agent47_hokkaido_kimono.texture?/specular_a.tex](ascolormap).pc_tex","flag":"5F"}},"Clients":{"type":"TArray<SEntityTemplateReference>","value":["ff3edb21cc0d32ca"],"postInit":true},"m_eidParent":{"type":"SEntityTemplateReference","value":"ff3edb21cc0d32ca","postInit":true}}},"c3e9d9cc1456f601":{"parent":"ff3edb21cc0d32ca","name":"Mesh_Belt","factory":"[modules:/zbodypartentity.class].pc_entitytype","blueprint":"[modules:/zbodypartentity.class].pc_entityblueprint","properties":{"m_pMeshResource":{"type":"ZRuntimeResourceID","value":{"resource":"[assembly:/_pro/characters/assets/civilians/hokkaido/patients/male/geometry/male_reg_patient_01.wl2?/belt.weightedprim](bodypart).pc_weightedprim","flag":"5F"}}}},"e642caaf44972cf3":{"parent":"ff3edb21cc0d32ca","name":"ChildNetwork","factory":"[modules:/zchildnetworkentity.class].pc_entitytype","blueprint":"[modules:/zchildnetworkentity.class].pc_entityblueprint","properties":{"m_RuntimeNetworkResourceID":{"type":"ZRuntimeResourceID","value":{"resource":"[assembly:/animationnetworks/hitman01/idles/suitidle.aln].pc_rtn","flag":"9F"}}}},"b8cfd9fed21fe03c":{"parent":"ff3edb21cc0d32ca","name":"male_reg_patient_01_belt","factory":"[assembly:/_pro/characters/assets/civilians/hokkaido/patients/male/materials/male_reg_patient_01_belt.mi].pc_entitytype","blueprint":"[assembly:/_pro/characters/assets/civilians/hokkaido/patients/male/materials/male_reg_patient_01_belt.mi].pc_entityblueprint","properties":{"ConstantVector1D_01_Value_op":{"type":"IRenderMaterialEntity.EModifierOperation","value":"eReplace"},"ConstantVector1D_01_Value":{"type":"float32","value":0.47999998927116394},"Diffuse_Color_01_Value":{"type":"SColorRGB","value":"#fcdc83"},"Diffuse_Color_01_Value_op":{"type":"IRenderMaterialEntity.EModifierOperation","value":"eLeave"},"Diffuse_Hue_Shift_01_Value_op":{"type":"IRenderMaterialEntity.EModifierOperation","value":"eReplace"},"Diffuse_Hue_Shift_01_Value":{"type":"float32","value":1.0199999809265137},"Texture2D_01":{"type":"ZRuntimeResourceID","value":{"resource":"[assembly:/_pro/characters/assets/hero/agent47/textures/male_reg_agent47_hokkaido_belt.texture?/diffuse_a.tex](ascolormap).pc_tex","flag":"5F"}},"Texture2D_01_enab":{"type":"bool","value":true},"Clients":{"type":"TArray<SEntityTemplateReference>","value":["ff3edb21cc0d32ca"],"postInit":true},"m_eidParent":{"type":"SEntityTemplateReference","value":"ff3edb21cc0d32ca","postInit":true}}},"f4acd56880c3a90b":{"parent":"ff3edb21cc0d32ca","name":"male_reg_body","factory":"003DCA5E22F37B5F","blueprint":"0041C89DFA9D7801","properties":{"m_mTransform":{"type":"SMatrix43","value":{"rotation":{"x":0,"y":0,"z":0},"position":{"x":0,"y":0,"z":0}}},"Texture2DNormal_01_enab":{"type":"bool","value":true},"Texture2D_03_enab":{"type":"bool","value":true},"Texture2D_01_enab":{"type":"bool","value":true},"Texture2D_01":{"type":"ZRuntimeResourceID","value":{"resource":"0050DDCE91E6C6A3","flag":"5F"}},"Texture2DNormal_01":{"type":"ZRuntimeResourceID","value":{"resource":"002A91695E748772","flag":"5F"}},"Texture2D_03":{"type":"ZRuntimeResourceID","value":{"resource":"00A07AE8903D816A","flag":"5F"}},"Clients":{"type":"TArray<SEntityTemplateReference>","value":["ff3edb21cc0d32ca"],"postInit":true},"m_eidParent":{"type":"SEntityTemplateReference","value":"ff3edb21cc0d32ca","postInit":true}}},"af3883621ccf66ac":{"parent":"ff3edb21cc0d32ca","name":"Mesh_ThighsFeet","factory":"[modules:/zbodypartentity.class].pc_entitytype","blueprint":"[modules:/zbodypartentity.class].pc_entityblueprint","properties":{"m_pMeshResource":{"type":"ZRuntimeResourceID","value":{"resource":"00F8AAC32C825C62","flag":"5F"}}}},"53e8eced40df0e0e":{"parent":"ff3edb21cc0d32ca","name":"Patient_Collider","factory":"001624E8AF2CF024","blueprint":"0014AFF524B16FC4","properties":{"Spine_Low_RadiusZ":{"type":"float32","value":0.18000000715255737},"Elbow_R_Enabled":{"type":"bool","value":true},"Elbow_L_Enabled":{"type":"bool","value":true},"m_linkedEntity":{"type":"SEntityTemplateReference","value":"ff3edb21cc0d32ca","postInit":true},"m_eidParent":{"type":"SEntityTemplateReference","value":"ff3edb21cc0d32ca","postInit":true}}},"fe177ae7cc9d58f8":{"parent":"ff3edb21cc0d32ca","name":"Mesh_Shoes","factory":"[modules:/zbodypartentity.class].pc_entitytype","blueprint":"[modules:/zbodypartentity.class].pc_entityblueprint","properties":{"m_pMeshResource":{"type":"ZRuntimeResourceID","value":{"resource":"0062F3ED87B70D71","flag":"5F"}}}},"ff3edb21cc0d32ca":{"parent":null,"name":"OUTFIT_Agent47_Hokkaido_HeroA_V0","factory":"00EC23CD5ED3321D","blueprint":"00F08545F4143973","properties":{"m_ResourceID":{"type":"ZRuntimeResourceID","value":null},"m_fLODScale":{"type":"float32","value":1},"m_mTransform":{"type":"SMatrix43","value":{"rotation":{"x":0,"y":0,"z":-0.738333842324499},"position":{"x":18.01457977294922,"y":5.925704002380371,"z":0}}},"m_pBonesAndCollisionResource":{"type":"ZRuntimeResourceID","value":{"resource":"[assembly:/_pro/characters/assets/hero/agent47/geometry/regmale_agent47.wl2?/bones.weightedprim](bodypart).pc_bonerig","flag":"5F"}},"m_bUsePerVertexStiffness":{"type":"bool","value":false},"m_LocalColliders":{"type":"TArray<SEntityTemplateReference>","value":["53e8eced40df0e0e"]},"m_bGlobalCollidersEnabled":{"type":"bool","value":false},"m_bUsePerVertexDamping":{"type":"bool","value":false},"m_bUseSkinningPosNormalConstrains":{"type":"bool","value":true},"m_bUseSkinningNegNormalConstrains":{"type":"bool","value":false},"m_fLODOffset":{"type":"float32","value":100},"m_bLimitTranslation":{"type":"bool","value":false},"m_fDamping":{"type":"float32","value":0.20000000298023224},"m_fWindConstant":{"type":"float32","value":0.10000000149011612},"m_eRootBone":{"type":"BoneId.Enum","value":"PELVIS"},"m_bEnableAngularVelocityScale":{"type":"bool","value":true},"m_eBendConstrainType":{"type":"EClothBendConstrainType","value":"eClothBendConstrainType_Stick"},"m_fBendStiffness":{"type":"float32","value":0.5},"m_fShearStiffness":{"type":"float32","value":0.5},"m_fFrequency":{"type":"float32","value":60},"m_nIterations":{"type":"uint32","value":2},"m_eStretchConstrainType":{"type":"EClothStretchConstrainType","value":"eClothBendConstrainType_Anchor"},"m_vBodypartBoundingMarginMin":{"type":"SVector3","value":{"x":0,"y":0,"z":0}},"Pistol_Holster_Attacher_Transform":{"type":"SMatrix43","value":{"rotation":{"x":0,"y":0,"z":0},"position":{"x":0,"y":0,"z":0}}},"Back1_Attacher_Transform":{"type":"SMatrix43","value":{"rotation":{"x":0,"y":0,"z":0},"position":{"x":0,"y":0.05000000074505806,"z":0}}},"Rifle_Holster_Attacher_Transform":{"type":"SMatrix43","value":{"rotation":{"x":2.015007479238361,"y":6.99571451879696,"z":-0.24551776078221715},"position":{"x":0.009999999776482582,"y":0,"z":0}}},"m_bCreateSleeveConstrains":{"type":"bool","value":true},"m_aBodyParts":{"type":"TArray<SEntityTemplateReference>","value":["c51537fa2641daab","9d9f7938de7fb077","fe177ae7cc9d58f8","613ad20f9fb721bc","af3883621ccf66ac","cb7a2b9e82400b9f","c3e9d9cc1456f601","b36c8fd1dbab4127","feed0d088ec24059"],"postInit":true}}},"2c0c9f58b3e35448":{"parent":"ff3edb21cc0d32ca","name":"agent47_eye01","factory":"[assembly:/_pro/characters/assets/hero/agent47/materials/agent47_eye.mi].pc_entitytype","blueprint":"[assembly:/_pro/characters/assets/hero/agent47/materials/agent47_eye.mi].pc_entityblueprint","properties":{"Clients":{"type":"TArray<SEntityTemplateReference>","value":["ff3edb21cc0d32ca"]},"EyeShader_01_CorneaSpecularIntensity_op":{"type":"IRenderMaterialEntity.EModifierOperation","value":"eReplace"},"EyeShader_01_CorneaSpecularIntensity":{"type":"float32","value":0.007000000216066837},"EyeShader_01_ScleraSpecularIntensity":{"type":"float32","value":0.007000000216066837},"EyeShader_01_ScleraSpecularIntensity_op":{"type":"IRenderMaterialEntity.EModifierOperation","value":"eLeave"},"m_eidParent":{"type":"SEntityTemplateReference","value":"ff3edb21cc0d32ca"}}},"b36c8fd1dbab4127":{"parent":"ff3edb21cc0d32ca","name":"Mesh_Torso_Neck","factory":"[modules:/zbodypartentity.class].pc_entitytype","blueprint":"[modules:/zbodypartentity.class].pc_entityblueprint","properties":{"m_pMeshResource":{"type":"ZRuntimeResourceID","value":{"resource":"00136568468BEC8B","flag":"5F"}}}},"6d6b8b4cd8c31577":{"parent":"ff3edb21cc0d32ca","name":"Lerp","factory":"[modules:/zmathlerp.class].pc_entitytype","blueprint":"[modules:/zmathlerp.class].pc_entityblueprint","properties":{"m_fT":{"type":"float32","value":0},"m_B":{"type":"float32","value":0.4000000059604645}},"events":{"Lerp":{"ConstantVector1D_04_Value":["3313144a8ce26023"]}}},"feed0d088ec24059":{"parent":"ff3edb21cc0d32ca","name":"Part_GLoves","factory":"00BEE701448762C1","blueprint":"005D2B1CBD509E61","properties":{"m_pMeshResource":{"type":"ZRuntimeResourceID","value":{"resource":"[assembly:/_pro/characters/assets/hero/agent47/geometry/male_reg_agent47_bangkok.wl2?/gloves.weightedprim](bodypart).pc_weightedprim","flag":"5F"}},"Diffuse_Color_01_Value":{"type":"SColorRGB","value":"#d6ca5e"}}},"feed5db9db9056ef":{"parent":"ff3edb21cc0d32ca","name":"agent47_gloves_white","factory":"[assembly:/_pro/characters/assets/hero/agent47/materials/agent47_gloves_white.mi].pc_entitytype","blueprint":"[assembly:/_pro/characters/assets/hero/agent47/materials/agent47_gloves_white.mi].pc_entityblueprint","properties":{"2287298018":{"type":"IRenderMaterialEntity.EModifierOperation","value":"eReplace"},"3516673141":{"type":"IRenderMaterialEntity.EModifierOperation","value":"eLeave"},"m_mTransform":{"type":"SMatrix43","value":{"rotation":{"x":0,"y":0,"z":0},"position":{"x":0,"y":0,"z":0}}},"Diffuse_Color_01_Value":{"type":"SColorRGB","value":"#ffffff"},"ConstantVector1D_01_Value_op":{"type":"IRenderMaterialEntity.EModifierOperation","value":"eReplace"},"ConstantVector1D_01_Value":{"type":"float32","value":0.029999999329447746},"Clients":{"type":"TArray<SEntityTemplateReference>","value":["ff3edb21cc0d32ca"],"postInit":false},"m_eidParent":{"type":"SEntityTemplateReference","value":"ff3edb21cc0d32ca","postInit":false}}}},"propertyOverrides":[],"overrideDeletes":[],"pinConnectionOverrides":[],"pinConnectionOverrideDeletes":[],"externalScenes":[],"subType":"template","quickEntityVersion":3.1,"extraFactoryDependencies":[{"resource":"[assembly:/_pro/characters/assets/hero/agent47/textures/agent47_eyes.texture?/normal_outer.tex](asnormalmap).pc_tex","flag":"5F"},{"resource":"[assembly:/_pro/characters/assets/hero/agent47/textures/agent47_eyes.texture?/diffuse_blue.tex](ascolormap).pc_tex","flag":"5F"},{"resource":"[assembly:/_pro/characters/assets/_genericparts/skin/textures/skin_detail.texture?/normal_a.tex](asnormalmap).pc_tex","flag":"5F"},{"resource":"[assembly:/_pro/characters/assets/_genericparts/skin/textures/skin_detail.texture?/variance_a.tex](asheightmap).pc_tex","flag":"5F"},{"resource":"[assembly:/_pro/characters/assets/hero/agent47/textures/agent47_eyes.texture?/height_a.tex](asheightmap).pc_tex","flag":"5F"},{"resource":"[assembly:/_pro/characters/assets/hero/agent47/textures/agent47_eyes.texture?/height_b.tex](asheightmap).pc_tex","flag":"5F"},{"resource":"[assembly:/_pro/characters/assets/civilians/hokkaido/patients/male/textures/male_reg_patient_01_kimono.texture?/normal_a.tex](asnormalmap).pc_tex","flag":"5F"},{"resource":"[assembly:/_pro/characters/assets/civilians/hokkaido/patients/male/textures/male_reg_patient_01_belt.texture?/normal_a.tex](asnormalmap).pc_tex","flag":"5F"},{"resource":"[assembly:/_pro/characters/assets/civilians/hokkaido/patients/male/textures/male_reg_patient_01_belt.texture?/specular_a.tex](ascolormap).pc_tex","flag":"5F"},{"resource":"00F3654BB38A68EC","flag":"5F"},{"resource":"00416AEE98A04929","flag":"5F"},{"resource":"00BC38B1FBD65A9A","flag":"5F"},{"resource":"007D850436B0A092","flag":"5F"},{"resource":"00D247582859CA87","flag":"5F"},{"resource":"00D20CA72E352D16","flag":"5F"}],"extraBlueprintDependencies":[],"comments":[]}