{"tempHash":"00009D3B9AB5CC1C","tbluHash":"00D5910C18C1F023","rootEntity":"aa54f943aa1293e4","entities":{"af8e8641509ff1e4":{"parent":"aa54f943aa1293e4","name":"base_eye","factory":"00FDEC17A5A2BF5F","blueprint":"00C4E4179AE75353","properties":{"1405740434":{"type":"IRenderMaterialEntity.EModifierOperation","value":"eReplace"},"1762730872":{"type":"IRenderMaterialEntity.EModifierOperation","value":"eReplace"},"2036633045":{"type":"IRenderMaterialEntity.EModifierOperation","value":"eReplace"},"2298771567":{"type":"IRenderMaterialEntity.EModifierOperation","value":"eReplace"},"3480721934":{"type":"IRenderMaterialEntity.EModifierOperation","value":"eReplace"},"4103203329":{"type":"IRenderMaterialEntity.EModifierOperation","value":"eReplace"},"m_mTransform":{"type":"SMatrix43","value":{"rotation":{"x":0,"y":0,"z":0},"position":{"x":0,"y":0,"z":0}}},"EyeShader_01_IrisBrightness":{"type":"float32","value":2},"EyeShader_01_PupilSize":{"type":"float32","value":0.17000000178813934},"EyeShader_01_IrisHueShift":{"type":"float32","value":0.10000000149011612},"EyeShader_01_CorneaSpecularPower":{"type":"float32","value":1},"EyeShader_01_CorneaSpecularIntensity":{"type":"float32","value":0.02500000037252903},"EyeShader_01_ScleraSpecularIntensity":{"type":"float32","value":0.019999999552965164},"Texture2D_01_enab":{"type":"bool","value":true},"Texture2D_01":{"type":"ZRuntimeResourceID","value":{"resource":"00956964149E802F","flag":"5F"}},"Clients":{"type":"TArray<SEntityTemplateReference>","value":["aa54f943aa1293e4"],"postInit":true},"m_eidParent":{"type":"SEntityTemplateReference","value":"aa54f943aa1293e4","postInit":true}}},"e10e48b72d8b1263":{"parent":"aa54f943aa1293e4","name":"FX_Hitman_Wet_Logic_Character","factory":"0067CFB703A80787","blueprint":"00AA88C960CD2080","properties":{"HeadMaterialToOverride":{"type":"ZRuntimeResourceID","value":{"resource":"009F7978C601815A","flag":"5F"}},"HeadMaterialOverride":{"type":"TArray<SEntityTemplateReference>","value":["aa54f943aa1293e4"],"postInit":true}},"events":{"HitmanWetness":{"T":["fc8fd0cc144255eb","117670d317ce4054","872a9cf5e1bfa5f2","128191bab546b2fa","644a254208b80f50","ade6db3712c1440"]}}},"117670d317ce4054":{"parent":"aa54f943aa1293e4","name":"Lerp 4","factory":"[modules:/zmathlerp.class].pc_entitytype","blueprint":"[modules:/zmathlerp.class].pc_entityblueprint","properties":{"m_fT":{"type":"float32","value":1},"m_B":{"type":"float32","value":0.15000000596046448},"m_A":{"type":"float32","value":-0.25}},"events":{"Lerp":{"Roughness_Min_JacketOpen":["5d938915603eac67"]}}},"7a6cb85750e3d49c":{"parent":"aa54f943aa1293e4","name":"male_reg_shirt_open_01","factory":"00684059E3E50009","blueprint":"00AB54454DCED374","properties":{"3516673141":{"type":"IRenderMaterialEntity.EModifierOperation","value":"eReplace"},"m_mTransform":{"type":"SMatrix43","value":{"rotation":{"x":0,"y":0,"z":0},"position":{"x":0,"y":0,"z":0}}},"ConstantVector1D_01_Value_op":{"type":"IRenderMaterialEntity.EModifierOperation","value":"eReplace"},"ConstantVector1D_01_Value":{"type":"float32","value":0.4000000059604645},"Diffuse_Color_01_Value":{"type":"SColorRGB","value":"#572a2a"},"Clients":{"type":"TArray<SEntityTemplateReference>","value":["aa54f943aa1293e4"],"postInit":true},"m_eidParent":{"type":"SEntityTemplateReference","value":"aa54f943aa1293e4","postInit":true}}},"abefd37bc0e88da2":{"parent":"aa54f943aa1293e4","name":"Head_47","factory":"00537D16B5CE7286","blueprint":"00F2E4A932ECAA63"},"ade6db3712c1440":{"parent":"aa54f943aa1293e4","name":"Lerp","factory":"[modules:/zmathlerp.class].pc_entitytype","blueprint":"[modules:/zmathlerp.class].pc_entityblueprint","properties":{"m_B":{"type":"float32","value":0.30000001192092896},"m_fT":{"type":"float32","value":0},"m_A":{"type":"float32","value":0.05000000074505806}},"events":{"Lerp":{"ConstantVector1D_14_Value":["aa843866817c8bb5"],"ConstantVector1D_04_Value":["579c7b4e3c8491d5","96ac961ae12288e1","ede6924ae53318d7"]}}},"128191bab546b2fa":{"parent":"aa54f943aa1293e4","name":"Lerp 5","factory":"[modules:/zmathlerp.class].pc_entitytype","blueprint":"[modules:/zmathlerp.class].pc_entityblueprint","properties":{"m_fT":{"type":"float32","value":1},"m_B":{"type":"float32","value":0.30000001192092896},"m_A":{"type":"float32","value":0.8500000238418579}},"events":{"Lerp":{"Diffuse_Albedo_JacketOpen":["5d938915603eac67"]}}},"1d9501a7a9acaf9b":{"parent":"aa54f943aa1293e4","name":"ChildNetwork","factory":"[modules:/zchildnetworkentity.class].pc_entitytype","blueprint":"[modules:/zchildnetworkentity.class].pc_entityblueprint","properties":{"m_RuntimeNetworkResourceID":{"type":"ZRuntimeResourceID","value":{"resource":"[assembly:/animationnetworks/hitman01/idles/suitidle.aln].pc_rtn","flag":"9F"}}}},"5d938915603eac67":{"parent":"aa54f943aa1293e4","name":"Agent47_S2_Suit_NoTie","factory":"00A0366B8B0933A5","blueprint":"004C5E391B4B1E50","properties":{"ConstantColorRGB_05_Value":{"type":"SColorRGB","value":"#942c3c"},"ConstantVector1D_03_Value":{"type":"float32","value":30},"ConstantColorRGB_02_Value":{"type":"SColorRGB","value":"#ab1a2f"},"ConstantVector1D_04_Value":{"type":"float32","value":0.20000000298023224},"Diffuse_Color_01_Value":{"type":"SColorRGB","value":"#404040"},"m_pMeshResource":{"type":"ZRuntimeResourceID","value":{"resource":"00B215B6E9FA3E9C","flag":"5F"}},"ConstantVector1D_01_Value_2":{"type":"float32","value":0},"Diffuse_Color_01_Value_1":{"type":"SColorRGB","value":"#575656"},"Diffuse_Color_01_Value_2":{"type":"SColorRGB","value":"#575656"},"ConstantVector1D_01_Value_5":{"type":"float32","value":0.019999999552965164},"ConstantVector1D_01_Value_4":{"type":"float32","value":0.4000000059604645}}},"6088dfc3f7cd873a":{"parent":"ede6924ae53318d7","name":"male_reg_belt_01","factory":"0043725859FC505F","blueprint":"0023812E573A1012","properties":{"1565884279":{"type":"IRenderMaterialEntity.EModifierOperation","value":"eReplace"},"2287298018":{"type":"IRenderMaterialEntity.EModifierOperation","value":"eReplace"},"m_mTransform":{"type":"SMatrix43","value":{"rotation":{"x":0,"y":0,"z":0},"position":{"x":0,"y":0,"z":0}}},"Diffuse_Saturation_01_Value":{"type":"float32","value":0.10000000149011612},"ConstantVector1D_01_Value_op":{"type":"IRenderMaterialEntity.EModifierOperation","value":"eReplace"},"ConstantVector1D_01_Value":{"type":"float32","value":0.20000000298023224},"Clients":{"type":"TArray<SEntityTemplateReference>","value":["ede6924ae53318d7"],"postInit":true},"m_eidParent":{"type":"SEntityTemplateReference","value":"aa54f943aa1293e4","postInit":true}}},"b601da73f5d9960b":{"parent":"96ac961ae12288e1","name":"male_reg_socks_01","factory":"000191174AD4F0BC","blueprint":"006B6ED99EF0ADEB","properties":{"m_mTransform":{"type":"SMatrix43","value":{"rotation":{"x":0,"y":0,"z":0},"position":{"x":0,"y":0,"z":0}}},"ConstantVector1D_01_Value_op":{"type":"IRenderMaterialEntity.EModifierOperation","value":"eReplace"},"ConstantVector1D_01_Value":{"type":"float32","value":0.009999999776482582},"Clients":{"type":"TArray<SEntityTemplateReference>","value":["96ac961ae12288e1"],"postInit":true},"m_eidParent":{"type":"SEntityTemplateReference","value":"aa54f943aa1293e4","postInit":true}}},"2982b5c8abc5dedb":{"parent":"aa843866817c8bb5","name":"male_reg_suit_pants_01","factory":"0074A1B094FC4120","blueprint":"0007754D66EDCF32","properties":{"1239136802":{"type":"IRenderMaterialEntity.EModifierOperation","value":"eReplace"},"1294887455":{"type":"IRenderMaterialEntity.EModifierOperation","value":"eReplace"},"1787395739":{"type":"IRenderMaterialEntity.EModifierOperation","value":"eReplace"},"2359342559":{"type":"IRenderMaterialEntity.EModifierOperation","value":"eReplace"},"2786709788":{"type":"IRenderMaterialEntity.EModifierOperation","value":"eReplace"},"2869403995":{"type":"IRenderMaterialEntity.EModifierOperation","value":"eReplace"},"3516673141":{"type":"IRenderMaterialEntity.EModifierOperation","value":"eReplace"},"m_mTransform":{"type":"SMatrix43","value":{"rotation":{"x":0,"y":0,"z":0},"position":{"x":0,"y":0,"z":0}}},"ConstantVector1D_01_Value_op":{"type":"IRenderMaterialEntity.EModifierOperation","value":"eLeave"},"ConstantVector1D_01_Value":{"type":"float32","value":0.20000000298023224},"Active":{"type":"bool","value":true},"ConstantVector1D_16_Value":{"type":"float32","value":0.5},"ConstantVector1D_03_Value":{"type":"float32","value":2},"ConstantVector1D_14_Value":{"type":"float32","value":0.05000000074505806},"Texture2D_01_enab":{"type":"bool","value":true},"Texture2D_01":{"type":"ZRuntimeResourceID","value":{"resource":"00AF802D36A4241A","flag":"5F"}},"Diffuse_Color_01_Value":{"type":"SColorRGB","value":"#1f1f1f"},"ConstantVector1D_13_Value":{"type":"float32","value":0},"Texture2D_03_enab":{"type":"bool","value":true},"ConstantVector1D_15_Value":{"type":"float32","value":7},"Clients":{"type":"TArray<SEntityTemplateReference>","value":["aa843866817c8bb5"],"postInit":true},"m_eidParent":{"type":"SEntityTemplateReference","value":"aa54f943aa1293e4","postInit":true}}},"aa843866817c8bb5":{"parent":"aa54f943aa1293e4","name":"Mesh_Pant","factory":"[modules:/zbodypartentity.class].pc_entitytype","blueprint":"[modules:/zbodypartentity.class].pc_entityblueprint","properties":{"m_pMeshResource":{"type":"ZRuntimeResourceID","value":{"resource":"00408DC64039D5CB","flag":"5F"}}},"inputCopying":{"ConstantVector1D_06_Value":{"ConstantVector1D_06_Value":["2982b5c8abc5dedb"]},"ConstantVector1D_14_Value":{"ConstantVector1D_14_Value":["2982b5c8abc5dedb"]}}},"fc8fd0cc144255eb":{"parent":"aa54f943aa1293e4","name":"Lerp 8","factory":"[modules:/zmathlerp.class].pc_entitytype","blueprint":"[modules:/zmathlerp.class].pc_entityblueprint","properties":{"m_fT":{"type":"float32","value":1},"m_B":{"type":"float32","value":0.30000001192092896},"m_A":{"type":"float32","value":-0.25}},"events":{"Lerp":{"Roughness_Min_Shirt":["5d938915603eac67"]}}},"126837bb13ed9c63":{"parent":"579c7b4e3c8491d5","name":"male_reg_bangkok_hotelsecurity_shoes","factory":"[assembly:/_pro/characters/assets/guards/bangkok/hotel_security/materials/male_reg_bangkok_hotelsecurity_shoes.mi].pc_entitytype","blueprint":"[assembly:/_pro/characters/assets/guards/bangkok/hotel_security/materials/male_reg_bangkok_hotelsecurity_shoes.mi].pc_entityblueprint","properties":{"1737952988":{"type":"IRenderMaterialEntity.EModifierOperation","value":"eReplace"},"2287298018":{"type":"IRenderMaterialEntity.EModifierOperation","value":"eReplace"},"m_mTransform":{"type":"SMatrix43","value":{"rotation":{"x":0,"y":0,"z":0},"position":{"x":0,"y":0,"z":0}}},"ConstantVector1D_05_Value":{"type":"float32","value":0.5099999904632568},"Texture2D_01_enab":{"type":"bool","value":true},"Texture2D_01":{"type":"ZRuntimeResourceID","value":{"resource":"0056D10B3D6AFAD8","flag":"5F"}},"Texture2DNormal_01_enab":{"type":"bool","value":true},"Texture2DNormal_01":{"type":"ZRuntimeResourceID","value":{"resource":"0012B1C58624FB9D","flag":"5F"}},"Texture2D_03_enab":{"type":"bool","value":true},"Texture2D_03":{"type":"ZRuntimeResourceID","value":{"resource":"0066A12C24F2E2F9","flag":"5F"}},"Clients":{"type":"TArray<SEntityTemplateReference>","value":["579c7b4e3c8491d5"],"postInit":true},"m_eidParent":{"type":"SEntityTemplateReference","value":"aa54f943aa1293e4","postInit":true}}},"579c7b4e3c8491d5":{"parent":"aa54f943aa1293e4","name":"Mesh_Shoes01","factory":"[modules:/zbodypartentity.class].pc_entitytype","blueprint":"[modules:/zbodypartentity.class].pc_entityblueprint","properties":{"m_pMeshResource":{"type":"ZRuntimeResourceID","value":{"resource":"00C536224D4F37E1","flag":"5F"}}},"inputCopying":{"ConstantVector1D_04_Value":{"ConstantVector1D_04_Value":["126837bb13ed9c63"]}}},"644a254208b80f50":{"parent":"aa54f943aa1293e4","name":"Lerp 6","factory":"[modules:/zmathlerp.class].pc_entitytype","blueprint":"[modules:/zmathlerp.class].pc_entityblueprint","properties":{"m_fT":{"type":"float32","value":1},"m_B":{"type":"float32","value":2},"m_A":{"type":"float32","value":1}},"events":{"Lerp":{"Normal_Bump_Scale_Shirt":["5d938915603eac67"],"Normal_Bump_Scale_JacketOpen":["5d938915603eac67"],"ConstantVector1D_06_Value":["aa843866817c8bb5"]}}},"d5b5d3a9e7fe7d91":{"parent":"aa54f943aa1293e4","name":"male_reg_eyelashes","factory":"00AF6FD15BFAC222","blueprint":"00926F11E3C00813","properties":{"1294887455":{"type":"IRenderMaterialEntity.EModifierOperation","value":"eReplace"},"2786709788":{"type":"IRenderMaterialEntity.EModifierOperation","value":"eReplace"},"m_mTransform":{"type":"SMatrix43","value":{"rotation":{"x":0,"y":0,"z":0},"position":{"x":0,"y":0,"z":0}}},"ConstantVector1D_16_Value":{"type":"float32","value":1.5},"Clients":{"type":"TArray<SEntityTemplateReference>","value":["aa54f943aa1293e4"],"postInit":true},"m_eidParent":{"type":"SEntityTemplateReference","value":"aa54f943aa1293e4","postInit":true}}},"421ebce2eb1d0839":{"parent":"aa54f943aa1293e4","name":"male_reg_dress_shirt_buttoned_up_01","factory":"00D3DD963A6AF70D","blueprint":"0076BDBA804A2941","properties":{"3516673141":{"type":"IRenderMaterialEntity.EModifierOperation","value":"eReplace"},"m_mTransform":{"type":"SMatrix43","value":{"rotation":{"x":0,"y":0,"z":0},"position":{"x":0,"y":0,"z":0}}},"Diffuse_Color_01_Value":{"type":"SColorRGB","value":"#454545"},"Clients":{"type":"TArray<SEntityTemplateReference>","value":["aa54f943aa1293e4"],"postInit":true},"m_eidParent":{"type":"SEntityTemplateReference","value":"aa54f943aa1293e4","postInit":true}}},"96ac961ae12288e1":{"parent":"aa54f943aa1293e4","name":"Mesh_Socks","factory":"[modules:/zbodypartentity.class].pc_entitytype","blueprint":"[modules:/zbodypartentity.class].pc_entityblueprint","properties":{"m_pMeshResource":{"type":"ZRuntimeResourceID","value":{"resource":"0063B05E0712FBB3","flag":"5F"}}},"inputCopying":{"ConstantVector1D_04_Value":{"ConstantVector1D_04_Value":["b601da73f5d9960b"]}}},"e75ba66d7c4f54b5":{"parent":"aa54f943aa1293e4","name":"Gloves_Leather","factory":"00BEE701448762C1","blueprint":"005D2B1CBD509E61","properties":{"Diffuse_Color_01_Value":{"type":"SColorRGB","value":"#2e2e2e"},"m_pMeshResource":{"type":"ZRuntimeResourceID","value":{"resource":"00C77FCA736BF34F","flag":"5F"}}}},"aa54f943aa1293e4":{"parent":null,"name":"OUTFIT_Agent47_BlackSuit_HeroA_V0","factory":"[assembly:/templates/aspectdummy.aspect]([modules:/zlinkedproxyentity.class].entitytype,[modules:/zclothcharacterentity.class].entitytype,[modules:/zheroidlenetworkaspect.class].entitytype).pc_entitytype","blueprint":"[assembly:/templates/aspectdummy.aspect]([modules:/zlinkedproxyentity.class].entitytype,[modules:/zclothcharacterentity.class].entitytype,[modules:/zheroidlenetworkaspect.class].entitytype).pc_entityblueprint","properties":{"m_ResourceID":{"type":"ZRuntimeResourceID","value":null},"m_fLODScale":{"type":"float32","value":1},"m_mTransform":{"type":"SMatrix43","value":{"rotation":{"x":0,"y":0,"z":0},"position":{"x":43.79893112182617,"y":6.1439948081970215,"z":0}}},"m_pBonesAndCollisionResource":{"type":"ZRuntimeResourceID","value":{"resource":"0017416135CF879C","flag":"5F"}},"m_bUsePerVertexStiffness":{"type":"bool","value":true},"m_LocalColliders":{"type":"TArray<SEntityTemplateReference>","value":[]},"m_bGlobalCollidersEnabled":{"type":"bool","value":false},"m_fDamping":{"type":"float32","value":1},"m_fBendStiffness":{"type":"float32","value":1},"m_bUsePerVertexDamping":{"type":"bool","value":true},"m_fShearStiffness":{"type":"float32","value":1},"m_bUseSkinningPosNormalConstrains":{"type":"bool","value":true},"m_bUseSkinningNegNormalConstrains":{"type":"bool","value":true},"m_nIterations":{"type":"uint32","value":2},"m_fFrequency":{"type":"float32","value":90},"m_vTranslationScale":{"type":"SVector3","value":{"x":0.10000000149011612,"y":0.10000000149011612,"z":0.10000000149011612}},"m_vGravity":{"type":"SVector3","value":{"x":0,"y":0,"z":-13}},"m_fLODOffset":{"type":"float32","value":100},"m_fDragConstant":{"type":"float32","value":1},"m_eStretchConstrainType":{"type":"EClothStretchConstrainType","value":"eClothBendConstrainType_LRA"},"m_fAngularVelocityThreshold":{"type":"float32","value":60},"m_eRootBone":{"type":"BoneId.Enum","value":"PELVIS"},"m_bEnableAngularVelocityScale":{"type":"bool","value":true},"m_eBendConstrainType":{"type":"EClothBendConstrainType","value":"eClothBendConstrainType_Triangle"},"m_pIdleAnimNetworkEntity":{"type":"SEntityTemplateReference","value":"1d9501a7a9acaf9b"},"m_bRandomStartState":{"type":"bool","value":true},"m_fWindConstant":{"type":"float32","value":0.10000000149011612},"m_aBodyParts":{"type":"TArray<SEntityTemplateReference>","value":["aa843866817c8bb5","579c7b4e3c8491d5","5d938915603eac67","ede6924ae53318d7","96ac961ae12288e1","abefd37bc0e88da2","e75ba66d7c4f54b5"],"postInit":true}}},"872a9cf5e1bfa5f2":{"parent":"aa54f943aa1293e4","name":"Lerp 3","factory":"[modules:/zmathlerp.class].pc_entitytype","blueprint":"[modules:/zmathlerp.class].pc_entityblueprint","properties":{"m_fT":{"type":"float32","value":1},"m_B":{"type":"float32","value":0.20000000298023224},"m_A":{"type":"float32","value":0.5}},"events":{"Lerp":{"Diffuse_Albedo_Shirt":["5d938915603eac67"]}}},"ede6924ae53318d7":{"parent":"aa54f943aa1293e4","name":"Mesh_Belt","factory":"[modules:/zbodypartentity.class].pc_entitytype","blueprint":"[modules:/zbodypartentity.class].pc_entityblueprint","properties":{"m_pMeshResource":{"type":"ZRuntimeResourceID","value":{"resource":"004AE40C64125C4E","flag":"5F"}}},"inputCopying":{"ConstantVector1D_04_Value":{"ConstantVector1D_04_Value":["6088dfc3f7cd873a"]}}}},"propertyOverrides":[],"overrideDeletes":[],"pinConnectionOverrides":[],"pinConnectionOverrideDeletes":[],"externalScenes":[],"subType":"template","quickEntityVersion":3.1,"extraFactoryDependencies":[],"extraBlueprintDependencies":[],"comments":[]}