{"tempHash":"00E54CC7E999DAD0","tbluHash":"002B14EF462EAA4B","rootEntity":"b41b1bde3eb00ffd","entities":{"22e568c4af7952e7":{"parent":"3e1c958a9ab5bee6","name":"C_TighMid_L","factory":"[assembly:/templates/aspectdummy.aspect]([modules:/zclothsphere.class].entitytype,[modules:/zboneattachaspect.class].entitytype).pc_entitytype","blueprint":"[assembly:/templates/aspectdummy.aspect]([modules:/zclothsphere.class].entitytype,[modules:/zboneattachaspect.class].entitytype).pc_entityblueprint","properties":{"m_fRadius":{"type":"float32","value":0.10999999940395357},"m_BoneName":{"type":"ZString","value":"LThighTwist1"},"m_mTransform":{"type":"SMatrix43","value":{"rotation":{"x":0,"y":0.019767044112086293,"z":0},"position":{"x":0.05442199856042862,"y":0.015991000458598137,"z":0.004170000087469816}}},"m_eidParent":{"type":"SEntityTemplateReference","value":"3e1c958a9ab5bee6"}}},"20fdb63dec2b1809":{"parent":"b41b1bde3eb00ffd","name":"Min Head","factory":"[modules:/zmathlerp.class].pc_entitytype","blueprint":"[modules:/zmathlerp.class].pc_entityblueprint","properties":{"m_A":{"type":"float32","value":0},"m_B":{"type":"float32","value":0.30000001192092896},"m_fT":{"type":"float32","value":0}},"events":{"Lerp":{"ConstantVector1D_04_Value":["7238d82db8fac436"]}}},"97c2293e88a4828c":{"parent":"3e1c958a9ab5bee6","name":"C_Pelvis_R","factory":"[assembly:/templates/aspectdummy.aspect]([modules:/zclothsphere.class].entitytype,[modules:/zboneattachaspect.class].entitytype).pc_entitytype","blueprint":"[assembly:/templates/aspectdummy.aspect]([modules:/zclothsphere.class].entitytype,[modules:/zboneattachaspect.class].entitytype).pc_entityblueprint","properties":{"m_fRadius":{"type":"float32","value":0.15199999511241913},"m_BoneName":{"type":"ZString","value":"Pelvis"},"m_mTransform":{"type":"SMatrix43","value":{"rotation":{"x":-0.07270837575197218,"y":0.000057295776059618227,"z":-0.11533647775650027},"position":{"x":0.028514999896287918,"y":0.01937600038945675,"z":-0.041425999253988266}}},"m_eidParent":{"type":"SEntityTemplateReference","value":"3e1c958a9ab5bee6"}}},"15ee3acce7b50fe":{"parent":"3e1c958a9ab5bee6","name":"C_TighMid_R","factory":"[assembly:/templates/aspectdummy.aspect]([modules:/zclothsphere.class].entitytype,[modules:/zboneattachaspect.class].entitytype).pc_entitytype","blueprint":"[assembly:/templates/aspectdummy.aspect]([modules:/zclothsphere.class].entitytype,[modules:/zboneattachaspect.class].entitytype).pc_entityblueprint","properties":{"m_fRadius":{"type":"float32","value":0.10999999940395357},"m_BoneName":{"type":"ZString","value":"RThighTwist1"},"m_mTransform":{"type":"SMatrix43","value":{"rotation":{"x":0,"y":0,"z":0},"position":{"x":0.05449200049042702,"y":0.016940999776124954,"z":0.0008500000112690032}}},"m_eidParent":{"type":"SEntityTemplateReference","value":"3e1c958a9ab5bee6"}}},"b41b1bde3eb00ffd":{"parent":null,"name":"OUTFIT_Agent47_Global_Asylum_HeroA_V0","factory":"00028BAEA86DD2FD","blueprint":"002045A6D2A25237","properties":{"m_mTransform":{"type":"SMatrix43","value":{"rotation":{"x":0,"y":0,"z":0},"position":{"x":44.0696907043457,"y":34.08951950073242,"z":-0.002753000007942319}}},"m_pBonesAndCollisionResource":{"type":"ZRuntimeResourceID","value":{"resource":"0017416135CF879C","flag":"5F"}},"m_eRoomBehaviour":{"type":"ZSpatialEntity.ERoomBehaviour","value":"ROOM_DYNAMIC"},"m_vBodypartBoundingMarginMin":{"type":"SVector3","value":{"x":-0.009999999776482582,"y":0,"z":0}},"m_bSimulationEnabled":{"type":"bool","value":true},"m_aBodyParts":{"type":"TArray<SEntityTemplateReference>","value":["610bb600b7f1784","6932a1df7f461e","83406909fe4094ce","348bdd76d504c595","7238d82db8fac436"]}}},"83406909fe4094ce":{"parent":"b41b1bde3eb00ffd","name":"Gloves_Leather","factory":"00BEE701448762C1","blueprint":"005D2B1CBD509E61","properties":{"Diffuse_Color_01_Value":{"type":"SColorRGB","value":"#e8e4dc"}}},"6e5b49506abf260c":{"parent":"b41b1bde3eb00ffd","name":"Min Pants","factory":"[modules:/zmathlerp.class].pc_entitytype","blueprint":"[modules:/zmathlerp.class].pc_entityblueprint","properties":{"m_A":{"type":"float32","value":-0.75},"m_B":{"type":"float32","value":-0.6600000262260437},"m_fT":{"type":"float32","value":0}}},"f8429737468ead59":{"parent":"3e1c958a9ab5bee6","name":"C_Spine_L","factory":"[assembly:/templates/aspectdummy.aspect]([modules:/zclothcapsule.class].entitytype,[modules:/zboneattachaspect.class].entitytype).pc_entitytype","blueprint":"[assembly:/templates/aspectdummy.aspect]([modules:/zclothcapsule.class].entitytype,[modules:/zboneattachaspect.class].entitytype).pc_entityblueprint","properties":{"m_BoneName":{"type":"ZString","value":"Spine"},"m_fRadiusX":{"type":"float32","value":0.2199999988079071},"m_fRadiusY":{"type":"float32","value":0.1599999964237213},"m_fTop":{"type":"float32","value":0.009999999776482582},"m_fBottom":{"type":"float32","value":0},"m_fRadiusZ":{"type":"float32","value":0.16500000655651093},"m_bEnableBottomRadii":{"type":"bool","value":false},"m_fRadiusXBottom":{"type":"float32","value":1},"m_fRadiusYBottom":{"type":"float32","value":1},"m_fRadiusZBottom":{"type":"float32","value":1},"m_mTransform":{"type":"SMatrix43","value":{"rotation":{"x":-0.08032870292663574,"y":0.00011459155211923643,"z":-0.13985912501811976},"position":{"x":0.02552499994635582,"y":0.04230799898505211,"z":0.03134400025010109}}},"m_eidParent":{"type":"SEntityTemplateReference","value":"3e1c958a9ab5bee6"}}},"6b090e440da9ec12":{"parent":"b41b1bde3eb00ffd","name":"FX_Hitman_Wet_Logic_Character_01","factory":"0067CFB703A80787","blueprint":"00AA88C960CD2080","properties":{"HeadMaterialOverride":{"type":"TArray<SEntityTemplateReference>","value":["b41b1bde3eb00ffd"]},"HeadMaterialToOverride":{"type":"ZRuntimeResourceID","value":{"resource":"009F7978C601815A","flag":"5F"}}},"events":{"HitmanWetness":{"T":["3f253d9db42e2c25","ddb9f405e647595f","ad080e41983d705","c50bb0d7941c38db","6e5b49506abf260c","1fcdfc2edae6b0a9","20fdb63dec2b1809"]}}},"83a219cc25b9e02e":{"parent":"3e1c958a9ab5bee6","name":"C_Knee_L","factory":"[assembly:/templates/aspectdummy.aspect]([modules:/zclothsphere.class].entitytype,[modules:/zboneattachaspect.class].entitytype).pc_entitytype","blueprint":"[assembly:/templates/aspectdummy.aspect]([modules:/zclothsphere.class].entitytype,[modules:/zboneattachaspect.class].entitytype).pc_entityblueprint","properties":{"m_fRadius":{"type":"float32","value":0.10999999940395357},"m_BoneName":{"type":"ZString","value":"L_Calf"},"m_mTransform":{"type":"SMatrix43","value":{"rotation":{"x":0,"y":-0.019767044112086293,"z":0},"position":{"x":0.002382999984547496,"y":-0.01837800070643425,"z":-0.007672000210732222}}},"m_eidParent":{"type":"SEntityTemplateReference","value":"3e1c958a9ab5bee6"}}},"65d6a14ab6858e18":{"parent":"3e1c958a9ab5bee6","name":"C_TighTop_L","factory":"[assembly:/templates/aspectdummy.aspect]([modules:/zclothsphere.class].entitytype,[modules:/zboneattachaspect.class].entitytype).pc_entitytype","blueprint":"[assembly:/templates/aspectdummy.aspect]([modules:/zclothsphere.class].entitytype,[modules:/zboneattachaspect.class].entitytype).pc_entityblueprint","properties":{"m_fRadius":{"type":"float32","value":0.14000000059604645},"m_BoneName":{"type":"ZString","value":"LThighTwist"},"m_mTransform":{"type":"SMatrix43","value":{"rotation":{"x":0,"y":0,"z":0},"position":{"x":0.10782600194215775,"y":0.01583700068295002,"z":0.035663001239299774}}},"m_eidParent":{"type":"SEntityTemplateReference","value":"3e1c958a9ab5bee6"}}},"ddb9f405e647595f":{"parent":"b41b1bde3eb00ffd","name":"Base Min","factory":"[modules:/zmathlerp.class].pc_entitytype","blueprint":"[modules:/zmathlerp.class].pc_entityblueprint","properties":{"m_A":{"type":"float32","value":0},"m_B":{"type":"float32","value":0.44999998807907104},"m_fT":{"type":"float32","value":0}},"events":{"Lerp":{"ConstantVector1D_14_Value":["348bdd76d504c595","610bb600b7f1784"]}}},"5be485aea81920d1":{"parent":"348bdd76d504c595","name":"Mesh","factory":"[assembly:/templates/aspectdummy.aspect]([modules:/zbodypartentity.class].entitytype,[modules:/zclothcollidergroupaspect.class].entitytype).pc_entitytype","blueprint":"[assembly:/templates/aspectdummy.aspect]([modules:/zbodypartentity.class].entitytype,[modules:/zclothcollidergroupaspect.class].entitytype).pc_entityblueprint","properties":{"m_pMeshResource":{"type":"ZRuntimeResourceID","value":{"resource":"00E80B9CA21E13E0","flag":"5F"}},"m_ClothColliders":{"type":"TArray<SEntityTemplateReference>","value":["3e1c958a9ab5bee6"]}}},"40859a0a159696f0":{"parent":"3e1c958a9ab5bee6","name":"C_Foot_L","factory":"[assembly:/templates/aspectdummy.aspect]([modules:/zclothsphere.class].entitytype,[modules:/zboneattachaspect.class].entitytype).pc_entitytype","blueprint":"[assembly:/templates/aspectdummy.aspect]([modules:/zclothsphere.class].entitytype,[modules:/zboneattachaspect.class].entitytype).pc_entityblueprint","properties":{"m_fRadius":{"type":"float32","value":0.08500000089406966},"m_BoneName":{"type":"ZString","value":"L_Foot"},"m_mTransform":{"type":"SMatrix43","value":{"rotation":{"x":0,"y":0,"z":0},"position":{"x":-0.0000001290655973207322,"y":0.000000002171457902377938,"z":0}}},"m_eidParent":{"type":"SEntityTemplateReference","value":"3e1c958a9ab5bee6"}}},"7238d82db8fac436":{"parent":"b41b1bde3eb00ffd","name":"Head_47","factory":"00537D16B5CE7286","blueprint":"00F2E4A932ECAA63"},"97a6b6f26cb6aa5a":{"parent":"3e1c958a9ab5bee6","name":"C_Spine1_R","factory":"[assembly:/templates/aspectdummy.aspect]([modules:/zclothcapsule.class].entitytype,[modules:/zboneattachaspect.class].entitytype).pc_entitytype","blueprint":"[assembly:/templates/aspectdummy.aspect]([modules:/zclothcapsule.class].entitytype,[modules:/zboneattachaspect.class].entitytype).pc_entityblueprint","properties":{"m_BoneName":{"type":"ZString","value":"Spine1"},"m_fRadiusX":{"type":"float32","value":0.20999999344348907},"m_fRadiusY":{"type":"float32","value":0.15000000596046448},"m_fTop":{"type":"float32","value":0.009999999776482582},"m_fBottom":{"type":"float32","value":0},"m_fRadiusZ":{"type":"float32","value":0.16500000655651093},"m_bEnableBottomRadii":{"type":"bool","value":false},"m_fRadiusXBottom":{"type":"float32","value":1},"m_fRadiusYBottom":{"type":"float32","value":1},"m_fRadiusZBottom":{"type":"float32","value":1},"m_mTransform":{"type":"SMatrix43","value":{"rotation":{"x":0,"y":0,"z":0},"position":{"x":0.04395199939608574,"y":0.039503999054431915,"z":-0.03394300118088722}}},"m_eidParent":{"type":"SEntityTemplateReference","value":"3e1c958a9ab5bee6"}}},"9061c9b6b09c980e":{"parent":"3e1c958a9ab5bee6","name":"C_TighTop_R","factory":"[assembly:/templates/aspectdummy.aspect]([modules:/zclothsphere.class].entitytype,[modules:/zboneattachaspect.class].entitytype).pc_entitytype","blueprint":"[assembly:/templates/aspectdummy.aspect]([modules:/zclothsphere.class].entitytype,[modules:/zboneattachaspect.class].entitytype).pc_entityblueprint","properties":{"m_fRadius":{"type":"float32","value":0.14000000059604645},"m_BoneName":{"type":"ZString","value":"RThighTwist"},"m_mTransform":{"type":"SMatrix43","value":{"rotation":{"x":0.11625425517559054,"y":-0.24345047771930683,"z":0.020053701475262642},"position":{"x":0.10782899707555771,"y":0.01583999954164028,"z":-0.03879399970173836}}},"m_eidParent":{"type":"SEntityTemplateReference","value":"3e1c958a9ab5bee6"}}},"667e90f84b0210e":{"parent":"348bdd76d504c595","name":"agent47_straitjacket","factory":"007C89875859765E","blueprint":"0043C5C454F08EE0","properties":{"1239136802":{"type":"IRenderMaterialEntity.EModifierOperation","value":"eReplace"},"2359342559":{"type":"IRenderMaterialEntity.EModifierOperation","value":"eReplace"},"m_mTransform":{"type":"SMatrix43","value":{"rotation":{"x":0,"y":0,"z":0},"position":{"x":0,"y":0,"z":0}}},"ConstantVector1D_01_Value_op":{"type":"IRenderMaterialEntity.EModifierOperation","value":"eReplace"},"Clients":{"type":"TArray<SEntityTemplateReference>","value":["348bdd76d504c595"]},"m_eidParent":{"type":"SEntityTemplateReference","value":"348bdd76d504c595"}}},"348bdd76d504c595":{"parent":"b41b1bde3eb00ffd","name":"Straitjacket","factory":"[modules:/zcompositeentity.class].pc_entitytype","blueprint":"[modules:/zcompositeentity.class].pc_entityblueprint","properties":{"m_mTransform":{"type":"SMatrix43","value":{"rotation":{"x":0,"y":0,"z":0},"position":{"x":0,"y":0,"z":0}}},"m_eidParent":{"type":"SEntityTemplateReference","value":"b41b1bde3eb00ffd"}},"inputCopying":{"ConstantVector1D_01_Value":{"ConstantVector1D_01_Value":["667e90f84b0210e"]},"ConstantVector1D_06_Value":{"ConstantVector1D_06_Value":["667e90f84b0210e"]},"ConstantVector1D_14_Value":{"ConstantVector1D_14_Value":["667e90f84b0210e"]}},"exposedInterfaces":{"ZBodyPartEntity":"5be485aea81920d1","ZClothColliderGroupAspect":"5be485aea81920d1"}},"48bc023655c43ee9":{"parent":"3e1c958a9ab5bee6","name":"C_Spine1_L","factory":"[assembly:/templates/aspectdummy.aspect]([modules:/zclothcapsule.class].entitytype,[modules:/zboneattachaspect.class].entitytype).pc_entitytype","blueprint":"[assembly:/templates/aspectdummy.aspect]([modules:/zclothcapsule.class].entitytype,[modules:/zboneattachaspect.class].entitytype).pc_entityblueprint","properties":{"m_BoneName":{"type":"ZString","value":"Spine1"},"m_fRadiusX":{"type":"float32","value":0.20999999344348907},"m_fRadiusY":{"type":"float32","value":0.15000000596046448},"m_fTop":{"type":"float32","value":0.009999999776482582},"m_fBottom":{"type":"float32","value":0},"m_fRadiusZ":{"type":"float32","value":0.16500000655651093},"m_bEnableBottomRadii":{"type":"bool","value":false},"m_fRadiusXBottom":{"type":"float32","value":1},"m_fRadiusYBottom":{"type":"float32","value":1},"m_fRadiusZBottom":{"type":"float32","value":1},"m_mTransform":{"type":"SMatrix43","value":{"rotation":{"x":0,"y":0,"z":0},"position":{"x":0.043960001319646835,"y":0.039503999054431915,"z":0.02631399966776371}}},"m_eidParent":{"type":"SEntityTemplateReference","value":"3e1c958a9ab5bee6"}}},"de4312d11c0aacf8":{"parent":"3e1c958a9ab5bee6","name":"C_Pelvis_L","factory":"[assembly:/templates/aspectdummy.aspect]([modules:/zclothsphere.class].entitytype,[modules:/zboneattachaspect.class].entitytype).pc_entitytype","blueprint":"[assembly:/templates/aspectdummy.aspect]([modules:/zclothsphere.class].entitytype,[modules:/zboneattachaspect.class].entitytype).pc_entityblueprint","properties":{"m_fRadius":{"type":"float32","value":0.15199999511241913},"m_BoneName":{"type":"ZString","value":"Pelvis"},"m_mTransform":{"type":"SMatrix43","value":{"rotation":{"x":-0.07912549376487732,"y":0.000057295776059618254,"z":-0.0839383378624916},"position":{"x":0.029505999758839607,"y":0.01937899924814701,"z":0.039503999054431915},"scale":{"x":0.9999999999999999,"y":1,"z":0.9999999999999999}}},"m_eidParent":{"type":"SEntityTemplateReference","value":"3e1c958a9ab5bee6"}}},"71562a1d52594d41":{"parent":"3e1c958a9ab5bee6","name":"C_Foot_R","factory":"[assembly:/templates/aspectdummy.aspect]([modules:/zclothsphere.class].entitytype,[modules:/zboneattachaspect.class].entitytype).pc_entitytype","blueprint":"[assembly:/templates/aspectdummy.aspect]([modules:/zclothsphere.class].entitytype,[modules:/zboneattachaspect.class].entitytype).pc_entityblueprint","properties":{"m_fRadius":{"type":"float32","value":0.08500000089406966},"m_BoneName":{"type":"ZString","value":"R_Foot"},"m_mTransform":{"type":"SMatrix43","value":{"rotation":{"x":0,"y":0,"z":0},"position":{"x":-0.0000001290655973207322,"y":0.000000002171457902377938,"z":0}}},"m_eidParent":{"type":"SEntityTemplateReference","value":"3e1c958a9ab5bee6"}}},"ad080e41983d705":{"parent":"b41b1bde3eb00ffd","name":"Base Diffuse","factory":"[modules:/zmathlerp.class].pc_entitytype","blueprint":"[modules:/zmathlerp.class].pc_entityblueprint","properties":{"m_A":{"type":"float32","value":0.5},"m_fT":{"type":"float32","value":0},"m_B":{"type":"float32","value":0.2300000041723251}},"events":{"Lerp":{"ConstantVector1D_01_Value":["610bb600b7f1784","348bdd76d504c595"]}}},"72e05afd016e23b6":{"parent":"3e1c958a9ab5bee6","name":"ColliderGroup","factory":"[modules:/zclothcollidergroup.class].pc_entitytype","blueprint":"[modules:/zclothcollidergroup.class].pc_entityblueprint","properties":{"m_ClothColliders":{"type":"TArray<SEntityTemplateReference>","value":["6823fa3b2df56e11","48bc023655c43ee9","a1f852ba8ab42ebc","f8429737468ead59","97a6b6f26cb6aa5a"]},"m_eidParent":{"type":"SEntityTemplateReference","value":"3e1c958a9ab5bee6"}}},"3f253d9db42e2c25":{"parent":"b41b1bde3eb00ffd","name":"Base Normal Bump Scale","factory":"[modules:/zmathlerp.class].pc_entitytype","blueprint":"[modules:/zmathlerp.class].pc_entityblueprint","properties":{"m_A":{"type":"float32","value":1},"m_fT":{"type":"float32","value":0},"m_B":{"type":"float32","value":1.4600000381469729}},"events":{"Lerp":{"ConstantVector1D_06_Value":["348bdd76d504c595","610bb600b7f1784"]}}},"610bb600b7f1784":{"parent":"b41b1bde3eb00ffd","name":"Pants_Dabbawala","factory":"009165515346825B","blueprint":"004A4967F1918FED","properties":{"Diffuse_Color_01_Value":{"type":"SColorRGB","value":"#c9c8c5"},"ConstantVector1D_15_Value":{"type":"float32","value":1},"ConstantVector1D_01_Value":{"type":"float32","value":0.5},"Diffuse_Saturation_01_Value":{"type":"float32","value":0},"m_pMeshResource":{"type":"ZRuntimeResourceID","value":{"resource":"0081B0EFF93F9BDA","flag":"5F"}}}},"c50bb0d7941c38db":{"parent":"b41b1bde3eb00ffd","name":"Diffuse Pants","factory":"[modules:/zmathlerp.class].pc_entitytype","blueprint":"[modules:/zmathlerp.class].pc_entityblueprint","properties":{"m_A":{"type":"float32","value":0.5},"m_fT":{"type":"float32","value":0},"m_B":{"type":"float32","value":0.5699999928474426}}},"a1f852ba8ab42ebc":{"parent":"3e1c958a9ab5bee6","name":"C_Spine_R","factory":"[assembly:/templates/aspectdummy.aspect]([modules:/zclothcapsule.class].entitytype,[modules:/zboneattachaspect.class].entitytype).pc_entitytype","blueprint":"[assembly:/templates/aspectdummy.aspect]([modules:/zclothcapsule.class].entitytype,[modules:/zboneattachaspect.class].entitytype).pc_entityblueprint","properties":{"m_BoneName":{"type":"ZString","value":"Spine"},"m_fRadiusX":{"type":"float32","value":0.2199999988079071},"m_fRadiusY":{"type":"float32","value":0.1599999964237213},"m_fTop":{"type":"float32","value":0.009999999776482582},"m_fBottom":{"type":"float32","value":0},"m_fRadiusZ":{"type":"float32","value":0.16500000655651093},"m_bEnableBottomRadii":{"type":"bool","value":false},"m_fRadiusXBottom":{"type":"float32","value":1},"m_fRadiusYBottom":{"type":"float32","value":1},"m_fRadiusZBottom":{"type":"float32","value":1},"m_mTransform":{"type":"SMatrix43","value":{"rotation":{"x":-0.08032870292663574,"y":0.00011459155211923643,"z":-0.13985912501811976},"position":{"x":0.02552499994635582,"y":0.041266001760959625,"z":-0.03454099968075752}}},"m_eidParent":{"type":"SEntityTemplateReference","value":"3e1c958a9ab5bee6"}}},"6823fa3b2df56e11":{"parent":"3e1c958a9ab5bee6","name":"CChain_Legs","factory":"[modules:/zclothspherechain.class].pc_entitytype","blueprint":"[modules:/zclothspherechain.class].pc_entityblueprint","properties":{"m_mTransform":{"type":"SMatrix43","value":{"rotation":{"x":0,"y":0,"z":0},"position":{"x":-0.0000001290655973207322,"y":0.000000002171457902377938,"z":0}}},"m_Spheres":{"type":"TArray<SEntityTemplateReference>","value":["71562a1d52594d41","1367f9270ef9eae","15ee3acce7b50fe","9061c9b6b09c980e","97c2293e88a4828c","de4312d11c0aacf8","65d6a14ab6858e18","22e568c4af7952e7","83a219cc25b9e02e","40859a0a159696f0"]},"m_eidParent":{"type":"SEntityTemplateReference","value":"3e1c958a9ab5bee6"}}},"1fcdfc2edae6b0a9":{"parent":"b41b1bde3eb00ffd","name":"Hand Diffuse","factory":"[modules:/zmathlerp.class].pc_entitytype","blueprint":"[modules:/zmathlerp.class].pc_entityblueprint","properties":{"m_A":{"type":"float32","value":6.119999885559082},"m_fT":{"type":"float32","value":0},"m_B":{"type":"float32","value":3.119999885559082}}},"2e196fe061af5ad":{"parent":"6932a1df7f461e","name":"handyman_pants_01","factory":"[assembly:/_pro/characters/assets/workers/hokkaido/handyman/materials/handyman_pants_01.mi].pc_entitytype","blueprint":"[assembly:/_pro/characters/assets/workers/hokkaido/handyman/materials/handyman_pants_01.mi].pc_entityblueprint","properties":{"1737952988":{"type":"IRenderMaterialEntity.EModifierOperation","value":"eReplace"},"1787395739":{"type":"IRenderMaterialEntity.EModifierOperation","value":"eReplace"},"2287298018":{"type":"IRenderMaterialEntity.EModifierOperation","value":"eReplace"},"3516673141":{"type":"IRenderMaterialEntity.EModifierOperation","value":"eReplace"},"m_mTransform":{"type":"SMatrix43","value":{"rotation":{"x":0,"y":0,"z":0},"position":{"x":0,"y":0,"z":0}}},"ConstantVector1D_01_Value_op":{"type":"IRenderMaterialEntity.EModifierOperation","value":"eReplace"},"ConstantVector1D_01_Value":{"type":"float32","value":0.5},"ConstantVector1D_04_Value":{"type":"float32","value":0.12999999523162842},"ConstantVector1D_03_Value":{"type":"float32","value":1.2000000476837158},"Texture2DNormal_01_enab":{"type":"bool","value":true},"Texture2DNormal_01":{"type":"ZRuntimeResourceID","value":{"resource":"00413C5104E063F4","flag":"5F"}},"Texture2D_01_enab":{"type":"bool","value":true},"Texture2D_01":{"type":"ZRuntimeResourceID","value":{"resource":"0054C42BFFF5D68D","flag":"5F"}},"Diffuse_Color_01_Value":{"type":"SColorRGB","value":"#4c4c4c"},"m_eidParent":{"type":"SEntityTemplateReference","value":"b41b1bde3eb00ffd"},"Clients":{"type":"TArray<SEntityTemplateReference>","value":["6932a1df7f461e"]}}},"6932a1df7f461e":{"parent":"b41b1bde3eb00ffd","name":"Mesh_Shoes","factory":"[modules:/zbodypartentity.class].pc_entitytype","blueprint":"[modules:/zbodypartentity.class].pc_entityblueprint","properties":{"m_pMeshResource":{"type":"ZRuntimeResourceID","value":{"resource":"0030170F91656D63","flag":"5F"}}},"inputCopying":{"ConstantVector1D_04_Value":{"ConstantVector1D_04_Value":["2e196fe061af5ad"]}}},"1367f9270ef9eae":{"parent":"3e1c958a9ab5bee6","name":"C_Knee_R","factory":"[assembly:/templates/aspectdummy.aspect]([modules:/zclothsphere.class].entitytype,[modules:/zboneattachaspect.class].entitytype).pc_entitytype","blueprint":"[assembly:/templates/aspectdummy.aspect]([modules:/zclothsphere.class].entitytype,[modules:/zboneattachaspect.class].entitytype).pc_entityblueprint","properties":{"m_fRadius":{"type":"float32","value":0.10999999940395357},"m_BoneName":{"type":"ZString","value":"R_Calf"},"m_mTransform":{"type":"SMatrix43","value":{"rotation":{"x":0,"y":0,"z":0},"position":{"x":0.0024270000867545605,"y":-0.01853100024163723,"z":-0.002340999897569418}}},"m_eidParent":{"type":"SEntityTemplateReference","value":"3e1c958a9ab5bee6"}}},"3e1c958a9ab5bee6":{"parent":"348bdd76d504c595","name":"Collider_Straitjacket","factory":"[modules:/zcompositeentity.class].pc_entitytype","blueprint":"[modules:/zcompositeentity.class].pc_entityblueprint","properties":{"m_mTransform":{"type":"SMatrix43","value":{"rotation":{"x":0,"y":0,"z":0},"position":{"x":0,"y":0,"z":0}}},"m_eidParent":{"type":"SEntityTemplateReference","value":"348bdd76d504c595"}},"propertyAliases":{"m_linkedEntity":[{"originalProperty":"m_linkedEntity","originalEntity":"40859a0a159696f0"},{"originalProperty":"m_linkedEntity","originalEntity":"71562a1d52594d41"},{"originalProperty":"m_linkedEntity","originalEntity":"a1f852ba8ab42ebc"},{"originalProperty":"m_linkedEntity","originalEntity":"83a219cc25b9e02e"},{"originalProperty":"m_linkedEntity","originalEntity":"48bc023655c43ee9"},{"originalProperty":"m_linkedEntity","originalEntity":"1367f9270ef9eae"},{"originalProperty":"m_linkedEntity","originalEntity":"de4312d11c0aacf8"},{"originalProperty":"m_linkedEntity","originalEntity":"22e568c4af7952e7"},{"originalProperty":"m_linkedEntity","originalEntity":"15ee3acce7b50fe"},{"originalProperty":"m_linkedEntity","originalEntity":"9061c9b6b09c980e"},{"originalProperty":"m_linkedEntity","originalEntity":"65d6a14ab6858e18"},{"originalProperty":"m_linkedEntity","originalEntity":"97c2293e88a4828c"},{"originalProperty":"m_linkedEntity","originalEntity":"f8429737468ead59"},{"originalProperty":"m_linkedEntity","originalEntity":"97a6b6f26cb6aa5a"}]},"exposedInterfaces":{"ZClothCollider":"72e05afd016e23b6","ZClothColliderGroup":"72e05afd016e23b6"}}},"propertyOverrides":[],"overrideDeletes":[],"pinConnectionOverrides":[],"pinConnectionOverrideDeletes":[],"externalScenes":[],"subType":"template","quickEntityVersion":3.1,"extraFactoryDependencies":[],"extraBlueprintDependencies":[],"comments":[]}