{"tempHash":"00D87810F0D4CF79","tbluHash":"00E7A7568FD91122","rootEntity":"17f2d1ba425a4567","entities":{"fac00818fff4af81":{"parent":"d669810a3fbab52c","name":"male_reg_suit_pants_01","factory":"0074A1B094FC4120","blueprint":"0007754D66EDCF32","properties":{"m_mTransform":{"type":"SMatrix43","value":{"rotation":{"x":0,"y":0,"z":0},"position":{"x":9.988899230957031,"y":-8.244298934936523,"z":0}}},"ConstantVector1D_01_Value_op":{"type":"IRenderMaterialEntity.EModifierOperation","value":"eReplace"},"ConstantVector1D_01_Value":{"type":"float32","value":0.5},"Active":{"type":"bool","value":true},"ConstantVector1D_16_Value_op":{"type":"IRenderMaterialEntity.EModifierOperation","value":"eReplace"},"ConstantVector1D_16_Value":{"type":"float32","value":0},"ConstantVector1D_03_Value_op":{"type":"IRenderMaterialEntity.EModifierOperation","value":"eReplace"},"ConstantVector1D_03_Value":{"type":"float32","value":1.2000000476837158},"ConstantVector1D_14_Value_op":{"type":"IRenderMaterialEntity.EModifierOperation","value":"eReplace"},"ConstantVector1D_14_Value":{"type":"float32","value":0.03999999910593033},"Texture2D_01_enab":{"type":"bool","value":true},"Texture2D_01":{"type":"ZRuntimeResourceID","value":{"resource":"00AF802D36A4241A","flag":"5F"}},"Diffuse_Color_01_Value_op":{"type":"IRenderMaterialEntity.EModifierOperation","value":"eReplace"},"Diffuse_Color_01_Value":{"type":"SColorRGB","value":"#363636"},"ConstantVector1D_13_Value_op":{"type":"IRenderMaterialEntity.EModifierOperation","value":"eReplace"},"ConstantVector1D_13_Value":{"type":"float32","value":0},"Texture2D_03_enab":{"type":"bool","value":true},"ConstantVector1D_15_Value_op":{"type":"IRenderMaterialEntity.EModifierOperation","value":"eReplace"},"ConstantVector1D_15_Value":{"type":"float32","value":3},"Diffuse_Saturation_01_Value_op":{"type":"IRenderMaterialEntity.EModifierOperation","value":"eReplace"},"Diffuse_Saturation_01_Value":{"type":"float32","value":0},"ConstantVector1D_06_Value_op":{"type":"IRenderMaterialEntity.EModifierOperation","value":"eReplace"},"Clients":{"type":"TArray<SEntityTemplateReference>","value":["d669810a3fbab52c"],"postInit":true},"m_eidParent":{"type":"SEntityTemplateReference","value":"17f2d1ba425a4567","postInit":true}}},"57f7fababa456c41":{"parent":"17f2d1ba425a4567","name":"baseRough","factory":"[modules:/zmathlerp.class].pc_entitytype","blueprint":"[modules:/zmathlerp.class].pc_entityblueprint","properties":{"m_B":{"type":"float32","value":0.49000000953674316},"m_fT":{"type":"float32","value":0}},"events":{"Lerp":{"ConstantVector1D_14_Value":["d669810a3fbab52c"]}}},"bd9c8f6b410e53a1":{"parent":"7f99863375306f8b","name":"CChain_Legs","factory":"[modules:/zclothspherechain.class].pc_entitytype","blueprint":"[modules:/zclothspherechain.class].pc_entityblueprint","properties":{"m_mTransform":{"type":"SMatrix43","value":{"rotation":{"x":0,"y":0,"z":0},"position":{"x":-1.290655973207322e-7,"y":2.171457902377938e-9,"z":0}}},"m_Spheres":{"type":"TArray<SEntityTemplateReference>","value":["302af452c8eb8a36","4bab34142381fd04","747b5ae4fa914a6a","26cc65b12cd227ab","2b681c11d7ad4c9e","d2eef98e07f522fd","5dde5cb8d2ff08cd","b70fc03135b9a159","87cb5f2a492da161","e6ae86c830442ccd"],"postInit":true},"m_eidParent":{"type":"SEntityTemplateReference","value":"7f99863375306f8b","postInit":true}}},"b70fc03135b9a159":{"parent":"7f99863375306f8b","name":"C_TighMid_L","factory":"[assembly:/templates/aspectdummy.aspect]([modules:/zclothsphere.class].entitytype,[modules:/zboneattachaspect.class].entitytype).pc_entitytype","blueprint":"[assembly:/templates/aspectdummy.aspect]([modules:/zclothsphere.class].entitytype,[modules:/zboneattachaspect.class].entitytype).pc_entityblueprint","properties":{"m_fRadius":{"type":"float32","value":0.11999999731779099},"m_BoneName":{"type":"ZString","value":"LThighTwist1"},"m_linkedEntity":{"type":"SEntityTemplateReference","value":null},"m_mTransform":{"type":"SMatrix43","value":{"rotation":{"x":0,"y":0.019767042409995977,"z":0},"position":{"x":0.05393199995160103,"y":0.00876300036907196,"z":0.013554999604821205},"scale":{"x":1.0000001190250052,"y":1,"z":1.0000001190250052}}},"m_eidParent":{"type":"SEntityTemplateReference","value":"7f99863375306f8b","postInit":true}}},"347043dd60d2f6fa":{"parent":"17f2d1ba425a4567","name":"diff 2","factory":"[modules:/zmathlerp.class].pc_entitytype","blueprint":"[modules:/zmathlerp.class].pc_entityblueprint","properties":{"m_B":{"type":"float32","value":0.46000000834465027},"m_fT":{"type":"float32","value":0},"m_A":{"type":"float32","value":0.5}},"events":{"Lerp":{"ConstantVector1D_01_Value":["d669810a3fbab52c"]}}},"87cb5f2a492da161":{"parent":"7f99863375306f8b","name":"C_Knee_L","factory":"[assembly:/templates/aspectdummy.aspect]([modules:/zclothsphere.class].entitytype,[modules:/zboneattachaspect.class].entitytype).pc_entitytype","blueprint":"[assembly:/templates/aspectdummy.aspect]([modules:/zclothsphere.class].entitytype,[modules:/zboneattachaspect.class].entitytype).pc_entityblueprint","properties":{"m_fRadius":{"type":"float32","value":0.10000000149011612},"m_BoneName":{"type":"ZString","value":"L_Calf"},"m_linkedEntity":{"type":"SEntityTemplateReference","value":null},"m_mTransform":{"type":"SMatrix43","value":{"rotation":{"x":0,"y":-0.019767042409995977,"z":0},"position":{"x":0.002382999984547496,"y":-0.01837800070643425,"z":-0.007672000210732222},"scale":{"x":1.0000001190250052,"y":1,"z":1.0000001190250052}}},"m_eidParent":{"type":"SEntityTemplateReference","value":"7f99863375306f8b","postInit":true}}},"5dde5cb8d2ff08cd":{"parent":"7f99863375306f8b","name":"C_TighTop_L","factory":"[assembly:/templates/aspectdummy.aspect]([modules:/zclothsphere.class].entitytype,[modules:/zboneattachaspect.class].entitytype).pc_entitytype","blueprint":"[assembly:/templates/aspectdummy.aspect]([modules:/zclothsphere.class].entitytype,[modules:/zboneattachaspect.class].entitytype).pc_entityblueprint","properties":{"m_fRadius":{"type":"float32","value":0.15000000596046448},"m_BoneName":{"type":"ZString","value":"LThighTwist"},"m_linkedEntity":{"type":"SEntityTemplateReference","value":null},"m_mTransform":{"type":"SMatrix43","value":{"rotation":{"x":0,"y":0,"z":0},"position":{"x":-0.0015089999651536345,"y":0.008681000210344791,"z":0.04217499867081642}}},"m_eidParent":{"type":"SEntityTemplateReference","value":"7f99863375306f8b","postInit":true}}},"2b681c11d7ad4c9e":{"parent":"7f99863375306f8b","name":"C_Pelvis_R","factory":"[assembly:/templates/aspectdummy.aspect]([modules:/zclothsphere.class].entitytype,[modules:/zboneattachaspect.class].entitytype).pc_entitytype","blueprint":"[assembly:/templates/aspectdummy.aspect]([modules:/zclothsphere.class].entitytype,[modules:/zboneattachaspect.class].entitytype).pc_entityblueprint","properties":{"m_fRadius":{"type":"float32","value":0.1420000046491623},"m_BoneName":{"type":"ZString","value":"Pelvis"},"m_linkedEntity":{"type":"SEntityTemplateReference","value":null},"m_mTransform":{"type":"SMatrix43","value":{"rotation":{"x":-0.01976704358638215,"y":0,"z":-0.02796033431529296},"position":{"x":0.01996699906885624,"y":0.014674999751150608,"z":-0.05142100155353546},"scale":{"x":1.0000002381439907,"y":1.000000357168996,"z":1.0000001190250052}}},"m_eidParent":{"type":"SEntityTemplateReference","value":"7f99863375306f8b","postInit":true}}},"c26b177a2edb51d":{"parent":"17f2d1ba425a4567","name":"diff 3","factory":"[modules:/zmathlerp.class].pc_entitytype","blueprint":"[modules:/zmathlerp.class].pc_entityblueprint","properties":{"m_B":{"type":"float32","value":0.5600000023841858},"m_fT":{"type":"float32","value":0},"m_A":{"type":"float32","value":1.100000023841858}},"events":{"Lerp":{"ConstantVector1D_01_Value":[]}}},"3e01d0317c9c50d4":{"parent":"7f99863375306f8b","name":"ColliderGroup","factory":"[modules:/zclothcollidergroup.class].pc_entitytype","blueprint":"[modules:/zclothcollidergroup.class].pc_entityblueprint","properties":{"m_ClothColliders":{"type":"TArray<SEntityTemplateReference>","value":["bd9c8f6b410e53a1","e5641673cbd05f1","f72c5049cfca8150"],"postInit":true},"m_eidParent":{"type":"SEntityTemplateReference","value":"7f99863375306f8b","postInit":true}}},"6cf924bde3ac07ce":{"parent":"17f2d1ba425a4567","name":"FX_Hitman_Wet_Logic_Character","factory":"0067CFB703A80787","blueprint":"00AA88C960CD2080","properties":{"HeadMaterialToOverride":{"type":"ZRuntimeResourceID","value":{"resource":"009F7978C601815A","flag":"5F"}},"HeadMaterialOverride":{"type":"TArray<SEntityTemplateReference>","value":["17f2d1ba425a4567"],"postInit":true}},"events":{"HitmanWetness":{"T":["57f7fababa456c41","9767173aa38a0b62","18907d99eef1c79c","5ec03a9935f1933f","8cdefc235749b76d","347043dd60d2f6fa","2c399c0ea6a2fc09","c26b177a2edb51d","feed51be4022986c","feed505ca582671e","feed6fed9d01d947","feed09f776be4bda","feedc55c003e7ff8"]}}},"2c399c0ea6a2fc09":{"parent":"17f2d1ba425a4567","name":"baseRough 2","factory":"[modules:/zmathlerp.class].pc_entitytype","blueprint":"[modules:/zmathlerp.class].pc_entityblueprint","properties":{"m_B":{"type":"float32","value":0.20000000298023224},"m_fT":{"type":"float32","value":0},"m_A":{"type":"float32","value":0}},"events":{"Lerp":{"ConstantVector1D_14_Value":[]}}},"e6ae86c830442ccd":{"parent":"7f99863375306f8b","name":"C_Foot_L","factory":"[assembly:/templates/aspectdummy.aspect]([modules:/zclothsphere.class].entitytype,[modules:/zboneattachaspect.class].entitytype).pc_entitytype","blueprint":"[assembly:/templates/aspectdummy.aspect]([modules:/zclothsphere.class].entitytype,[modules:/zboneattachaspect.class].entitytype).pc_entityblueprint","properties":{"m_fRadius":{"type":"float32","value":0.08500000089406967},"m_BoneName":{"type":"ZString","value":"L_Foot"},"m_linkedEntity":{"type":"SEntityTemplateReference","value":null},"m_mTransform":{"type":"SMatrix43","value":{"rotation":{"x":0,"y":0,"z":0},"position":{"x":-1.290655973207322e-7,"y":2.171457902377938e-9,"z":0}}},"m_eidParent":{"type":"SEntityTemplateReference","value":"7f99863375306f8b","postInit":true}}},"5ec03a9935f1933f":{"parent":"17f2d1ba425a4567","name":"diff","factory":"[modules:/zmathlerp.class].pc_entitytype","blueprint":"[modules:/zmathlerp.class].pc_entityblueprint","properties":{"m_B":{"type":"float32","value":0.550000011920929},"m_fT":{"type":"float32","value":0},"m_A":{"type":"float32","value":0.6100000143051147}},"events":{"Lerp":{"ConstantVector1D_01_Value":["1864003b4794f804"]}}},"18907d99eef1c79c":{"parent":"17f2d1ba425a4567","name":"baseRough 4","factory":"[modules:/zmathlerp.class].pc_entitytype","blueprint":"[modules:/zmathlerp.class].pc_entityblueprint","properties":{"m_B":{"type":"float32","value":0.4000000059604645},"m_fT":{"type":"float32","value":0},"m_A":{"type":"float32","value":0.10999999940395355}},"events":{"Lerp":{"ConstantVector1D_04_Value":["1172689e6d285a49"]}}},"17f2d1ba425a4567":{"parent":null,"name":"OUTFIT_Agent47_GrassSnake_HeroA_v0","factory":"00C0753FBF784C66","blueprint":"007294473357329E","properties":{"m_LocalColliders":{"type":"TArray<SEntityTemplateReference>","value":[]},"m_mTransform":{"type":"SMatrix43","value":{"rotation":{"x":0,"y":0,"z":7.283502451732304},"position":{"x":-5.420431137084961,"y":1.2738410234451294,"z":0},"scale":{"x":1.000000066937128,"y":1.000000066937128,"z":1}}},"m_pBonesAndCollisionResource":{"type":"ZRuntimeResourceID","value":{"resource":"0017416135CF879C","flag":"5F"}},"Rifle_Holster_Attacher_Transform":{"type":"SMatrix43","value":{"rotation":{"x":0,"y":2.0000003310217846,"z":-2.000000216749601},"position":{"x":0.03999999910593033,"y":0,"z":0},"scale":{"x":0.9999999083503175,"y":0.9999999080208252,"z":0.9999999080484929}}},"Back1_Attacher_Transform":{"type":"SMatrix43","value":{"rotation":{"x":0,"y":2.0000003310217846,"z":-2.000000216749601},"position":{"x":0.03999999910593033,"y":0,"z":0},"scale":{"x":0.9999999083503175,"y":0.9999999080208252,"z":0.9999999080484929}}},"m_aBodyParts":{"type":"TArray<SEntityTemplateReference>","value":["1172689e6d285a49","e1c6b646825bece8","1864003b4794f804","d669810a3fbab52c","51ab7318510cc536","feedbf3be410b0f0","feed755d00bb7034"],"postInit":true}},"propertyAliases":{"Texture2D_01":[]}},"d2eef98e07f522fd":{"parent":"7f99863375306f8b","name":"C_Pelvis_L","factory":"[assembly:/templates/aspectdummy.aspect]([modules:/zclothsphere.class].entitytype,[modules:/zboneattachaspect.class].entitytype).pc_entitytype","blueprint":"[assembly:/templates/aspectdummy.aspect]([modules:/zclothsphere.class].entitytype,[modules:/zboneattachaspect.class].entitytype).pc_entityblueprint","properties":{"m_fRadius":{"type":"float32","value":0.1420000046491623},"m_BoneName":{"type":"ZString","value":"Pelvis"},"m_linkedEntity":{"type":"SEntityTemplateReference","value":null},"m_mTransform":{"type":"SMatrix43","value":{"rotation":{"x":-0.01976704358638215,"y":0,"z":-0.02796033431529296},"position":{"x":0.01997300051152706,"y":0.014677999541163445,"z":0.04998699948191643},"scale":{"x":1.0000002381439907,"y":1.000000357168996,"z":1.0000001190250052}}},"m_eidParent":{"type":"SEntityTemplateReference","value":"7f99863375306f8b","postInit":true}}},"f72c5049cfca8150":{"parent":"7f99863375306f8b","name":"C_Spine","factory":"[assembly:/templates/aspectdummy.aspect]([modules:/zclothcapsule.class].entitytype,[modules:/zboneattachaspect.class].entitytype).pc_entitytype","blueprint":"[assembly:/templates/aspectdummy.aspect]([modules:/zclothcapsule.class].entitytype,[modules:/zboneattachaspect.class].entitytype).pc_entityblueprint","properties":{"m_BoneName":{"type":"ZString","value":"Spine"},"m_linkedEntity":{"type":"SEntityTemplateReference","value":null},"m_fRadiusX":{"type":"float32","value":0.18000000715255737},"m_fRadiusY":{"type":"float32","value":0.16500000655651093},"m_fTop":{"type":"float32","value":0.009999999776482582},"m_fBottom":{"type":"float32","value":0},"m_fRadiusZ":{"type":"float32","value":0.17000000178813934},"m_bEnableBottomRadii":{"type":"bool","value":false},"m_fRadiusXBottom":{"type":"float32","value":1},"m_fRadiusYBottom":{"type":"float32","value":1},"m_fRadiusZBottom":{"type":"float32","value":1},"m_mTransform":{"type":"SMatrix43","value":{"rotation":{"x":-0.06096274546162967,"y":0.014037478001001344,"z":-0.05231108361138096},"position":{"x":0.00004099999932805076,"y":0.02294199913740158,"z":-0.00862099975347519},"scale":{"x":1.0000008949319514,"y":0.9999999391080501,"z":0.9999991655640053}}},"m_eidParent":{"type":"SEntityTemplateReference","value":"7f99863375306f8b","postInit":true}}},"86d4a9cdcbd33b16":{"parent":"ee2e932ec99d46ee","name":"mask_bunny_skull","factory":"00DA8FC332FEFD39","blueprint":"00F5F05144A346A5","properties":{"m_mTransform":{"type":"SMatrix43","value":{"rotation":{"x":94.29437054668547,"y":89.96506269551186,"z":83.81577496693075},"position":{"x":0.08545900136232376,"y":0.01740100048482418,"z":0.0006210000137798488},"scale":{"x":1.0000004759129537,"y":0.9999996224535328,"z":0.9999991726312124}}},"m_PrimitiveScale":{"type":"SVector3","value":{"x":0.9753739833831787,"y":0.9855039715766907,"z":0.9647979736328125}},"Diffuse_Color_01_Value_1":{"type":"SColorRGB","value":"#373737"},"m_eidParent":{"type":"SEntityTemplateReference","value":"ee2e932ec99d46ee","postInit":true}}},"281eb49b4682d8b0":{"parent":"17f2d1ba425a4567","name":"ChildNetwork","factory":"[modules:/zchildnetworkentity.class].pc_entitytype","blueprint":"[modules:/zchildnetworkentity.class].pc_entityblueprint","properties":{"m_RuntimeNetworkResourceID":{"type":"ZRuntimeResourceID","value":{"resource":"[assembly:/animationnetworks/hitman01/idles/suitidle.aln].pc_rtn","flag":"9F"}}}},"d669810a3fbab52c":{"parent":"17f2d1ba425a4567","name":"Mesh_Pant","factory":"[modules:/zbodypartentity.class].pc_entitytype","blueprint":"[modules:/zbodypartentity.class].pc_entityblueprint","properties":{"m_pMeshResource":{"type":"ZRuntimeResourceID","value":{"resource":"0091EDC93A5DEDF3","flag":"5F"}}},"inputCopying":{"ConstantVector1D_14_Value":{"ConstantVector1D_14_Value":["fac00818fff4af81"]},"ConstantVector1D_01_Value":{"ConstantVector1D_01_Value":["fac00818fff4af81"]},"ConstantVector1D_06_Value":{"ConstantVector1D_06_Value":["fac00818fff4af81"]}}},"747b5ae4fa914a6a":{"parent":"7f99863375306f8b","name":"C_TighMid_R","factory":"[assembly:/templates/aspectdummy.aspect]([modules:/zclothsphere.class].entitytype,[modules:/zboneattachaspect.class].entitytype).pc_entitytype","blueprint":"[assembly:/templates/aspectdummy.aspect]([modules:/zclothsphere.class].entitytype,[modules:/zboneattachaspect.class].entitytype).pc_entityblueprint","properties":{"m_fRadius":{"type":"float32","value":0.11999999731779099},"m_BoneName":{"type":"ZString","value":"RThighTwist1"},"m_linkedEntity":{"type":"SEntityTemplateReference","value":null},"m_mTransform":{"type":"SMatrix43","value":{"rotation":{"x":0.01976704358638215,"y":0,"z":0},"position":{"x":0.0534450002014637,"y":0.0017839999636635184,"z":-0.0120430001989007},"scale":{"x":1,"y":1.0000001190250052,"z":1.0000001190250052}}},"m_eidParent":{"type":"SEntityTemplateReference","value":"7f99863375306f8b","postInit":true}}},"302af452c8eb8a36":{"parent":"7f99863375306f8b","name":"C_Foot_R","factory":"[assembly:/templates/aspectdummy.aspect]([modules:/zclothsphere.class].entitytype,[modules:/zboneattachaspect.class].entitytype).pc_entitytype","blueprint":"[assembly:/templates/aspectdummy.aspect]([modules:/zclothsphere.class].entitytype,[modules:/zboneattachaspect.class].entitytype).pc_entityblueprint","properties":{"m_fRadius":{"type":"float32","value":0.08500000089406967},"m_BoneName":{"type":"ZString","value":"R_Foot"},"m_linkedEntity":{"type":"SEntityTemplateReference","value":null},"m_mTransform":{"type":"SMatrix43","value":{"rotation":{"x":0,"y":0,"z":0},"position":{"x":-1.290655973207322e-7,"y":2.171457902377938e-9,"z":0}}},"m_eidParent":{"type":"SEntityTemplateReference","value":"7f99863375306f8b","postInit":true}}},"9767173aa38a0b62":{"parent":"17f2d1ba425a4567","name":"Nrom","factory":"[modules:/zmathlerp.class].pc_entitytype","blueprint":"[modules:/zmathlerp.class].pc_entityblueprint","properties":{"m_A":{"type":"float32","value":1},"m_B":{"type":"float32","value":1.25},"m_fT":{"type":"float32","value":0}},"events":{"Lerp":{"ConstantVector1D_06_Value":["1864003b4794f804","d669810a3fbab52c"]}}},"1172689e6d285a49":{"parent":"17f2d1ba425a4567","name":"Head_47","factory":"00537D16B5CE7286","blueprint":"00F2E4A932ECAA63"},"e5641673cbd05f1":{"parent":"7f99863375306f8b","name":"C_Spine1","factory":"[assembly:/templates/aspectdummy.aspect]([modules:/zclothcapsule.class].entitytype,[modules:/zboneattachaspect.class].entitytype).pc_entitytype","blueprint":"[assembly:/templates/aspectdummy.aspect]([modules:/zclothcapsule.class].entitytype,[modules:/zboneattachaspect.class].entitytype).pc_entityblueprint","properties":{"m_BoneName":{"type":"ZString","value":"Spine1"},"m_linkedEntity":{"type":"SEntityTemplateReference","value":null},"m_fRadiusX":{"type":"float32","value":0.20000000298023224},"m_fRadiusY":{"type":"float32","value":0.14499999582767487},"m_fTop":{"type":"float32","value":0.009999999776482582},"m_fBottom":{"type":"float32","value":0},"m_fRadiusZ":{"type":"float32","value":0.20000000298023224},"m_bEnableBottomRadii":{"type":"bool","value":false},"m_fRadiusXBottom":{"type":"float32","value":1},"m_fRadiusYBottom":{"type":"float32","value":1},"m_fRadiusZBottom":{"type":"float32","value":1},"m_mTransform":{"type":"SMatrix43","value":{"rotation":{"x":-0.031283493924624796,"y":0,"z":0},"position":{"x":0.0438929982483387,"y":0.04010999947786331,"z":-0.0009399999980814755},"scale":{"x":1,"y":1.000000298116027,"z":1.000000298116027}}},"m_eidParent":{"type":"SEntityTemplateReference","value":"7f99863375306f8b","postInit":true}}},"ee2e932ec99d46ee":{"parent":"17f2d1ba425a4567","name":"Attacher_Head_01","factory":"[assembly:/templates/aspectdummy.aspect]([modules:/zcompositeentity.class].entitytype,[modules:/zboneattachaspect.class].entitytype).pc_entitytype","blueprint":"[assembly:/templates/aspectdummy.aspect]([modules:/zcompositeentity.class].entitytype,[modules:/zboneattachaspect.class].entitytype).pc_entityblueprint","properties":{"m_BoneName":{"type":"ZString","value":"Head"},"m_linkedEntity":{"type":"SEntityTemplateReference","value":"17f2d1ba425a4567"},"m_eidParent":{"type":"SEntityTemplateReference","value":"17f2d1ba425a4567"}}},"b2ea21d132b3e8ca":{"parent":"1864003b4794f804","name":"Mesh","factory":"[assembly:/templates/aspectdummy.aspect]([modules:/zbodypartentity.class].entitytype,[modules:/zclothcollidergroupaspect.class].entitytype).pc_entitytype","blueprint":"[assembly:/templates/aspectdummy.aspect]([modules:/zbodypartentity.class].entitytype,[modules:/zclothcollidergroupaspect.class].entitytype).pc_entityblueprint","properties":{"m_pMeshResource":{"type":"ZRuntimeResourceID","value":{"resource":"00E60D7761A5C203","flag":"5F"}},"m_ClothColliders":{"type":"TArray<SEntityTemplateReference>","value":["7f99863375306f8b"],"postInit":true}}},"13e628be6fe2818f":{"parent":"1864003b4794f804","name":"male_reg_maxdecker_01_jacket_02","factory":"[assembly:/_pro/characters/assets/individuals/paris/max_decker/materials/male_reg_maxdecker_01_jacket_02.mi].pc_entitytype","blueprint":"[assembly:/_pro/characters/assets/individuals/paris/max_decker/materials/male_reg_maxdecker_01_jacket_02.mi].pc_entityblueprint","properties":{"m_mTransform":{"type":"SMatrix43","value":{"rotation":{"x":0,"y":0,"z":0},"position":{"x":0,"y":0,"z":0}}},"Diffuse_Color_01_Value_op":{"type":"IRenderMaterialEntity.EModifierOperation","value":"eReplace"},"ConstantVector1D_01_Value_op":{"type":"IRenderMaterialEntity.EModifierOperation","value":"eReplace"},"Diffuse_Saturation_01_Value_op":{"type":"IRenderMaterialEntity.EModifierOperation","value":"eReplace"},"ConstantVector1D_14_Value_op":{"type":"IRenderMaterialEntity.EModifierOperation","value":"eReplace"},"ConstantVector1D_06_Value_op":{"type":"IRenderMaterialEntity.EModifierOperation","value":"eReplace"},"Diffuse_Color_01_Value":{"type":"SColorRGB","value":"#8f8f8f"},"ConstantVector1D_01_Value":{"type":"float32","value":0.6100000143051147},"Diffuse_Saturation_01_Value":{"type":"float32","value":0},"Clients":{"type":"TArray<SEntityTemplateReference>","value":["1864003b4794f804"],"postInit":true},"m_eidParent":{"type":"SEntityTemplateReference","value":"1864003b4794f804","postInit":true}}},"1864003b4794f804":{"parent":"17f2d1ba425a4567","name":"Coat_Trench","factory":"[modules:/zcompositeentity.class].pc_entitytype","blueprint":"[modules:/zcompositeentity.class].pc_entityblueprint","properties":{"m_pMeshResource":{"type":"ZRuntimeResourceID","value":{"resource":"00E60D7761A5C203","flag":"5F"}},"Diffuse_Color_01_Value_1":{"type":"SColorRGB","value":"#8f8f8f"},"Diffuse_Saturation_01_Value_1":{"type":"float32","value":0},"ConstantVector1D_01_Value_1":{"type":"float32","value":0.6100000143051147},"m_mTransform":{"type":"SMatrix43","value":{"rotation":{"x":0,"y":0,"z":-0.756043217643587},"position":{"x":-0.5586987733840942,"y":-0.34005939960479736,"z":-0.018473999574780464},"scale":{"x":0.9999999524248193,"y":0.9999999524248193,"z":1}}},"m_eidParent":{"type":"SEntityTemplateReference","value":"17f2d1ba425a4567"}},"inputCopying":{"ConstantVector1D_01_Value":{"ConstantVector1D_01_Value":["13e628be6fe2818f"]},"ConstantVector1D_14_Value":{"ConstantVector1D_14_Value":["13e628be6fe2818f"]},"ConstantVector1D_06_Value":{"ConstantVector1D_06_Value":["13e628be6fe2818f"]}},"propertyAliases":{"m_pMeshResource":[{"originalProperty":"m_pMeshResource","originalEntity":"b2ea21d132b3e8ca"}],"Diffuse_Color_01_Value_1":[{"originalProperty":"Diffuse_Color_01_Value","originalEntity":"13e628be6fe2818f"}],"ConstantVector1D_01_Value_1":[{"originalProperty":"ConstantVector1D_01_Value","originalEntity":"13e628be6fe2818f"}],"Diffuse_Saturation_01_Value_1":[{"originalProperty":"Diffuse_Saturation_01_Value","originalEntity":"13e628be6fe2818f"}]},"exposedInterfaces":{"ZBodyPartEntity":"b2ea21d132b3e8ca","ZClothColliderGroupAspect":"b2ea21d132b3e8ca"}},"8cdefc235749b76d":{"parent":"17f2d1ba425a4567","name":"rough","factory":"[modules:/zmathlerp.class].pc_entitytype","blueprint":"[modules:/zmathlerp.class].pc_entityblueprint","properties":{"m_B":{"type":"float32","value":0.3400000035762787},"m_fT":{"type":"float32","value":0},"m_A":{"type":"float32","value":0}},"events":{"Lerp":{"ConstantVector1D_14_Value":["1864003b4794f804"]}}},"51ab7318510cc536":{"parent":"17f2d1ba425a4567","name":"Shoes_Boots_Military","factory":"00A7DC37E14B3676","blueprint":"000315500CD95840","properties":{"Diffuse_Color_01_Value":{"type":"SColorRGB","value":"#424242"}}},"26cc65b12cd227ab":{"parent":"7f99863375306f8b","name":"C_TighTop_R","factory":"[assembly:/templates/aspectdummy.aspect]([modules:/zclothsphere.class].entitytype,[modules:/zboneattachaspect.class].entitytype).pc_entitytype","blueprint":"[assembly:/templates/aspectdummy.aspect]([modules:/zclothsphere.class].entitytype,[modules:/zboneattachaspect.class].entitytype).pc_entityblueprint","properties":{"m_fRadius":{"type":"float32","value":0.15000000596046448},"m_BoneName":{"type":"ZString","value":"RThighTwist"},"m_linkedEntity":{"type":"SEntityTemplateReference","value":null},"m_mTransform":{"type":"SMatrix43","value":{"rotation":{"x":0.027960337643270574,"y":0,"z":-0.039591369227254834},"position":{"x":-0.00152299995534122,"y":0.008682000450789928,"z":-0.0378279983997345},"scale":{"x":1.0000004774810316,"y":1.0000007156250224,"z":1.0000002381439907}}},"m_eidParent":{"type":"SEntityTemplateReference","value":"7f99863375306f8b","postInit":true}}},"4bab34142381fd04":{"parent":"7f99863375306f8b","name":"C_Knee_R","factory":"[assembly:/templates/aspectdummy.aspect]([modules:/zclothsphere.class].entitytype,[modules:/zboneattachaspect.class].entitytype).pc_entitytype","blueprint":"[assembly:/templates/aspectdummy.aspect]([modules:/zclothsphere.class].entitytype,[modules:/zboneattachaspect.class].entitytype).pc_entityblueprint","properties":{"m_fRadius":{"type":"float32","value":0.10000000149011612},"m_BoneName":{"type":"ZString","value":"R_Calf"},"m_linkedEntity":{"type":"SEntityTemplateReference","value":null},"m_mTransform":{"type":"SMatrix43","value":{"rotation":{"x":0,"y":0,"z":0},"position":{"x":0.0024270000867545605,"y":-0.01853100024163723,"z":-0.002340999897569418}}},"m_eidParent":{"type":"SEntityTemplateReference","value":"7f99863375306f8b","postInit":true}}},"7f99863375306f8b":{"parent":"1864003b4794f804","name":"Collider_Coat_Trench_Open","factory":"[modules:/zcompositeentity.class].pc_entitytype","blueprint":"[modules:/zcompositeentity.class].pc_entityblueprint","properties":{"m_mTransform":{"type":"SMatrix43","value":{"rotation":{"x":0,"y":0,"z":176.20303733246516},"position":{"x":-0.005589731968939304,"y":-0.4365463852882385,"z":0.02254600077867508},"scale":{"x":0.9999997995129206,"y":0.9999997995129206,"z":1}}},"m_linkedEntity":{"type":"SEntityTemplateReference","value":null},"m_eidParent":{"type":"SEntityTemplateReference","value":"1864003b4794f804"}},"propertyAliases":{"m_linkedEntity":[{"originalProperty":"m_linkedEntity","originalEntity":"e6ae86c830442ccd"},{"originalProperty":"m_linkedEntity","originalEntity":"302af452c8eb8a36"},{"originalProperty":"m_linkedEntity","originalEntity":"f72c5049cfca8150"},{"originalProperty":"m_linkedEntity","originalEntity":"87cb5f2a492da161"},{"originalProperty":"m_linkedEntity","originalEntity":"e5641673cbd05f1"},{"originalProperty":"m_linkedEntity","originalEntity":"4bab34142381fd04"},{"originalProperty":"m_linkedEntity","originalEntity":"d2eef98e07f522fd"},{"originalProperty":"m_linkedEntity","originalEntity":"b70fc03135b9a159"},{"originalProperty":"m_linkedEntity","originalEntity":"747b5ae4fa914a6a"},{"originalProperty":"m_linkedEntity","originalEntity":"26cc65b12cd227ab"},{"originalProperty":"m_linkedEntity","originalEntity":"5dde5cb8d2ff08cd"},{"originalProperty":"m_linkedEntity","originalEntity":"2b681c11d7ad4c9e"}]},"exposedInterfaces":{"ZClothCollider":"3e01d0317c9c50d4","ZClothColliderGroup":"3e01d0317c9c50d4"}},"e1c6b646825bece8":{"parent":"17f2d1ba425a4567","name":"Mesh_Gloves","factory":"[modules:/zbodypartentity.class].pc_entitytype","blueprint":"[modules:/zbodypartentity.class].pc_entityblueprint","properties":{"m_pMeshResource":{"type":"ZRuntimeResourceID","value":{"resource":"0012EB04771E796F","flag":"5F"}}},"inputCopying":{"ConstantVector1D_06_Value":{"ConstantVector1D_06_Value":["feed8523214e351e"]},"ConstantVector1D_01_Value":{"ConstantVector1D_01_Value":["feed8523214e351e"]},"ConstantVector1D_14_Value":{"ConstantVector1D_04_Value":["feed8523214e351e"]}}},"feedbf3be410b0f0":{"parent":"17f2d1ba425a4567","name":"Mesh_Hoodie","factory":"[modules:/zbodypartentity.class].pc_entitytype","blueprint":"[modules:/zbodypartentity.class].pc_entityblueprint","properties":{"m_pMeshResource":{"type":"ZRuntimeResourceID","value":{"resource":"00296A8EAC013121","flag":"5F"}}},"inputCopying":{"ConstantVector1D_04_Value":{"ConstantVector1D_04_Value":["feed5775d6d860ec"]},"ConstantVector1D_01_Value":{"ConstantVector1D_01_Value":["feed5775d6d860ec"]},"ConstantVector1D_06_Value":{"ConstantVector1D_06_Value":["feed5775d6d860ec"]}}},"feed5775d6d860ec":{"parent":"feedbf3be410b0f0","name":"shandy_hoodie_01","factory":"00A150A12EEA78AE","blueprint":"0045A5CA72218549","properties":{"1737952988":{"type":"IRenderMaterialEntity.EModifierOperation","value":"eReplace"},"2287298018":{"type":"IRenderMaterialEntity.EModifierOperation","value":"eReplace"},"2359342559":{"type":"IRenderMaterialEntity.EModifierOperation","value":"eReplace"},"3516673141":{"type":"IRenderMaterialEntity.EModifierOperation","value":"eReplace"},"m_mTransform":{"type":"SMatrix43","value":{"rotation":{"x":0,"y":0,"z":0},"position":{"x":0,"y":0,"z":0}}},"Diffuse_Color_01_Value":{"type":"SColorRGB","value":"#292929"},"Texture2D_01_enab":{"type":"bool","value":true},"Texture2D_01":{"type":"ZRuntimeResourceID","value":{"resource":"00CDC1BA78CC711D","flag":"5F"}},"ConstantVector1D_05_Value":{"type":"float32","value":0.5},"ConstantVector1D_01_Value_op":{"type":"IRenderMaterialEntity.EModifierOperation","value":"eReplace"},"Clients":{"type":"TArray<SEntityTemplateReference>","value":["feedbf3be410b0f0"],"postInit":true},"m_eidParent":{"type":"SEntityTemplateReference","value":"17f2d1ba425a4567","postInit":true}}},"feed51be4022986c":{"parent":"17f2d1ba425a4567","name":"Lerp 2","factory":"[modules:/zmathlerp.class].pc_entitytype","blueprint":"[modules:/zmathlerp.class].pc_entityblueprint","properties":{"m_fT":{"type":"float32","value":0},"m_A":{"type":"float32","value":0},"m_B":{"type":"float32","value":0.30000001192092896}},"events":{"Lerp":{"ConstantVector1D_04_Value":["feedbf3be410b0f0"]}}},"feed505ca582671e":{"parent":"17f2d1ba425a4567","name":"Lerp 3","factory":"[modules:/zmathlerp.class].pc_entitytype","blueprint":"[modules:/zmathlerp.class].pc_entityblueprint","properties":{"m_fT":{"type":"float32","value":0},"m_A":{"type":"float32","value":1},"m_B":{"type":"float32","value":2}},"events":{"Lerp":{"ConstantVector1D_06_Value":["feedbf3be410b0f0"]}}},"feed8523214e351e":{"parent":"e1c6b646825bece8","name":"shandy_accessories_01","factory":"003496C5356F9583","blueprint":"00B09868AF8293B0","properties":{"1737952988":{"type":"IRenderMaterialEntity.EModifierOperation","value":"eReplace"},"2287298018":{"type":"IRenderMaterialEntity.EModifierOperation","value":"eReplace"},"2359342559":{"type":"IRenderMaterialEntity.EModifierOperation","value":"eReplace"},"3516673141":{"type":"IRenderMaterialEntity.EModifierOperation","value":"eReplace"},"m_mTransform":{"type":"SMatrix43","value":{"rotation":{"x":0,"y":0,"z":7.179900052278754e-8},"position":{"x":0.0000020716149720101384,"y":0.000001549675971546094,"z":0}}},"Texture2D_03":{"type":"ZRuntimeResourceID","value":{"resource":"009BA6CE072D18ED","flag":"5F"}},"Texture2D_03_enab":{"type":"bool","value":true},"Texture2D_01":{"type":"ZRuntimeResourceID","value":{"resource":"00DDE11BA96679A4","flag":"5F"}},"Texture2D_01_enab":{"type":"bool","value":true},"Diffuse_Color_01_Value":{"type":"SColorRGB","value":"#2e2e2e"},"ConstantVector1D_05_Value":{"type":"float32","value":1.149999976158142},"Texture2DNormal_01_enab":{"type":"bool","value":true},"ConstantVector1D_01_Value_op":{"type":"IRenderMaterialEntity.EModifierOperation","value":"eReplace"},"ConstantVector1D_04_Value":{"type":"float32","value":0.07000000029802322},"Texture2DNormal_01":{"type":"ZRuntimeResourceID","value":{"resource":"00711ED0095BD8AA","flag":"5F"}},"Clients":{"type":"TArray<SEntityTemplateReference>","value":["17f2d1ba425a4567"],"postInit":true},"m_eidParent":{"type":"SEntityTemplateReference","value":"17f2d1ba425a4567","postInit":true}}},"feed755d00bb7034":{"parent":"17f2d1ba425a4567","name":"Hands","factory":"009A6D9F7927FB89","blueprint":"00F49463DEA8D412","properties":{"m_pMeshResource":{"type":"ZRuntimeResourceID","value":{"resource":"0070301E8B8C1CC9","flag":"5F"}}}},"feed09f776be4bda":{"parent":"17f2d1ba425a4567","name":"Lerp_Pants_Diffuse","factory":"[modules:/zmathlerp.class].pc_entitytype","blueprint":"[modules:/zmathlerp.class].pc_entityblueprint","properties":{"m_A":{"type":"float32","value":0.3799999952316284},"m_fT":{"type":"float32","value":0},"m_B":{"type":"float32","value":0.30000001192092896}},"events":{"Lerp":{"ConstantVector1D_01_Value":["e1c6b646825bece8"]}}},"feedc55c003e7ff8":{"parent":"17f2d1ba425a4567","name":"Lerp_Pants_Normal_Bump","factory":"[modules:/zmathlerp.class].pc_entitytype","blueprint":"[modules:/zmathlerp.class].pc_entityblueprint","properties":{"m_A":{"type":"float32","value":1},"m_fT":{"type":"float32","value":0},"m_B":{"type":"float32","value":2.0399999618530273}},"events":{"Lerp":{"ConstantVector1D_06_Value":["e1c6b646825bece8"]}}},"feed6fed9d01d947":{"parent":"17f2d1ba425a4567","name":"Lerp_Gloves_Spec","factory":"[modules:/zmathlerp.class].pc_entitytype","blueprint":"[modules:/zmathlerp.class].pc_entityblueprint","properties":{"m_A":{"type":"float32","value":0},"m_B":{"type":"float32","value":0.2199999988079071},"m_fT":{"type":"float32","value":0}},"events":{"Lerp":{"ConstantVector1D_14_Value":["e1c6b646825bece8"]}}}},"propertyOverrides":[],"overrideDeletes":[],"pinConnectionOverrides":[],"pinConnectionOverrideDeletes":[],"externalScenes":[],"subType":"template","quickEntityVersion":3.1,"extraFactoryDependencies":[{"resource":"007D850436B0A092","flag":"5F"},{"resource":"00D247582859CA87","flag":"5F"},{"resource":"00D20CA72E352D16","flag":"5F"},{"resource":"[assembly:/_pro/characters/assets/guards/colorado/militia_elite/textures/male_reg_militia_elite_shoes.texture?/normal_a.tex](asnormalmap).pc_tex","flag":"5F"},{"resource":"[assembly:/_pro/characters/assets/guards/colorado/militia_elite/textures/male_reg_militia_elite_shoes.texture?/specular_a.tex](ascolormap).pc_tex","flag":"5F"},{"resource":"[assembly:/_pro/characters/assets/guards/colorado/militia_elite/textures/male_reg_militia_elite_shoes.texture?/diffuse_a.tex](ascolormap).pc_tex","flag":"5F"},{"resource":"001060B9DDD6BF96","flag":"5F"},{"resource":"[assembly:/_pro/characters/assets/individuals/paris/max_decker/textures/male_reg_maxdecker_02_jacket_01.texture?/normal_a.tex](asnormalmap).pc_tex","flag":"5F"},{"resource":"[assembly:/_pro/characters/assets/individuals/paris/max_decker/textures/male_reg_maxdecker_02_jacket_01.texture?/specular_a.tex](ascolormap).pc_tex","flag":"5F"},{"resource":"[assembly:/_pro/characters/assets/individuals/paris/max_decker/textures/male_reg_maxdecker_02_jacket_01.texture?/diffuse_a.tex](ascolormap).pc_tex","flag":"5F"},{"resource":"[assembly:/_pro/characters/assets/hero/agent47/textures/agent47_gloves_white.texture?/normal_a.tex](asnormalmap).pc_tex","flag":"5F"},{"resource":"[assembly:/_pro/characters/assets/hero/agent47/textures/agent47_gloves_white.texture?/specular_a.tex](ascolormap).pc_tex","flag":"5F"},{"resource":"[assembly:/_pro/characters/assets/hero/agent47/textures/agent47_gloves_white.texture?/diffuse_a.tex](ascolormap).pc_tex","flag":"5F"},{"resource":"00011DE6E784E34C","flag":"5F"},{"resource":"[assembly:/_pro/characters/assets/_genericparts/male/casual_01/textures/male_casual_01_hoody_01.texture?/specular_a.tex](ascolormap).pc_tex","flag":"5F"},{"resource":"[assembly:/_pro/characters/assets/_genericparts/male/casual_01/textures/male_casual_01_hoody_01.texture?/normal_a.tex](asnormalmap).pc_tex","flag":"5F"},{"resource":"001EE759F57B6DCE","flag":"5F"},{"resource":"0051A1136DC9485E","flag":"5F"},{"resource":"[assembly:/_pro/characters/assets/_apparel/accessories/masks/geometry/masks_face_plain.wl2?/mask_bunny_skull.prim].pc_prim","flag":"5F"}],"extraBlueprintDependencies":[],"comments":[]}