{"tempHash":"00464BEA21FDB5A8","tbluHash":"00F9428E99F82431","patch":[{"SubEntityOperation":["f7680860f8469d67",{"SetName":"Mesh_Shoes01"}]},{"SubEntityOperation":["f7680860f8469d67",{"SetFactory":"[modules:/zbodypartentity.class].pc_entitytype"}]},{"SubEntityOperation":["f7680860f8469d67",{"SetBlueprint":"[modules:/zbodypartentity.class].pc_entityblueprint"}]},{"SubEntityOperation":["f7680860f8469d67",{"AddProperty":["m_pMeshResource",{"type":"ZRuntimeResourceID","value":{"resource":"00C536224D4F37E1","flag":"5F"}}]}]},{"SubEntityOperation":["f7680860f8469d67",{"AddInputCopyConnection":["ConstantVector1D_04_Value","ConstantVector1D_04_Value","feed50a92247bfcf"]}]},{"SubEntityOperation":["a7cbd4a980a22e76",{"AddEventConnection":["HitmanWetness","T","feed4178ecdcc613"]}]},{"AddEntity":["feed50a92247bfcf",{"parent":"f7680860f8469d67","name":"male_reg_bangkok_hotelsecurity_shoes","factory":"[assembly:/_pro/characters/assets/guards/bangkok/hotel_security/materials/male_reg_bangkok_hotelsecurity_shoes.mi].pc_entitytype","blueprint":"[assembly:/_pro/characters/assets/guards/bangkok/hotel_security/materials/male_reg_bangkok_hotelsecurity_shoes.mi].pc_entityblueprint","properties":{"m_mTransform":{"type":"SMatrix43","value":{"rotation":{"x":0,"y":0,"z":0},"position":{"x":0,"y":0,"z":0}}},"ConstantVector1D_05_Value_op":{"type":"IRenderMaterialEntity.EModifierOperation","value":"eReplace"},"ConstantVector1D_05_Value":{"type":"float32","value":0.5099999904632568},"Texture2D_01_enab":{"type":"bool","value":true},"Texture2D_01":{"type":"ZRuntimeResourceID","value":{"resource":"0056D10B3D6AFAD8","flag":"5F"}},"Texture2DNormal_01_enab":{"type":"bool","value":true},"Texture2DNormal_01":{"type":"ZRuntimeResourceID","value":{"resource":"0012B1C58624FB9D","flag":"5F"}},"Texture2D_03_enab":{"type":"bool","value":true},"Texture2D_03":{"type":"ZRuntimeResourceID","value":{"resource":"0066A12C24F2E2F9","flag":"5F"}},"ConstantVector1D_04_Value_op":{"type":"IRenderMaterialEntity.EModifierOperation","value":"eReplace"},"Clients":{"type":"TArray<SEntityTemplateReference>","value":["f7680860f8469d67"],"postInit":true},"m_eidParent":{"type":"SEntityTemplateReference","value":"3a410a31037bec5a","postInit":true}}}]},{"AddEntity":["feed4178ecdcc613",{"parent":"3a410a31037bec5a","name":"Lerp 1","factory":"[modules:/zmathlerp.class].pc_entitytype","blueprint":"[modules:/zmathlerp.class].pc_entityblueprint","properties":{"m_B":{"type":"float32","value":0.30000001192092896},"m_fT":{"type":"float32","value":0}},"events":{"Lerp":{"ConstantVector1D_04_Value":["f7680860f8469d67"]}}}]}],"patchVersion":6}