{"tempHash":"00E41486308B3E90","tbluHash":"00CE994AF26EEFFB","rootEntity":"d724e556776e18b9","entities":{"b6ede65ce28adcdf":{"parent":"89dae4e0fa10db47","name":"C_Pelvis_R","factory":"[assembly:/templates/aspectdummy.aspect]([modules:/zclothsphere.class].entitytype,[modules:/zboneattachaspect.class].entitytype).pc_entitytype","blueprint":"[assembly:/templates/aspectdummy.aspect]([modules:/zclothsphere.class].entitytype,[modules:/zboneattachaspect.class].entitytype).pc_entityblueprint","properties":{"m_fRadius":{"type":"float32","value":0.12999999523162842},"m_BoneName":{"type":"ZString","value":"Pelvis"},"m_mTransform":{"type":"SMatrix43","value":{"rotation":{"x":-0.031283493924624796,"y":0,"z":0.06560368507113776},"position":{"x":0.03649400174617767,"y":0.01624700054526329,"z":-0.06559299677610397},"scale":{"x":0.9999992844680756,"y":0.9999995825841027,"z":1.000000298116027}}},"m_bEnabled":{"type":"bool","value":true},"m_eidParent":{"type":"SEntityTemplateReference","value":"89dae4e0fa10db47","postInit":true}}},"a285ee137c27b08b":{"parent":"d724e556776e18b9","name":"Socks_Ankle_Cut_Shoe","factory":"00C50F4D59B78463","blueprint":"0060BDFBAAFA9324","properties":{"Diffuse_Color_01_Value":{"type":"SColorRGB","value":"#3d3d3d"}}},"52b375ecfbab3e3":{"parent":"89dae4e0fa10db47","name":"C_Spine1_R","factory":"[assembly:/templates/aspectdummy.aspect]([modules:/zclothsphere.class].entitytype,[modules:/zboneattachaspect.class].entitytype).pc_entitytype","blueprint":"[assembly:/templates/aspectdummy.aspect]([modules:/zclothsphere.class].entitytype,[modules:/zboneattachaspect.class].entitytype).pc_entityblueprint","properties":{"m_BoneName":{"type":"ZString","value":"Spine1"},"m_linkedEntity":{"type":"SEntityTemplateReference","value":null},"m_fRadius":{"type":"float32","value":0.11699999868869781},"m_mTransform":{"type":"SMatrix43","value":{"rotation":{"x":-0.041940502303290966,"y":0,"z":0.055978041578709774},"position":{"x":-0.030827999114990234,"y":0.03131699934601784,"z":-0.03530000150203705},"scale":{"x":1.000000954528978,"y":0.9999994637960617,"z":1.0000005358239794}}},"m_bEnabled":{"type":"bool","value":true},"m_eidParent":{"type":"SEntityTemplateReference","value":"89dae4e0fa10db47","postInit":true}}},"21951e0a8abbf01c":{"parent":"89dae4e0fa10db47","name":"ColliderGroup","factory":"[modules:/zclothcollidergroup.class].pc_entitytype","blueprint":"[modules:/zclothcollidergroup.class].pc_entityblueprint","properties":{"m_ClothColliders":{"type":"TArray<SEntityTemplateReference>","value":["2b1d5a5d3304e2a8","f1648c8187773bc3","67544a221606673c","49733117627bede4"],"postInit":true},"m_eidParent":{"type":"SEntityTemplateReference","value":"89dae4e0fa10db47","postInit":true}}},"e9148f9edd1ec4bd":{"parent":"e0941b5efc77105e","name":"male_reg_head_47_s3","factory":"00DC32666D040183","blueprint":"006CBC65369AB8B7","properties":{"m_mTransform":{"type":"SMatrix43","value":{"rotation":{"x":0,"y":0,"z":0},"position":{"x":0,"y":0,"z":0}}},"ConstantColorRGB_01_Value_op":{"type":"IRenderMaterialEntity.EModifierOperation","value":"eReplace"},"Texture2D_01_enab":{"type":"bool","value":true},"Texture2D_01":{"type":"ZRuntimeResourceID","value":{"resource":"0080702D8550C14E","flag":"5F"}},"Texture2D_03_enab":{"type":"bool","value":true},"Texture2D_03":{"type":"ZRuntimeResourceID","value":{"resource":"0004C6660AAAA834","flag":"5F"}},"ConstantColorRGB_01_Value":{"type":"SColorRGB","value":"#d9d4d2"},"Clients":{"type":"TArray<SEntityTemplateReference>","value":["e0941b5efc77105e"],"postInit":true},"m_eidParent":{"type":"SEntityTemplateReference","value":"d724e556776e18b9","postInit":true}}},"df587af37704279f":{"parent":"e0941b5efc77105e","name":"fem_reg_diana_season2_cinematic_brows","factory":"[assembly:/_pro/characters/assets/individuals/diana_burnwood/materials/fem_reg_diana_season2_cinematic_brows.mi].pc_entitytype","blueprint":"[assembly:/_pro/characters/assets/individuals/diana_burnwood/materials/fem_reg_diana_season2_cinematic_brows.mi].pc_entityblueprint","properties":{"ConstantVector1D_01_Value_op":{"type":"IRenderMaterialEntity.EModifierOperation","value":"eReplace"},"ConstantVector1D_01_Value":{"type":"float32","value":1},"Texture2D_01_enab":{"type":"bool","value":true},"Texture2D_01":{"type":"ZRuntimeResourceID","value":{"resource":"00EA455CAE6342E8","flag":"5F"}},"ConstantVector1D_03_Value_op":{"type":"IRenderMaterialEntity.EModifierOperation","value":"eReplace"},"ConstantVector1D_03_Value":{"type":"float32","value":0},"ConstantVector1D_05_Value_op":{"type":"IRenderMaterialEntity.EModifierOperation","value":"eReplace"},"ConstantVector1D_05_Value":{"type":"float32","value":0},"Clients":{"type":"TArray<SEntityTemplateReference>","value":["e0941b5efc77105e"],"postInit":true},"m_eidParent":{"type":"SEntityTemplateReference","value":"d724e556776e18b9","postInit":true}}},"67544a221606673c":{"parent":"89dae4e0fa10db47","name":"CChain_Spine_L","factory":"[modules:/zclothspherechain.class].pc_entitytype","blueprint":"[modules:/zclothspherechain.class].pc_entityblueprint","properties":{"m_mTransform":{"type":"SMatrix43","value":{"rotation":{"x":0,"y":0,"z":0},"position":{"x":-1.290655973207322e-7,"y":2.171457902377938e-9,"z":0}}},"m_Spheres":{"type":"TArray<SEntityTemplateReference>","value":["35241fb0d6724891","31f401ccdc596e75","878da7e8cb827d3e"],"postInit":true},"m_eidParent":{"type":"SEntityTemplateReference","value":"89dae4e0fa10db47","postInit":true}}},"b80a3c51895cc75f":{"parent":"d724e556776e18b9","name":"FX_Hitman_Wet_Logic_Character","factory":"0067CFB703A80787","blueprint":"00AA88C960CD2080","properties":{"HeadMaterialToOverride":{"type":"ZRuntimeResourceID","value":{"resource":"009F7978C601815A","flag":"5F"}},"HeadMaterialOverride":{"type":"TArray<SEntityTemplateReference>","value":["d724e556776e18b9"],"postInit":true}},"events":{"HitmanWetness":{"T":["612cf017df222303","d784b54370f7c944","1d31e03e23f6a2a0","90452cb3c45f180a","96481ae220ea463e","52efdeb9b1d02fb"]},"ChangedDisguiseTrigger":{"Activate":["851d41b23f1c4277"]}}},"d784b54370f7c944":{"parent":"d724e556776e18b9","name":"Lerp 2","factory":"[modules:/zmathlerp.class].pc_entitytype","blueprint":"[modules:/zmathlerp.class].pc_entityblueprint","properties":{"m_A":{"type":"float32","value":1},"m_B":{"type":"float32","value":2},"m_fT":{"type":"float32","value":0}},"events":{"Lerp":{"ConstantVector1D_06_Value":["10f4e7d86ac50a33","851d41b23f1c4277","8610adee140ea6e"]}}},"ba85725bfd531eb7":{"parent":"47d253605e6cb151","name":"male_reg_dress_shirt_buttoned_up_01","factory":"00D3DD963A6AF70D","blueprint":"0076BDBA804A2941","properties":{"ConstantVector1D_01_Value_op":{"type":"IRenderMaterialEntity.EModifierOperation","value":"eReplace"},"ConstantVector1D_01_Value":{"type":"float32","value":0.4000000059604645},"Texture2D_01_enab":{"type":"bool","value":true},"Texture2D_03":{"type":"ZRuntimeResourceID","value":{"resource":"00F706AFA4C91DA6","flag":"5F"}},"Texture2D_03_enab":{"type":"bool","value":true},"Texture2D_01":{"type":"ZRuntimeResourceID","value":{"resource":"00D29DAF1D8A2E33","flag":"5F"}},"ConstantVector1D_13_Value_op":{"type":"IRenderMaterialEntity.EModifierOperation","value":"eReplace"},"ConstantVector1D_13_Value":{"type":"float32","value":0},"ConstantVector1D_16_Value_op":{"type":"IRenderMaterialEntity.EModifierOperation","value":"eReplace"},"ConstantVector1D_16_Value":{"type":"float32","value":1},"Diffuse_Color_01_Value_op":{"type":"IRenderMaterialEntity.EModifierOperation","value":"eReplace"},"ConstantVector1D_14_Value_op":{"type":"IRenderMaterialEntity.EModifierOperation","value":"eReplace"},"ConstantVector1D_06_Value_op":{"type":"IRenderMaterialEntity.EModifierOperation","value":"eReplace"},"Diffuse_Color_01_Value":{"type":"SColorRGB","value":"#ffffff"},"Clients":{"type":"TArray<SEntityTemplateReference>","value":["47d253605e6cb151"],"postInit":true},"m_eidParent":{"type":"SEntityTemplateReference","value":"d724e556776e18b9","postInit":true}}},"f0f6aed87a677c30":{"parent":"89dae4e0fa10db47","name":"C_Palm_L","factory":"[assembly:/templates/aspectdummy.aspect]([modules:/zclothsphere.class].entitytype,[modules:/zboneattachaspect.class].entitytype).pc_entitytype","blueprint":"[assembly:/templates/aspectdummy.aspect]([modules:/zclothsphere.class].entitytype,[modules:/zboneattachaspect.class].entitytype).pc_entityblueprint","properties":{"m_BoneName":{"type":"ZString","value":"L_Hand"},"m_linkedEntity":{"type":"SEntityTemplateReference","value":null},"m_fRadius":{"type":"float32","value":0.07000000029802322},"m_mTransform":{"type":"SMatrix43","value":{"rotation":{"x":0,"y":0,"z":0},"position":{"x":0.10000000149011612,"y":0,"z":0}}},"m_bEnabled":{"type":"bool","value":true},"m_eidParent":{"type":"SEntityTemplateReference","value":"89dae4e0fa10db47","postInit":true}}},"31f401ccdc596e75":{"parent":"89dae4e0fa10db47","name":"C_Spine1_L","factory":"[assembly:/templates/aspectdummy.aspect]([modules:/zclothsphere.class].entitytype,[modules:/zboneattachaspect.class].entitytype).pc_entitytype","blueprint":"[assembly:/templates/aspectdummy.aspect]([modules:/zclothsphere.class].entitytype,[modules:/zboneattachaspect.class].entitytype).pc_entityblueprint","properties":{"m_BoneName":{"type":"ZString","value":"Spine1"},"m_linkedEntity":{"type":"SEntityTemplateReference","value":null},"m_fRadius":{"type":"float32","value":0.11699999868869781},"m_mTransform":{"type":"SMatrix43","value":{"rotation":{"x":0,"y":0,"z":0},"position":{"x":-0.03165699914097786,"y":0.02728099934756756,"z":0.04916999861598015}}},"m_bEnabled":{"type":"bool","value":true},"m_eidParent":{"type":"SEntityTemplateReference","value":"89dae4e0fa10db47","postInit":true}}},"d636b78c9f59ee6e":{"parent":"47d253605e6cb151","name":"male_reg_dress_shirt_long_sleeve_01","factory":"008F3CBB410A44C6","blueprint":"00789AC05E51C0A9","properties":{"m_mTransform":{"type":"SMatrix43","value":{"rotation":{"x":0,"y":0,"z":0},"position":{"x":0,"y":0,"z":0}}},"ConstantVector1D_01_Value_op":{"type":"IRenderMaterialEntity.EModifierOperation","value":"eReplace"},"Diffuse_Color_01_Value_op":{"type":"IRenderMaterialEntity.EModifierOperation","value":"eReplace"},"ConstantVector1D_14_Value_op":{"type":"IRenderMaterialEntity.EModifierOperation","value":"eReplace"},"ConstantVector1D_06_Value_op":{"type":"IRenderMaterialEntity.EModifierOperation","value":"eReplace"},"Texture2D_01_enab":{"type":"bool","value":true},"Texture2D_01":{"type":"ZRuntimeResourceID","value":{"resource":"0094AF12F8DAC135","flag":"5F"}},"ConstantVector1D_15_Value_op":{"type":"IRenderMaterialEntity.EModifierOperation","value":"eReplace"},"ConstantVector1D_15_Value":{"type":"float32","value":1},"Texture2D_03_enab":{"type":"bool","value":true},"Texture2D_03":{"type":"ZRuntimeResourceID","value":{"resource":"00075C4708CD2729","flag":"5F"}},"Diffuse_Color_01_Value":{"type":"SColorRGB","value":"#ffffff"},"ConstantVector1D_01_Value":{"type":"float32","value":0.4000000059604645},"Clients":{"type":"TArray<SEntityTemplateReference>","value":["47d253605e6cb151"],"postInit":true},"m_eidParent":{"type":"SEntityTemplateReference","value":"d724e556776e18b9","postInit":true}}},"7505d66836e6d016":{"parent":"89dae4e0fa10db47","name":"C_Neck","factory":"[assembly:/templates/aspectdummy.aspect]([modules:/zclothsphere.class].entitytype,[modules:/zboneattachaspect.class].entitytype).pc_entitytype","blueprint":"[assembly:/templates/aspectdummy.aspect]([modules:/zclothsphere.class].entitytype,[modules:/zboneattachaspect.class].entitytype).pc_entityblueprint","properties":{"m_BoneName":{"type":"ZString","value":"Neck"},"m_linkedEntity":{"type":"SEntityTemplateReference","value":null},"m_fRadius":{"type":"float32","value":0.08500000089406967},"m_mTransform":{"type":"SMatrix43","value":{"rotation":{"x":0,"y":0,"z":0},"position":{"x":0,"y":0,"z":0}}},"m_bEnabled":{"type":"bool","value":true},"m_eidParent":{"type":"SEntityTemplateReference","value":"89dae4e0fa10db47","postInit":true}}},"96f597d265942022":{"parent":"e0941b5efc77105e","name":"male_reg_eyelashes","factory":"00AF6FD15BFAC222","blueprint":"00926F11E3C00813","properties":{"ConstantVector1D_03_Value":{"type":"float32","value":1.5},"ConstantVector1D_03_Value_op":{"type":"IRenderMaterialEntity.EModifierOperation","value":"eReplace"},"Active":{"type":"bool","value":true},"ConstantVector1D_16_Value_op":{"type":"IRenderMaterialEntity.EModifierOperation","value":"eReplace"},"ConstantVector1D_16_Value":{"type":"float32","value":2},"Clients":{"type":"TArray<SEntityTemplateReference>","value":["e0941b5efc77105e"],"postInit":true},"m_eidParent":{"type":"SEntityTemplateReference","value":"d724e556776e18b9","postInit":true}}},"20a93f7e3009a4df":{"parent":"89dae4e0fa10db47","name":"C_Forearm_L","factory":"[assembly:/templates/aspectdummy.aspect]([modules:/zclothsphere.class].entitytype,[modules:/zboneattachaspect.class].entitytype).pc_entitytype","blueprint":"[assembly:/templates/aspectdummy.aspect]([modules:/zclothsphere.class].entitytype,[modules:/zboneattachaspect.class].entitytype).pc_entityblueprint","properties":{"m_BoneName":{"type":"ZString","value":"L_Forearm"},"m_linkedEntity":{"type":"SEntityTemplateReference","value":null},"m_fRadius":{"type":"float32","value":0.07000000029802322},"m_mTransform":{"type":"SMatrix43","value":{"rotation":{"x":0,"y":0,"z":0},"position":{"x":0,"y":0,"z":0}}},"m_bEnabled":{"type":"bool","value":true},"m_eidParent":{"type":"SEntityTemplateReference","value":"89dae4e0fa10db47","postInit":true}}},"68f811423f275c79":{"parent":"47d253605e6cb151","name":"male_reg_philip_01_tie_01","factory":"[assembly:/_pro/characters/assets/individuals/paris/philip/materials/male_reg_philip_01_tie_01.mi].pc_entitytype","blueprint":"[assembly:/_pro/characters/assets/individuals/paris/philip/materials/male_reg_philip_01_tie_01.mi].pc_entityblueprint","properties":{"594659090":{"type":"bool","value":true},"Texture2D_03_enab":{"type":"bool","value":true},"Texture2D_03":{"type":"ZRuntimeResourceID","value":{"resource":"[assembly:/_pro/characters/assets/individuals/paris/philip/textures/male_reg_philip_01_tie_01.texture?/specular_f.tex](ascolormap).pc_tex","flag":"5F"}},"Texture2D_01_enab":{"type":"bool","value":true},"Texture2D_01":{"type":"ZRuntimeResourceID","value":{"resource":"[assembly:/_pro/characters/assets/individuals/paris/philip/textures/male_reg_philip_01_tie_01.texture?/diffuse_f.tex](ascolormap).pc_tex","flag":"5F"}},"ConstantColorRGB_05_Value_op":{"type":"IRenderMaterialEntity.EModifierOperation","value":"eReplace"},"ConstantColorRGB_05_Value":{"type":"SColorRGB","value":"#575757"},"ConstantVector1D_05_Value_op":{"type":"IRenderMaterialEntity.EModifierOperation","value":"eReplace"},"ConstantVector1D_04_Value_op":{"type":"IRenderMaterialEntity.EModifierOperation","value":"eReplace"},"ConstantVector1D_04_Value":{"type":"float32","value":0.10000000149011612},"ConstantVector1D_05_Value":{"type":"float32","value":1},"ConstantVector1D_09_Value_op":{"type":"IRenderMaterialEntity.EModifierOperation","value":"eReplace"},"ConstantVector1D_09_Value":{"type":"float32","value":0.10000000149011612},"ConstantVector1D_03_Value_op":{"type":"IRenderMaterialEntity.EModifierOperation","value":"eReplace"},"ConstantVector1D_03_Value":{"type":"float32","value":30},"Texture2DCompoundNormal_01":{"type":"ZRuntimeResourceID","value":{"resource":"[assembly:/_pro/environment/textures/constants/directional_a.texture?/normal_a.tex](ascompoundnormal).pc_tex","flag":"5F"}},"ConstantVector1D_07_Value_op":{"type":"IRenderMaterialEntity.EModifierOperation","value":"eReplace"},"ConstantVector1D_07_Value":{"type":"float32","value":0},"ConstantVector1D_08_Value_op":{"type":"IRenderMaterialEntity.EModifierOperation","value":"eReplace"},"ConstantVector1D_08_Value":{"type":"float32","value":0.25},"ConstantVector1D_06_Value_op":{"type":"IRenderMaterialEntity.EModifierOperation","value":"eReplace"},"ConstantColorRGB_02_Value_op":{"type":"IRenderMaterialEntity.EModifierOperation","value":"eReplace"},"ConstantColorRGB_02_Value":{"type":"SColorRGB","value":"#575757"},"ConstantVector1D_01_Value_op":{"type":"IRenderMaterialEntity.EModifierOperation","value":"eReplace"},"ConstantVector1D_01_Value":{"type":"float32","value":2},"Texture2DNormal_01_enab":{"type":"bool","value":true},"Texture2DNormal_01":{"type":"ZRuntimeResourceID","value":{"resource":"[assembly:/_pro/characters/assets/individuals/paris/philip/textures/male_reg_philip_01_tie_01.texture?/normal_a.tex](asnormalmap).pc_tex","flag":"5F"}},"Clients":{"type":"TArray<SEntityTemplateReference>","value":["47d253605e6cb151"],"postInit":true},"m_eidParent":{"type":"SEntityTemplateReference","value":"d724e556776e18b9","postInit":true}}},"1d31e03e23f6a2a0":{"parent":"d724e556776e18b9","name":"Lerp 5","factory":"[modules:/zmathlerp.class].pc_entitytype","blueprint":"[modules:/zmathlerp.class].pc_entityblueprint","properties":{"m_A":{"type":"float32","value":0.20000000298023224},"m_fT":{"type":"float32","value":0},"m_B":{"type":"float32","value":0.4000000059604645}},"events":{"Lerp":{"ConstantVector1D_14_Value":["851d41b23f1c4277","8610adee140ea6e"]}}},"2fb74a0b4ccad706":{"parent":"d724e556776e18b9","name":"ChildNetwork","factory":"[modules:/zchildnetworkentity.class].pc_entitytype","blueprint":"[modules:/zchildnetworkentity.class].pc_entityblueprint","properties":{"m_RuntimeNetworkResourceID":{"type":"ZRuntimeResourceID","value":{"resource":"[assembly:/animationnetworks/hitman01/idles/suitidle.aln].pc_rtn","flag":"9F"}}}},"d724e556776e18b9":{"parent":null,"name":"OUTFIT_Agent47_SignatureSuit_Evergreen_Bloody_HeroA_V0","factory":"[assembly:/templates/aspectdummy.aspect]([modules:/zlinkedproxyentity.class].entitytype,[modules:/zclothcharacterentity.class].entitytype,[modules:/zheroidlenetworkaspect.class].entitytype).pc_entitytype","blueprint":"[assembly:/templates/aspectdummy.aspect]([modules:/zlinkedproxyentity.class].entitytype,[modules:/zclothcharacterentity.class].entitytype,[modules:/zheroidlenetworkaspect.class].entitytype).pc_entityblueprint","properties":{"m_ResourceID":{"type":"ZRuntimeResourceID","value":null},"m_fLODScale":{"type":"float32","value":1},"m_mTransform":{"type":"SMatrix43","value":{"rotation":{"x":0,"y":0,"z":-35.19808955879886},"position":{"x":32.657470703125,"y":30.06719970703125,"z":0},"scale":{"x":0.9999997202605826,"y":0.9999997202605826,"z":1}}},"m_pBonesAndCollisionResource":{"type":"ZRuntimeResourceID","value":{"resource":"0017416135CF879C","flag":"5F"}},"m_bUsePerVertexStiffness":{"type":"bool","value":true},"m_LocalColliders":{"type":"TArray<SEntityTemplateReference>","value":[]},"m_bGlobalCollidersEnabled":{"type":"bool","value":false},"m_fDamping":{"type":"float32","value":1},"m_fBendStiffness":{"type":"float32","value":1},"m_bUsePerVertexDamping":{"type":"bool","value":true},"m_fShearStiffness":{"type":"float32","value":1},"m_bUseSkinningPosNormalConstrains":{"type":"bool","value":true},"m_bUseSkinningNegNormalConstrains":{"type":"bool","value":true},"m_nIterations":{"type":"uint32","value":2},"m_fFrequency":{"type":"float32","value":90},"m_vTranslationScale":{"type":"SVector3","value":{"x":0.10000000149011612,"y":0.10000000149011612,"z":0.10000000149011612}},"m_vGravity":{"type":"SVector3","value":{"x":0,"y":0,"z":-13}},"m_fLODOffset":{"type":"float32","value":100},"m_fDragConstant":{"type":"float32","value":1},"m_eStretchConstrainType":{"type":"EClothStretchConstrainType","value":"eClothBendConstrainType_LRA"},"m_fAngularVelocityThreshold":{"type":"float32","value":60},"m_eRootBone":{"type":"BoneId.Enum","value":"PELVIS"},"m_bEnableAngularVelocityScale":{"type":"bool","value":true},"m_eBendConstrainType":{"type":"EClothBendConstrainType","value":"eClothBendConstrainType_Triangle"},"m_pIdleAnimNetworkEntity":{"type":"SEntityTemplateReference","value":"2fb74a0b4ccad706"},"m_bRandomStartState":{"type":"bool","value":true},"m_fWindConstant":{"type":"float32","value":0.10000000149011612},"m_bSimulationEnabled":{"type":"bool","value":true},"m_aBodyParts":{"type":"TArray<SEntityTemplateReference>","value":["10f4e7d86ac50a33","328c2d8e50375188","2308079b2f0b4ad9","a285ee137c27b08b","35236b396efc924","47d253605e6cb151","e0941b5efc77105e"],"postInit":true}}},"823c2764c3582d33":{"parent":"89dae4e0fa10db47","name":"C_Head","factory":"[assembly:/templates/aspectdummy.aspect]([modules:/zclothsphere.class].entitytype,[modules:/zboneattachaspect.class].entitytype).pc_entitytype","blueprint":"[assembly:/templates/aspectdummy.aspect]([modules:/zclothsphere.class].entitytype,[modules:/zboneattachaspect.class].entitytype).pc_entityblueprint","properties":{"m_BoneName":{"type":"ZString","value":"Head"},"m_linkedEntity":{"type":"SEntityTemplateReference","value":null},"m_fRadius":{"type":"float32","value":0.125},"m_mTransform":{"type":"SMatrix43","value":{"rotation":{"x":0,"y":0,"z":0},"position":{"x":0.07091700285673141,"y":0.03724899888038635,"z":0}}},"m_bEnabled":{"type":"bool","value":true},"m_eidParent":{"type":"SEntityTemplateReference","value":"89dae4e0fa10db47","postInit":true}}},"a80ef0d0b00d510a":{"parent":"328c2d8e50375188","name":"male_reg_bangkok_hotelsecurity_shoes","factory":"[assembly:/_pro/characters/assets/guards/bangkok/hotel_security/materials/male_reg_bangkok_hotelsecurity_shoes.mi].pc_entitytype","blueprint":"[assembly:/_pro/characters/assets/guards/bangkok/hotel_security/materials/male_reg_bangkok_hotelsecurity_shoes.mi].pc_entityblueprint","properties":{"m_mTransform":{"type":"SMatrix43","value":{"rotation":{"x":0,"y":0,"z":0},"position":{"x":0,"y":0,"z":0}}},"ConstantVector1D_05_Value_op":{"type":"IRenderMaterialEntity.EModifierOperation","value":"eReplace"},"ConstantVector1D_05_Value":{"type":"float32","value":0.5099999904632568},"Texture2D_01_enab":{"type":"bool","value":true},"Texture2D_01":{"type":"ZRuntimeResourceID","value":{"resource":"0056D10B3D6AFAD8","flag":"5F"}},"Texture2DNormal_01_enab":{"type":"bool","value":true},"Texture2DNormal_01":{"type":"ZRuntimeResourceID","value":{"resource":"0012B1C58624FB9D","flag":"5F"}},"Texture2D_03_enab":{"type":"bool","value":true},"Texture2D_03":{"type":"ZRuntimeResourceID","value":{"resource":"0066A12C24F2E2F9","flag":"5F"}},"ConstantVector1D_04_Value_op":{"type":"IRenderMaterialEntity.EModifierOperation","value":"eReplace"},"m_eidParent":{"type":"SEntityTemplateReference","value":"d724e556776e18b9"},"Clients":{"type":"TArray<SEntityTemplateReference>","value":["328c2d8e50375188"],"postInit":true}}},"6182d81296adfa95":{"parent":"10f4e7d86ac50a33","name":"male_reg_suit_pants_01","factory":"0074A1B094FC4120","blueprint":"0007754D66EDCF32","properties":{"m_mTransform":{"type":"SMatrix43","value":{"rotation":{"x":0,"y":0,"z":0},"position":{"x":0,"y":0,"z":0}}},"ConstantVector1D_01_Value_op":{"type":"IRenderMaterialEntity.EModifierOperation","value":"eLeave"},"ConstantVector1D_01_Value":{"type":"float32","value":0.20000000298023224},"Active":{"type":"bool","value":true},"ConstantVector1D_16_Value_op":{"type":"IRenderMaterialEntity.EModifierOperation","value":"eReplace"},"ConstantVector1D_16_Value":{"type":"float32","value":0.5},"ConstantVector1D_03_Value_op":{"type":"IRenderMaterialEntity.EModifierOperation","value":"eReplace"},"ConstantVector1D_03_Value":{"type":"float32","value":2},"ConstantVector1D_14_Value_op":{"type":"IRenderMaterialEntity.EModifierOperation","value":"eReplace"},"ConstantVector1D_14_Value":{"type":"float32","value":0.05000000074505806},"Texture2D_01_enab":{"type":"bool","value":true},"Texture2D_01":{"type":"ZRuntimeResourceID","value":{"resource":"00AF802D36A4241A","flag":"5F"}},"Diffuse_Color_01_Value_op":{"type":"IRenderMaterialEntity.EModifierOperation","value":"eReplace"},"Diffuse_Color_01_Value":{"type":"SColorRGB","value":"#1f1f1f"},"ConstantVector1D_13_Value_op":{"type":"IRenderMaterialEntity.EModifierOperation","value":"eReplace"},"ConstantVector1D_13_Value":{"type":"float32","value":0},"Texture2D_03_enab":{"type":"bool","value":true},"ConstantVector1D_15_Value_op":{"type":"IRenderMaterialEntity.EModifierOperation","value":"eReplace"},"ConstantVector1D_15_Value":{"type":"float32","value":7},"ConstantVector1D_06_Value_op":{"type":"IRenderMaterialEntity.EModifierOperation","value":"eReplace"},"m_eidParent":{"type":"SEntityTemplateReference","value":"d724e556776e18b9"},"Clients":{"type":"TArray<SEntityTemplateReference>","value":["10f4e7d86ac50a33"],"postInit":true}}},"3d5afcd301de7151":{"parent":"89dae4e0fa10db47","name":"C_Spine_R","factory":"[assembly:/templates/aspectdummy.aspect]([modules:/zclothsphere.class].entitytype,[modules:/zboneattachaspect.class].entitytype).pc_entitytype","blueprint":"[assembly:/templates/aspectdummy.aspect]([modules:/zclothsphere.class].entitytype,[modules:/zboneattachaspect.class].entitytype).pc_entityblueprint","properties":{"m_BoneName":{"type":"ZString","value":"Spine"},"m_linkedEntity":{"type":"SEntityTemplateReference","value":null},"m_fRadius":{"type":"float32","value":0.11999999731779099},"m_mTransform":{"type":"SMatrix43","value":{"rotation":{"x":0,"y":-0.027960334313977712,"z":0},"position":{"x":0.000018000000636675395,"y":0.022804999724030495,"z":-0.05074699968099594},"scale":{"x":1.0000002381439907,"y":1,"z":1.0000002381439907}}},"m_bEnabled":{"type":"bool","value":true},"m_bCollisionGroup0":{"type":"bool","value":true},"m_eidParent":{"type":"SEntityTemplateReference","value":"89dae4e0fa10db47","postInit":true}}},"f1648c8187773bc3":{"parent":"89dae4e0fa10db47","name":"CChain_Spine_R","factory":"[modules:/zclothspherechain.class].pc_entitytype","blueprint":"[modules:/zclothspherechain.class].pc_entityblueprint","properties":{"m_mTransform":{"type":"SMatrix43","value":{"rotation":{"x":0,"y":0,"z":0},"position":{"x":-1.290655973207322e-7,"y":2.171457902377938e-9,"z":0}}},"m_Spheres":{"type":"TArray<SEntityTemplateReference>","value":["3d5afcd301de7151","52b375ecfbab3e3","2b5c4d5aba34117b"],"postInit":true},"m_eidParent":{"type":"SEntityTemplateReference","value":"89dae4e0fa10db47","postInit":true}}},"6f4854527940d3f5":{"parent":"47d253605e6cb151","name":"Agent47_S2_Suit_Mesh","factory":"[assembly:/templates/aspectdummy.aspect]([modules:/zbodypartentity.class].entitytype,[modules:/zclothcollidergroupaspect.class].entitytype).pc_entitytype","blueprint":"[assembly:/templates/aspectdummy.aspect]([modules:/zbodypartentity.class].entitytype,[modules:/zclothcollidergroupaspect.class].entitytype).pc_entityblueprint","properties":{"m_pMeshResource":{"type":"ZRuntimeResourceID","value":{"resource":"00C32AB85F240E67","flag":"5F"}},"m_ClothColliders":{"type":"TArray<SEntityTemplateReference>","value":["89dae4e0fa10db47"],"postInit":true}}},"8a04acbd4aae9230":{"parent":"89dae4e0fa10db47","name":"C_Forearm_R","factory":"[assembly:/templates/aspectdummy.aspect]([modules:/zclothsphere.class].entitytype,[modules:/zboneattachaspect.class].entitytype).pc_entitytype","blueprint":"[assembly:/templates/aspectdummy.aspect]([modules:/zclothsphere.class].entitytype,[modules:/zboneattachaspect.class].entitytype).pc_entityblueprint","properties":{"m_BoneName":{"type":"ZString","value":"R_Forearm"},"m_linkedEntity":{"type":"SEntityTemplateReference","value":null},"m_fRadius":{"type":"float32","value":0.07000000029802322},"m_mTransform":{"type":"SMatrix43","value":{"rotation":{"x":0,"y":0,"z":0},"position":{"x":0,"y":0,"z":0}}},"m_bEnabled":{"type":"bool","value":true},"m_eidParent":{"type":"SEntityTemplateReference","value":"89dae4e0fa10db47","postInit":true}}},"58e26a07cfc71086":{"parent":"2308079b2f0b4ad9","name":"male_reg_belt_01","factory":"0043725859FC505F","blueprint":"0023812E573A1012","properties":{"m_mTransform":{"type":"SMatrix43","value":{"rotation":{"x":0,"y":0,"z":0},"position":{"x":0,"y":0,"z":0}}},"Diffuse_Saturation_01_Value_op":{"type":"IRenderMaterialEntity.EModifierOperation","value":"eReplace"},"Diffuse_Saturation_01_Value":{"type":"float32","value":0.10000000149011612},"ConstantVector1D_01_Value_op":{"type":"IRenderMaterialEntity.EModifierOperation","value":"eReplace"},"ConstantVector1D_01_Value":{"type":"float32","value":0.20000000298023224},"ConstantVector1D_04_Value_op":{"type":"IRenderMaterialEntity.EModifierOperation","value":"eReplace"},"m_eidParent":{"type":"SEntityTemplateReference","value":"d724e556776e18b9"},"Clients":{"type":"TArray<SEntityTemplateReference>","value":["2308079b2f0b4ad9"],"postInit":true}}},"2308079b2f0b4ad9":{"parent":"d724e556776e18b9","name":"Mesh_Belt","factory":"[modules:/zbodypartentity.class].pc_entitytype","blueprint":"[modules:/zbodypartentity.class].pc_entityblueprint","properties":{"m_pMeshResource":{"type":"ZRuntimeResourceID","value":{"resource":"00952E54D9CE47BA","flag":"5F"}}},"inputCopying":{"ConstantVector1D_04_Value":{"ConstantVector1D_04_Value":["58e26a07cfc71086"]}}},"6957b594bccf0930":{"parent":"89dae4e0fa10db47","name":"C_TighTop_L","factory":"[assembly:/templates/aspectdummy.aspect]([modules:/zclothsphere.class].entitytype,[modules:/zboneattachaspect.class].entitytype).pc_entitytype","blueprint":"[assembly:/templates/aspectdummy.aspect]([modules:/zclothsphere.class].entitytype,[modules:/zboneattachaspect.class].entitytype).pc_entityblueprint","properties":{"m_fRadius":{"type":"float32","value":0.14100000262260437},"m_BoneName":{"type":"ZString","value":"LThighTwist"},"m_linkedEntity":{"type":"SEntityTemplateReference","value":null},"m_mTransform":{"type":"SMatrix43","value":{"rotation":{"x":-0.027960337643270574,"y":0.0197670377025951,"z":0},"position":{"x":0.043779000639915466,"y":0.008338999934494495,"z":0.03589500114321709},"scale":{"x":1.0000001190250052,"y":1.0000002381439907,"z":1.0000003571689962}}},"m_eidParent":{"type":"SEntityTemplateReference","value":"89dae4e0fa10db47","postInit":true}}},"878da7e8cb827d3e":{"parent":"89dae4e0fa10db47","name":"C_Spine2_L","factory":"[assembly:/templates/aspectdummy.aspect]([modules:/zclothsphere.class].entitytype,[modules:/zboneattachaspect.class].entitytype).pc_entitytype","blueprint":"[assembly:/templates/aspectdummy.aspect]([modules:/zclothsphere.class].entitytype,[modules:/zboneattachaspect.class].entitytype).pc_entityblueprint","properties":{"m_BoneName":{"type":"ZString","value":"Spine2"},"m_linkedEntity":{"type":"SEntityTemplateReference","value":null},"m_fRadius":{"type":"float32","value":0.11999999731779099},"m_mTransform":{"type":"SMatrix43","value":{"rotation":{"x":0.034205576629592435,"y":0.002291830302742032,"z":7.746362404366631},"position":{"x":-0.03236699849367142,"y":0.043060000985860825,"z":0.040146999061107635},"scale":{"x":0.9999990772082341,"y":0.999999432017241,"z":1.0000003580090067}}},"m_bEnabled":{"type":"bool","value":true},"m_eidParent":{"type":"SEntityTemplateReference","value":"89dae4e0fa10db47","postInit":true}}},"cbf8659c1a68e52f":{"parent":"89dae4e0fa10db47","name":"C_Hand_R","factory":"[assembly:/templates/aspectdummy.aspect]([modules:/zclothsphere.class].entitytype,[modules:/zboneattachaspect.class].entitytype).pc_entitytype","blueprint":"[assembly:/templates/aspectdummy.aspect]([modules:/zclothsphere.class].entitytype,[modules:/zboneattachaspect.class].entitytype).pc_entityblueprint","properties":{"m_BoneName":{"type":"ZString","value":"R_Hand"},"m_linkedEntity":{"type":"SEntityTemplateReference","value":null},"m_fRadius":{"type":"float32","value":0.07000000029802322},"m_mTransform":{"type":"SMatrix43","value":{"rotation":{"x":0,"y":0,"z":0},"position":{"x":0,"y":0,"z":0}}},"m_bEnabled":{"type":"bool","value":true},"m_eidParent":{"type":"SEntityTemplateReference","value":"89dae4e0fa10db47","postInit":true}}},"c88e022cdc91fdf4":{"parent":"89dae4e0fa10db47","name":"C_UpperArm_L","factory":"[assembly:/templates/aspectdummy.aspect]([modules:/zclothsphere.class].entitytype,[modules:/zboneattachaspect.class].entitytype).pc_entitytype","blueprint":"[assembly:/templates/aspectdummy.aspect]([modules:/zclothsphere.class].entitytype,[modules:/zboneattachaspect.class].entitytype).pc_entityblueprint","properties":{"m_BoneName":{"type":"ZString","value":"L_UpperArm"},"m_linkedEntity":{"type":"SEntityTemplateReference","value":null},"m_fRadius":{"type":"float32","value":0.07999999821186066},"m_mTransform":{"type":"SMatrix43","value":{"rotation":{"x":0,"y":0,"z":0},"position":{"x":0,"y":0,"z":0}}},"m_bEnabled":{"type":"bool","value":true},"m_eidParent":{"type":"SEntityTemplateReference","value":"89dae4e0fa10db47","postInit":true}}},"1b27cef244c86cec":{"parent":"d724e556776e18b9","name":"ValueFloat_Basic","factory":"[assembly:/_pro/design/logic/valuefloat.template?/valuefloat_basic.entitytemplate].pc_entitytype","blueprint":"[assembly:/_pro/design/logic/valuefloat.template?/valuefloat_basic.entitytemplate].pc_entityblueprint","properties":{"m_fValue":{"type":"float32","value":0}},"events":{"OnValue":{"DebugWetness":["b80a3c51895cc75f"]}}},"56c1b1cf71ab95c3":{"parent":"89dae4e0fa10db47","name":"C_TighTop_R","factory":"[assembly:/templates/aspectdummy.aspect]([modules:/zclothsphere.class].entitytype,[modules:/zboneattachaspect.class].entitytype).pc_entitytype","blueprint":"[assembly:/templates/aspectdummy.aspect]([modules:/zclothsphere.class].entitytype,[modules:/zboneattachaspect.class].entitytype).pc_entityblueprint","properties":{"m_fRadius":{"type":"float32","value":0.14100000262260437},"m_BoneName":{"type":"ZString","value":"RThighTwist"},"m_linkedEntity":{"type":"SEntityTemplateReference","value":null},"m_mTransform":{"type":"SMatrix43","value":{"rotation":{"x":0,"y":0.027960334313977712,"z":0},"position":{"x":0.04392499849200249,"y":0.010266999714076519,"z":-0.03521699830889702},"scale":{"x":1.0000002381439907,"y":1,"z":1.0000002381439907}}},"m_eidParent":{"type":"SEntityTemplateReference","value":"89dae4e0fa10db47","postInit":true}}},"8610adee140ea6e":{"parent":"d724e556776e18b9","name":"male_reg_suit_jacket_01_open_01","factory":"000DD4F057304EFA","blueprint":"007FE3087CF99698","properties":{"Clients":{"type":"TArray<SEntityTemplateReference>","value":["d724e556776e18b9"]},"Active":{"type":"bool","value":true},"ConstantVector1D_06_Value_op":{"type":"IRenderMaterialEntity.EModifierOperation","value":"eReplace"},"ConstantVector1D_14_Value_op":{"type":"IRenderMaterialEntity.EModifierOperation","value":"eReplace"},"ConstantVector1D_20_Value_op":{"type":"IRenderMaterialEntity.EModifierOperation","value":"eReplace"},"m_mTransform":{"type":"SMatrix43","value":{"rotation":{"x":0,"y":0,"z":17.639867012108358},"position":{"x":-35.85575866699219,"y":13.451669692993164,"z":0.443340003490448},"scale":{"x":1.0000003681821887,"y":1.0000003681821887,"z":1}}},"ConstantVector1D_20_Value":{"type":"float32","value":0},"Diffuse_Color_01_Value_op":{"type":"IRenderMaterialEntity.EModifierOperation","value":"eReplace"},"ConstantVector1D_01_Value_op":{"type":"IRenderMaterialEntity.EModifierOperation","value":"eReplace"},"Texture2D_01":{"type":"ZRuntimeResourceID","value":{"resource":"0097C5A568D455AB","flag":"5F"}},"Texture2D_01_enab":{"type":"bool","value":true},"Diffuse_Saturation_01_Value_op":{"type":"IRenderMaterialEntity.EModifierOperation","value":"eReplace"},"Diffuse_Saturation_01_Value":{"type":"float32","value":1},"Texture2D_03_enab":{"type":"bool","value":true},"Texture2D_03":{"type":"ZRuntimeResourceID","value":{"resource":"004637A6E1D50A3F","flag":"5F"}},"Texture2DNormal_01_enab":{"type":"bool","value":true},"Texture2DNormal_01":{"type":"ZRuntimeResourceID","value":{"resource":"00E7794F49FB6254","flag":"5F"}},"m_eidParent":{"type":"SEntityTemplateReference","value":"d724e556776e18b9"}}},"55f01dbc002bb6c3":{"parent":"89dae4e0fa10db47","name":"C_TighMid_L","factory":"[assembly:/templates/aspectdummy.aspect]([modules:/zclothsphere.class].entitytype,[modules:/zboneattachaspect.class].entitytype).pc_entitytype","blueprint":"[assembly:/templates/aspectdummy.aspect]([modules:/zclothsphere.class].entitytype,[modules:/zboneattachaspect.class].entitytype).pc_entityblueprint","properties":{"m_fRadius":{"type":"float32","value":0.11500000208616257},"m_BoneName":{"type":"ZString","value":"LThighTwist1"},"m_linkedEntity":{"type":"SEntityTemplateReference","value":null},"m_mTransform":{"type":"SMatrix43","value":{"rotation":{"x":0,"y":0,"z":0},"position":{"x":0.05449200049042702,"y":0.016682999208569527,"z":0.012148999609053135}}},"m_bCollisionGroup0":{"type":"bool","value":true},"m_eidParent":{"type":"SEntityTemplateReference","value":"89dae4e0fa10db47","postInit":true}}},"6f9c3ceac0a4a76b":{"parent":"89dae4e0fa10db47","name":"C_Clavicle_L","factory":"[assembly:/templates/aspectdummy.aspect]([modules:/zclothsphere.class].entitytype,[modules:/zboneattachaspect.class].entitytype).pc_entitytype","blueprint":"[assembly:/templates/aspectdummy.aspect]([modules:/zclothsphere.class].entitytype,[modules:/zboneattachaspect.class].entitytype).pc_entityblueprint","properties":{"m_BoneName":{"type":"ZString","value":"L_Clavicle"},"m_linkedEntity":{"type":"SEntityTemplateReference","value":null},"m_fRadius":{"type":"float32","value":0.08500000089406967},"m_mTransform":{"type":"SMatrix43","value":{"rotation":{"x":0,"y":0,"z":0},"position":{"x":0,"y":0,"z":0}}},"m_bEnabled":{"type":"bool","value":true},"m_eidParent":{"type":"SEntityTemplateReference","value":"89dae4e0fa10db47","postInit":true}}},"49733117627bede4":{"parent":"89dae4e0fa10db47","name":"CChain_Neck_Arms","factory":"[modules:/zclothspherechain.class].pc_entitytype","blueprint":"[modules:/zclothspherechain.class].pc_entityblueprint","properties":{"m_mTransform":{"type":"SMatrix43","value":{"rotation":{"x":0,"y":0,"z":0},"position":{"x":-1.1920930376163597e-7,"y":0,"z":0}}},"m_bCollisionGroup0":{"type":"bool","value":true},"m_bEnabled":{"type":"bool","value":true},"m_Spheres":{"type":"TArray<SEntityTemplateReference>","value":["f0f6aed87a677c30","c1a47713fe36a02","20a93f7e3009a4df","c88e022cdc91fdf4","6f9c3ceac0a4a76b","823c2764c3582d33","7505d66836e6d016","bd1d05914dafd334","c079c9315bd6fb30","8a04acbd4aae9230","cbf8659c1a68e52f","6c5197b136d8b81a"],"postInit":true},"m_eidParent":{"type":"SEntityTemplateReference","value":"89dae4e0fa10db47","postInit":true}}},"96481ae220ea463e":{"parent":"d724e556776e18b9","name":"Lerp 4","factory":"[modules:/zmathlerp.class].pc_entitytype","blueprint":"[modules:/zmathlerp.class].pc_entityblueprint","properties":{"m_B":{"type":"float32","value":0.20000000298023224},"m_fT":{"type":"float32","value":0},"m_A":{"type":"float32","value":0.4000000059604645}}},"52efdeb9b1d02fb":{"parent":"d724e556776e18b9","name":"Lerp 6","factory":"[modules:/zmathlerp.class].pc_entitytype","blueprint":"[modules:/zmathlerp.class].pc_entityblueprint","properties":{"m_A":{"type":"float32","value":0.20000000298023224},"m_fT":{"type":"float32","value":0},"m_B":{"type":"float32","value":0.4000000059604645}}},"328c2d8e50375188":{"parent":"d724e556776e18b9","name":"Mesh_Shoes01","factory":"[modules:/zbodypartentity.class].pc_entitytype","blueprint":"[modules:/zbodypartentity.class].pc_entityblueprint","properties":{"m_pMeshResource":{"type":"ZRuntimeResourceID","value":{"resource":"00C536224D4F37E1","flag":"5F"}}},"inputCopying":{"ConstantVector1D_04_Value":{"ConstantVector1D_04_Value":["a80ef0d0b00d510a"]}}},"bd1d05914dafd334":{"parent":"89dae4e0fa10db47","name":"C_Clavicle_R","factory":"[assembly:/templates/aspectdummy.aspect]([modules:/zclothsphere.class].entitytype,[modules:/zboneattachaspect.class].entitytype).pc_entitytype","blueprint":"[assembly:/templates/aspectdummy.aspect]([modules:/zclothsphere.class].entitytype,[modules:/zboneattachaspect.class].entitytype).pc_entityblueprint","properties":{"m_BoneName":{"type":"ZString","value":"R_Clavicle"},"m_linkedEntity":{"type":"SEntityTemplateReference","value":null},"m_fRadius":{"type":"float32","value":0.08500000089406967},"m_mTransform":{"type":"SMatrix43","value":{"rotation":{"x":0,"y":0,"z":0},"position":{"x":0,"y":0,"z":0}}},"m_bEnabled":{"type":"bool","value":true},"m_eidParent":{"type":"SEntityTemplateReference","value":"89dae4e0fa10db47","postInit":true}}},"6c5197b136d8b81a":{"parent":"89dae4e0fa10db47","name":"C_Palm_R","factory":"[assembly:/templates/aspectdummy.aspect]([modules:/zclothsphere.class].entitytype,[modules:/zboneattachaspect.class].entitytype).pc_entitytype","blueprint":"[assembly:/templates/aspectdummy.aspect]([modules:/zclothsphere.class].entitytype,[modules:/zboneattachaspect.class].entitytype).pc_entityblueprint","properties":{"m_BoneName":{"type":"ZString","value":"R_Hand"},"m_linkedEntity":{"type":"SEntityTemplateReference","value":null},"m_fRadius":{"type":"float32","value":0.07000000029802322},"m_mTransform":{"type":"SMatrix43","value":{"rotation":{"x":0,"y":0,"z":0},"position":{"x":0.10000000149011612,"y":0,"z":0}}},"m_bEnabled":{"type":"bool","value":true},"m_eidParent":{"type":"SEntityTemplateReference","value":"89dae4e0fa10db47","postInit":true}}},"851c7ca3a25219fb":{"parent":"89dae4e0fa10db47","name":"C_Knee_R","factory":"[assembly:/templates/aspectdummy.aspect]([modules:/zclothsphere.class].entitytype,[modules:/zboneattachaspect.class].entitytype).pc_entitytype","blueprint":"[assembly:/templates/aspectdummy.aspect]([modules:/zclothsphere.class].entitytype,[modules:/zboneattachaspect.class].entitytype).pc_entityblueprint","properties":{"m_fRadius":{"type":"float32","value":0.10000000149011612},"m_BoneName":{"type":"ZString","value":"RThighTwist2"},"m_linkedEntity":{"type":"SEntityTemplateReference","value":null},"m_mTransform":{"type":"SMatrix43","value":{"rotation":{"x":0.01976704358638215,"y":0,"z":0},"position":{"x":0.12606200575828552,"y":-0.011234999634325504,"z":-0.0020119999535381794},"scale":{"x":1,"y":1.0000001190250052,"z":1.0000001190250052}}},"m_eidParent":{"type":"SEntityTemplateReference","value":"89dae4e0fa10db47","postInit":true}}},"612cf017df222303":{"parent":"d724e556776e18b9","name":"Lerp","factory":"[modules:/zmathlerp.class].pc_entitytype","blueprint":"[modules:/zmathlerp.class].pc_entityblueprint","properties":{"m_B":{"type":"float32","value":10},"m_fT":{"type":"float32","value":0},"m_A":{"type":"float32","value":20}}},"e2c18bf4d1d59e81":{"parent":"47d253605e6cb151","name":"buttons_01","factory":"[assembly:/_pro/characters/assets/_apparel/accessories/buttons/materials/buttons_01.mi].pc_entitytype","blueprint":"[assembly:/_pro/characters/assets/_apparel/accessories/buttons/materials/buttons_01.mi].pc_entityblueprint","properties":{"ConstantVector1D_01_Value_op":{"type":"IRenderMaterialEntity.EModifierOperation","value":"eReplace"},"ConstantVector1D_01_Value":{"type":"float32","value":0},"m_eidParent":{"type":"SEntityTemplateReference","value":"d724e556776e18b9"},"Clients":{"type":"TArray<SEntityTemplateReference>","value":["47d253605e6cb151"],"postInit":true}}},"98a7615a88b9bb30":{"parent":"89dae4e0fa10db47","name":"C_TighMid_R","factory":"[assembly:/templates/aspectdummy.aspect]([modules:/zclothsphere.class].entitytype,[modules:/zboneattachaspect.class].entitytype).pc_entitytype","blueprint":"[assembly:/templates/aspectdummy.aspect]([modules:/zclothsphere.class].entitytype,[modules:/zboneattachaspect.class].entitytype).pc_entityblueprint","properties":{"m_fRadius":{"type":"float32","value":0.11500000208616257},"m_BoneName":{"type":"ZString","value":"RThighTwist1"},"m_linkedEntity":{"type":"SEntityTemplateReference","value":null},"m_mTransform":{"type":"SMatrix43","value":{"rotation":{"x":0.013980169653958504,"y":0,"z":0},"position":{"x":0.054016001522541046,"y":0.009703000076115131,"z":-0.01396500039845705},"scale":{"x":1,"y":1.0000000595359977,"z":1.0000000595359977}}},"m_eidParent":{"type":"SEntityTemplateReference","value":"89dae4e0fa10db47","postInit":true}}},"63fa5a2b5fff3e53":{"parent":"89dae4e0fa10db47","name":"C_Knee_L","factory":"[assembly:/templates/aspectdummy.aspect]([modules:/zclothsphere.class].entitytype,[modules:/zboneattachaspect.class].entitytype).pc_entitytype","blueprint":"[assembly:/templates/aspectdummy.aspect]([modules:/zclothsphere.class].entitytype,[modules:/zboneattachaspect.class].entitytype).pc_entityblueprint","properties":{"m_fRadius":{"type":"float32","value":0.10000000149011612},"m_BoneName":{"type":"ZString","value":"LThighTwist2"},"m_linkedEntity":{"type":"SEntityTemplateReference","value":null},"m_mTransform":{"type":"SMatrix43","value":{"rotation":{"x":0,"y":0.019767042409995977,"z":0},"position":{"x":0.12600800395011902,"y":-0.011082000099122524,"z":-0.008000999689102173},"scale":{"x":1.0000001190250052,"y":1,"z":1.0000001190250052}}},"m_eidParent":{"type":"SEntityTemplateReference","value":"89dae4e0fa10db47","postInit":true}}},"c1a47713fe36a02":{"parent":"89dae4e0fa10db47","name":"C_Hand_L","factory":"[assembly:/templates/aspectdummy.aspect]([modules:/zclothsphere.class].entitytype,[modules:/zboneattachaspect.class].entitytype).pc_entitytype","blueprint":"[assembly:/templates/aspectdummy.aspect]([modules:/zclothsphere.class].entitytype,[modules:/zboneattachaspect.class].entitytype).pc_entityblueprint","properties":{"m_BoneName":{"type":"ZString","value":"L_Hand"},"m_linkedEntity":{"type":"SEntityTemplateReference","value":null},"m_fRadius":{"type":"float32","value":0.07000000029802322},"m_mTransform":{"type":"SMatrix43","value":{"rotation":{"x":0,"y":0,"z":0},"position":{"x":0,"y":0,"z":0}}},"m_bEnabled":{"type":"bool","value":true},"m_eidParent":{"type":"SEntityTemplateReference","value":"89dae4e0fa10db47","postInit":true}}},"d610be2a343746fc":{"parent":"e0941b5efc77105e","name":"Mesh","factory":"[assembly:/templates/aspectdummy.aspect]([modules:/zbodypartentity.class].entitytype,[modules:/zclothcollidergroupaspect.class].entitytype).pc_entitytype","blueprint":"[assembly:/templates/aspectdummy.aspect]([modules:/zbodypartentity.class].entitytype,[modules:/zclothcollidergroupaspect.class].entitytype).pc_entityblueprint","properties":{"m_pMeshResource":{"type":"ZRuntimeResourceID","value":{"resource":"006AA90A54C589B9","flag":"5F"}},"m_ClothColliders":{"type":"TArray<SEntityTemplateReference>","value":[]},"m_IsHiddenInVR":{"type":"bool","value":true}}},"a11fb45bb4b292b4":{"parent":"47d253605e6cb151","name":"buttons_03_shirt","factory":"[assembly:/_pro/characters/assets/_apparel/accessories/buttons/materials/buttons_03_shirt.mi].pc_entitytype","blueprint":"[assembly:/_pro/characters/assets/_apparel/accessories/buttons/materials/buttons_03_shirt.mi].pc_entityblueprint","properties":{"ConstantVector1D_01_Value_op":{"type":"IRenderMaterialEntity.EModifierOperation","value":"eReplace"},"ConstantVector1D_01_Value":{"type":"float32","value":0.5},"Diffuse_Saturation_01_Value_op":{"type":"IRenderMaterialEntity.EModifierOperation","value":"eReplace"},"Diffuse_Saturation_01_Value":{"type":"float32","value":0},"Active":{"type":"bool","value":true},"m_eidParent":{"type":"SEntityTemplateReference","value":"d724e556776e18b9"},"Clients":{"type":"TArray<SEntityTemplateReference>","value":["47d253605e6cb151"],"postInit":true}}},"35236b396efc924":{"parent":"d724e556776e18b9","name":"Agent47_Gloves_Driving","factory":"008897FB54E3DB82","blueprint":"00F716010CB776C3","properties":{"m_pMeshResource":{"type":"ZRuntimeResourceID","value":{"resource":"00FBF04263964123","flag":"5F"}}}},"10f4e7d86ac50a33":{"parent":"d724e556776e18b9","name":"Mesh_Pant","factory":"[modules:/zbodypartentity.class].pc_entitytype","blueprint":"[modules:/zbodypartentity.class].pc_entityblueprint","properties":{"m_pMeshResource":{"type":"ZRuntimeResourceID","value":{"resource":"00BA5932458C87E6","flag":"5F"}}},"inputCopying":{"ConstantVector1D_14_Value":{"ConstantVector1D_14_Value":["6182d81296adfa95"]},"ConstantVector1D_06_Value":{"ConstantVector1D_06_Value":["6182d81296adfa95"]},"ConstantVector1D_01_Value":{"ConstantVector1D_01_Value":["6182d81296adfa95"]}}},"af03c7e46a48027a":{"parent":"d724e556776e18b9","name":"StretchNormal TokenID","factory":"[modules:/ztokenidentity.class].pc_entitytype","blueprint":"[modules:/ztokenidentity.class].pc_entityblueprint","properties":{"m_sName":{"type":"ZString","value":"StretchNormal"}}},"406bbb785429ab89":{"parent":"d724e556776e18b9","name":"EventChannelReceiver_float32","factory":"[assembly:/_pro/design/gamecore/events/eventchannel.template?/eventchannelreceiver_float32.entitytemplate].pc_entitytype","blueprint":"[assembly:/_pro/design/gamecore/events/eventchannel.template?/eventchannelreceiver_float32.entitytemplate].pc_entityblueprint","properties":{"m_rChannelToken":{"type":"SEntityTemplateReference","value":"af03c7e46a48027a"}},"events":{"EventReceived":{"ConstantVector1D_20_Value":["8610adee140ea6e"]}}},"851d41b23f1c4277":{"parent":"d724e556776e18b9","name":"agent47_signaturesuit_pants","factory":"00BD5910B986366C","blueprint":"004A844538054EF2","properties":{"m_mTransform":{"type":"SMatrix43","value":{"rotation":{"x":0,"y":0,"z":17.639867012108358},"position":{"x":-2.176048994064331,"y":8.68528938293457,"z":-0.9037591218948364},"scale":{"x":1.0000003681821887,"y":1.0000003681821887,"z":1}}},"Clients":{"type":"TArray<SEntityTemplateReference>","value":["d724e556776e18b9"]},"ConstantVector1D_14_Value_op":{"type":"IRenderMaterialEntity.EModifierOperation","value":"eReplace"},"ConstantVector1D_06_Value_op":{"type":"IRenderMaterialEntity.EModifierOperation","value":"eReplace"},"Active":{"type":"bool","value":false},"m_eidParent":{"type":"SEntityTemplateReference","value":"d724e556776e18b9"}}},"aa1242bc6afa6dc3":{"parent":"47d253605e6cb151","name":"male_reg_suit_jacket_01_open","factory":"009762DAE23E62A4","blueprint":"00556A50017B3C2C","properties":{"Diffuse_Color_01_Value_op":{"type":"IRenderMaterialEntity.EModifierOperation","value":"eReplace"},"ConstantVector1D_01_Value_op":{"type":"IRenderMaterialEntity.EModifierOperation","value":"eReplace"},"ConstantVector1D_01_Value":{"type":"float32","value":20},"Active":{"type":"bool","value":true},"ConstantVector1D_16_Value_op":{"type":"IRenderMaterialEntity.EModifierOperation","value":"eReplace"},"ConstantVector1D_16_Value":{"type":"float32","value":0.5},"ConstantVector1D_03_Value_op":{"type":"IRenderMaterialEntity.EModifierOperation","value":"eReplace"},"ConstantVector1D_03_Value":{"type":"float32","value":1.75},"ConstantVector1D_14_Value_op":{"type":"IRenderMaterialEntity.EModifierOperation","value":"eReplace"},"ConstantVector1D_14_Value":{"type":"float32","value":-0.25},"Texture2D_01_enab":{"type":"bool","value":true},"Texture2D_01":{"type":"ZRuntimeResourceID","value":{"resource":"00357C8C30F5EDF2","flag":"5F"}},"Diffuse_Color_01_Value":{"type":"SColorRGB","value":"#474747"},"ConstantVector1D_15_Value_op":{"type":"IRenderMaterialEntity.EModifierOperation","value":"eReplace"},"ConstantVector1D_15_Value":{"type":"float32","value":1.399999976158142},"ConstantVector1D_13_Value_op":{"type":"IRenderMaterialEntity.EModifierOperation","value":"eReplace"},"ConstantVector1D_13_Value":{"type":"float32","value":0},"Texture2D_03_enab":{"type":"bool","value":true},"Texture2D_03":{"type":"ZRuntimeResourceID","value":{"resource":"002E38C4C7E4A025","flag":"5F"}},"Texture2DNormal_01_enab":{"type":"bool","value":true},"ConstantVector1D_06_Value_op":{"type":"IRenderMaterialEntity.EModifierOperation","value":"eReplace"},"Texture2DNormal_01":{"type":"ZRuntimeResourceID","value":{"resource":"008352F84E1949F2","flag":"5F"}},"m_eidParent":{"type":"SEntityTemplateReference","value":"d724e556776e18b9"},"Clients":{"type":"TArray<SEntityTemplateReference>","value":["47d253605e6cb151"],"postInit":true}}},"35241fb0d6724891":{"parent":"89dae4e0fa10db47","name":"C_Spine_L","factory":"[assembly:/templates/aspectdummy.aspect]([modules:/zclothsphere.class].entitytype,[modules:/zboneattachaspect.class].entitytype).pc_entitytype","blueprint":"[assembly:/templates/aspectdummy.aspect]([modules:/zclothsphere.class].entitytype,[modules:/zboneattachaspect.class].entitytype).pc_entityblueprint","properties":{"m_BoneName":{"type":"ZString","value":"Spine"},"m_linkedEntity":{"type":"SEntityTemplateReference","value":null},"m_fRadius":{"type":"float32","value":0.11999999731779099},"m_mTransform":{"type":"SMatrix43","value":{"rotation":{"x":0,"y":-0.027960334313977712,"z":0},"position":{"x":0.000003999999989900971,"y":0.024267999455332756,"z":0.047951001673936844},"scale":{"x":1.0000002381439907,"y":1,"z":1.0000002381439907}}},"m_bEnabled":{"type":"bool","value":true},"m_bCollisionGroup0":{"type":"bool","value":true},"m_eidParent":{"type":"SEntityTemplateReference","value":"89dae4e0fa10db47","postInit":true}}},"2b5c4d5aba34117b":{"parent":"89dae4e0fa10db47","name":"C_Spine2_R","factory":"[assembly:/templates/aspectdummy.aspect]([modules:/zclothsphere.class].entitytype,[modules:/zboneattachaspect.class].entitytype).pc_entitytype","blueprint":"[assembly:/templates/aspectdummy.aspect]([modules:/zclothsphere.class].entitytype,[modules:/zboneattachaspect.class].entitytype).pc_entityblueprint","properties":{"m_BoneName":{"type":"ZString","value":"Spine2"},"m_linkedEntity":{"type":"SEntityTemplateReference","value":null},"m_fRadius":{"type":"float32","value":0.10999999940395355},"m_mTransform":{"type":"SMatrix43","value":{"rotation":{"x":-0.0022918311214044575,"y":0.034205570479276644,"z":7.753118538587163},"position":{"x":-0.030070999637246132,"y":0.059817999601364136,"z":-0.04059600085020065},"scale":{"x":0.9999993268604006,"y":1.00000086196399,"z":1.0000003580090067}}},"m_bEnabled":{"type":"bool","value":true},"m_eidParent":{"type":"SEntityTemplateReference","value":"89dae4e0fa10db47","postInit":true}}},"2b1d5a5d3304e2a8":{"parent":"89dae4e0fa10db47","name":"CChain_Legs","factory":"[modules:/zclothspherechain.class].pc_entitytype","blueprint":"[modules:/zclothspherechain.class].pc_entityblueprint","properties":{"m_mTransform":{"type":"SMatrix43","value":{"rotation":{"x":0,"y":0,"z":0},"position":{"x":-1.290655973207322e-7,"y":2.171457902377938e-9,"z":0}}},"m_bCollisionGroup0":{"type":"bool","value":true},"m_bEnabled":{"type":"bool","value":true},"m_Spheres":{"type":"TArray<SEntityTemplateReference>","value":["851c7ca3a25219fb","98a7615a88b9bb30","56c1b1cf71ab95c3","b6ede65ce28adcdf","90471c699b017fa6","6957b594bccf0930","55f01dbc002bb6c3","63fa5a2b5fff3e53"],"postInit":true},"m_eidParent":{"type":"SEntityTemplateReference","value":"89dae4e0fa10db47","postInit":true}}},"47d253605e6cb151":{"parent":"d724e556776e18b9","name":"Agent47_S3_Suit","factory":"[modules:/zentity.class].pc_entitytype","blueprint":"[modules:/zentity.class].pc_entityblueprint","properties":{"ConstantColorRGB_05_Value":{"type":"SColorRGB","value":"#575757"},"ConstantColorRGB_02_Value":{"type":"SColorRGB","value":"#575757"},"ConstantVector1D_03_Value":{"type":"float32","value":30},"Diffuse_Color_01_Value":{"type":"SColorRGB","value":"#474747"},"ConstantVector1D_01_Value_1":{"type":"float32","value":20},"ConstantVector1D_01_Value_4":{"type":"float32","value":0.4000000059604645},"Texture2D_01":{"type":"ZRuntimeResourceID","value":{"resource":"00357C8C30F5EDF2","flag":"5F"}}},"inputCopying":{"Jacket_RoughnessMin":{"ConstantVector1D_14_Value":["aa1242bc6afa6dc3"]},"Jacket_NormalBump":{"ConstantVector1D_06_Value":["aa1242bc6afa6dc3"]},"Jacket_DiffuseAlbedo":{"ConstantVector1D_01_Value":["aa1242bc6afa6dc3"]},"JacketSleave_RoughnessMin":{"ConstantVector1D_14_Value":["d636b78c9f59ee6e"]},"JacketSleave_NormalBump":{"ConstantVector1D_06_Value":["d636b78c9f59ee6e"]},"JacketSleave_DiffuseAlbedo":{"ConstantVector1D_01_Value":["d636b78c9f59ee6e"]},"Shirt_RoughnessMin":{"ConstantVector1D_14_Value":["ba85725bfd531eb7"]},"Shirt_NormalBump":{"ConstantVector1D_06_Value":["ba85725bfd531eb7"]},"Shirt_DiffuseAlbedo":{"ConstantVector1D_01_Value":["ba85725bfd531eb7"]},"TieRoughnessMin":{"ConstantVector1D_04_Value":["68f811423f275c79"]}},"propertyAliases":{"ConstantVector1D_04_Value":[{"originalProperty":"ConstantVector1D_04_Value","originalEntity":"68f811423f275c79"}],"ConstantColorRGB_05_Value":[{"originalProperty":"ConstantColorRGB_05_Value","originalEntity":"68f811423f275c79"}],"ConstantColorRGB_02_Value":[{"originalProperty":"ConstantColorRGB_02_Value","originalEntity":"68f811423f275c79"}],"ConstantVector1D_01_Value":[{"originalProperty":"ConstantVector1D_01_Value","originalEntity":"68f811423f275c79"}],"ConstantVector1D_03_Value":[{"originalProperty":"ConstantVector1D_03_Value","originalEntity":"68f811423f275c79"}],"Texture2D_03":[{"originalProperty":"Texture2D_03","originalEntity":"68f811423f275c79"}],"Texture2DNormal_01":[{"originalProperty":"Texture2DNormal_01","originalEntity":"68f811423f275c79"}],"ConstantVector1D_14_Value":[{"originalProperty":"ConstantVector1D_14_Value","originalEntity":"aa1242bc6afa6dc3"}],"ConstantVector1D_15_Value":[{"originalProperty":"ConstantVector1D_15_Value","originalEntity":"aa1242bc6afa6dc3"}],"Diffuse_Color_01_Value":[{"originalProperty":"Diffuse_Color_01_Value","originalEntity":"aa1242bc6afa6dc3"}],"ConstantVector1D_01_Value_1":[{"originalProperty":"ConstantVector1D_01_Value","originalEntity":"aa1242bc6afa6dc3"}],"Texture2D_01":[{"originalProperty":"Texture2D_01","originalEntity":"aa1242bc6afa6dc3"}],"ConstantVector1D_01_Value_2":[{"originalProperty":"ConstantVector1D_01_Value","originalEntity":"e2c18bf4d1d59e81"}],"ConstantVector1D_01_Value_3":[{"originalProperty":"ConstantVector1D_01_Value","originalEntity":"ba85725bfd531eb7"}],"Diffuse_Color_01_Value_1":[{"originalProperty":"Diffuse_Color_01_Value","originalEntity":"ba85725bfd531eb7"}],"Diffuse_Color_01_Value_2":[{"originalProperty":"Diffuse_Color_01_Value","originalEntity":"d636b78c9f59ee6e"}],"ConstantVector1D_01_Value_4":[{"originalProperty":"ConstantVector1D_01_Value","originalEntity":"d636b78c9f59ee6e"}],"m_pMeshResource":[{"originalProperty":"m_pMeshResource","originalEntity":"6f4854527940d3f5"}]},"exposedInterfaces":{"ZClothColliderGroupAspect":"6f4854527940d3f5","ZBodyPartEntity":"6f4854527940d3f5"}},"ab2d726ce1828a1f":{"parent":"e0941b5efc77105e","name":"base_eye","factory":"00FDEC17A5A2BF5F","blueprint":"00C4E4179AE75353","properties":{"Texture2D_01_enab":{"type":"bool","value":true},"Texture2D_01":{"type":"ZRuntimeResourceID","value":{"resource":"00956964149E802F","flag":"5F"}},"EyeShader_01_Albedo_op":{"type":"IRenderMaterialEntity.EModifierOperation","value":"eLeave"},"EyeShader_01_IrisBrightness_op":{"type":"IRenderMaterialEntity.EModifierOperation","value":"eReplace"},"EyeShader_01_IrisBrightness":{"type":"float32","value":2},"EyeShader_01_PupilSize_op":{"type":"IRenderMaterialEntity.EModifierOperation","value":"eReplace"},"EyeShader_01_PupilSize":{"type":"float32","value":0.1899999976158142},"EyeShader_01_ScleraSpecularPower_op":{"type":"IRenderMaterialEntity.EModifierOperation","value":"eLeave"},"EyeShader_01_ScleraSpecularPower":{"type":"float32","value":2},"EyeShader_01_ScleraSpecularIntensity_op":{"type":"IRenderMaterialEntity.EModifierOperation","value":"eReplace"},"EyeShader_01_ScleraSpecularIntensity":{"type":"float32","value":0.029999999329447746},"m_eidParent":{"type":"SEntityTemplateReference","value":"d724e556776e18b9"},"Clients":{"type":"TArray<SEntityTemplateReference>","value":["e0941b5efc77105e"],"postInit":true}}},"90452cb3c45f180a":{"parent":"d724e556776e18b9","name":"Lerp 3","factory":"[modules:/zmathlerp.class].pc_entitytype","blueprint":"[modules:/zmathlerp.class].pc_entityblueprint","properties":{"m_B":{"type":"float32","value":0.30000001192092896},"m_fT":{"type":"float32","value":0}},"events":{"Lerp":{"ConstantVector1D_14_Value":["10f4e7d86ac50a33"],"ConstantVector1D_04_Value":["328c2d8e50375188","2308079b2f0b4ad9","e0941b5efc77105e"]}}},"90471c699b017fa6":{"parent":"89dae4e0fa10db47","name":"C_Pelvis_L","factory":"[assembly:/templates/aspectdummy.aspect]([modules:/zclothsphere.class].entitytype,[modules:/zboneattachaspect.class].entitytype).pc_entitytype","blueprint":"[assembly:/templates/aspectdummy.aspect]([modules:/zclothsphere.class].entitytype,[modules:/zboneattachaspect.class].entitytype).pc_entityblueprint","properties":{"m_fRadius":{"type":"float32","value":0.12999999523162842},"m_BoneName":{"type":"ZString","value":"Pelvis"},"m_linkedEntity":{"type":"SEntityTemplateReference","value":null},"m_mTransform":{"type":"SMatrix43","value":{"rotation":{"x":-0.027960337643270574,"y":-0.044232309248803565,"z":0.03953405657108487},"position":{"x":0.03649799898266792,"y":0.016245000064373016,"z":0.06355500221252441},"scale":{"x":0.9999990469081352,"y":1.0000007152210195,"z":1.00000083412799}}},"m_bEnabled":{"type":"bool","value":true},"m_eidParent":{"type":"SEntityTemplateReference","value":"89dae4e0fa10db47","postInit":true}}},"c079c9315bd6fb30":{"parent":"89dae4e0fa10db47","name":"C_UpperArm_R","factory":"[assembly:/templates/aspectdummy.aspect]([modules:/zclothsphere.class].entitytype,[modules:/zboneattachaspect.class].entitytype).pc_entitytype","blueprint":"[assembly:/templates/aspectdummy.aspect]([modules:/zclothsphere.class].entitytype,[modules:/zboneattachaspect.class].entitytype).pc_entityblueprint","properties":{"m_BoneName":{"type":"ZString","value":"R_UpperArm"},"m_linkedEntity":{"type":"SEntityTemplateReference","value":null},"m_fRadius":{"type":"float32","value":0.07999999821186066},"m_mTransform":{"type":"SMatrix43","value":{"rotation":{"x":0,"y":0,"z":0},"position":{"x":0,"y":0,"z":0}}},"m_bEnabled":{"type":"bool","value":true},"m_eidParent":{"type":"SEntityTemplateReference","value":"89dae4e0fa10db47","postInit":true}}},"89dae4e0fa10db47":{"parent":"47d253605e6cb151","name":"Agent47_S2_Suit_Collider","factory":"[modules:/zcompositeentity.class].pc_entitytype","blueprint":"[modules:/zcompositeentity.class].pc_entityblueprint","properties":{"m_mTransform":{"type":"SMatrix43","value":{"rotation":{"x":0,"y":0,"z":0},"position":{"x":0,"y":0,"z":0}}},"m_linkedEntity":{"type":"SEntityTemplateReference","value":null},"m_eidParent":{"type":"SEntityTemplateReference","value":"d724e556776e18b9"}},"propertyAliases":{"m_linkedEntity":[{"originalProperty":"m_linkedEntity","originalEntity":"63fa5a2b5fff3e53"},{"originalProperty":"m_linkedEntity","originalEntity":"851c7ca3a25219fb"},{"originalProperty":"m_linkedEntity","originalEntity":"55f01dbc002bb6c3"},{"originalProperty":"m_linkedEntity","originalEntity":"98a7615a88b9bb30"},{"originalProperty":"m_linkedEntity","originalEntity":"56c1b1cf71ab95c3"},{"originalProperty":"m_linkedEntity","originalEntity":"6957b594bccf0930"},{"originalProperty":"m_linkedEntity","originalEntity":"90471c699b017fa6"},{"originalProperty":"m_linkedEntity","originalEntity":"2b5c4d5aba34117b"},{"originalProperty":"m_linkedEntity","originalEntity":"52b375ecfbab3e3"},{"originalProperty":"m_linkedEntity","originalEntity":"3d5afcd301de7151"},{"originalProperty":"m_linkedEntity","originalEntity":"35241fb0d6724891"},{"originalProperty":"m_linkedEntity","originalEntity":"31f401ccdc596e75"},{"originalProperty":"m_linkedEntity","originalEntity":"878da7e8cb827d3e"},{"originalProperty":"m_linkedEntity","originalEntity":"7505d66836e6d016"},{"originalProperty":"m_linkedEntity","originalEntity":"823c2764c3582d33"},{"originalProperty":"m_linkedEntity","originalEntity":"bd1d05914dafd334"},{"originalProperty":"m_linkedEntity","originalEntity":"6f9c3ceac0a4a76b"},{"originalProperty":"m_linkedEntity","originalEntity":"c079c9315bd6fb30"},{"originalProperty":"m_linkedEntity","originalEntity":"c88e022cdc91fdf4"},{"originalProperty":"m_linkedEntity","originalEntity":"20a93f7e3009a4df"},{"originalProperty":"m_linkedEntity","originalEntity":"8a04acbd4aae9230"},{"originalProperty":"m_linkedEntity","originalEntity":"cbf8659c1a68e52f"},{"originalProperty":"m_linkedEntity","originalEntity":"c1a47713fe36a02"},{"originalProperty":"m_linkedEntity","originalEntity":"f0f6aed87a677c30"},{"originalProperty":"m_linkedEntity","originalEntity":"6c5197b136d8b81a"}]},"exposedInterfaces":{"ZClothCollider":"21951e0a8abbf01c","ZClothColliderGroup":"21951e0a8abbf01c"}},"380a441fe31318db":{"parent":"e0941b5efc77105e","name":"male_reg_body","factory":"003DCA5E22F37B5F","blueprint":"0041C89DFA9D7801","properties":{"ConstantColorRGB_01_Value_op":{"type":"IRenderMaterialEntity.EModifierOperation","value":"eReplace"},"Texture2DNormal_01_enab":{"type":"bool","value":true},"Texture2D_01_enab":{"type":"bool","value":true},"Active":{"type":"bool","value":true},"Texture2D_03_enab":{"type":"bool","value":true},"ConstantVector1D_01_Value_op":{"type":"IRenderMaterialEntity.EModifierOperation","value":"eReplace"},"ConstantVector1D_01_Value":{"type":"float32","value":0.550000011920929},"ConstantVector1D_04_Value_op":{"type":"IRenderMaterialEntity.EModifierOperation","value":"eReplace"},"ConstantColorRGB_01_Value":{"type":"SColorRGB","value":"#ffffff"},"ConstantVector1D_03_Value_op":{"type":"IRenderMaterialEntity.EModifierOperation","value":"eReplace"},"ConstantVector1D_05_Value_op":{"type":"IRenderMaterialEntity.EModifierOperation","value":"eReplace"},"ConstantVector1D_05_Value":{"type":"float32","value":0.5899999737739563},"ConstantVector1D_03_Value":{"type":"float32","value":1.1100000143051147},"ConstantVector1D_04_Value":{"type":"float32","value":0.17000000178813934},"Texture2DNormal_01":{"type":"ZRuntimeResourceID","value":{"resource":"002A91695E748772","flag":"5F"}},"Texture2D_03":{"type":"ZRuntimeResourceID","value":{"resource":"00A07AE8903D816A","flag":"5F"}},"Texture2D_01":{"type":"ZRuntimeResourceID","value":{"resource":"0050DDCE91E6C6A3","flag":"5F"}},"m_eidParent":{"type":"SEntityTemplateReference","value":"d724e556776e18b9"},"Clients":{"type":"TArray<SEntityTemplateReference>","value":["e0941b5efc77105e"],"postInit":true}}},"e0941b5efc77105e":{"parent":"d724e556776e18b9","name":"Head_48","factory":"[modules:/zentity.class].pc_entitytype","blueprint":"[modules:/zentity.class].pc_entityblueprint","properties":{"ConstantColorRGB_01_Value_2":{"type":"SColorRGB","value":"#d9d4d2"}},"inputCopying":{"ConstantVector1D_04_Value":{"ConstantVector1D_04_Value":["380a441fe31318db"]}},"propertyAliases":{"ConstantColorRGB_01_Value_2":[{"originalProperty":"ConstantColorRGB_01_Value","originalEntity":"e9148f9edd1ec4bd"}]},"exposedInterfaces":{"ZClothColliderGroupAspect":"d610be2a343746fc","ZBodyPartEntity":"d610be2a343746fc"}}},"propertyOverrides":[],"overrideDeletes":[],"pinConnectionOverrides":[],"pinConnectionOverrideDeletes":[],"externalScenes":[],"subType":"template","quickEntityVersion":3.1,"extraFactoryDependencies":[{"resource":"00F3654BB38A68EC","flag":"5F"},{"resource":"00416AEE98A04929","flag":"5F"},{"resource":"00BC38B1FBD65A9A","flag":"5F"},{"resource":"00818BA637895231","flag":"5F"},{"resource":"[assembly:/_pro/characters/assets/_genericparts/skin/textures/skin_detail.texture?/normal_a.tex](asnormalmap).pc_tex","flag":"5F"},{"resource":"[assembly:/_pro/characters/assets/_genericparts/skin/textures/skin_detail.texture?/variance_a.tex](asheightmap).pc_tex","flag":"5F"},{"resource":"008E0FCF89ED862E","flag":"5F"},{"resource":"002C7E7EE46D0CD2","flag":"5F"},{"resource":"00D20CA72E352D16","flag":"5F"},{"resource":"007BC73A9E575B1B","flag":"5F"},{"resource":"[assembly:/_pro/characters/assets/_base/pro_fem_regular/textures/female_reg_eyelashes.texture?/normal_a.tex](asnormalmap).pc_tex","flag":"5F"},{"resource":"[assembly:/_pro/characters/assets/_base/pro_fem_regular/textures/female_reg_eyelashes.texture?/normal_a.tex](ascolormap).pc_tex","flag":"5F"},{"resource":"[assembly:/_pro/characters/assets/_base/pro_fem_regular/textures/female_reg_eyelashes.texture?/diffuse_a.tex](ascolormap).pc_tex","flag":"5F"},{"resource":"[assembly:/_pro/environment/textures/detailmaps/default.texture?/detail_a.tex](ascompoundnormal).pc_tex","flag":"5F"},{"resource":"[assembly:/_pro/characters/assets/_base/pro_fem_regular/textures/female_reg_eyelashes.texture?/specular_a.tex](ascolormap).pc_tex","flag":"5F"},{"resource":"006A9072F2C78523","flag":"5F"},{"resource":"[assembly:/_pro/characters/assets/_apparel/accessories/buttons/textures/buttons_01.texture?/normal_a.tex](asnormalmap).pc_tex","flag":"5F"},{"resource":"[assembly:/_pro/characters/assets/_apparel/accessories/buttons/textures/buttons_01.texture?/specular_a.tex](ascolormap).pc_tex","flag":"5F"},{"resource":"[assembly:/_pro/characters/assets/_apparel/accessories/buttons/textures/buttons_01.texture?/diffuse_a.tex](ascolormap).pc_tex","flag":"5F"},{"resource":"00188997D678EF0B","flag":"5F"},{"resource":"00D8722973695FDC","flag":"5F"},{"resource":"00CCF189D80F8682","flag":"5F"},{"resource":"00C197DBB1B74FF6","flag":"5F"},{"resource":"007E2F6DB1068A8D","flag":"5F"},{"resource":"00AAD107E192CFAE","flag":"5F"},{"resource":"0063B05E0712FBB3","flag":"5F"},{"resource":"007D850436B0A092","flag":"5F"},{"resource":"00D247582859CA87","flag":"5F"},{"resource":"001EE759F57B6DCE","flag":"5F"},{"resource":"0051A1136DC9485E","flag":"5F"},{"resource":"00E4CE86EE7A5CC2","flag":"5F"},{"resource":"00FFC5352D7A5D64","flag":"5F"},{"resource":"001083E516801F5E","flag":"5F"},{"resource":"0062E48BEB6DF280","flag":"5F"},{"resource":"006A3CDF8C2ED4E6","flag":"5F"},{"resource":"006A40A918C06460","flag":"5F"},{"resource":"00B40E9503CF9271","flag":"5F"}],"extraBlueprintDependencies":[],"comments":[]}